#,VIB ID,Equipment ID,Point (unmatched only),Month,Date 1,Axial 1 (mm/s),Gear 1 (mm/s),Horizontal 1 (mm/s),Vertical 1 (mm/s),Date 2,Axial 2 (mm/s),Gear 2 (mm/s),Horizontal 2 (mm/s),Vertical 2 (mm/s),Date 3,Axial 3 (mm/s),Gear 3 (mm/s),Horizontal 3 (mm/s),Vertical 3 (mm/s)
1,Vb-111.CP400-CDE-RMS,111.CP400,,2025-02,2025-02-27,2.59,,2.21,2.48,,,,,,,,,,
2,Vb-111.CP400-CNDE-RMS,111.CP400,,2025-02,2025-02-27,3.38,,4.17,1.83,,,,,,,,,,
3,Vb-111.CP400-MDE-RMS,111.CP400,,2025-02,2025-02-27,1.71,,3.84,5.88,,,,,,,,,,
4,Vb-111.CP400-MNDE-RMS,111.CP400,,2025-02,2025-02-27,1.29,,2.08,3.04,,,,,,,,,,
5,Vb-111.CP400-CDE-RMS,111.CP400,,2025-04,2025-04-17,2.59,,3.39,2.88,,,,,,,,,,
6,Vb-111.CP400-CNDE-RMS,111.CP400,,2025-04,2025-04-17,2.47,,3.85,1.95,,,,,,,,,,
7,Vb-111.CP400-MDE-RMS,111.CP400,,2025-04,2025-04-17,2.61,,3.67,3.61,,,,,,,,,,
8,Vb-111.CP400-MNDE-RMS,111.CP400,,2025-04,2025-04-17,2.17,,2.1,2.7,,,,,,,,,,
9,Vb-111.CP400-CDE-RMS,111.CP400,,2025-06,2025-06-17,2.42,,3.57,3.29,,,,,,,,,,
10,Vb-111.CP400-CNDE-RMS,111.CP400,,2025-06,2025-06-17,2.92,,4.9,3.68,,,,,,,,,,
11,Vb-111.CP400-MDE-RMS,111.CP400,,2025-06,2025-06-17,2.03,,3.86,3.93,,,,,,,,,,
12,Vb-111.CP400-MNDE-RMS,111.CP400,,2025-06,2025-06-17,2.31,,1.79,3.15,,,,,,,,,,
13,Vb-111.CP400-CDE-RMS,111.CP400,,2026-03,2026-03-15,6.99,,4.83,4.24,,,,,,,,,,
14,Vb-111.CP400-CNDE-RMS,111.CP400,,2026-03,2026-03-15,7.01,,5.35,6.6,,,,,,,,,,
15,Vb-111.CP400-MDE-RMS,111.CP400,,2026-03,2026-03-15,10.66,,9.8,9.77,,,,,,,,,,
16,Vb-111.CP400-MNDE-RMS,111.CP400,,2026-03,2026-03-15,8.96,,4.82,5.2,,,,,,,,,,
17,Vb-111.HC100-MDE-RMS,111.HC100,,2025-02,2025-02-27,0.85,,1.32,1.35,,,,,,,,,,
18,Vb-111.HC100-MNDE-RMS,111.HC100,,2025-02,2025-02-27,0.72,,0.7,0.36,,,,,,,,,,
19,Vb-111.HC100-RDE-RMS,111.HC100,,2025-02,2025-02-27,0.37,,0.34,0.48,,,,,,,,,,
20,Vb-111.HC100-RNDE-RMS,111.HC100,,2025-02,2025-02-27,0.16,,0.27,0.09,,,,,,,,,,
21,Vb-111.HC100-S1DE-RMS,111.HC100,,2025-02,2025-02-27,0.67,,1.09,0.76,,,,,,,,,,
22,Vb-111.HC100-S1NDE-RMS,111.HC100,,2025-02,2025-02-27,0.54,,0.92,0.53,,,,,,,,,,
23,Vb-111.HC100-S2DE-RMS,111.HC100,,2025-02,2025-02-27,0.3,,0.5,0.2,,,,,,,,,,
24,Vb-111.HC100-S2NDE-RMS,111.HC100,,2025-02,2025-02-27,1.25,,0.28,0.44,,,,,,,,,,
25,Vb-111.HC100-MDE-RMS,111.HC100,,2025-04,2025-04-17,0.69,,1.49,1.84,,,,,,,,,,
26,Vb-111.HC100-MNDE-RMS,111.HC100,,2025-04,2025-04-17,0.68,,0.82,0.76,,,,,,,,,,
27,Vb-111.HC100-RDE-RMS,111.HC100,,2025-04,2025-04-17,0.4,,0.58,0.55,,,,,,,,,,
28,Vb-111.HC100-RNDE-RMS,111.HC100,,2025-04,2025-04-17,0.4,,0.47,0.26,,,,,,,,,,
29,Vb-111.HC100-S1DE-RMS,111.HC100,,2025-04,2025-04-17,0.73,,1.22,0.71,,,,,,,,,,
30,Vb-111.HC100-S1NDE-RMS,111.HC100,,2025-04,2025-04-17,0.69,,1.23,0.77,,,,,,,,,,
31,Vb-111.HC100-S2DE-RMS,111.HC100,,2025-04,2025-04-17,0.73,,0.95,0.98,,,,,,,,,,
32,Vb-111.HC100-S2NDE-RMS,111.HC100,,2025-04,2025-04-17,0.75,,1.11,0.76,,,,,,,,,,
33,Vb-111.HC100-MDE-RMS,111.HC100,,2025-06,2025-06-17,0.89,,1.94,1.54,,,,,,,,,,
34,Vb-111.HC100-MNDE-RMS,111.HC100,,2025-06,2025-06-17,0.49,,1.72,0.38,,,,,,,,,,
35,Vb-111.HC100-RDE-RMS,111.HC100,,2025-06,2025-06-17,1.65,,2.15,1.85,,,,,,,,,,
36,Vb-111.HC100-RNDE-RMS,111.HC100,,2025-06,2025-06-17,2.73,,3.55,3.51,,,,,,,,,,
37,Vb-111.HC100-S1DE-RMS,111.HC100,,2025-06,2025-06-17,1.35,,1.22,0.73,,,,,,,,,,
38,Vb-111.HC100-S1NDE-RMS,111.HC100,,2025-06,2025-06-17,1.37,,1.65,0.69,,,,,,,,,,
39,Vb-111.HC100-S2DE-RMS,111.HC100,,2025-06,2025-06-17,1.53,,1.2,1.06,,,,,,,,,,
40,Vb-111.HC100-S2NDE-RMS,111.HC100,,2025-06,2025-06-17,1.33,,1.46,1,,,,,,,,,,
41,Vb-111.HC100-MDE-RMS,111.HC100,,2026-01,2026-01-30,0.24,,1.03,1.05,2026-01-31,0.24,,1.03,1.05,,,,,
42,Vb-111.HC100-MNDE-RMS,111.HC100,,2026-01,2026-01-30,0.22,,0.39,0.13,2026-01-31,0.22,,0.39,0.13,,,,,
43,Vb-111.HC100-RDE-RMS,111.HC100,,2026-01,2026-01-30,1.07,,0.98,0.89,2026-01-31,1.07,,0.98,0.89,,,,,
44,Vb-111.HC100-RNDE-RMS,111.HC100,,2026-01,2026-01-30,0.98,,1.11,0.67,2026-01-31,0.98,,1.11,0.67,,,,,
45,Vb-111.HC100-S1DE-RMS,111.HC100,,2026-01,2026-01-30,0.73,,0.97,0.64,2026-01-31,0.73,,0.97,0.64,,,,,
46,Vb-111.HC100-S1NDE-RMS,111.HC100,,2026-01,2026-01-30,0.87,,1.33,0.61,2026-01-31,0.87,,1.33,0.61,,,,,
47,Vb-111.HC100-S2DE-RMS,111.HC100,,2026-01,2026-01-30,0.98,,0.94,1.22,2026-01-31,0.98,,0.94,1.22,,,,,
48,Vb-111.HC100-S2NDE-RMS,111.HC100,,2026-01,2026-01-30,0.99,,0.9,1.23,2026-01-31,0.99,,0.9,1.23,,,,,
49,Vb-213.HC100-CRDE-RMS,213.HC100,,2024-12,2024-12-23,11.56,,7.87,3.65,,,,,,,,,,
50,Vb-213.HC100-CRNDE-RMS,213.HC100,,2024-12,2024-12-23,3.97,,4.1,1.9,,,,,,,,,,
51,Vb-213.HC100-MDE-RMS,213.HC100,,2024-12,2024-12-23,0.98,,1.11,0.9,,,,,,,,,,
52,Vb-213.HC100-MNDE-RMS,213.HC100,,2024-12,2024-12-23,1.02,,0.54,1.24,,,,,,,,,,
53,Vb-213.HC100-CRDE-RMS,213.HC100,,2025-02,2025-02-26,,,8.42,2.88,,,,,,,,,,
54,Vb-213.HC100-CRNDE-RMS,213.HC100,,2025-02,2025-02-26,1.81,,4.39,1.65,,,,,,,,,,
55,Vb-213.HC100-MDE-RMS,213.HC100,,2025-02,2025-02-26,1.25,,1.43,1.78,,,,,,,,,,
56,Vb-213.HC100-MNDE-RMS,213.HC100,,2025-02,2025-02-26,1.18,,0.49,1.7,,,,,,,,,,
57,Vb-213.HC100-CRDE-RMS,213.HC100,,2025-04,2025-04-17,,,6.74,2.87,,,,,,,,,,
58,Vb-213.HC100-CRNDE-RMS,213.HC100,,2025-04,2025-04-17,4.25,,4.73,4.1,,,,,,,,,,
59,Vb-213.HC100-MDE-RMS,213.HC100,,2025-04,2025-04-17,3.61,,1.54,2.62,,,,,,,,,,
60,Vb-213.HC100-MNDE-RMS,213.HC100,,2025-04,2025-04-17,1.24,,0.48,1.77,,,,,,,,,,
61,Vb-213.HC100-CRDE-RMS,213.HC100,,2025-06,2025-06-29,,,8.85,3.03,,,,,,,,,,
62,Vb-213.HC100-CRNDE-RMS,213.HC100,,2025-06,2025-06-29,2.43,,6.26,1.71,,,,,,,,,,
63,Vb-213.HC100-MDE-RMS,213.HC100,,2025-06,2025-06-29,1.05,,1.08,1.69,,,,,,,,,,
64,Vb-213.HC100-MNDE-RMS,213.HC100,,2025-06,2025-06-29,0.96,,0.53,1.24,,,,,,,,,,
65,Vb-213.HC100-CRDE-RMS,213.HC100,,2025-08,2025-08-25,1.95,,4.77,2.14,,,,,,,,,,
66,Vb-213.HC100-CRNDE-RMS,213.HC100,,2025-08,2025-08-25,3.13,,6.45,2.4,,,,,,,,,,
67,Vb-213.HC100-MDE-RMS,213.HC100,,2025-08,2025-08-25,1.16,,1.02,1.64,,,,,,,,,,
68,Vb-213.HC100-MNDE-RMS,213.HC100,,2025-08,2025-08-25,1.18,,0.67,1.32,,,,,,,,,,
69,Vb-213.HC100-CRDE-RMS,213.HC100,,2026-01,2026-01-26,4.42,,8.46,1.57,,,,,,,,,,
70,Vb-213.HC100-CRNDE-RMS,213.HC100,,2026-01,2026-01-26,2.56,,5.34,1.76,,,,,,,,,,
71,Vb-213.HC100-MDE-RMS,213.HC100,,2026-01,2026-01-26,1.19,,1.41,1.58,,,,,,,,,,
72,Vb-213.HC100-MNDE-RMS,213.HC100,,2026-01,2026-01-26,1.18,,0.64,1.12,,,,,,,,,,
73,Vb-213.HC100-CRDE-RMS,213.HC100,,2026-05,2026-05-13,9.47,,18.59,6.36,,,,,,,,,,
74,Vb-213.HC100-CRNDE-RMS,213.HC100,,2026-05,2026-05-13,21.07,,14.99,6.04,,,,,,,,,,
75,Vb-213.HC100-MDE-RMS,213.HC100,,2026-05,2026-05-13,2.1,,2.22,3.44,,,,,,,,,,
76,Vb-213.HC100-MNDE-RMS,213.HC100,,2026-05,2026-05-13,2.49,,1.22,2.76,,,,,,,,,,
77,Vb-321.FN125-FDE-RMS,321.FN125,,2024-12,2024-12-08,5.82,,9.89,13.57,,,,,,,,,,
78,Vb-321.FN125-FNDE-RMS,321.FN125,,2024-12,2024-12-08,7.07,,11.17,6.73,,,,,,,,,,
79,Vb-321.FN125-MDE-RMS,321.FN125,,2024-12,2024-12-08,,,5.91,5.94,,,,,,,,,,
80,Vb-321.FN125-MNDE-RMS,321.FN125,,2024-12,2024-12-08,12.82,,7.95,20.24,,,,,,,,,,
81,Vb-321.FN125-FDE-RMS,321.FN125,,2025-01,2025-01-29,4.74,,8.61,7.83,,,,,,,,,,
82,Vb-321.FN125-FNDE-RMS,321.FN125,,2025-01,2025-01-29,3.88,,11.15,7.37,,,,,,,,,,
83,Vb-321.FN125-MDE-RMS,321.FN125,,2025-01,2025-01-29,,,10.72,6.15,,,,,,,,,,
84,Vb-321.FN125-MNDE-RMS,321.FN125,,2025-01,2025-01-29,11.95,,11.15,7.69,,,,,,,,,,
85,Vb-321.FN125-FDE-RMS,321.FN125,,2025-02,2025-02-27,13.9,,8.23,20.87,,,,,,,,,,
86,Vb-321.FN125-FNDE-RMS,321.FN125,,2025-02,2025-02-12,7.31,,,,2025-02-27,,,9.41,7.97,,,,,
87,Vb-321.FN125-MDE-RMS,321.FN125,,2025-02,2025-02-27,,,7.84,14.34,,,,,,,,,,
88,Vb-321.FN125-MNDE-RMS,321.FN125,,2025-02,2025-02-27,12.57,,4.54,16.53,,,,,,,,,,
89,Vb-321.FN125-FDE-RMS,321.FN125,,2025-06,2025-06-03,12.59,,9.78,9.64,,,,,,,,,,
90,Vb-321.FN125-FNDE-RMS,321.FN125,,2025-06,2025-06-03,9.94,,9.47,9.48,,,,,,,,,,
91,Vb-321.FN125-MDE-RMS,321.FN125,,2025-06,2025-06-03,,,6.55,9.05,,,,,,,,,,
92,Vb-321.FN125-MNDE-RMS,321.FN125,,2025-06,2025-06-03,10.23,,6.18,12.34,,,,,,,,,,
93,Vb-321.FN125-FDE-RMS,321.FN125,,2025-07,2025-07-08,11.89,,9.38,4.55,,,,,,,,,,
94,Vb-321.FN125-FNDE-RMS,321.FN125,,2025-07,2025-07-08,5.94,,9.18,4.22,,,,,,,,,,
95,Vb-321.FN125-MDE-RMS,321.FN125,,2025-07,2025-07-08,,,9.86,4.58,,,,,,,,,,
96,Vb-321.FN125-MNDE-RMS,321.FN125,,2025-07,2025-07-08,8.34,,10.85,6.28,,,,,,,,,,
97,Vb-321.FN125-FDE-RMS,321.FN125,,2025-08,2025-08-07,11.89,,9.38,4.55,,,,,,,,,,
98,Vb-321.FN125-FNDE-RMS,321.FN125,,2025-08,2025-08-07,5.94,,9.18,4.22,,,,,,,,,,
99,Vb-321.FN125-MDE-RMS,321.FN125,,2025-08,2025-08-07,,,9.86,4.58,,,,,,,,,,
100,Vb-321.FN125-MNDE-RMS,321.FN125,,2025-08,2025-08-07,8.34,,10.85,6.28,,,,,,,,,,
101,Vb-321.FN125-FDE-RMS,321.FN125,,2025-09,2025-09-21,12.19,,12.42,5.19,,,,,,,,,,
102,Vb-321.FN125-FNDE-RMS,321.FN125,,2025-09,2025-09-21,7.26,,10.66,3.93,,,,,,,,,,
103,Vb-321.FN125-MDE-RMS,321.FN125,,2025-09,2025-09-21,,,8.55,5.6,,,,,,,,,,
104,Vb-321.FN125-MNDE-RMS,321.FN125,,2025-09,2025-09-21,8.81,,10.31,5.53,,,,,,,,,,
105,Vb-321.FN125-FDE-RMS,321.FN125,,2026-01,2026-01-14,11.08,,9.58,7.26,,,,,,,,,,
106,Vb-321.FN125-FNDE-RMS,321.FN125,,2026-01,2026-01-14,5.53,,8.95,5.43,,,,,,,,,,
107,Vb-321.FN125-MDE-RMS,321.FN125,,2026-01,2026-01-14,,,6.18,11.53,,,,,,,,,,
108,Vb-321.FN125-MNDE-RMS,321.FN125,,2026-01,2026-01-14,7.61,,8.38,6.07,,,,,,,,,,
109,Vb-321.FN125-FDE-RMS,321.FN125,,2026-04,2026-04-14,10.47,,11.78,5.09,,,,,,,,,,
110,Vb-321.FN125-FNDE-RMS,321.FN125,,2026-04,2026-04-14,7.24,,8.93,3.97,,,,,,,,,,
111,Vb-321.FN125-MDE-RMS,321.FN125,,2026-04,2026-04-14,,,8.56,8.31,,,,,,,,,,
112,Vb-321.FN125-MNDE-RMS,321.FN125,,2026-04,2026-04-14,6.66,,9.21,6.78,,,,,,,,,,
113,Vb-321.FN400-FDE-RMS,321.FN400,,2024-12,2024-12-08,1.02,,2.03,1.12,,,,,,,,,,
114,Vb-321.FN400-FNDE-RMS,321.FN400,,2024-12,2024-12-08,1.21,,1.96,1.02,,,,,,,,,,
115,Vb-321.FN400-MDE-RMS,321.FN400,,2024-12,2024-12-08,0.32,,0.87,0.32,,,,,,,,,,
116,Vb-321.FN400-MNDE-RMS,321.FN400,,2024-12,2024-12-08,0.43,,1.01,0.46,,,,,,,,,,
117,Vb-321.FN400-FDE-RMS,321.FN400,,2025-01,2025-01-24,0.91,,1.27,0.61,2025-01-29,0.85,,1.33,0.78,,,,,
118,Vb-321.FN400-FNDE-RMS,321.FN400,,2025-01,2025-01-24,1.08,,1.26,0.68,2025-01-29,1.02,,1.53,0.86,,,,,
119,Vb-321.FN400-MDE-RMS,321.FN400,,2025-01,2025-01-29,0.31,,0.66,0.51,,,,,,,,,,
120,Vb-321.FN400-MNDE-RMS,321.FN400,,2025-01,2025-01-29,0.31,,0.64,0.34,,,,,,,,,,
121,Vb-321.FN400-FDE-RMS,321.FN400,,2025-02,2025-02-12,0.92,,1.57,0.98,,,,,,,,,,
122,Vb-321.FN400-FNDE-RMS,321.FN400,,2025-02,2025-02-12,1.23,,1.68,1.11,,,,,,,,,,
123,Vb-321.FN400-MDE-RMS,321.FN400,,2025-02,2025-02-12,0.28,,0.88,0.56,,,,,,,,,,
124,Vb-321.FN400-MNDE-RMS,321.FN400,,2025-02,2025-02-12,0.3,,0.66,0.33,,,,,,,,,,
125,Vb-321.FN400-FDE-RMS,321.FN400,,2025-06,2025-06-03,1.57,,1.38,0.85,,,,,,,,,,
126,Vb-321.FN400-FNDE-RMS,321.FN400,,2025-06,2025-06-03,0.86,,1.86,0.66,,,,,,,,,,
127,Vb-321.FN400-MDE-RMS,321.FN400,,2025-06,2025-06-03,0.32,,0.87,0.55,,,,,,,,,,
128,Vb-321.FN400-MNDE-RMS,321.FN400,,2025-06,2025-06-03,0.28,,0.59,0.44,,,,,,,,,,
129,Vb-321.FN400-FDE-RMS,321.FN400,,2025-07,2025-07-08,1,,1.48,0.79,,,,,,,,,,
130,Vb-321.FN400-FNDE-RMS,321.FN400,,2025-07,2025-07-08,1.25,,1.67,0.62,,,,,,,,,,
131,Vb-321.FN400-MDE-RMS,321.FN400,,2025-07,2025-07-08,0.23,,0.7,0.59,,,,,,,,,,
132,Vb-321.FN400-MNDE-RMS,321.FN400,,2025-07,2025-07-08,0.26,,0.54,0.39,,,,,,,,,,
133,Vb-321.FN400-FDE-RMS,321.FN400,,2025-08,2025-08-07,1,,1.48,0.79,,,,,,,,,,
134,Vb-321.FN400-FNDE-RMS,321.FN400,,2025-08,2025-08-07,1.25,,1.67,0.62,,,,,,,,,,
135,Vb-321.FN400-MDE-RMS,321.FN400,,2025-08,2025-08-07,0.23,,0.7,0.59,,,,,,,,,,
136,Vb-321.FN400-MNDE-RMS,321.FN400,,2025-08,2025-08-07,0.26,,0.54,0.39,,,,,,,,,,
137,Vb-321.FN400-FDE-RMS,321.FN400,,2025-09,2025-09-21,1.62,,1.59,0.92,,,,,,,,,,
138,Vb-321.FN400-FNDE-RMS,321.FN400,,2025-09,2025-09-21,1.11,,1.65,0.71,,,,,,,,,,
139,Vb-321.FN400-MDE-RMS,321.FN400,,2025-09,2025-09-21,0.27,,0.75,0.57,,,,,,,,,,
140,Vb-321.FN400-MNDE-RMS,321.FN400,,2025-09,2025-09-21,0.28,,0.77,0.3,,,,,,,,,,
141,Vb-321.FN400-FDE-RMS,321.FN400,,2026-01,2026-01-03,1.13,,1.77,0.83,,,,,,,,,,
142,Vb-321.FN400-FNDE-RMS,321.FN400,,2026-01,2026-01-03,1.02,,1.85,0.52,,,,,,,,,,
143,Vb-321.FN400-MDE-RMS,321.FN400,,2026-01,2026-01-03,0.29,,0.83,0.46,,,,,,,,,,
144,Vb-321.FN400-MNDE-RMS,321.FN400,,2026-01,2026-01-03,0.28,,0.69,0.3,,,,,,,,,,
145,Vb-321.FN400-FDE-RMS,321.FN400,,2026-04,2026-04-14,1.11,,1.68,0.84,,,,,,,,,,
146,Vb-321.FN400-FNDE-RMS,321.FN400,,2026-04,2026-04-14,0.92,,1.85,1.02,,,,,,,,,,
147,Vb-321.FN400-MDE-RMS,321.FN400,,2026-04,2026-04-14,0.26,,0.8,0.52,,,,,,,,,,
148,Vb-321.FN400-MNDE-RMS,321.FN400,,2026-04,2026-04-14,0.31,,0.64,0.37,,,,,,,,,,
149,Vb-321.MD140-GBHSS0,321.MD140,,2024-12,2024-12-08,,2.06,,,,,,,,,,,,
150,Vb-321.MD140-GBHSS1,321.MD140,,2024-12,2024-12-08,,3.63,,,,,,,,,,,,
151,Vb-321.MD140-GBHSS6,321.MD140,,2024-12,2024-12-08,,3.2,,,,,,,,,,,,
152,Vb-321.MD140-MDE-RMS,321.MD140,,2024-12,2024-12-08,1.37,,2.46,2.99,,,,,,,,,,
153,Vb-321.MD140-MNDE-RMS,321.MD140,,2024-12,2024-12-08,1.89,,1.48,1.68,,,,,,,,,,
154,Vb-321.MD140-RG2,321.MD140,,2024-12,2024-12-08,,2.03,,,,,,,,,,,,
155,Vb-321.MD140-RG3,321.MD140,,2024-12,2024-12-08,,1.82,,,,,,,,,,,,
156,Vb-321.MD140-RG4,321.MD140,,2024-12,2024-12-08,,2.36,,,,,,,,,,,,
157,Vb-321.MD140-RG5,321.MD140,,2024-12,2024-12-08,,1.61,,,,,,,,,,,,
158,Vb-321.MD140-GBHSS0,321.MD140,,2025-01,2025-01-29,,1.17,,,,,,,,,,,,
159,Vb-321.MD140-GBHSS1,321.MD140,,2025-01,2025-01-29,,3.24,,,,,,,,,,,,
160,Vb-321.MD140-GBHSS6,321.MD140,,2025-01,2025-01-29,,2.64,,,,,,,,,,,,
161,Vb-321.MD140-MDE-RMS,321.MD140,,2025-01,2025-01-29,1.09,,1.77,2.62,,,,,,,,,,
162,Vb-321.MD140-MNDE-RMS,321.MD140,,2025-01,2025-01-29,1.28,,1.12,1.77,,,,,,,,,,
163,Vb-321.MD140-RG2,321.MD140,,2025-01,2025-01-29,,1.72,,,,,,,,,,,,
164,Vb-321.MD140-RG3,321.MD140,,2025-01,2025-01-29,,1.48,,,,,,,,,,,,
165,Vb-321.MD140-RG4,321.MD140,,2025-01,2025-01-29,,1.28,,,,,,,,,,,,
166,Vb-321.MD140-RG5,321.MD140,,2025-01,2025-01-29,,2.04,,,,,,,,,,,,
167,Vb-321.MD140-GBHSS0,321.MD140,,2025-02,2025-02-12,,1.35,,,,,,,,,,,,
168,Vb-321.MD140-GBHSS1,321.MD140,,2025-02,2025-02-12,,3.78,,,,,,,,,,,,
169,Vb-321.MD140-GBHSS6,321.MD140,,2025-02,2025-02-12,,3.09,,,,,,,,,,,,
170,Vb-321.MD140-MDE-RMS,321.MD140,,2025-02,2025-02-12,1.19,,1.86,2.48,,,,,,,,,,
171,Vb-321.MD140-MNDE-RMS,321.MD140,,2025-02,2025-02-12,1.03,,1.09,1.55,,,,,,,,,,
172,Vb-321.MD140-RG2,321.MD140,,2025-02,2025-02-12,,1.72,,,,,,,,,,,,
173,Vb-321.MD140-RG3,321.MD140,,2025-02,2025-02-12,,1.21,,,,,,,,,,,,
174,Vb-321.MD140-RG4,321.MD140,,2025-02,2025-02-12,,1.31,,,,,,,,,,,,
175,Vb-321.MD140-RG5,321.MD140,,2025-02,2025-02-12,,2.27,,,,,,,,,,,,
176,Vb-321.MD140-GBHSS0,321.MD140,,2025-06,2025-06-03,,1.86,,,,,,,,,,,,
177,Vb-321.MD140-GBHSS1,321.MD140,,2025-06,2025-06-03,,4.02,,,,,,,,,,,,
178,Vb-321.MD140-GBHSS6,321.MD140,,2025-06,2025-06-03,,3.23,,,,,,,,,,,,
179,Vb-321.MD140-MDE-RMS,321.MD140,,2025-06,2025-06-03,1.28,,2.22,3.25,,,,,,,,,,
180,Vb-321.MD140-MNDE-RMS,321.MD140,,2025-06,2025-06-03,1.37,,1.27,1.78,,,,,,,,,,
181,Vb-321.MD140-RG2,321.MD140,,2025-06,2025-06-03,,1.75,,,,,,,,,,,,
182,Vb-321.MD140-RG3,321.MD140,,2025-06,2025-06-03,,1.82,,,,,,,,,,,,
183,Vb-321.MD140-RG4,321.MD140,,2025-06,2025-06-03,,1.92,,,,,,,,,,,,
184,Vb-321.MD140-RG5,321.MD140,,2025-06,2025-06-03,,2,,,,,,,,,,,,
185,Vb-321.MD140-GBHSS0,321.MD140,,2025-07,2025-07-08,,1.66,,,,,,,,,,,,
186,Vb-321.MD140-GBHSS1,321.MD140,,2025-07,2025-07-08,,4.01,,,,,,,,,,,,
187,Vb-321.MD140-GBHSS6,321.MD140,,2025-07,2025-07-08,,2.48,,,,,,,,,,,,
188,Vb-321.MD140-MDE-RMS,321.MD140,,2025-07,2025-07-08,1.31,,2.11,2.5,,,,,,,,,,
189,Vb-321.MD140-MNDE-RMS,321.MD140,,2025-07,2025-07-08,1.29,,0.95,2.02,,,,,,,,,,
190,Vb-321.MD140-RG2,321.MD140,,2025-07,2025-07-08,,1.29,,,,,,,,,,,,
191,Vb-321.MD140-RG3,321.MD140,,2025-07,2025-07-08,,1.55,,,,,,,,,,,,
192,Vb-321.MD140-RG4,321.MD140,,2025-07,2025-07-08,,1.55,,,,,,,,,,,,
193,Vb-321.MD140-RG5,321.MD140,,2025-07,2025-07-08,,1.59,,,,,,,,,,,,
194,Vb-321.MD140-GBHSS0,321.MD140,,2025-08,2025-08-07,,1.66,,,,,,,,,,,,
195,Vb-321.MD140-GBHSS1,321.MD140,,2025-08,2025-08-07,,4.01,,,,,,,,,,,,
196,Vb-321.MD140-GBHSS6,321.MD140,,2025-08,2025-08-07,,2.48,,,,,,,,,,,,
197,Vb-321.MD140-MDE-RMS,321.MD140,,2025-08,2025-08-07,1.31,,2.11,2.5,,,,,,,,,,
198,Vb-321.MD140-MNDE-RMS,321.MD140,,2025-08,2025-08-07,1.29,,0.95,2.02,,,,,,,,,,
199,Vb-321.MD140-RG2,321.MD140,,2025-08,2025-08-07,,1.29,,,,,,,,,,,,
200,Vb-321.MD140-RG3,321.MD140,,2025-08,2025-08-07,,1.55,,,,,,,,,,,,
201,Vb-321.MD140-RG4,321.MD140,,2025-08,2025-08-07,,1.55,,,,,,,,,,,,
202,Vb-321.MD140-RG5,321.MD140,,2025-08,2025-08-07,,1.59,,,,,,,,,,,,
203,Vb-321.MD140-GBHSS0,321.MD140,,2025-09,2025-09-21,,1.74,,,,,,,,,,,,
204,Vb-321.MD140-RG2,321.MD140,,2025-09,2025-09-21,,1.56,,,,,,,,,,,,
205,Vb-321.MD140-RG3,321.MD140,,2025-09,2025-09-21,,2.11,,,,,,,,,,,,
206,Vb-321.MD140-RG4,321.MD140,,2025-09,2025-09-21,,2.32,,,,,,,,,,,,
207,Vb-321.MD140-RG5,321.MD140,,2025-09,2025-09-21,,1.78,,,,,,,,,,,,
208,Vb-321.MD140-GBHSS1,321.MD140,,2025-10,2025-10-12,,0.54,,,,,,,,,,,,
209,Vb-321.MD140-GBHSS6,321.MD140,,2025-10,2025-10-12,,0.14,,,,,,,,,,,,
210,Vb-321.MD140-MDE-RMS,321.MD140,,2025-10,2025-10-12,0.67,,2.05,2.24,,,,,,,,,,
211,Vb-321.MD140-MNDE-RMS,321.MD140,,2025-10,2025-10-12,0.83,,1.32,1.12,,,,,,,,,,
212,Vb-321.MD140-MDE-RMS,321.MD140,,2026-01,2026-01-14,1.27,,0.81,0.63,,,,,,,,,,
213,Vb-321.MD140-MNDE-RMS,321.MD140,,2026-01,2026-01-14,1.12,,0.79,0.65,,,,,,,,,,
214,Vb-321.MD140-GBHSS1,321.MD140,,2026-03,2026-03-01,,1.75,,,,,,,,,,,,
215,Vb-321.MD140-GBHSS6,321.MD140,,2026-03,2026-03-01,,1.66,,,,,,,,,,,,
216,Vb-321.MD140-RG2,321.MD140,,2026-03,2026-03-01,,1.75,,,,,,,,,,,,
217,Vb-321.MD140-RG3,321.MD140,,2026-03,2026-03-01,,1.5,,,,,,,,,,,,
218,Vb-321.MD140-RG4,321.MD140,,2026-03,2026-03-01,,1.39,,,,,,,,,,,,
219,Vb-321.MD140-RG5,321.MD140,,2026-03,2026-03-01,,1.89,,,,,,,,,,,,
220,Vb-321.MD140-GBHSS0,321.MD140,,2026-04,2026-04-14,,0.3,,,,,,,,,,,,
221,Vb-321.MD140-GBHSS1,321.MD140,,2026-04,2026-04-14,,4,,,,,,,,,,,,
222,Vb-321.MD140-GBHSS6,321.MD140,,2026-04,2026-04-14,,0.64,,,,,,,,,,,,
223,Vb-321.MD140-MDE-RMS,321.MD140,,2026-04,2026-04-14,1.42,,1.9,2.28,,,,,,,,,,
224,Vb-321.MD140-MNDE-RMS,321.MD140,,2026-04,2026-04-14,1.33,,0.8,1.68,,,,,,,,,,
225,Vb-321.MD140-RG2,321.MD140,,2026-04,2026-04-14,,0.17,,,,,,,,,,,,
226,Vb-321.MD140-RG3,321.MD140,,2026-04,2026-04-14,,0.2,,,,,,,,,,,,
227,Vb-321.MD140-RG4,321.MD140,,2026-04,2026-04-14,,0.16,,,,,,,,,,,,
228,Vb-321.MD140-RG5,321.MD140,,2026-04,2026-04-14,,0.25,,,,,,,,,,,,
229,Vb-321.MD152-MDE-RMS,321.MD152,,2025-08,2025-08-24,0.68,,1.02,0.82,,,,,,,,,,
230,Vb-321.MD152-MNDE-RMS,321.MD152,,2025-08,2025-08-24,0.74,,0.83,0.57,,,,,,,,,,
231,Vb-321.MD152-S1DE-RMS,321.MD152,,2025-08,2025-08-24,0.9,,0.92,0.8,,,,,,,,,,
232,Vb-321.MD152-S1NDE-RMS,321.MD152,,2025-08,2025-08-24,0.84,,0.8,0.99,,,,,,,,,,
233,Vb-321.MD152-S2DE-RMS,321.MD152,,2025-08,2025-08-24,1.05,,0.7,0.63,,,,,,,,,,
234,Vb-321.MD152-S2NDE-RMS,321.MD152,,2025-08,2025-08-24,0.99,,0.86,0.76,,,,,,,,,,
235,Vb-321.MD152-MDE-RMS,321.MD152,,2026-03,2026-03-26,12.94,,9.76,5.81,,,,,,,,,,
236,Vb-321.MD152-MNDE-RMS,321.MD152,,2026-03,2026-03-26,13.46,,8.64,8.18,,,,,,,,,,
237,Vb-321.MD152-S1DE-RMS,321.MD152,,2026-03,2026-03-26,14.04,,8.27,7.09,,,,,,,,,,
238,Vb-321.MD152-S1NDE-RMS,321.MD152,,2026-03,2026-03-26,13.46,,12.75,5.37,,,,,,,,,,
239,Vb-321.MD152-S2DE-RMS,321.MD152,,2026-03,2026-03-26,11.96,,8.19,5.49,,,,,,,,,,
240,Vb-321.MD152-S2NDE-RMS,321.MD152,,2026-03,2026-03-26,13.88,,7.38,3.62,,,,,,,,,,
241,Vb-322.FN125-FDE-RMS,322.FN125,,2024-12,2024-12-25,7.89,,11.93,5.21,,,,,,,,,,
242,Vb-322.FN125-FNDE-RMS,322.FN125,,2024-12,2024-12-25,5.73,,4.17,3.97,,,,,,,,,,
243,Vb-322.FN125-MDE-RMS,322.FN125,,2024-12,2024-12-25,,,2.88,,,,,,,,,,,
244,Vb-322.FN125-MNDE-RMS,322.FN125,,2024-12,2024-12-25,5.16,,6.34,5.52,,,,,,,,,,
245,Vb-322.FN125-FDE-RMS,322.FN125,,2025-01,2025-01-13,6.48,,5.88,5.17,,,,,,,,,,
246,Vb-322.FN125-FNDE-RMS,322.FN125,,2025-01,2025-01-13,6.07,,3.91,4.37,,,,,,,,,,
247,Vb-322.FN125-MDE-RMS,322.FN125,,2025-01,2025-01-13,,,3.1,4.69,,,,,,,,,,
248,Vb-322.FN125-MNDE-RMS,322.FN125,,2025-01,2025-01-13,7.45,,8.29,6.98,,,,,,,,,,
249,Vb-322.FN125-FDE-RMS,322.FN125,,2025-02,2025-02-06,5.51,,9.28,6.03,,,,,,,,,,
250,Vb-322.FN125-FNDE-RMS,322.FN125,,2025-02,2025-02-06,5.33,,3.15,4.53,,,,,,,,,,
251,Vb-322.FN125-MDE-RMS,322.FN125,,2025-02,2025-02-06,,,3.12,6.19,,,,,,,,,,
252,Vb-322.FN125-MNDE-RMS,322.FN125,,2025-02,2025-02-06,3.66,,8.83,4.29,,,,,,,,,,
253,Vb-322.FN125-FDE-RMS,322.FN125,,2025-05,2025-05-24,9.91,,4.5,8.06,,,,,,,,,,
254,Vb-322.FN125-FNDE-RMS,322.FN125,,2025-05,2025-05-24,12.51,,7.29,5.5,,,,,,,,,,
255,Vb-322.FN125-MDE-RMS,322.FN125,,2025-05,2025-05-24,,,3.3,5.61,,,,,,,,,,
256,Vb-322.FN125-MNDE-RMS,322.FN125,,2025-05,2025-05-24,5.1,,8.23,5.57,,,,,,,,,,
257,Vb-322.FN125-FDE-RMS,322.FN125,,2025-07,2025-07-21,11.02,,4.81,8.44,,,,,,,,,,
258,Vb-322.FN125-FNDE-RMS,322.FN125,,2025-07,2025-07-21,10.11,,10.14,6.34,,,,,,,,,,
259,Vb-322.FN125-MDE-RMS,322.FN125,,2025-07,2025-07-21,,,4.92,4.36,,,,,,,,,,
260,Vb-322.FN125-MNDE-RMS,322.FN125,,2025-07,2025-07-21,5.06,,8.2,5.02,,,,,,,,,,
261,Vb-322.FN125-FDE-RMS,322.FN125,,2025-09,2025-09-21,8.3,,4.13,5.93,,,,,,,,,,
262,Vb-322.FN125-FNDE-RMS,322.FN125,,2025-09,2025-09-21,6.64,,13.65,6.75,,,,,,,,,,
263,Vb-322.FN125-MDE-RMS,322.FN125,,2025-09,2025-09-21,,,8.78,6.94,,,,,,,,,,
264,Vb-322.FN125-MNDE-RMS,322.FN125,,2025-09,2025-09-21,5.09,,9.08,6.47,,,,,,,,,,
265,Vb-322.FN125-FDE-RMS,322.FN125,,2026-02,2026-02-16,10.92,,11.02,5.75,,,,,,,,,,
266,Vb-322.FN125-FNDE-RMS,322.FN125,,2026-02,2026-02-16,6.46,,7.49,4.64,,,,,,,,,,
267,Vb-322.FN125-MDE-RMS,322.FN125,,2026-02,2026-02-16,,,7.75,13.72,,,,,,,,,,
268,Vb-322.FN125-MNDE-RMS,322.FN125,,2026-02,2026-02-16,7.96,,10.08,8.75,,,,,,,,,,
269,Vb-322.FN125-FDE-RMS,322.FN125,,2026-04,2026-04-14,8.93,,6.27,8.94,,,,,,,,,,
270,Vb-322.FN125-FNDE-RMS,322.FN125,,2026-04,2026-04-14,7.16,,17.67,7.35,,,,,,,,,,
271,Vb-322.FN125-MDE-RMS,322.FN125,,2026-04,2026-04-14,,,8.11,5.8,,,,,,,,,,
272,Vb-322.FN125-MNDE-RMS,322.FN125,,2026-04,2026-04-14,6.17,,14.4,8.66,,,,,,,,,,
273,Vb-322.FN400-FDE-RMS,322.FN400,,2024-12,2024-12-25,1.82,,0.89,1.49,,,,,,,,,,
274,Vb-322.FN400-FNDE-RMS,322.FN400,,2024-12,2024-12-25,1.74,,0.98,0.68,,,,,,,,,,
275,Vb-322.FN400-MDE-RMS,322.FN400,,2024-12,2024-12-25,0.34,,1.76,1.91,,,,,,,,,,
276,Vb-322.FN400-MNDE-RMS,322.FN400,,2024-12,2024-12-25,0.42,,1.27,0.54,,,,,,,,,,
277,Vb-322.FN400-FDE-RMS,322.FN400,,2025-01,2025-01-13,2.04,,0.91,0.82,,,,,,,,,,
278,Vb-322.FN400-FNDE-RMS,322.FN400,,2025-01,2025-01-13,2.27,,0.92,0.75,,,,,,,,,,
279,Vb-322.FN400-MDE-RMS,322.FN400,,2025-01,2025-01-13,0.27,,2.26,1.97,,,,,,,,,,
280,Vb-322.FN400-MNDE-RMS,322.FN400,,2025-01,2025-01-13,0.39,,2.12,1.3,,,,,,,,,,
281,Vb-322.FN400-FDE-RMS,322.FN400,,2025-02,2025-02-06,1.91,,0.84,0.64,,,,,,,,,,
282,Vb-322.FN400-FNDE-RMS,322.FN400,,2025-02,2025-02-06,1.62,,0.93,0.63,,,,,,,,,,
283,Vb-322.FN400-MDE-RMS,322.FN400,,2025-02,2025-02-06,0.41,,1.97,1.68,,,,,,,,,,
284,Vb-322.FN400-MNDE-RMS,322.FN400,,2025-02,2025-02-06,0.39,,1.53,0.73,,,,,,,,,,
285,Vb-322.FN400-FDE-RMS,322.FN400,,2025-05,2025-05-24,3.37,,0.86,0.77,,,,,,,,,,
286,Vb-322.FN400-FNDE-RMS,322.FN400,,2025-05,2025-05-24,0.85,,0.73,0.6,,,,,,,,,,
287,Vb-322.FN400-MDE-RMS,322.FN400,,2025-05,2025-05-24,0.33,,1.71,1.66,,,,,,,,,,
288,Vb-322.FN400-MNDE-RMS,322.FN400,,2025-05,2025-05-24,0.33,,1.2,0.76,,,,,,,,,,
289,Vb-322.FN400-FDE-RMS,322.FN400,,2025-07,2025-07-21,1.47,,0.91,0.95,,,,,,,,,,
290,Vb-322.FN400-FNDE-RMS,322.FN400,,2025-07,2025-07-21,2.05,,0.75,0.58,,,,,,,,,,
291,Vb-322.FN400-MDE-RMS,322.FN400,,2025-07,2025-07-21,0.43,,1.53,1.23,,,,,,,,,,
292,Vb-322.FN400-MNDE-RMS,322.FN400,,2025-07,2025-07-21,0.48,,1.23,0.58,,,,,,,,,,
293,Vb-322.FN400-FDE-RMS,322.FN400,,2025-09,2025-09-21,3.21,,0.86,1.03,,,,,,,,,,
294,Vb-322.FN400-FNDE-RMS,322.FN400,,2025-09,2025-09-21,2,,0.77,0.61,,,,,,,,,,
295,Vb-322.FN400-MDE-RMS,322.FN400,,2025-09,2025-09-21,0.34,,1.37,1.36,,,,,,,,,,
296,Vb-322.FN400-MNDE-RMS,322.FN400,,2025-09,2025-09-21,0.37,,1.08,0.5,,,,,,,,,,
297,Vb-322.FN400-FDE-RMS,322.FN400,,2026-02,2026-02-16,1.63,,1.71,1,,,,,,,,,,
298,Vb-322.FN400-FNDE-RMS,322.FN400,,2026-02,2026-02-16,0.97,,1.65,0.69,,,,,,,,,,
299,Vb-322.FN400-MDE-RMS,322.FN400,,2026-02,2026-02-16,0.3,,0.73,0.61,,,,,,,,,,
300,Vb-322.FN400-MNDE-RMS,322.FN400,,2026-02,2026-02-16,0.41,,0.74,0.8,,,,,,,,,,
301,Vb-322.FN400-FDE-RMS,322.FN400,,2026-04,2026-04-14,1.48,,0.69,0.49,,,,,,,,,,
302,Vb-322.FN400-FNDE-RMS,322.FN400,,2026-04,2026-04-14,1.58,,0.75,0.58,,,,,,,,,,
303,Vb-322.FN400-MDE-RMS,322.FN400,,2026-04,2026-04-14,0.18,,1.14,1,,,,,,,,,,
304,Vb-322.FN400-MNDE-RMS,322.FN400,,2026-04,2026-04-14,0.27,,0.99,0.56,,,,,,,,,,
305,Vb-322.MD140-GBHSS0,322.MD140,,2024-12,2024-12-25,,1.22,,,,,,,,,,,,
306,Vb-322.MD140-GBHSS1,322.MD140,,2024-12,2024-12-25,,1.2,,,,,,,,,,,,
307,Vb-322.MD140-GBHSS6,322.MD140,,2024-12,2024-12-25,,1.61,,,,,,,,,,,,
308,Vb-322.MD140-MDE-RMS,322.MD140,,2024-12,2024-12-25,0.8,,1.55,1.24,,,,,,,,,,
309,Vb-322.MD140-MNDE-RMS,322.MD140,,2024-12,2024-12-25,1,,1.55,1.09,,,,,,,,,,
310,Vb-322.MD140-RG2,322.MD140,,2024-12,2024-12-25,,2.08,,,,,,,,,,,,
311,Vb-322.MD140-RG3,322.MD140,,2024-12,2024-12-25,,0.84,,,,,,,,,,,,
312,Vb-322.MD140-RG4,322.MD140,,2024-12,2024-12-25,,2.21,,,,,,,,,,,,
313,Vb-322.MD140-RG5,322.MD140,,2024-12,2024-12-25,,0.99,,,,,,,,,,,,
314,Vb-322.MD140-GBHSS0,322.MD140,,2025-01,2025-01-13,,0.18,,,,,,,,,,,,
315,Vb-322.MD140-GBHSS1,322.MD140,,2025-01,2025-01-13,,0.38,,,,,,,,,,,,
316,Vb-322.MD140-GBHSS6,322.MD140,,2025-01,2025-01-13,,0.12,,,,,,,,,,,,
317,Vb-322.MD140-MDE-RMS,322.MD140,,2025-01,2025-01-13,0.26,,0.68,0.57,,,,,,,,,,
318,Vb-322.MD140-MNDE-RMS,322.MD140,,2025-01,2025-01-13,0.43,,0.68,0.41,,,,,,,,,,
319,Vb-322.MD140-RG2,322.MD140,,2025-01,2025-01-13,,2.35,,,,,,,,,,,,
320,Vb-322.MD140-RG3,322.MD140,,2025-01,2025-01-13,,0.98,,,,,,,,,,,,
321,Vb-322.MD140-RG4,322.MD140,,2025-01,2025-01-13,,2.2,,,,,,,,,,,,
322,Vb-322.MD140-RG5,322.MD140,,2025-01,2025-01-13,,0.91,,,,,,,,,,,,
323,Vb-322.MD140-GBHSS0,322.MD140,,2025-02,2025-02-06,,1.1,,,,,,,,,,,,
324,Vb-322.MD140-GBHSS1,322.MD140,,2025-02,2025-02-06,,1.27,,,,,,,,,,,,
325,Vb-322.MD140-GBHSS6,322.MD140,,2025-02,2025-02-06,,1.64,,,,,,,,,,,,
326,Vb-322.MD140-MDE-RMS,322.MD140,,2025-02,2025-02-06,0.78,,1.41,1.36,,,,,,,,,,
327,Vb-322.MD140-MNDE-RMS,322.MD140,,2025-02,2025-02-06,0.73,,1.07,1.14,,,,,,,,,,
328,Vb-322.MD140-RG2,322.MD140,,2025-02,2025-02-06,,1.93,,,,,,,,,,,,
329,Vb-322.MD140-RG3,322.MD140,,2025-02,2025-02-06,,0.96,,,,,,,,,,,,
330,Vb-322.MD140-RG4,322.MD140,,2025-02,2025-02-06,,1.85,,,,,,,,,,,,
331,Vb-322.MD140-RG5,322.MD140,,2025-02,2025-02-06,,1,,,,,,,,,,,,
332,Vb-322.MD140-GBHSS0,322.MD140,,2025-05,2025-05-24,,1.34,,,,,,,,,,,,
333,Vb-322.MD140-GBHSS1,322.MD140,,2025-05,2025-05-24,,0.95,,,,,,,,,,,,
334,Vb-322.MD140-GBHSS6,322.MD140,,2025-05,2025-05-24,,2.2,,,,,,,,,,,,
335,Vb-322.MD140-MDE-RMS,322.MD140,,2025-05,2025-05-28,1.27,,5.75,3.55,,,,,,,,,,
336,Vb-322.MD140-MNDE-RMS,322.MD140,,2025-05,2025-05-24,1.55,,,,2025-05-28,,,1.66,1.86,,,,,
337,Vb-322.MD140-RG2,322.MD140,,2025-05,2025-05-28,,1.91,,,,,,,,,,,,
338,Vb-322.MD140-RG3,322.MD140,,2025-05,2025-05-28,,1.2,,,,,,,,,,,,
339,Vb-322.MD140-RG4,322.MD140,,2025-05,2025-05-28,,2.22,,,,,,,,,,,,
340,Vb-322.MD140-RG5,322.MD140,,2025-05,2025-05-28,,1.38,,,,,,,,,,,,
341,Vb-322.MD140-GBHSS0,322.MD140,,2025-07,2025-07-28,,1.56,,,,,,,,,,,,
342,Vb-322.MD140-GBHSS1,322.MD140,,2025-07,2025-07-28,,1.02,,,,,,,,,,,,
343,Vb-322.MD140-GBHSS6,322.MD140,,2025-07,2025-07-21,,1.94,,,,,,,,,,,,
344,Vb-322.MD140-MDE-RMS,322.MD140,,2025-07,2025-07-28,1.17,,3.22,2.64,,,,,,,,,,
345,Vb-322.MD140-MNDE-RMS,322.MD140,,2025-07,2025-07-28,1,,1.41,1.43,,,,,,,,,,
346,Vb-322.MD140-RG2,322.MD140,,2025-07,2025-07-21,,1.72,,,,,,,,,,,,
347,Vb-322.MD140-RG3,322.MD140,,2025-07,2025-07-28,,1.47,,,,,,,,,,,,
348,Vb-322.MD140-RG4,322.MD140,,2025-07,2025-07-28,,1.75,,,,,,,,,,,,
349,Vb-322.MD140-RG5,322.MD140,,2025-07,2025-07-21,,1.5,,,,,,,,,,,,
350,Vb-322.MD140-GBHSS0,322.MD140,,2025-09,2025-09-21,,1.11,,,,,,,,,,,,
351,Vb-322.MD140-GBHSS1,322.MD140,,2025-09,2025-09-21,,0.92,,,,,,,,,,,,
352,Vb-322.MD140-GBHSS6,322.MD140,,2025-09,2025-09-21,,1.68,,,,,,,,,,,,
353,Vb-322.MD140-MDE-RMS,322.MD140,,2025-09,2025-09-21,1.03,,3,2.62,,,,,,,,,,
354,Vb-322.MD140-MNDE-RMS,322.MD140,,2025-09,2025-09-21,0.92,,1.35,1.15,,,,,,,,,,
355,Vb-322.MD140-RG2,322.MD140,,2025-09,2025-09-21,,1.4,,,,,,,,,,,,
356,Vb-322.MD140-RG3,322.MD140,,2025-09,2025-09-21,,1.24,,,,,,,,,,,,
357,Vb-322.MD140-RG4,322.MD140,,2025-09,2025-09-21,,2.17,,,,,,,,,,,,
358,Vb-322.MD140-RG5,322.MD140,,2025-09,2025-09-21,,1.27,,,,,,,,,,,,
359,Vb-322.MD140-GBHSS0,322.MD140,,2026-02,2026-02-16,,1.47,,,,,,,,,,,,
360,Vb-322.MD140-GBHSS1,322.MD140,,2026-02,2026-02-16,,3.91,,,,,,,,,,,,
361,Vb-322.MD140-GBHSS6,322.MD140,,2026-02,2026-02-16,,2.36,,,,,,,,,,,,
362,Vb-322.MD140-MDE-RMS,322.MD140,,2026-02,2026-02-16,1.29,,2.2,2.33,,,,,,,,,,
363,Vb-322.MD140-MNDE-RMS,322.MD140,,2026-02,2026-02-16,1.35,,0.98,1.81,,,,,,,,,,
364,Vb-322.MD140-RG2,322.MD140,,2026-02,2026-02-16,,1.96,,,,,,,,,,,,
365,Vb-322.MD140-RG3,322.MD140,,2026-02,2026-02-16,,1.59,,,,,,,,,,,,
366,Vb-322.MD140-RG4,322.MD140,,2026-02,2026-02-16,,1.8,,,,,,,,,,,,
367,Vb-322.MD140-RG5,322.MD140,,2026-02,2026-02-16,,1.45,,,,,,,,,,,,
368,Vb-322.MD140-GBHSS0,322.MD140,,2026-04,2026-04-14,,1.33,,,,,,,,,,,,
369,Vb-322.MD140-GBHSS1,322.MD140,,2026-04,2026-04-14,,0.88,,,,,,,,,,,,
370,Vb-322.MD140-GBHSS6,322.MD140,,2026-04,2026-04-14,,1.78,,,,,,,,,,,,
371,Vb-322.MD140-MDE-RMS,322.MD140,,2026-04,2026-04-14,0.88,,2.38,2.34,,,,,,,,,,
372,Vb-322.MD140-MNDE-RMS,322.MD140,,2026-04,2026-04-14,0.86,,1.27,1.15,,,,,,,,,,
373,Vb-322.MD140-RG2,322.MD140,,2026-04,2026-04-14,,1.45,,,,,,,,,,,,
374,Vb-322.MD140-RG3,322.MD140,,2026-04,2026-04-14,,1.22,,,,,,,,,,,,
375,Vb-322.MD140-RG4,322.MD140,,2026-04,2026-04-14,,1.59,,,2026-04-14,,1.76,,,,,,,
376,Vb-322.MD140-RG5,322.MD140,,2026-04,2026-04-14,,1.76,,,2026-04-14,,1.59,,,,,,,
377,,322.MD152,Motor DE,2025-01,2025-01-01,0.53,,0.82,0.85,,,,,,,,,,
378,,322.MD152,Motor NDE,2025-01,2025-01-01,0.78,,0.84,0.82,,,,,,,,,,
379,,322.MD152,Shaft 1 inboard DE,2025-01,2025-01-01,0.58,,1.03,0.99,,,,,,,,,,
380,,322.MD152,Shaft 1 Outboard NDE,2025-01,2025-01-01,0.95,,0.92,0.7,,,,,,,,,,
381,,322.MD152,Shaft 2 inboard DE,2025-01,2025-01-01,0.83,,1.11,0.87,,,,,,,,,,
382,,322.MD152,Shaft 2  outboard NDE,2025-01,2025-01-01,0.63,,1.18,0.53,,,,,,,,,,
383,,322.MD152,Motor DE,2026-04,2026-04-14,15.8,,15,8.89,,,,,,,,,,
384,,322.MD152,Motor NDE,2026-04,2026-04-14,15.77,,8.75,5.2,,,,,,,,,,
385,,322.MD152,Shaft 1 inboard  DE,2026-04,2026-04-14,19.37,,13.31,6.7,,,,,,,,,,
386,,322.MD152,Shaft 1 Outboard NDE,2026-04,2026-04-14,17.56,,21.15,4.48,,,,,,,,,,
387,,322.MD152,Shaft 2  inboard  DE,2026-04,2026-04-14,9.29,,13.23,7.59,,,,,,,,,,
388,,322.MD152,Shaft 2  outboard NDE,2026-04,2026-04-14,10.64,,15.34,3.63,,,,,,,,,,
389,Vb-331.CP280-CDE-RMS,331.CP280,,2024-12,2024-12-15,2.81,,3.79,2.98,,,,,,,,,,
390,Vb-331.CP280-CNDE-RMS,331.CP280,,2024-12,2024-12-15,3.52,,2.76,3.66,,,,,,,,,,
391,Vb-331.CP280-MDE-RMS,331.CP280,,2024-12,2024-12-15,2.55,,3.76,5.57,,,,,,,,,,
392,Vb-331.CP280-MNDE-RMS,331.CP280,,2024-12,2024-12-15,2.79,,4.95,2.78,,,,,,,,,,
393,Vb-331.CP280-CDE-RMS,331.CP280,,2025-01,2025-01-27,2.46,,5.67,2.5,,,,,,,,,,
394,Vb-331.CP280-CNDE-RMS,331.CP280,,2025-01,2025-01-27,3.49,,4.33,3.28,,,,,,,,,,
395,Vb-331.CP280-MDE-RMS,331.CP280,,2025-01,2025-01-27,2.46,,2.46,1.8,,,,,,,,,,
396,Vb-331.CP280-MNDE-RMS,331.CP280,,2025-01,2025-01-27,2.42,,3.25,2.27,,,,,,,,,,
397,Vb-331.CP280-CDE-RMS,331.CP280,,2025-02,2025-02-04,2.73,,5,3.09,,,,,,,,,,
398,Vb-331.CP280-CNDE-RMS,331.CP280,,2025-02,2025-02-04,3.67,,5.04,3.01,,,,,,,,,,
399,Vb-331.CP280-MDE-RMS,331.CP280,,2025-02,2025-02-04,2.7,,2.21,2.33,,,,,,,,,,
400,Vb-331.CP280-MNDE-RMS,331.CP280,,2025-02,2025-02-04,2.99,,5.2,2.94,,,,,,,,,,
401,Vb-331.CP280-CDE-RMS,331.CP280,,2025-05,2025-05-12,2.44,,4.9,4.8,,,,,,,,,,
402,Vb-331.CP280-CNDE-RMS,331.CP280,,2025-05,2025-05-12,3.79,,2.5,2.99,,,,,,,,,,
403,Vb-331.CP280-MDE-RMS,331.CP280,,2025-05,2025-05-12,3.34,,3.07,2.04,,,,,,,,,,
404,Vb-331.CP280-MNDE-RMS,331.CP280,,2025-05,2025-05-12,2.79,,5.38,3.51,,,,,,,,,,
405,Vb-331.CP280-CDE-RMS,331.CP280,,2025-07,2025-07-08,3.28,,6.9,6.63,,,,,,,,,,
406,Vb-331.CP280-CNDE-RMS,331.CP280,,2025-07,2025-07-08,3.92,,2.29,5.05,,,,,,,,,,
407,Vb-331.CP280-MDE-RMS,331.CP280,,2025-07,2025-07-08,3.5,,2.18,2,,,,,,,,,,
408,Vb-331.CP280-MNDE-RMS,331.CP280,,2025-07,2025-07-08,3.03,,3.75,3.6,,,,,,,,,,
409,Vb-331.CP280-CDE-RMS,331.CP280,,2025-09,2025-09-10,5.45,,14.7,5.91,2025-09-24,7.36,,25.55,12.24,,,,,
410,Vb-331.CP280-CNDE-RMS,331.CP280,,2025-09,2025-09-10,12.04,,2.73,14.1,2025-09-24,14.35,,4.12,18.04,,,,,
411,Vb-331.CP280-MDE-RMS,331.CP280,,2025-09,2025-09-10,4.41,,3.28,3.26,2025-09-24,10.29,,4.15,3.51,,,,,
412,Vb-331.CP280-MNDE-RMS,331.CP280,,2025-09,2025-09-10,2.03,,2.19,3.35,2025-09-24,4.45,,5.74,1.75,,,,,
413,Vb-331.CP280-CDE-RMS,331.CP280,,2026-02,2026-02-15,2.39,,4.83,2.9,,,,,,,,,,
414,Vb-331.CP280-CNDE-RMS,331.CP280,,2026-02,2026-02-15,4.62,,4.25,6.27,,,,,,,,,,
415,Vb-331.CP280-MDE-RMS,331.CP280,,2026-02,2026-02-15,2.06,,4.66,3.14,,,,,,,,,,
416,Vb-331.CP280-MNDE-RMS,331.CP280,,2026-02,2026-02-15,2.28,,4.41,2.59,,,,,,,,,,
417,Vb-331.CP280-CDE-RMS,331.CP280,,2026-03,2026-03-24,3.7,,7,4.74,,,,,,,,,,
418,Vb-331.CP280-CNDE-RMS,331.CP280,,2026-03,2026-03-24,6.27,,5.32,9.48,,,,,,,,,,
419,Vb-331.CP280-MDE-RMS,331.CP280,,2026-03,2026-03-24,3.41,,6.33,3.24,,,,,,,,,,
420,Vb-331.CP280-MNDE-RMS,331.CP280,,2026-03,2026-03-24,3.61,,6.77,3.26,,,,,,,,,,
421,Vb-331.CP280-CDE-RMS,331.CP280,,2026-04,2026-04-26,6.07,,12.55,7.3,,,,,,,,,,
422,Vb-331.CP280-CNDE-RMS,331.CP280,,2026-04,2026-04-26,11.82,,7.2,12.13,,,,,,,,,,
423,Vb-331.CP280-MDE-RMS,331.CP280,,2026-04,2026-04-26,4.69,,6.43,5.06,,,,,,,,,,
424,Vb-331.CP280-MNDE-RMS,331.CP280,,2026-04,2026-04-26,6.36,,8.82,8.65,,,,,,,,,,
425,Vb-331.CP281-CDE-RMS,331.CP281,,2024-12,2024-12-15,3.14,,4.03,4.68,,,,,,,,,,
426,Vb-331.CP281-CNDE-RMS,331.CP281,,2024-12,2024-12-15,5.43,,4.72,4.83,,,,,,,,,,
427,Vb-331.CP281-MDE-RMS,331.CP281,,2024-12,2024-12-15,3.93,,2.91,8.06,,,,,,,,,,
428,Vb-331.CP281-MNDE-RMS,331.CP281,,2024-12,2024-12-15,3.73,,7.09,3.47,,,,,,,,,,
429,Vb-331.CP281-CDE-RMS,331.CP281,,2025-02,2025-02-04,4.45,,2.71,2.71,,,,,,,,,,
430,Vb-331.CP281-CNDE-RMS,331.CP281,,2025-02,2025-02-04,2.63,,4.6,2.66,,,,,,,,,,
431,Vb-331.CP281-MDE-RMS,331.CP281,,2025-02,2025-02-04,4.49,,3.2,3.08,,,,,,,,,,
432,Vb-331.CP281-MNDE-RMS,331.CP281,,2025-02,2025-02-04,5.39,,6.32,8.96,,,,,,,,,,
433,Vb-331.CP281-CDE-RMS,331.CP281,,2025-04,2025-04-13,5.04,,7.15,4.79,,,,,,,,,,
434,Vb-331.CP281-CNDE-RMS,331.CP281,,2025-04,2025-04-13,4.61,,6.13,6.13,,,,,,,,,,
435,Vb-331.CP281-MDE-RMS,331.CP281,,2025-04,2025-04-13,3.89,,3.92,2.9,,,,,,,,,,
436,Vb-331.CP281-MNDE-RMS,331.CP281,,2025-04,2025-04-13,3.47,,2.69,1.99,,,,,,,,,,
437,Vb-331.CP281-CDE-RMS,331.CP281,,2025-07,2025-07-08,14.79,,20.45,20,,,,,,,,,,
438,Vb-331.CP281-CNDE-RMS,331.CP281,,2025-07,2025-07-08,18.43,,13.24,16.34,,,,,,,,,,
439,Vb-331.CP281-MDE-RMS,331.CP281,,2025-07,2025-07-08,5.78,,11.84,7.46,,,,,,,,,,
440,Vb-331.CP281-MNDE-RMS,331.CP281,,2025-07,2025-07-08,11.52,,24.93,11.48,,,,,,,,,,
441,Vb-331.CP281-CDE-RMS,331.CP281,,2025-08,2025-08-07,14.79,,20.45,20,,,,,,,,,,
442,Vb-331.CP281-CNDE-RMS,331.CP281,,2025-08,2025-08-07,18.43,,13.24,16.34,,,,,,,,,,
443,Vb-331.CP281-MDE-RMS,331.CP281,,2025-08,2025-08-07,5.78,,11.84,7.46,,,,,,,,,,
444,Vb-331.CP281-MNDE-RMS,331.CP281,,2025-08,2025-08-07,11.52,,24.93,11.48,,,,,,,,,,
445,Vb-331.CP281-CDE-RMS,331.CP281,,2026-02,2026-02-15,2.43,,3.53,3.33,,,,,,,,,,
446,Vb-331.CP281-CNDE-RMS,331.CP281,,2026-02,2026-02-15,4.91,,4.85,7.07,,,,,,,,,,
447,Vb-331.CP281-MDE-RMS,331.CP281,,2026-02,2026-02-15,2.52,,3.32,3.06,,,,,,,,,,
448,Vb-331.CP281-MNDE-RMS,331.CP281,,2026-02,2026-02-15,2.11,,8.04,3.8,,,,,,,,,,
449,Vb-331.CP281-CDE-RMS,331.CP281,,2026-03,2026-03-24,3.52,,5.95,5.43,,,,,,,,,,
450,Vb-331.CP281-CNDE-RMS,331.CP281,,2026-03,2026-03-24,6.57,,7.29,9.6,,,,,,,,,,
451,Vb-331.CP281-MDE-RMS,331.CP281,,2026-03,2026-03-24,3.39,,4.25,3.8,,,,,,,,,,
452,Vb-331.CP281-MNDE-RMS,331.CP281,,2026-03,2026-03-24,3.39,,5.86,6.03,,,,,,,,,,
453,Vb-331.CP281-CDE-RMS,331.CP281,,2026-04,2026-04-26,3.98,,5.29,6.62,,,,,,,,,,
454,Vb-331.CP281-CNDE-RMS,331.CP281,,2026-04,2026-04-26,8.72,,7.86,6.1,,,,,,,,,,
455,Vb-331.CP281-MDE-RMS,331.CP281,,2026-04,2026-04-26,4.79,,5.03,3.75,,,,,,,,,,
456,Vb-331.CP281-MNDE-RMS,331.CP281,,2026-04,2026-04-26,5.35,,7.95,5.23,,,,,,,,,,
457,Vb-331.CP282-CDE-RMS,331.CP282,,2025-07,2025-07-08,6.41,,6.64,6.79,,,,,,,,,,
458,Vb-331.CP282-CNDE-RMS,331.CP282,,2025-07,2025-07-08,9.16,,8.34,6.93,,,,,,,,,,
459,Vb-331.CP282-MDE-RMS,331.CP282,,2025-07,2025-07-08,5.71,,7.41,3.82,,,,,,,,,,
460,Vb-331.CP282-MNDE-RMS,331.CP282,,2025-07,2025-07-08,5.12,,6.66,2.79,,,,,,,,,,
461,Vb-331.CP282-CDE-RMS,331.CP282,,2025-09,2025-09-10,7.56,,6.36,6.17,2025-09-24,3.97,,6.56,5.64,,,,,
462,Vb-331.CP282-CNDE-RMS,331.CP282,,2025-09,2025-09-10,11.47,,10.52,9.55,2025-09-24,9.17,,8.87,8.49,,,,,
463,Vb-331.CP282-MDE-RMS,331.CP282,,2025-09,2025-09-10,6.64,,9.6,8.42,2025-09-24,7.37,,8.34,5.32,,,,,
464,Vb-331.CP282-MNDE-RMS,331.CP282,,2025-09,2025-09-10,5.45,,9.23,6.16,2025-09-24,6.27,,13.02,3.14,,,,,
465,Vb-331.CP282-CDE-RMS,331.CP282,,2026-04,2026-04-05,,,3.3,,,,,,,,,,,
466,Vb-331.CP282-CNDE-RMS,331.CP282,,2026-04,2026-04-05,,,5.57,,,,,,,,,,,
467,Vb-331.CP282-MDE-RMS,331.CP282,,2026-04,2026-04-05,,,4.12,,,,,,,,,,,
468,Vb-331.FN110-FDE-RMS,331.FN110,,2024-12,2024-12-05,2.2,,1.69,0.99,,,,,,,,,,
469,Vb-331.FN110-FNDE-RMS,331.FN110,,2024-12,2024-12-05,2.8,,1.59,1.11,,,,,,,,,,
470,Vb-331.FN110-MDE-RMS,331.FN110,,2024-12,2024-12-05,1.5,,1.46,2.01,,,,,,,,,,
471,Vb-331.FN110-MNDE-RMS,331.FN110,,2024-12,2024-12-05,0.41,,0.25,0.3,,,,,,,,,,
472,Vb-331.FN110-FDE-RMS,331.FN110,,2025-01,2025-01-21,0.73,,1,0.69,,,,,,,,,,
473,Vb-331.FN110-FNDE-RMS,331.FN110,,2025-01,2025-01-21,1.37,,1.22,0.53,,,,,,,,,,
474,Vb-331.FN110-MDE-RMS,331.FN110,,2025-01,2025-01-21,0.36,,1.52,0.27,,,,,,,,,,
475,Vb-331.FN110-MNDE-RMS,331.FN110,,2025-01,2025-01-21,0.53,,0.61,0.96,,,,,,,,,,
476,Vb-331.FN110-FDE-RMS,331.FN110,,2025-02,2025-02-04,0.71,,,0.57,2025-02-10,,,1.34,,,,,,
477,Vb-331.FN110-FNDE-RMS,331.FN110,,2025-02,2025-02-04,0.99,,,0.79,2025-02-10,,,1.64,,,,,,
478,Vb-331.FN110-MDE-RMS,331.FN110,,2025-02,2025-02-04,0.35,,1.03,0.23,,,,,,,,,,
479,Vb-331.FN110-MNDE-RMS,331.FN110,,2025-02,2025-02-04,0.61,,0.66,1.04,,,,,,,,,,
480,Vb-331.FN110-FDE-RMS,331.FN110,,2025-05,2025-05-12,1.34,,1.96,1.4,,,,,,,,,,
481,Vb-331.FN110-FNDE-RMS,331.FN110,,2025-05,2025-05-12,1.4,,1.55,0.93,,,,,,,,,,
482,Vb-331.FN110-MDE-RMS,331.FN110,,2025-05,2025-05-12,0.31,,1.18,1.88,,,,,,,,,,
483,Vb-331.FN110-MNDE-RMS,331.FN110,,2025-05,2025-05-12,0.48,,0.72,0.87,,,,,,,,,,
484,Vb-331.FN110-FDE-RMS,331.FN110,,2025-07,2025-07-08,1.42,,1.07,1.04,,,,,,,,,,
485,Vb-331.FN110-FNDE-RMS,331.FN110,,2025-07,2025-07-08,1.73,,1.34,0.7,,,,,,,,,,
486,Vb-331.FN110-MDE-RMS,331.FN110,,2025-07,2025-07-08,0.32,,2.02,1.84,,,,,,,,,,
487,Vb-331.FN110-MNDE-RMS,331.FN110,,2025-07,2025-07-08,0.54,,0.82,1.06,,,,,,,,,,
488,Vb-331.FN110-FDE-RMS,331.FN110,,2025-09,2025-09-14,1.11,,2.54,1.39,,,,,,,,,,
489,Vb-331.FN110-FNDE-RMS,331.FN110,,2025-09,2025-09-14,1.49,,2.24,0.89,,,,,,,,,,
490,Vb-331.FN110-MDE-RMS,331.FN110,,2025-09,2025-09-14,0.3,,1.87,2.46,,,,,,,,,,
491,Vb-331.FN110-MNDE-RMS,331.FN110,,2025-09,2025-09-14,0.7,,0.94,2.58,,,,,,,,,,
492,Vb-331.FN110-FDE-RMS,331.FN110,,2025-10,2025-10-05,3.64,,,,2025-10-09,,,0.85,0.38,,,,,
493,Vb-331.FN110-FNDE-RMS,331.FN110,,2025-10,2025-10-09,1.41,,1.09,0.62,,,,,,,,,,
494,Vb-331.FN110-MDE-RMS,331.FN110,,2025-10,2025-10-05,0.42,,2.62,2.13,,,,,,,,,,
495,Vb-331.FN110-MNDE-RMS,331.FN110,,2025-10,2025-10-05,0.64,,1.43,1.44,,,,,,,,,,
496,Vb-331.FN110-FDE-RMS,331.FN110,,2026-02,2026-02-16,0.65,,0.75,0.61,,,,,,,,,,
497,Vb-331.FN110-FNDE-RMS,331.FN110,,2026-02,2026-02-16,1.69,,1.32,0.67,,,,,,,,,,
498,Vb-331.FN110-MDE-RMS,331.FN110,,2026-02,2026-02-16,0.39,,1.74,2.05,,,,,,,,,,
499,Vb-331.FN110-MNDE-RMS,331.FN110,,2026-02,2026-02-16,0.62,,0.48,0.87,,,,,,,,,,
500,Vb-331.FN110-MNDE-RMS,331.FN110,,2026-03,2026-03-26,0.55,,,,,,,,,,,,,
501,Vb-331.FN110-FDE-RMS,331.FN110,,2026-04,2026-04-01,0.72,,1.61,0.95,2026-04-26,1.08,,1.26,0.83,,,,,
502,Vb-331.FN110-FNDE-RMS,331.FN110,,2026-04,2026-04-01,1.56,,1.89,0.88,2026-04-26,1.1,,1.06,0.41,,,,,
503,Vb-331.FN110-MDE-RMS,331.FN110,,2026-04,2026-04-01,0.32,,2.31,1.91,2026-04-26,1,,2.01,2.12,,,,,
504,Vb-331.FN110-MNDE-RMS,331.FN110,,2026-04,2026-04-01,,,0.87,1.04,2026-04-26,0.65,,0.41,0.84,,,,,
505,,331.FN400,Shaft 1 inboard,2024-12,2024-12-05,1.56,,1,0.66,,,,,,,,,,
506,,331.FN400,Shaft 1 outboard,2024-12,2024-12-05,1.76,,1.22,1.1,,,,,,,,,,
507,,331.FN400,Shaft 2 inboard,2024-12,2024-12-05,1.01,,0.51,0.82,,,,,,,,,,
508,,331.FN400,Shaft 2 outboard,2024-12,2024-12-05,1,,2.83,0.64,,,,,,,,,,
509,Vb-331.FN400-FDE-RMS,331.FN400,,2024-12,2024-12-05,0.24,,0.52,0.32,,,,,,,,,,
510,Vb-331.FN400-FNDE-RMS,331.FN400,,2024-12,2024-12-05,0.51,,0.48,0.41,,,,,,,,,,
511,Vb-331.FN400-MDE-RMS,331.FN400,,2024-12,2024-12-05,1.06,,0.26,0.58,,,,,,,,,,
512,Vb-331.FN400-MNDE-RMS,331.FN400,,2024-12,2024-12-05,0.22,,1.07,0.22,,,,,,,,,,
513,,331.FN400,Shaft 1 inboard,2025-01,2025-01-30,0.22,,0.36,0.27,,,,,,,,,,
514,,331.FN400,Shaft 1 outboard,2025-01,2025-01-30,0.35,,0.28,0.27,,,,,,,,,,
515,,331.FN400,Shaft 2 inboard,2025-01,2025-01-30,0.39,,0.31,0.7,,,,,,,,,,
516,,331.FN400,Shaft 2 outboard,2025-01,2025-01-30,0.79,,0.29,0.26,,,,,,,,,,
517,Vb-331.FN400-FDE-RMS,331.FN400,,2025-01,2025-01-16,0.54,,1.47,0.54,2025-01-17,0.59,,1.96,0.67,2025-01-21,0.77,,1.75,0.44
518,Vb-331.FN400-FNDE-RMS,331.FN400,,2025-01,2025-01-16,0.91,,1.6,0.51,2025-01-17,1.83,,6.11,1.64,2025-01-21,,,4.78,0.53
519,Vb-331.FN400-MDE-RMS,331.FN400,,2025-01,2025-01-16,0.33,,0.64,0.14,2025-01-22,0.3,,1.29,0.28,2025-01-29,0.3,,0.33,0.15
520,Vb-331.FN400-MNDE-RMS,331.FN400,,2025-01,2025-01-16,0.2,,0.37,0.31,2025-01-22,0.27,,1.3,0.24,2025-01-29,0.17,,0.3,0.11
521,Vb-331.FN400-FDE-RMS,331.FN400,,2025-02,2025-02-19,0.56,,1.04,0.47,,,,,,,,,,
522,Vb-331.FN400-FNDE-RMS,331.FN400,,2025-02,2025-02-19,,,1.19,0.91,,,,,,,,,,
523,Vb-331.FN400-MDE-RMS,331.FN400,,2025-02,2025-02-19,0.2,,0.7,0.22,,,,,,,,,,
524,Vb-331.FN400-MNDE-RMS,331.FN400,,2025-02,2025-02-19,0.25,,0.52,0.16,,,,,,,,,,
525,Vb-331.FN400-FDE-RMS,331.FN400,,2025-06,2025-06-03,1.02,,0.74,0.34,,,,,,,,,,
526,Vb-331.FN400-FNDE-RMS,331.FN400,,2025-06,2025-06-03,,,1.03,0.66,,,,,,,,,,
527,Vb-331.FN400-MDE-RMS,331.FN400,,2025-06,2025-06-03,0.78,,0.45,0.26,,,,,,,,,,
528,Vb-331.FN400-MNDE-RMS,331.FN400,,2025-06,2025-06-03,0.62,,0.34,0.18,,,,,,,,,,
529,Vb-331.FN400-FDE-RMS,331.FN400,,2025-07,2025-07-08,0.93,,0.98,0.4,,,,,,,,,,
530,Vb-331.FN400-FNDE-RMS,331.FN400,,2025-07,2025-07-08,,,1.13,0.67,,,,,,,,,,
531,Vb-331.FN400-MDE-RMS,331.FN400,,2025-07,2025-07-08,0.5,,0.65,0.27,,,,,,,,,,
532,Vb-331.FN400-MNDE-RMS,331.FN400,,2025-07,2025-07-08,0.52,,0.5,0.55,,,,,,,,,,
533,Vb-331.FN400-FDE-RMS,331.FN400,,2025-09,2025-09-14,0.63,,0.84,0.28,,,,,,,,,,
534,Vb-331.FN400-FNDE-RMS,331.FN400,,2025-09,2025-09-14,,,1.25,0.36,,,,,,,,,,
535,Vb-331.FN400-MDE-RMS,331.FN400,,2025-09,2025-09-14,0.31,,0.59,1.46,,,,,,,,,,
536,Vb-331.FN400-MNDE-RMS,331.FN400,,2025-09,2025-09-14,0.34,,0.45,0.33,,,,,,,,,,
537,Vb-331.FN400-FDE-RMS,331.FN400,,2026-01,2026-01-14,0.71,,0.77,1.15,,,,,,,,,,
538,Vb-331.FN400-FNDE-RMS,331.FN400,,2026-01,2026-01-14,,,0.83,0.42,,,,,,,,,,
539,Vb-331.FN400-MDE-RMS,331.FN400,,2026-01,2026-01-14,0.22,,0.59,0.32,,,,,,,,,,
540,Vb-331.FN400-MNDE-RMS,331.FN400,,2026-01,2026-01-14,0.19,,0.36,0.3,,,,,,,,,,
541,Vb-331.FN400-FDE-RMS,331.FN400,,2026-04,2026-04-14,0.35,,0.43,0.23,,,,,,,,,,
542,Vb-331.FN400-FNDE-RMS,331.FN400,,2026-04,2026-04-14,,,0.47,0.31,,,,,,,,,,
543,Vb-331.FN400-MDE-RMS,331.FN400,,2026-04,2026-04-14,0.23,,0.31,0.32,,,,,,,,,,
544,Vb-331.FN400-MNDE-RMS,331.FN400,,2026-04,2026-04-14,0.2,,0.39,0.47,,,,,,,,,,
545,Vb-331.WI210-MDE-RMS,331.WI210,,2024-12,2024-12-09,1.64,,2.9,2.05,,,,,,,,,,
546,Vb-331.WI210-MNDE-RMS,331.WI210,,2024-12,2024-12-09,0.37,,1.52,1.16,,,,,,,,,,
547,Vb-331.WI210-PDE-RMS,331.WI210,,2024-12,2024-12-09,0.34,,1.08,0.49,,,,,,,,,,
548,Vb-331.WI210-PNDE-RMS,331.WI210,,2024-12,2024-12-09,0.39,,0.97,0.33,,,,,,,,,,
549,Vb-331.WI210-MDE-RMS,331.WI210,,2025-02,2025-02-05,3.31,,4.94,4.26,,,,,,,,,,
550,Vb-331.WI210-MNDE-RMS,331.WI210,,2025-02,2025-02-05,0.61,,1.83,1.72,,,,,,,,,,
551,Vb-331.WI210-PDE-RMS,331.WI210,,2025-02,2025-02-05,0.79,,2.07,3.7,,,,,,,,,,
552,Vb-331.WI210-PNDE-RMS,331.WI210,,2025-02,2025-02-05,0.89,,0.78,0.78,,,,,,,,,,
553,Vb-331.WI210-MDE-RMS,331.WI210,,2025-05,2025-05-14,0.87,,2.42,1.78,,,,,,,,,,
554,Vb-331.WI210-MNDE-RMS,331.WI210,,2025-05,2025-05-14,0.64,,0.8,0.91,,,,,,,,,,
555,Vb-331.WI210-PDE-RMS,331.WI210,,2025-05,2025-05-14,0.72,,6.44,2.85,,,,,,,,,,
556,Vb-331.WI210-PNDE-RMS,331.WI210,,2025-05,2025-05-14,0.81,,3.4,3.05,,,,,,,,,,
557,Vb-331.WI210-MDE-RMS,331.WI210,,2025-06,2025-06-23,0.89,,1.5,0.99,,,,,,,,,,
558,Vb-331.WI210-MNDE-RMS,331.WI210,,2025-06,2025-06-23,0.52,,0.75,1.02,,,,,,,,,,
559,Vb-331.WI210-PDE-RMS,331.WI210,,2025-06,2025-06-23,1.28,,2.75,3.68,,,,,,,,,,
560,Vb-331.WI210-PNDE-RMS,331.WI210,,2025-06,2025-06-23,1.57,,2.08,0.88,,,,,,,,,,
561,Vb-331.WI210-MDE-RMS,331.WI210,,2025-08,2025-08-12,3.32,,3.64,3.44,,,,,,,,,,
562,Vb-331.WI210-MNDE-RMS,331.WI210,,2025-08,2025-08-12,1.57,,,2.34,,,,,,,,,,
563,Vb-331.WI210-PDE-RMS,331.WI210,,2025-08,2025-08-12,1.27,,1.29,1.29,,,,,,,,,,
564,Vb-331.WI210-PNDE-RMS,331.WI210,,2025-08,2025-08-12,1.34,,0.81,0.83,,,,,,,,,,
565,Vb-331.WI210-MNDE-RMS,331.WI210,,2025-09,2025-09-16,,,2.24,,,,,,,,,,,
566,Vb-331.WI210-MDE-RMS,331.WI210,,2025-10,2025-10-10,0.81,,4.52,1.73,,,,,,,,,,
567,Vb-331.WI210-MNDE-RMS,331.WI210,,2025-10,2025-10-10,0.88,,1.44,3.99,,,,,,,,,,
568,Vb-331.WI210-PDE-RMS,331.WI210,,2025-10,2025-10-10,2.08,,5.71,2.13,,,,,,,,,,
569,Vb-331.WI210-PNDE-RMS,331.WI210,,2025-10,2025-10-10,1.38,,4.03,1.44,,,,,,,,,,
570,Vb-331.WI211-MDE-RMS,331.WI211,,2025-07,2025-07-13,2.86,,3.41,2.28,,,,,,,,,,
571,Vb-331.WI211-MNDE-RMS,331.WI211,,2025-07,2025-07-13,0.48,,1.23,1.88,,,,,,,,,,
572,Vb-331.WI211-PDE-RMS,331.WI211,,2025-07,2025-07-13,0.86,,4.02,2.54,,,,,,,,,,
573,Vb-331.WI211-PNDE-RMS,331.WI211,,2025-07,2025-07-13,1.36,,1.81,1.42,,,,,,,,,,
574,Vb-331.WI211-MDE-RMS,331.WI211,,2025-09,2025-09-16,7.64,,26.44,15.35,,,,,,,,,,
575,Vb-331.WI211-MNDE-RMS,331.WI211,,2025-09,2025-09-16,3.55,,11.06,16.62,,,,,,,,,,
576,Vb-331.WI211-PDE-RMS,331.WI211,,2025-09,2025-09-16,7.06,,31.81,19.98,,,,,,,,,,
577,Vb-331.WI211-PNDE-RMS,331.WI211,,2025-09,2025-09-16,5.64,,22.22,6.59,,,,,,,,,,
578,Vb-331.WI211-MDE-RMS,331.WI211,,2025-10,2025-10-07,7.29,,19.06,13.51,,,,,,,,,,
579,Vb-331.WI211-MNDE-RMS,331.WI211,,2025-10,2025-10-07,3.01,,6.12,10.84,,,,,,,,,,
580,Vb-331.WI211-PDE-RMS,331.WI211,,2025-10,2025-10-07,7.51,,8.64,12.09,,,,,,,,,,
581,Vb-331.WI211-PNDE-RMS,331.WI211,,2025-10,2025-10-07,9.15,,7.61,6.11,,,,,,,,,,
582,Vb-331.WI211-MDE-RMS,331.WI211,,2026-02,2026-02-17,5.15,,7.83,5.22,,,,,,,,,,
583,Vb-331.WI211-MNDE-RMS,331.WI211,,2026-02,2026-02-17,0.37,,3.44,6.4,,,,,,,,,,
584,Vb-331.WI211-PDE-RMS,331.WI211,,2026-02,2026-02-17,1.32,,1.83,2.35,,,,,,,,,,
585,Vb-331.WI211-PNDE-RMS,331.WI211,,2026-02,2026-02-17,1.17,,1.15,0.9,,,,,,,,,,
586,Vb-331.WI211-MDE-RMS,331.WI211,,2026-03,2026-03-24,2.79,,5.7,4.36,,,,,,,,,,
587,Vb-331.WI211-MNDE-RMS,331.WI211,,2026-03,2026-03-24,0.62,,2.07,1.29,,,,,,,,,,
588,Vb-331.WI211-PDE-RMS,331.WI211,,2026-03,2026-03-24,1.89,,2.23,3.29,,,,,,,,,,
589,Vb-331.WI211-PNDE-RMS,331.WI211,,2026-03,2026-03-24,2.01,,1.41,1.06,,,,,,,,,,
590,Vb-331.WI211-MDE-RMS,331.WI211,,2026-04,2026-04-29,0.54,,1.92,1.02,,,,,,,,,,
591,Vb-331.WI211-MNDE-RMS,331.WI211,,2026-04,2026-04-29,1.03,,2.99,1.39,,,,,,,,,,
592,Vb-331.WI211-PDE-RMS,331.WI211,,2026-04,2026-04-29,0.63,,2.55,2.15,,,,,,,,,,
593,Vb-331.WI211-PNDE-RMS,331.WI211,,2026-04,2026-04-29,0.66,,1.38,0.78,,,,,,,,,,
594,,332.CP280,Compressor DE,2026-02,2026-02-04,0.8,,1.58,1.86,,,,,,,,,,
595,,332.CP280,Compressor NDE,2026-02,2026-02-04,1.53,,0.94,1.4,,,,,,,,,,
596,,332.CP280,Motor DE,2026-02,2026-02-04,1.94,,1.49,1.49,,,,,,,,,,
597,,332.CP280,Motor NDE,2026-02,2026-02-04,1.59,,1.36,1.65,,,,,,,,,,
598,,332.CP280,Compressor DE,2026-03,2026-03-31,0.64,,1.63,1.7,,,,,,,,,,
599,,332.CP280,Compressor NDE,2026-03,2026-03-31,1.32,,0.84,1.28,,,,,,,,,,
600,,332.CP280,Motor DE,2026-03,2026-03-31,1.72,,1.31,1.63,,,,,,,,,,
601,,332.CP280,Motor NDE,2026-03,2026-03-31,1.36,,1.39,1.39,,,,,,,,,,
602,,332.CP280,Compressor DE,2026-04,2026-04-21,0.69,,1.74,1.87,,,,,,,,,,
603,,332.CP280,Compressor NDE,2026-04,2026-04-21,1.38,,0.97,0.9,,,,,,,,,,
604,,332.CP280,Motor DE,2026-04,2026-04-21,1.67,,1.45,1.47,,,,,,,,,,
605,,332.CP280,Motor NDE,2026-04,2026-04-21,1.56,,1.39,1.56,,,,,,,,,,
606,Vb-332.CP281-CDE-RMS,332.CP281,,2025-04,2025-04-10,5.76,,2.41,5.6,,,,,,,,,,
607,Vb-332.CP281-CNDE-RMS,332.CP281,,2025-04,2025-04-10,6.06,,3.83,5.38,,,,,,,,,,
608,Vb-332.CP281-MDE-RMS,332.CP281,,2025-04,2025-04-10,6.43,,2.67,4.16,,,,,,,,,,
609,Vb-332.CP281-MNDE-RMS,332.CP281,,2025-04,2025-04-10,2.55,,2.29,1.78,,,,,,,,,,
610,Vb-332.CP281-CDE-RMS,332.CP281,,2025-05,2025-05-08,0.93,,1.81,1.17,,,,,,,,,,
611,Vb-332.CP281-CNDE-RMS,332.CP281,,2025-05,2025-05-08,1.48,,2.03,1.97,,,,,,,,,,
612,Vb-332.CP281-MDE-RMS,332.CP281,,2025-05,2025-05-08,0.82,,1.34,1.05,,,,,,,,,,
613,Vb-332.CP281-MNDE-RMS,332.CP281,,2025-05,2025-05-08,0.96,,0.86,1.04,,,,,,,,,,
614,Vb-332.CP281-CDE-RMS,332.CP281,,2025-09,2025-09-07,1.26,,1.89,1.35,,,,,,,,,,
615,Vb-332.CP281-CNDE-RMS,332.CP281,,2025-09,2025-09-07,3.62,,3.01,2.42,,,,,,,,,,
616,Vb-332.CP281-MDE-RMS,332.CP281,,2025-09,2025-09-07,0.89,,1.25,1.16,,,,,,,,,,
617,Vb-332.CP281-MNDE-RMS,332.CP281,,2025-09,2025-09-07,1.14,,1.03,1.28,,,,,,,,,,
618,Vb-332.CP281-CDE-RMS,332.CP281,,2026-02,2026-02-04,1.31,,1.6,1.3,,,,,,,,,,
619,Vb-332.CP281-CNDE-RMS,332.CP281,,2026-02,2026-02-04,2.16,,1.77,3.11,,,,,,,,,,
620,Vb-332.CP281-MDE-RMS,332.CP281,,2026-02,2026-02-04,0.92,,1.15,1.11,,,,,,,,,,
621,Vb-332.CP281-MNDE-RMS,332.CP281,,2026-02,2026-02-04,1.34,,0.97,1.38,,,,,,,,,,
622,Vb-332.CP281-CDE-RMS,332.CP281,,2026-03,2026-03-31,0.92,,1.75,1.22,,,,,,,,,,
623,Vb-332.CP281-CNDE-RMS,332.CP281,,2026-03,2026-03-31,2.33,,2.14,3.11,,,,,,,,,,
624,Vb-332.CP281-MDE-RMS,332.CP281,,2026-03,2026-03-31,0.94,,1.21,1.16,,,,,,,,,,
625,Vb-332.CP281-MNDE-RMS,332.CP281,,2026-03,2026-03-31,0.98,,1.92,1.93,,,,,,,,,,
626,Vb-332.CP281-CDE-RMS,332.CP281,,2026-04,2026-04-21,1.39,,1.22,1.06,,,,,,,,,,
627,Vb-332.CP281-CNDE-RMS,332.CP281,,2026-04,2026-04-21,1.71,,1.3,2.57,,,,,,,,,,
628,Vb-332.CP281-MDE-RMS,332.CP281,,2026-04,2026-04-21,1.11,,0.94,1.03,,,,,,,,,,
629,Vb-332.CP281-MNDE-RMS,332.CP281,,2026-04,2026-04-21,0.89,,1.23,1.33,,,,,,,,,,
630,Vb-332.CP282-CDE-RMS,332.CP282,,2024-12,2024-12-25,4.17,,2.11,2.9,,,,,,,,,,
631,Vb-332.CP282-CNDE-RMS,332.CP282,,2024-12,2024-12-25,4.03,,4.28,4.22,,,,,,,,,,
632,Vb-332.CP282-MDE-RMS,332.CP282,,2024-12,2024-12-25,2.22,,1.22,1.73,,,,,,,,,,
633,Vb-332.CP282-MNDE-RMS,332.CP282,,2024-12,2024-12-25,1.88,,1.49,1.92,,,,,,,,,,
634,Vb-332.CP282-CDE-RMS,332.CP282,,2025-01,2025-01-12,3.97,,1.73,4.98,,,,,,,,,,
635,Vb-332.CP282-CNDE-RMS,332.CP282,,2025-01,2025-01-12,3.14,,3.79,4.58,,,,,,,,,,
636,Vb-332.CP282-MDE-RMS,332.CP282,,2025-01,2025-01-12,2.29,,1.09,2.28,,,,,,,,,,
637,Vb-332.CP282-MNDE-RMS,332.CP282,,2025-01,2025-01-12,1.4,,1.48,1.66,,,,,,,,,,
638,Vb-332.CP282-CDE-RMS,332.CP282,,2025-02,2025-02-13,2.66,,1.82,1.4,,,,,,,,,,
639,Vb-332.CP282-CNDE-RMS,332.CP282,,2025-02,2025-02-13,2.07,,2.64,2.83,,,,,,,,,,
640,Vb-332.CP282-MDE-RMS,332.CP282,,2025-02,2025-02-13,1.5,,1.22,1.15,,,,,,,,,,
641,Vb-332.CP282-MNDE-RMS,332.CP282,,2025-02,2025-02-13,1.7,,1.4,1.32,,,,,,,,,,
642,Vb-332.CP282-CDE-RMS,332.CP282,,2025-04,2025-04-10,3.07,,3.58,4.19,,,,,,,,,,
643,Vb-332.CP282-CNDE-RMS,332.CP282,,2025-04,2025-04-10,1.6,,3.09,3.59,,,,,,,,,,
644,Vb-332.CP282-MDE-RMS,332.CP282,,2025-04,2025-04-10,2.07,,1.12,2.44,,,,,,,,,,
645,Vb-332.CP282-MNDE-RMS,332.CP282,,2025-04,2025-04-10,1.81,,1.84,1.21,,,,,,,,,,
646,Vb-332.CP282-CDE-RMS,332.CP282,,2025-07,2025-07-28,4.84,,1.63,3.01,,,,,,,,,,
647,Vb-332.CP282-CNDE-RMS,332.CP282,,2025-07,2025-07-28,4.44,,3.8,4.33,,,,,,,,,,
648,Vb-332.CP282-MDE-RMS,332.CP282,,2025-07,2025-07-28,1.85,,1.14,1.28,,,,,,,,,,
649,Vb-332.CP282-MNDE-RMS,332.CP282,,2025-07,2025-07-28,2.71,,1.3,3.4,,,,,,,,,,
650,Vb-332.CP282-CDE-RMS,332.CP282,,2025-09,2025-09-07,5.04,,1.64,4.04,,,,,,,,,,
651,Vb-332.CP282-CNDE-RMS,332.CP282,,2025-09,2025-09-07,3.41,,3.47,4.65,,,,,,,,,,
652,Vb-332.CP282-MDE-RMS,332.CP282,,2025-09,2025-09-07,1.74,,0.9,2.53,,,,,,,,,,
653,Vb-332.CP282-MNDE-RMS,332.CP282,,2025-09,2025-09-07,1.81,,0.75,1.01,,,,,,,,,,
654,Vb-332.FN110-FDE-RMS,332.FN110,,2025-01,2025-01-01,1.17,,0.75,0.99,2025-01-12,0.61,,0.97,0.88,,,,,
655,Vb-332.FN110-FNDE-RMS,332.FN110,,2025-01,2025-01-01,1.29,,1.14,0.87,2025-01-12,0.86,,1.54,0.88,,,,,
656,Vb-332.FN110-MDE-RMS,332.FN110,,2025-01,2025-01-01,0.32,,1.25,0.86,2025-01-12,0.36,,1.7,0.81,,,,,
657,Vb-332.FN110-MNDE-RMS,332.FN110,,2025-01,2025-01-01,0.63,,1.26,0.83,2025-01-12,0.31,,1.18,0.64,,,,,
658,Vb-332.FN110-FDE-RMS,332.FN110,,2025-02,2025-02-19,1.03,,,3.15,2025-02-25,,,0.78,,,,,,
659,Vb-332.FN110-FNDE-RMS,332.FN110,,2025-02,2025-02-19,1.63,,4.62,3.55,,,,,,,,,,
660,Vb-332.FN110-MDE-RMS,332.FN110,,2025-02,2025-02-19,0.41,,3.13,1.06,,,,,,,,,,
661,Vb-332.FN110-MNDE-RMS,332.FN110,,2025-02,2025-02-19,0.36,,2.73,0.74,,,,,,,,,,
662,Vb-332.FN110-FDE-RMS,332.FN110,,2025-05,2025-05-25,1.92,,0.96,0.67,,,,,,,,,,
663,Vb-332.FN110-FNDE-RMS,332.FN110,,2025-05,2025-05-25,1.27,,0.97,1.46,,,,,,,,,,
664,Vb-332.FN110-MDE-RMS,332.FN110,,2025-05,2025-05-25,0.56,,1.42,0.69,,,,,,,,,,
665,Vb-332.FN110-MNDE-RMS,332.FN110,,2025-05,2025-05-25,1.27,,1.25,0.75,,,,,,,,,,
666,Vb-332.FN110-FDE-RMS,332.FN110,,2025-07,2025-07-28,0.98,,3.77,2.7,,,,,,,,,,
667,Vb-332.FN110-FNDE-RMS,332.FN110,,2025-07,2025-07-28,2.1,,4.19,2.48,,,,,,,,,,
668,Vb-332.FN110-MDE-RMS,332.FN110,,2025-07,2025-07-28,0.53,,2,0.92,,,,,,,,,,
669,Vb-332.FN110-MNDE-RMS,332.FN110,,2025-07,2025-07-28,0.51,,1.84,0.77,,,,,,,,,,
670,Vb-332.FN110-FDE-RMS,332.FN110,,2025-10,2025-10-05,0.91,,3.39,1.13,,,,,,,,,,
671,Vb-332.FN110-FNDE-RMS,332.FN110,,2025-10,2025-10-05,1.59,,3.54,0.83,,,,,,,,,,
672,Vb-332.FN110-MDE-RMS,332.FN110,,2025-10,2025-10-05,0.45,,1.91,0.89,,,,,,,,,,
673,Vb-332.FN110-MNDE-RMS,332.FN110,,2025-10,2025-10-05,0.39,,1.76,0.8,,,,,,,,,,
674,Vb-332.FN110-FDE-RMS,332.FN110,,2026-02,2026-02-05,1.56,,2.32,1.72,,,,,,,,,,
675,Vb-332.FN110-FNDE-RMS,332.FN110,,2026-02,2026-02-05,1.09,,2.07,0.7,,,,,,,,,,
676,Vb-332.FN110-MDE-RMS,332.FN110,,2026-02,2026-02-05,0.39,,1.23,1.2,,,,,,,,,,
677,Vb-332.FN110-MNDE-RMS,332.FN110,,2026-02,2026-02-05,0.4,,1.04,0.77,,,,,,,,,,
678,Vb-332.FN110-FDE-RMS,332.FN110,,2026-04,2026-04-01,1.09,,3.55,1.08,2026-04-21,0.57,,1.02,0.8,,,,,
679,Vb-332.FN110-FNDE-RMS,332.FN110,,2026-04,2026-04-01,2.09,,3.7,0.79,2026-04-21,1.03,,1.08,0.51,,,,,
680,Vb-332.FN110-MDE-RMS,332.FN110,,2026-04,2026-04-01,0.36,,1.82,1.04,2026-04-21,0.33,,0.89,0.78,,,,,
681,Vb-332.FN110-MNDE-RMS,332.FN110,,2026-04,2026-04-01,0.29,,1.73,1.31,2026-04-21,0.32,,0.92,0.8,,,,,
682,,332.FN400,Shaft 1 inboard,2024-12,2024-12-25,0.42,,0.73,1.14,,,,,,,,,,
683,,332.FN400,Shaft 1 outboard,2024-12,2024-12-25,0.39,,0.92,1.16,,,,,,,,,,
684,,332.FN400,Shaft 2 inboard,2024-12,2024-12-25,0.51,,0.75,0.78,,,,,,,,,,
685,,332.FN400,Shaft 2 outboard,2024-12,2024-12-25,0.4,,1.04,0.7,,,,,,,,,,
686,Vb-332.FN400-FDE-RMS,332.FN400,,2024-12,2024-12-25,0.64,,0.25,0.66,,,,,,,,,,
687,Vb-332.FN400-FNDE-RMS,332.FN400,,2024-12,2024-12-25,0.46,,0.47,0.45,,,,,,,,,,
688,Vb-332.FN400-MDE-RMS,332.FN400,,2024-12,2024-12-25,0.18,,0.4,0.32,,,,,,,,,,
689,Vb-332.FN400-MNDE-RMS,332.FN400,,2024-12,2024-12-25,0.26,,0.54,0.34,,,,,,,,,,
690,,332.FN400,Shaft 1 inboard,2025-01,2025-01-13,0.38,,0.48,0.36,,,,,,,,,,
691,,332.FN400,Shaft 1 outboard,2025-01,2025-01-13,0.59,,0.53,0.14,,,,,,,,,,
692,,332.FN400,Shaft 2 inboard,2025-01,2025-01-13,0.41,,0.37,0.3,,,,,,,,,,
693,,332.FN400,Shaft 2 outboard,2025-01,2025-01-13,0.35,,0.36,0.76,,,,,,,,,,
694,Vb-332.FN400-FDE-RMS,332.FN400,,2025-01,2025-01-13,0.22,,0.3,0.18,,,,,,,,,,
695,Vb-332.FN400-FNDE-RMS,332.FN400,,2025-01,2025-01-13,0.41,,0.51,1.4,,,,,,,,,,
696,Vb-332.FN400-MDE-RMS,332.FN400,,2025-01,2025-01-13,0.19,,0.39,0.17,,,,,,,,,,
697,Vb-332.FN400-MNDE-RMS,332.FN400,,2025-01,2025-01-13,0.19,,0.41,0.18,,,,,,,,,,
698,Vb-332.FN400-FDE-RMS,332.FN400,,2025-05,2025-05-24,0.29,,0.5,0.24,,,,,,,,,,
699,Vb-332.FN400-FNDE-RMS,332.FN400,,2025-05,2025-05-16,1.13,,,,2025-05-24,,,0.93,0.26,,,,,
700,Vb-332.FN400-MDE-RMS,332.FN400,,2025-05,2025-05-24,0.28,,0.21,0.13,,,,,,,,,,
701,Vb-332.FN400-MNDE-RMS,332.FN400,,2025-05,2025-05-24,0.28,,0.23,0.13,,,,,,,,,,
702,Vb-332.FN400-FDE-RMS,332.FN400,,2025-07,2025-07-21,1.37,,1.9,0.65,,,,,,,,,,
703,Vb-332.FN400-FNDE-RMS,332.FN400,,2025-07,2025-07-21,,,2.98,2.12,,,,,,,,,,
704,Vb-332.FN400-MDE-RMS,332.FN400,,2025-07,2025-07-21,0.38,,0.73,0.23,,,,,,,,,,
705,Vb-332.FN400-MNDE-RMS,332.FN400,,2025-07,2025-07-21,0.4,,0.7,0.31,,,,,,,,,,
706,Vb-332.FN400-FDE-RMS,332.FN400,,2025-09,2025-09-21,0.66,,0.99,0.36,,,,,,,,,,
707,Vb-332.FN400-FNDE-RMS,332.FN400,,2025-09,2025-09-21,,,1.53,1.54,,,,,,,,,,
708,Vb-332.FN400-MDE-RMS,332.FN400,,2025-09,2025-09-21,0.37,,0.37,0.19,,,,,,,,,,
709,Vb-332.FN400-MNDE-RMS,332.FN400,,2025-09,2025-09-21,0.31,,0.33,0.21,,,,,,,,,,
710,Vb-332.FN400-FDE-RMS,332.FN400,,2026-02,2026-02-16,0.6,,0.52,0.25,,,,,,,,,,
711,Vb-332.FN400-FNDE-RMS,332.FN400,,2026-02,2026-02-16,,,0.6,0.28,,,,,,,,,,
712,Vb-332.FN400-MDE-RMS,332.FN400,,2026-02,2026-02-16,0.24,,0.38,0.51,,,,,,,,,,
713,Vb-332.FN400-MNDE-RMS,332.FN400,,2026-02,2026-02-16,0.25,,0.31,0.33,,,,,,,,,,
714,Vb-332.FN400-FDE-RMS,332.FN400,,2026-04,2026-04-14,1.74,,2.33,0.92,,,,,,,,,,
715,Vb-332.FN400-FNDE-RMS,332.FN400,,2026-04,2026-04-14,,,3.26,0.98,,,,,,,,,,
716,Vb-332.FN400-MDE-RMS,332.FN400,,2026-04,2026-04-14,0.56,,0.72,1.1,,,,,,,,,,
717,Vb-332.FN400-MNDE-RMS,332.FN400,,2026-04,2026-04-14,0.55,,0.8,0.89,,,,,,,,,,
718,Vb-332.WI210-MDE-RMS,332.WI210,,2025-07,2025-07-28,2.51,,3.71,2.09,,,,,,,,,,
719,Vb-332.WI210-MNDE-RMS,332.WI210,,2025-07,2025-07-28,2.07,,1.89,2.48,,,,,,,,,,
720,Vb-332.WI210-PDE-RMS,332.WI210,,2025-07,2025-07-28,1.57,,7.86,3.27,,,,,,,,,,
721,Vb-332.WI210-PNDE-RMS,332.WI210,,2025-07,2025-07-28,1.58,,6.23,1.1,,,,,,,,,,
722,Vb-332.WI210-MDE-RMS,332.WI210,,2025-10,2025-10-06,1.39,,3.63,1.77,,,,,,,,,,
723,Vb-332.WI210-MNDE-RMS,332.WI210,,2025-10,2025-10-06,1.63,,1.71,2.29,,,,,,,,,,
724,Vb-332.WI210-PDE-RMS,332.WI210,,2025-10,2025-10-06,2.64,,7.33,1.25,,,,,,,,,,
725,Vb-332.WI210-PNDE-RMS,332.WI210,,2025-10,2025-10-06,1.38,,3.47,1.7,,,,,,,,,,
726,Vb-332.WI210-MDE-RMS,332.WI210,,2026-02,2026-02-12,1.7,,4.86,3.73,,,,,,,,,,
727,Vb-332.WI210-MNDE-RMS,332.WI210,,2026-02,2026-02-12,0.32,,1.66,0.89,,,,,,,,,,
728,Vb-332.WI210-PDE-RMS,332.WI210,,2026-02,2026-02-12,0.85,,4.48,3.88,,,,,,,,,,
729,Vb-332.WI210-PNDE-RMS,332.WI210,,2026-02,2026-02-12,1.31,,2.33,1.01,,,,,,,,,,
730,Vb-332.WI210-MDE-RMS,332.WI210,,2026-04,2026-04-27,3.43,,2.73,3.85,,,,,,,,,,
731,Vb-332.WI210-MNDE-RMS,332.WI210,,2026-04,2026-04-27,2.97,,2,2.15,,,,,,,,,,
732,Vb-332.WI210-PDE-RMS,332.WI210,,2026-04,2026-04-27,2.1,,5.41,3.93,,,,,,,,,,
733,Vb-332.WI210-PNDE-RMS,332.WI210,,2026-04,2026-04-27,1.52,,17.97,1.54,,,,,,,,,,
734,Vb-332.WI211-MDE-RMS,332.WI211,,2024-12,2024-12-25,3.11,,4.08,2.44,,,,,,,,,,
735,Vb-332.WI211-MNDE-RMS,332.WI211,,2024-12,2024-12-25,5.72,,2.53,4.36,,,,,,,,,,
736,Vb-332.WI211-PDE-RMS,332.WI211,,2024-12,2024-12-25,1.42,,9.69,5.82,,,,,,,,,,
737,Vb-332.WI211-PNDE-RMS,332.WI211,,2024-12,2024-12-25,3.06,,9.46,4.11,,,,,,,,,,
738,Vb-332.WI211-MDE-RMS,332.WI211,,2025-01,2025-01-12,3.38,,3.75,2.98,,,,,,,,,,
739,Vb-332.WI211-MNDE-RMS,332.WI211,,2025-01,2025-01-12,3.86,,2.35,4.95,,,,,,,,,,
740,Vb-332.WI211-PDE-RMS,332.WI211,,2025-01,2025-01-12,6.79,,11.94,7.29,,,,,,,,,,
741,Vb-332.WI211-PNDE-RMS,332.WI211,,2025-01,2025-01-12,2.23,,9.52,4.4,,,,,,,,,,
742,Vb-332.WI211-MDE-RMS,332.WI211,,2025-02,2025-02-13,4.18,,4.31,2.36,,,,,,,,,,
743,Vb-332.WI211-MNDE-RMS,332.WI211,,2025-02,2025-02-13,4.72,,3.38,2.1,,,,,,,,,,
744,Vb-332.WI211-PDE-RMS,332.WI211,,2025-02,2025-02-13,3.39,,10.01,4.03,,,,,,,,,,
745,Vb-332.WI211-PNDE-RMS,332.WI211,,2025-02,2025-02-13,4.64,,9.38,2.69,,,,,,,,,,
746,Vb-332.WI211-MDE-RMS,332.WI211,,2025-05,2025-05-25,1.23,,3.23,1.47,,,,,,,,,,
747,Vb-332.WI211-MNDE-RMS,332.WI211,,2025-05,2025-05-25,1.27,,1.75,2.42,,,,,,,,,,
748,Vb-332.WI211-PDE-RMS,332.WI211,,2025-05,2025-05-25,1.21,,4.67,3.16,,,,,,,,,,
749,Vb-332.WI211-PNDE-RMS,332.WI211,,2025-05,2025-05-25,1.74,,2.22,1.3,,,,,,,,,,
750,Vb-332.WI211-MDE-RMS,332.WI211,,2025-06,2025-06-16,1.96,,2.68,1.17,,,,,,,,,,
751,Vb-332.WI211-MNDE-RMS,332.WI211,,2025-06,2025-06-16,2.25,,1.22,2.15,,,,,,,,,,
752,Vb-332.WI211-PDE-RMS,332.WI211,,2025-06,2025-06-16,1.61,,6.18,3.13,,,,,,,,,,
753,Vb-332.WI211-PNDE-RMS,332.WI211,,2025-06,2025-06-16,1.26,,5.6,1.8,,,,,,,,,,
754,Vb-332.WI211-MDE-RMS,332.WI211,,2025-10,2025-10-06,2.22,,4.79,2.13,,,,,,,,,,
755,Vb-332.WI211-MNDE-RMS,332.WI211,,2025-10,2025-10-06,1.95,,2.68,2.72,,,,,,,,,,
756,Vb-332.WI211-PDE-RMS,332.WI211,,2025-10,2025-10-06,1.75,,5.37,5.35,,,,,,,,,,
757,Vb-332.WI211-PNDE-RMS,332.WI211,,2025-10,2025-10-06,2.59,,4.51,2.81,,,,,,,,,,
758,Vb-332.WI211-MDE-RMS,332.WI211,,2026-04,2026-04-27,1.5,,3.79,1.41,,,,,,,,,,
759,Vb-332.WI211-MNDE-RMS,332.WI211,,2026-04,2026-04-27,2.22,,3.21,1.34,,,,,,,,,,
760,Vb-332.WI211-PDE-RMS,332.WI211,,2026-04,2026-04-27,1.26,,6.02,2.85,,,,,,,,,,
761,Vb-332.WI211-PNDE-RMS,332.WI211,,2026-04,2026-04-27,1.9,,4.39,2.53,,,,,,,,,,
762,,341.BE040,Shaft 1 inboard,2024-12,2024-12-11,1.54,,1.13,1.49,,,,,,,,,,
763,,341.BE040,Shaft 2 inboard,2024-12,2024-12-11,0.85,,1.47,1.66,,,,,,,,,,
764,Vb-341.BE040-MDE-RMS,341.BE040,,2024-12,2024-12-11,1.86,,1.51,1.62,,,,,,,,,,
765,Vb-341.BE040-MNDE-RMS,341.BE040,,2024-12,2024-12-11,1.65,,1.28,2.17,,,,,,,,,,
766,Vb-341.BE040-S3DE-RMS,341.BE040,,2024-12,2024-12-11,1.15,,1.2,1.5,,,,,,,,,,
767,Vb-341.BE040-MDE-RMS,341.BE040,,2025-02,2025-02-18,1.71,,1.43,1.34,,,,,,,,,,
768,Vb-341.BE040-MNDE-RMS,341.BE040,,2025-02,2025-02-18,1.8,,3.73,2.67,,,,,,,,,,
769,Vb-341.BE040-S1NDE-RMS,341.BE040,,2025-02,2025-02-18,1.25,,1.51,1.28,,,,,,,,,,
770,Vb-341.BE040-S2NDE-RMS,341.BE040,,2025-02,2025-02-18,1.2,,1.49,1.35,,,,,,,,,,
771,Vb-341.BE040-S3DE-RMS,341.BE040,,2025-02,2025-02-18,1.25,,1.34,1.7,,,,,,,,,,
772,Vb-341.BE040-S3NDE-RMS,341.BE040,,2025-02,2025-02-18,1.39,,1.45,1.68,,,,,,,,,,
773,Vb-341.BE040-MDE-RMS,341.BE040,,2025-04,2025-04-16,1.4,,1.79,2.04,,,,,,,,,,
774,Vb-341.BE040-MNDE-RMS,341.BE040,,2025-04,2025-04-16,2.41,,4.52,3.16,,,,,,,,,,
775,Vb-341.BE040-S1NDE-RMS,341.BE040,,2025-04,2025-04-16,1.46,,1.35,1.74,,,,,,,,,,
776,Vb-341.BE040-S2NDE-RMS,341.BE040,,2025-04,2025-04-16,1.18,,1.14,1.73,,,,,,,,,,
777,Vb-341.BE040-S3DE-RMS,341.BE040,,2025-04,2025-04-16,1.26,,1.16,2.03,,,,,,,,,,
778,Vb-341.BE040-S3NDE-RMS,341.BE040,,2025-04,2025-04-16,2.87,,1.26,2.22,,,,,,,,,,
779,Vb-341.BE040-MDE-RMS,341.BE040,,2025-06,2025-06-23,1.95,,2.54,2.86,,,,,,,,,,
780,Vb-341.BE040-MNDE-RMS,341.BE040,,2025-06,2025-06-23,1.68,,2.25,1.57,,,,,,,,,,
781,Vb-341.BE040-S1NDE-RMS,341.BE040,,2025-06,2025-06-23,1.81,,1.57,1.33,,,,,,,,,,
782,Vb-341.BE040-S2NDE-RMS,341.BE040,,2025-06,2025-06-23,1.17,,1.17,1.12,,,,,,,,,,
783,Vb-341.BE040-S3DE-RMS,341.BE040,,2025-06,2025-06-23,4.36,,1.52,1.94,,,,,,,,,,
784,Vb-341.BE040-S3NDE-RMS,341.BE040,,2025-06,2025-06-23,1.99,,0.88,1.26,,,,,,,,,,
785,Vb-341.BE040-MDE-RMS,341.BE040,,2025-08,2025-08-11,2.24,,2.87,2.01,,,,,,,,,,
786,Vb-341.BE040-MNDE-RMS,341.BE040,,2025-08,2025-08-11,1.61,,2.68,1.72,,,,,,,,,,
787,Vb-341.BE040-S1NDE-RMS,341.BE040,,2025-08,2025-08-11,1.33,,1.77,1.47,,,,,,,,,,
788,Vb-341.BE040-S2NDE-RMS,341.BE040,,2025-08,2025-08-11,1.15,,1.14,1.26,,,,,,,,,,
789,Vb-341.BE040-S3DE-RMS,341.BE040,,2025-08,2025-08-11,1.85,,0.94,1.43,,,,,,,,,,
790,Vb-341.BE040-S3NDE-RMS,341.BE040,,2025-08,2025-08-11,1.65,,1.01,1.4,,,,,,,,,,
791,Vb-341.BE040-MDE-RMS,341.BE040,,2026-02,2026-02-17,1.67,,1.69,1.75,,,,,,,,,,
792,Vb-341.BE040-MNDE-RMS,341.BE040,,2026-02,2026-02-17,1.88,,1.94,1.77,,,,,,,,,,
793,Vb-341.BE040-S1NDE-RMS,341.BE040,,2026-02,2026-02-17,1.67,,1.5,1.58,,,,,,,,,,
794,Vb-341.BE040-S2NDE-RMS,341.BE040,,2026-02,2026-02-17,1.59,,2.24,1.49,,,,,,,,,,
795,Vb-341.BE040-S3DE-RMS,341.BE040,,2026-02,2026-02-17,2.03,,1.12,1.89,,,,,,,,,,
796,Vb-341.BE040-S3NDE-RMS,341.BE040,,2026-02,2026-02-17,1.49,,1.92,1.89,,,,,,,,,,
797,,341.BE040,Shaft 1 inboard,2026-04,2026-04-29,1.45,,1.8,1.98,,,,,,,,,,
798,,341.BE040,Shaft 2 inboard,2026-04,2026-04-29,2.61,,1.78,2.44,,,,,,,,,,
799,Vb-341.BE040-MDE-RMS,341.BE040,,2026-04,2026-04-29,1.9,,1.8,1.7,,,,,,,,,,
800,Vb-341.BE040-MNDE-RMS,341.BE040,,2026-04,2026-04-29,1.84,,1.89,2.47,,,,,,,,,,
801,Vb-341.BE040-S3DE-RMS,341.BE040,,2026-04,2026-04-29,1.75,,1.67,1.76,,,,,,,,,,
802,Vb-341.BL300-BLDE-RMS,341.BL300,,2024-12,2024-12-15,3.76,,4.54,3.51,,,,,,,,,,
803,Vb-341.BL300-BLNDE-RMS,341.BL300,,2024-12,2024-12-15,2.56,,4.13,3.76,,,,,,,,,,
804,Vb-341.BL300-MDE-RMS,341.BL300,,2024-12,2024-12-15,14.73,,3.96,9.65,,,,,,,,,,
805,Vb-341.BL300-MNDE-RMS,341.BL300,,2024-12,2024-12-15,15.45,,5.71,2.48,,,,,,,,,,
806,Vb-341.BL300-BLDE-RMS,341.BL300,,2025-01,2025-01-27,3.93,,3.9,3.37,,,,,,,,,,
807,Vb-341.BL300-BLNDE-RMS,341.BL300,,2025-01,2025-01-27,3.96,,3.46,2.63,,,,,,,,,,
808,Vb-341.BL300-MDE-RMS,341.BL300,,2025-01,2025-01-27,16.9,,3.45,8.03,,,,,,,,,,
809,Vb-341.BL300-MNDE-RMS,341.BL300,,2025-01,2025-01-27,13.58,,6.82,2.95,,,,,,,,,,
810,Vb-341.BL300-BLDE-RMS,341.BL300,,2025-02,2025-02-03,3.76,,3.22,2.49,,,,,,,,,,
811,Vb-341.BL300-BLNDE-RMS,341.BL300,,2025-02,2025-02-03,3.7,,3.87,3.98,,,,,,,,,,
812,Vb-341.BL300-MDE-RMS,341.BL300,,2025-02,2025-02-03,11.5,,2.08,7.07,,,,,,,,,,
813,Vb-341.BL300-MNDE-RMS,341.BL300,,2025-02,2025-02-03,12.25,,6.36,2.49,,,,,,,,,,
814,Vb-341.BL300-BLDE-RMS,341.BL300,,2025-05,2025-05-20,3.8,,2.14,1.72,,,,,,,,,,
815,Vb-341.BL300-BLNDE-RMS,341.BL300,,2025-05,2025-05-20,3.92,,2.73,3.03,,,,,,,,,,
816,Vb-341.BL300-MDE-RMS,341.BL300,,2025-05,2025-05-20,4.37,,2.93,1.28,,,,,,,,,,
817,Vb-341.BL300-MNDE-RMS,341.BL300,,2025-05,2025-05-20,4.65,,5.42,2.49,,,,,,,,,,
818,Vb-341.BL300-BLDE-RMS,341.BL300,,2025-08,2025-08-07,3.31,,2.43,2.37,,,,,,,,,,
819,Vb-341.BL300-BLNDE-RMS,341.BL300,,2025-08,2025-08-07,3.57,,2.28,2.23,,,,,,,,,,
820,Vb-341.BL300-MDE-RMS,341.BL300,,2025-08,2025-08-07,7.52,,2.52,2.41,,,,,,,,,,
821,Vb-341.BL300-MNDE-RMS,341.BL300,,2025-08,2025-08-07,7.51,,4.42,2.19,,,,,,,,,,
822,Vb-341.BL300-BLDE-RMS,341.BL300,,2025-09,2025-09-09,4.42,,1.87,1.94,,,,,,,,,,
823,Vb-341.BL300-BLNDE-RMS,341.BL300,,2025-09,2025-09-09,6.47,,3.64,3.7,,,,,,,,,,
824,Vb-341.BL300-MDE-RMS,341.BL300,,2025-09,2025-09-09,14.8,,3,9.68,,,,,,,,,,
825,Vb-341.BL300-MNDE-RMS,341.BL300,,2025-09,2025-09-09,5.86,,7.94,1.58,,,,,,,,,,
826,Vb-341.BL300-BLDE-RMS,341.BL300,,2026-02,2026-02-17,3.82,,3.11,2.3,,,,,,,,,,
827,Vb-341.BL300-BLNDE-RMS,341.BL300,,2026-02,2026-02-17,3.87,,3.73,3.59,,,,,,,,,,
828,Vb-341.BL300-MDE-RMS,341.BL300,,2026-02,2026-02-17,6.81,,3.66,7.49,,,,,,,,,,
829,Vb-341.BL300-MNDE-RMS,341.BL300,,2026-02,2026-02-17,3.2,,5.53,3.37,,,,,,,,,,
830,Vb-341.BL300-BLDE-RMS,341.BL300,,2026-04,2026-04-16,3.43,,4.58,3.37,2026-04-26,3.16,,3.59,2.92,,,,,
831,Vb-341.BL300-BLNDE-RMS,341.BL300,,2026-04,2026-04-16,3.68,,6.21,4.31,2026-04-26,3.87,,4.98,4.27,,,,,
832,Vb-341.BL300-MDE-RMS,341.BL300,,2026-04,2026-04-16,7.38,,3.39,7.18,2026-04-26,6.94,,3.91,7.91,,,,,
833,Vb-341.BL300-MNDE-RMS,341.BL300,,2026-04,2026-04-16,3.55,,4.03,2.68,2026-04-26,3.71,,4.08,2.53,,,,,
834,Vb-341.BL305-BLDE-RMS,341.BL305,,2024-12,2024-12-15,3.13,,4.04,4.18,,,,,,,,,,
835,Vb-341.BL305-BLNDE-RMS,341.BL305,,2024-12,2024-12-15,3.39,,5.74,3.93,,,,,,,,,,
836,Vb-341.BL305-MDE-RMS,341.BL305,,2024-12,2024-12-15,7.47,,2.52,5.5,,,,,,,,,,
837,Vb-341.BL305-MNDE-RMS,341.BL305,,2024-12,2024-12-15,6.15,,5.16,2.04,,,,,,,,,,
838,Vb-341.BL305-BLDE-RMS,341.BL305,,2025-01,2025-01-27,4.08,,4.19,,,,,,,,,,,
839,Vb-341.BL305-BLNDE-RMS,341.BL305,,2025-01,2025-01-27,3.84,,8,5.22,,,,,,,,,,
840,Vb-341.BL305-MDE-RMS,341.BL305,,2025-01,2025-01-27,7.9,,3.64,9.26,,,,,,,,,,
841,Vb-341.BL305-MNDE-RMS,341.BL305,,2025-01,2025-01-27,6.31,,5.99,4.71,,,,,,,,,,
842,Vb-341.BL305-BLDE-RMS,341.BL305,,2025-02,2025-02-03,3.74,,4.29,3.42,,,,,,,,,,
843,Vb-341.BL305-BLNDE-RMS,341.BL305,,2025-02,2025-02-03,3.89,,5.96,5.18,,,,,,,,,,
844,Vb-341.BL305-MDE-RMS,341.BL305,,2025-02,2025-02-03,7.27,,3.56,5.99,,,,,,,,,,
845,Vb-341.BL305-MNDE-RMS,341.BL305,,2025-02,2025-02-03,6.29,,3.45,2.83,,,,,,,,,,
846,Vb-341.BL305-BLDE-RMS,341.BL305,,2025-05,2025-05-20,4.35,,3.39,3.27,,,,,,,,,,
847,Vb-341.BL305-BLNDE-RMS,341.BL305,,2025-05,2025-05-20,5.16,,7.29,3.92,,,,,,,,,,
848,Vb-341.BL305-MDE-RMS,341.BL305,,2025-05,2025-05-20,6.77,,2.41,1.72,,,,,,,,,,
849,Vb-341.BL305-MNDE-RMS,341.BL305,,2025-05,2025-05-20,6.69,,5.34,4.74,,,,,,,,,,
850,Vb-341.BL305-BLDE-RMS,341.BL305,,2025-08,2025-08-07,4.25,,3.76,3.15,,,,,,,,,,
851,Vb-341.BL305-BLNDE-RMS,341.BL305,,2025-08,2025-08-07,4.87,,6.15,5.56,,,,,,,,,,
852,Vb-341.BL305-MDE-RMS,341.BL305,,2025-08,2025-08-07,9.88,,4.17,4.51,,,,,,,,,,
853,Vb-341.BL305-MNDE-RMS,341.BL305,,2025-08,2025-08-07,7.88,,5.13,2.01,,,,,,,,,,
854,Vb-341.BL305-BLDE-RMS,341.BL305,,2025-09,2025-09-09,2.65,,2.53,1.85,,,,,,,,,,
855,Vb-341.BL305-BLNDE-RMS,341.BL305,,2025-09,2025-09-09,2.54,,3.52,2.95,,,,,,,,,,
856,Vb-341.BL305-MDE-RMS,341.BL305,,2025-09,2025-09-09,6.8,,2.45,5.18,,,,,,,,,,
857,Vb-341.BL305-MNDE-RMS,341.BL305,,2025-09,2025-09-09,3.37,,3.81,2.68,,,,,,,,,,
858,Vb-341.BL305-BLDE-RMS,341.BL305,,2026-02,2026-02-17,4.21,,3.87,2.41,,,,,,,,,,
859,Vb-341.BL305-BLNDE-RMS,341.BL305,,2026-02,2026-02-17,4.38,,4.21,2.12,,,,,,,,,,
860,Vb-341.BL305-MDE-RMS,341.BL305,,2026-02,2026-02-17,17.74,,5.6,9.44,2026-02-17,17.74,,,,,,,,
861,Vb-341.BL305-MNDE-RMS,341.BL305,,2026-02,2026-02-17,9.37,,6.76,4.7,,,,,,,,,,
862,Vb-341.BL305-BLDE-RMS,341.BL305,,2026-03,2026-03-26,5.06,,4.04,3.01,,,,,,,,,,
863,Vb-341.BL305-BLNDE-RMS,341.BL305,,2026-03,2026-03-26,5.92,,3.69,2.71,,,,,,,,,,
864,Vb-341.BL305-MDE-RMS,341.BL305,,2026-03,2026-03-26,,,3.14,4.37,,,,,,,,,,
865,Vb-341.BL305-MNDE-RMS,341.BL305,,2026-03,2026-03-26,6.77,,7.12,4.16,,,,,,,,,,
866,Vb-341.BL305-BLDE-RMS,341.BL305,,2026-04,2026-04-26,5.04,,3.6,2.55,,,,,,,,,,
867,Vb-341.BL305-BLNDE-RMS,341.BL305,,2026-04,2026-04-26,4.94,,2.7,2.09,,,,,,,,,,
868,Vb-341.BL305-MDE-RMS,341.BL305,,2026-04,2026-04-26,18.33,,5.92,8.45,,,,,,,,,,
869,Vb-341.BL305-MNDE-RMS,341.BL305,,2026-04,2026-04-26,7.53,,7.76,6.33,,,,,,,,,,
870,Vb-341.BL310-BLDE-RMS,341.BL310,,2024-12,2024-12-15,3.94,,2.56,4.21,,,,,,,,,,
871,Vb-341.BL310-BLNDE-RMS,341.BL310,,2024-12,2024-12-15,3.6,,4.66,,,,,,,,,,,
872,Vb-341.BL310-MDE-RMS,341.BL310,,2024-12,2024-12-15,16.58,,9.02,5.35,,,,,,,,,,
873,Vb-341.BL310-MNDE-RMS,341.BL310,,2024-12,2024-12-15,16.9,,5.82,5.38,,,,,,,,,,
874,Vb-341.BL310-BLDE-RMS,341.BL310,,2025-01,2025-01-27,4.93,,6.14,4.11,,,,,,,,,,
875,Vb-341.BL310-BLNDE-RMS,341.BL310,,2025-01,2025-01-27,6.26,,5.13,3.85,,,,,,,,,,
876,Vb-341.BL310-MDE-RMS,341.BL310,,2025-01,2025-01-27,19.79,,4.84,12.83,,,,,,,,,,
877,Vb-341.BL310-MNDE-RMS,341.BL310,,2025-01,2025-01-27,26.23,,7.45,7.94,,,,,,,,,,
878,Vb-341.BL310-BLDE-RMS,341.BL310,,2025-02,2025-02-03,4.97,,5.57,2.98,,,,,,,,,,
879,Vb-341.BL310-MDE-RMS,341.BL310,,2025-02,2025-02-03,4.36,,5.63,2.32,,,,,,,,,,
880,Vb-341.BL310-MNDE-RMS,341.BL310,,2025-02,2025-02-03,7.09,,5.57,7.13,,,,,,,,,,
881,Vb-341.BL310-BLDE-RMS,341.BL310,,2025-05,2025-05-20,9.3,,,,,,,,,,,,,
882,Vb-341.BL310-BLDE-RMS,341.BL310,,2025-06,2025-06-01,,,8.48,258.11,,,,,,,,,,
883,Vb-341.BL310-BLNDE-RMS,341.BL310,,2025-06,2025-06-01,67.28,,10.73,39.54,,,,,,,,,,
884,Vb-341.BL310-MDE-RMS,341.BL310,,2025-06,2025-06-01,7.08,,6.4,6.35,,,,,,,,,,
885,Vb-341.BL310-MNDE-RMS,341.BL310,,2025-06,2025-06-01,13.12,,8.93,11.81,,,,,,,,,,
886,Vb-341.BL310-BLDE-RMS,341.BL310,,2025-08,2025-08-07,4.93,,2.19,2.33,,,,,,,,,,
887,Vb-341.BL310-BLNDE-RMS,341.BL310,,2025-08,2025-08-07,3.78,,2.41,2.19,,,,,,,,,,
888,Vb-341.BL310-MDE-RMS,341.BL310,,2025-08,2025-08-07,22.7,,6.48,13.22,,,,,,,,,,
889,Vb-341.BL310-MNDE-RMS,341.BL310,,2025-08,2025-08-07,4.03,,5.75,7.7,,,,,,,,,,
890,Vb-341.BL310-BLDE-RMS,341.BL310,,2025-09,2025-09-09,5.98,,2.64,3.52,,,,,,,,,,
891,Vb-341.BL310-BLNDE-RMS,341.BL310,,2025-09,2025-09-09,5.58,,3.21,3.39,,,,,,,,,,
892,Vb-341.BL310-MDE-RMS,341.BL310,,2025-09,2025-09-09,17.16,,5.08,8.64,,,,,,,,,,
893,Vb-341.BL310-MNDE-RMS,341.BL310,,2025-09,2025-09-09,5.44,,4.99,4.41,,,,,,,,,,
894,Vb-341.BL310-BLDE-RMS,341.BL310,,2026-02,2026-02-17,3.36,,2.33,2.32,,,,,,,,,,
895,Vb-341.BL310-BLNDE-RMS,341.BL310,,2026-02,2026-02-17,3.52,,2.28,1.81,,,,,,,,,,
896,Vb-341.BL310-MDE-RMS,341.BL310,,2026-02,2026-02-17,7.96,,2.31,3.46,,,,,,,,,,
897,Vb-341.BL310-MNDE-RMS,341.BL310,,2026-02,2026-02-17,3.24,,2.62,2.53,,,,,,,,,,
898,Vb-341.BL310-BLDE-RMS,341.BL310,,2026-04,2026-04-26,4.52,,2.91,3.49,,,,,,,,,,
899,Vb-341.BL310-BLNDE-RMS,341.BL310,,2026-04,2026-04-26,4.36,,2.55,2.16,,,,,,,,,,
900,Vb-341.BL310-MDE-RMS,341.BL310,,2026-04,2026-04-26,6.94,,3.08,3.47,,,,,,,,,,
901,Vb-341.BL310-MNDE-RMS,341.BL310,,2026-04,2026-04-26,4.08,,2.84,3.78,,,,,,,,,,
902,Vb-341.FN315-FDE-RMS,341.FN315,,2025-01,2025-01-26,4.41,,4.7,2.14,,,,,,,,,,
903,Vb-341.FN315-FNDE-RMS,341.FN315,,2025-01,2025-01-26,4.78,,3.93,2.14,,,,,,,,,,
904,Vb-341.FN315-MDE-RMS,341.FN315,,2025-01,2025-01-26,,,3.93,2.76,,,,,,,,,,
905,Vb-341.FN315-MNDE-RMS,341.FN315,,2025-01,2025-01-26,2.49,,2.5,4.25,,,,,,,,,,
906,Vb-341.FN315-FDE-RMS,341.FN315,,2025-07,2025-07-13,2.98,,2.96,1.35,,,,,,,,,,
907,Vb-341.FN315-FNDE-RMS,341.FN315,,2025-07,2025-07-13,3.76,,3.41,3.31,,,,,,,,,,
908,Vb-341.FN315-MDE-RMS,341.FN315,,2025-07,2025-07-13,,,1.65,1.68,,,,,,,,,,
909,Vb-341.FN315-MNDE-RMS,341.FN315,,2025-07,2025-07-13,3,,1.52,1.4,,,,,,,,,,
910,Vb-341.FN315-FDE-RMS,341.FN315,,2025-09,2025-09-16,5.24,,7.37,2.39,,,,,,,,,,
911,Vb-341.FN315-FNDE-RMS,341.FN315,,2025-09,2025-09-16,5.4,,7.45,2.52,,,,,,,,,,
912,Vb-341.FN315-MDE-RMS,341.FN315,,2025-09,2025-09-16,,,3.45,3.53,,,,,,,,,,
913,Vb-341.FN315-MNDE-RMS,341.FN315,,2025-09,2025-09-16,5.58,,4.26,1.59,,,,,,,,,,
914,Vb-341.FN315-FDE-RMS,341.FN315,,2026-01,2026-01-21,2.09,,5,1.87,,,,,,,,,,
915,Vb-341.FN315-FNDE-RMS,341.FN315,,2026-01,2026-01-21,4.76,,5.96,1.45,,,,,,,,,,
916,Vb-341.FN315-MDE-RMS,341.FN315,,2026-01,2026-01-21,,,5.22,2.74,,,,,,,,,,
917,Vb-341.FN315-MNDE-RMS,341.FN315,,2026-01,2026-01-21,3.13,,3.21,2.25,,,,,,,,,,
918,Vb-341.FN316-FDE-RMS,341.FN316,,2024-12,2024-12-09,3.27,,7.71,4.31,,,,,,,,,,
919,Vb-341.FN316-FNDE-RMS,341.FN316,,2024-12,2024-12-09,3.33,,8.52,4.18,,,,,,,,,,
920,Vb-341.FN316-MDE-RMS,341.FN316,,2024-12,2024-12-09,5.07,,1.96,8.55,,,,,,,,,,
921,Vb-341.FN316-MNDE-RMS,341.FN316,,2024-12,2024-12-09,4.93,,4.65,10.44,,,,,,,,,,
922,Vb-341.FN316-FDE-RMS,341.FN316,,2025-01,2025-01-26,3.75,,6.38,5.02,,,,,,,,,,
923,Vb-341.FN316-FNDE-RMS,341.FN316,,2025-01,2025-01-26,3.46,,6.46,4.59,,,,,,,,,,
924,Vb-341.FN316-MDE-RMS,341.FN316,,2025-01,2025-01-26,,,3.56,5.54,,,,,,,,,,
925,Vb-341.FN316-MNDE-RMS,341.FN316,,2025-01,2025-01-26,3.34,,4.16,8.7,,,,,,,,,,
926,Vb-341.FN316-FDE-RMS,341.FN316,,2025-02,2025-02-05,6.01,,7.41,4.31,,,,,,,,,,
927,Vb-341.FN316-FNDE-RMS,341.FN316,,2025-02,2025-02-05,6.27,,8.12,6.11,,,,,,,,,,
928,Vb-341.FN316-MDE-RMS,341.FN316,,2025-02,2025-02-05,,,5.29,8.3,,,,,,,,,,
929,Vb-341.FN316-MNDE-RMS,341.FN316,,2025-02,2025-02-05,8.37,,5.88,10.99,,,,,,,,,,
930,Vb-341.FN316-FDE-RMS,341.FN316,,2025-05,2025-05-20,5.91,,4.39,5.58,,,,,,,,,,
931,Vb-341.FN316-FNDE-RMS,341.FN316,,2025-05,2025-05-20,8.04,,7.45,6.14,,,,,,,,,,
932,Vb-341.FN316-MDE-RMS,341.FN316,,2025-05,2025-05-20,,,10.37,10.04,,,,,,,,,,
933,Vb-341.FN316-MNDE-RMS,341.FN316,,2025-05,2025-05-20,10.25,,7.44,9.46,,,,,,,,,,
934,Vb-341.FN316-FDE-RMS,341.FN316,,2025-08,2025-08-12,1,,1.15,0.52,,,,,,,,,,
935,Vb-341.FN316-FNDE-RMS,341.FN316,,2025-08,2025-08-12,0.7,,1.06,0.39,,,,,,,,,,
936,Vb-341.FN316-MDE-RMS,341.FN316,,2025-08,2025-08-12,,,0.87,0.65,,,,,,,,,,
937,Vb-341.FN316-MNDE-RMS,341.FN316,,2025-08,2025-08-12,1.4,,0.97,0.81,,,,,,,,,,
938,Vb-341.FN316-FDE-RMS,341.FN316,,2025-09,2025-09-16,1.19,,1.98,0.85,,,,,,,,,,
939,Vb-341.FN316-FNDE-RMS,341.FN316,,2025-09,2025-09-16,1.02,,1.84,2.23,,,,,,,,,,
940,Vb-341.FN316-MDE-RMS,341.FN316,,2025-09,2025-09-16,,,1.25,1.27,,,,,,,,,,
941,Vb-341.FN316-MNDE-RMS,341.FN316,,2025-09,2025-09-16,1.99,,1.97,1.67,,,,,,,,,,
942,Vb-341.FN316-FDE-RMS,341.FN316,,2026-02,2026-02-17,2.74,,5.01,4.83,,,,,,,,,,
943,Vb-341.FN316-FNDE-RMS,341.FN316,,2026-02,2026-02-17,2.07,,5.5,4.58,,,,,,,,,,
944,Vb-341.FN316-MDE-RMS,341.FN316,,2026-02,2026-02-17,,,6.84,6.65,,,,,,,,,,
945,Vb-341.FN316-MNDE-RMS,341.FN316,,2026-02,2026-02-17,5.25,,4.25,9.74,,,,,,,,,,
946,Vb-341.FN316-FDE-RMS,341.FN316,,2026-03,2026-03-10,5.11,,6.2,5.24,,,,,,,,,,
947,Vb-341.FN316-FNDE-RMS,341.FN316,,2026-03,2026-03-10,4.88,,6.9,5.43,,,,,,,,,,
948,Vb-341.FN316-MDE-RMS,341.FN316,,2026-03,2026-03-10,,,6.84,6.64,,,,,,,,,,
949,Vb-341.FN316-MNDE-RMS,341.FN316,,2026-03,2026-03-10,5.59,,6.46,6.61,,,,,,,,,,
950,Vb-341.FN316-FDE-RMS,341.FN316,,2026-04,2026-04-29,5.09,,5.6,4.9,,,,,,,,,,
951,Vb-341.FN316-FNDE-RMS,341.FN316,,2026-04,2026-04-29,5.68,,7.44,5.23,,,,,,,,,,
952,Vb-341.FN316-MDE-RMS,341.FN316,,2026-04,2026-04-29,,,6.05,6.09,,,,,,,,,,
953,Vb-341.FN316-MNDE-RMS,341.FN316,,2026-04,2026-04-29,3.79,,4.94,5.54,,,,,,,,,,
954,,342.BE041,Shaft 1 inboard,2024-12,2024-12-11,1.53,,2.11,2.2,,,,,,,,,,
955,,342.BE041,Shaft 2 inboard,2024-12,2024-12-11,1.55,,1.75,2.15,,,,,,,,,,
956,Vb-342.BE041-MDE-RMS,342.BE041,,2024-12,2024-12-11,2.02,,2.56,2.31,,,,,,,,,,
957,Vb-342.BE041-MNDE-RMS,342.BE041,,2024-12,2024-12-11,2,,3.28,2.4,,,,,,,,,,
958,Vb-342.BE041-S3DE-RMS,342.BE041,,2024-12,2024-12-11,2.68,,1.74,2.52,,,,,,,,,,
959,Vb-342.BE041-MDE-RMS,342.BE041,,2025-02,2025-02-18,2.07,,1.93,2.72,,,,,,,,,,
960,Vb-342.BE041-MNDE-RMS,342.BE041,,2025-02,2025-02-18,2.19,,2.87,2.49,,,,,,,,,,
961,Vb-342.BE041-S1NDE-RMS,342.BE041,,2025-02,2025-02-18,1.89,,1.51,2.06,,,,,,,,,,
962,Vb-342.BE041-S2NDE-RMS,342.BE041,,2025-02,2025-02-18,1.22,,1.33,1.47,,,,,,,,,,
963,Vb-342.BE041-S3DE-RMS,342.BE041,,2025-02,2025-02-18,1.59,,1.47,2.12,,,,,,,,,,
964,Vb-342.BE041-S3NDE-RMS,342.BE041,,2025-02,2025-02-18,1.6,,1.55,1.98,,,,,,,,,,
965,Vb-342.BE041-MDE-RMS,342.BE041,,2025-04,2025-04-16,2.84,,2.79,3.3,,,,,,,,,,
966,Vb-342.BE041-MNDE-RMS,342.BE041,,2025-04,2025-04-16,3.09,,3.23,4.04,,,,,,,,,,
967,Vb-342.BE041-S1NDE-RMS,342.BE041,,2025-04,2025-04-16,2.36,,7.47,2.66,,,,,,,,,,
968,Vb-342.BE041-S2NDE-RMS,342.BE041,,2025-04,2025-04-16,2.99,,4.19,3.51,,,,,,,,,,
969,Vb-342.BE041-S3DE-RMS,342.BE041,,2025-04,2025-04-16,3.34,,2.46,2.54,,,,,,,,,,
970,Vb-342.BE041-S3NDE-RMS,342.BE041,,2025-04,2025-04-16,9.62,,2,2.89,,,,,,,,,,
971,Vb-342.BE041-MDE-RMS,342.BE041,,2025-06,2025-06-23,1.21,,2.42,1.45,,,,,,,,,,
972,Vb-342.BE041-MNDE-RMS,342.BE041,,2025-06,2025-06-23,1.32,,2.66,1.34,,,,,,,,,,
973,Vb-342.BE041-S1NDE-RMS,342.BE041,,2025-06,2025-06-23,1.09,,1.01,1.2,,,,,,,,,,
974,Vb-342.BE041-S2NDE-RMS,342.BE041,,2025-06,2025-06-23,1.06,,2.03,1.83,,,,,,,,,,
975,Vb-342.BE041-S3DE-RMS,342.BE041,,2025-06,2025-06-23,1.27,,1.03,1.23,,,,,,,,,,
976,Vb-342.BE041-S3NDE-RMS,342.BE041,,2025-06,2025-06-23,2.89,,2.52,1.55,,,,,,,,,,
977,Vb-342.BE041-MDE-RMS,342.BE041,,2025-08,2025-08-11,1.41,,1.87,1.76,,,,,,,,,,
978,Vb-342.BE041-MNDE-RMS,342.BE041,,2025-08,2025-08-11,1.12,,0.96,1.49,,,,,,,,,,
979,Vb-342.BE041-S1NDE-RMS,342.BE041,,2025-08,2025-08-11,1.3,,1.15,1.75,,,,,,,,,,
980,Vb-342.BE041-S2NDE-RMS,342.BE041,,2025-08,2025-08-11,1.17,,1,1.19,,,,,,,,,,
981,Vb-342.BE041-S3DE-RMS,342.BE041,,2025-08,2025-08-11,1.26,,1.32,1.47,,,,,,,,,,
982,Vb-342.BE041-S3NDE-RMS,342.BE041,,2025-08,2025-08-11,0.85,,0.88,1.49,,,,,,,,,,
983,Vb-342.BE041-MDE-RMS,342.BE041,,2026-02,2026-02-17,1.52,,2.03,2.32,,,,,,,,,,
984,Vb-342.BE041-MNDE-RMS,342.BE041,,2026-02,2026-02-17,1.07,,3.11,1.5,,,,,,,,,,
985,Vb-342.BE041-S1NDE-RMS,342.BE041,,2026-02,2026-02-17,1.24,,1.02,1.81,,,,,,,,,,
986,Vb-342.BE041-S2NDE-RMS,342.BE041,,2026-02,2026-02-17,1.57,,1.74,1.64,,,,,,,,,,
987,Vb-342.BE041-S3DE-RMS,342.BE041,,2026-02,2026-02-17,1.24,,0.78,1.39,,,,,,,,,,
988,Vb-342.BE041-S3NDE-RMS,342.BE041,,2026-02,2026-02-17,1.21,,1.12,1.39,,,,,,,,,,
989,,342.BE041,Shaft 1 inboard,2026-04,2026-04-29,1.26,,0.83,1.36,,,,,,,,,,
990,,342.BE041,Shaft 2 inboard,2026-04,2026-04-29,1.94,,1.26,1.49,,,,,,,,,,
991,Vb-342.BE041-MDE-RMS,342.BE041,,2026-04,2026-04-29,1.85,,4.54,1.65,,,,,,,,,,
992,Vb-342.BE041-MNDE-RMS,342.BE041,,2026-04,2026-04-29,2.56,,1.42,2.49,,,,,,,,,,
993,Vb-342.BE041-S3DE-RMS,342.BE041,,2026-04,2026-04-29,2.09,,1.62,1.56,,,,,,,,,,
994,Vb-342.BE050-MDE-RMS,342.BE050,,2025-01,2025-01-13,2.22,,3.18,2.11,,,,,,,,,,
995,Vb-342.BE050-MNDE-RMS,342.BE050,,2025-01,2025-01-13,1.76,,4.27,4.61,,,,,,,,,,
996,Vb-342.BE050-S1NDE-RMS,342.BE050,,2025-01,2025-01-13,1.6,,2.49,1.87,,,,,,,,,,
997,Vb-342.BE050-S2NDE-RMS,342.BE050,,2025-01,2025-01-13,1.66,,1.37,1.6,,,,,,,,,,
998,Vb-342.BE050-S3DE-RMS,342.BE050,,2025-01,2025-01-13,1.44,,1.36,1.74,,,,,,,,,,
999,Vb-342.BE050-S3NDE-RMS,342.BE050,,2025-01,2025-01-13,1.76,,1.03,2.28,,,,,,,,,,
1000,Vb-342.BE050-MDE-RMS,342.BE050,,2025-02,2025-02-13,1.9,,2.83,1.79,,,,,,,,,,
1001,Vb-342.BE050-MNDE-RMS,342.BE050,,2025-02,2025-02-13,1.85,,4.09,3.77,,,,,,,,,,
1002,Vb-342.BE050-S1NDE-RMS,342.BE050,,2025-02,2025-02-13,1.44,,2.12,2.61,,,,,,,,,,
1003,Vb-342.BE050-S2NDE-RMS,342.BE050,,2025-02,2025-02-13,1.44,,1.57,2.34,,,,,,,,,,
1004,Vb-342.BE050-S3DE-RMS,342.BE050,,2025-02,2025-02-13,1.97,,1.18,2.56,,,,,,,,,,
1005,Vb-342.BE050-S3NDE-RMS,342.BE050,,2025-02,2025-02-13,1.63,,1.34,2.53,,,,,,,,,,
1006,,342.BE050,Shaft 1 Ouboard,2025-04,2025-04-10,1.06,,1.05,0.84,,,,,,,,,,
1007,Vb-342.BE050-MDE-RMS,342.BE050,,2025-04,2025-04-10,1.43,,2.74,1.31,,,,,,,,,,
1008,Vb-342.BE050-MNDE-RMS,342.BE050,,2025-04,2025-04-10,1.17,,2.31,1.29,,,,,,,,,,
1009,Vb-342.BE050-S2NDE-RMS,342.BE050,,2025-04,2025-04-10,0.79,,0.91,1.09,,,,,,,,,,
1010,Vb-342.BE050-S3DE-RMS,342.BE050,,2025-04,2025-04-10,1,,1,1.22,,,,,,,,,,
1011,Vb-342.BE050-S3NDE-RMS,342.BE050,,2025-04,2025-04-10,0.9,,0.77,1.16,,,,,,,,,,
1012,Vb-342.BE050-MDE-RMS,342.BE050,,2025-06,2025-06-29,2.3,,2.65,2.24,,,,,,,,,,
1013,Vb-342.BE050-MNDE-RMS,342.BE050,,2025-06,2025-06-29,2.47,,4.76,4.45,,,,,,,,,,
1014,Vb-342.BE050-S1NDE-RMS,342.BE050,,2025-06,2025-06-29,1.42,,3.21,2.5,,,,,,,,,,
1015,Vb-342.BE050-S2NDE-RMS,342.BE050,,2025-06,2025-06-29,2.2,,2.16,2.17,,,,,,,,,,
1016,Vb-342.BE050-S3DE-RMS,342.BE050,,2025-06,2025-06-29,2.26,,1.48,2.26,,,,,,,,,,
1017,Vb-342.BE050-S3NDE-RMS,342.BE050,,2025-06,2025-06-29,2.07,,1.72,3.03,,,,,,,,,,
1018,Vb-342.BE050-MDE-RMS,342.BE050,,2025-08,2025-08-19,1.86,,2.62,2.51,,,,,,,,,,
1019,Vb-342.BE050-MNDE-RMS,342.BE050,,2025-08,2025-08-19,2.55,,4.77,2.87,,,,,,,,,,
1020,Vb-342.BE050-S1NDE-RMS,342.BE050,,2025-08,2025-08-19,1.36,,2.82,2.3,,,,,,,,,,
1021,Vb-342.BE050-S2NDE-RMS,342.BE050,,2025-08,2025-08-19,1.82,,1.5,1.93,,,,,,,,,,
1022,Vb-342.BE050-S3DE-RMS,342.BE050,,2025-08,2025-08-19,1.71,,1.38,2.74,,,,,,,,,,
1023,Vb-342.BE050-S3NDE-RMS,342.BE050,,2025-08,2025-08-19,1.81,,1.51,2.38,,,,,,,,,,
1024,Vb-342.BE050-MDE-RMS,342.BE050,,2026-02,2026-02-09,1.79,,2.48,3.05,,,,,,,,,,
1025,Vb-342.BE050-MNDE-RMS,342.BE050,,2026-02,2026-02-09,1.84,,4.93,5.07,,,,,,,,,,
1026,Vb-342.BE050-S1NDE-RMS,342.BE050,,2026-02,2026-02-09,1.14,,2.04,2.03,,,,,,,,,,
1027,Vb-342.BE050-S2NDE-RMS,342.BE050,,2026-02,2026-02-09,2.22,,1.94,1.58,,,,,,,,,,
1028,Vb-342.BE050-S3DE-RMS,342.BE050,,2026-02,2026-02-09,1.62,,1.19,2.39,,,,,,,,,,
1029,Vb-342.BE050-S3NDE-RMS,342.BE050,,2026-02,2026-02-09,1.37,,1.26,3.05,,,,,,,,,,
1030,,342.BE050,Shaft 1 inboard,2026-04,2026-04-20,1.03,,1.94,2.21,,,,,,,,,,
1031,,342.BE050,Shaft 2 inboard,2026-04,2026-04-20,1.3,,1.73,2.3,,,,,,,,,,
1032,Vb-342.BE050-MDE-RMS,342.BE050,,2026-04,2026-04-20,2.21,,2.15,2.33,,,,,,,,,,
1033,Vb-342.BE050-MNDE-RMS,342.BE050,,2026-04,2026-04-20,2.53,,4.46,2.94,,,,,,,,,,
1034,Vb-342.BE050-S3DE-RMS,342.BE050,,2026-04,2026-04-20,1.67,,1.4,2.42,,,,,,,,,,
1035,Vb-342.BE051-MDE-RMS,342.BE051,,2025-01,2025-01-13,1.72,,1.84,2.95,,,,,,,,,,
1036,Vb-342.BE051-MNDE-RMS,342.BE051,,2025-01,2025-01-13,1.92,,2.63,3.93,,,,,,,,,,
1037,Vb-342.BE051-S1NDE-RMS,342.BE051,,2025-01,2025-01-13,2.12,,1,1.58,,,,,,,,,,
1038,Vb-342.BE051-S2NDE-RMS,342.BE051,,2025-01,2025-01-13,0.94,,1.59,1.16,,,,,,,,,,
1039,Vb-342.BE051-S3DE-RMS,342.BE051,,2025-01,2025-01-13,1.51,,1.62,1.8,,,,,,,,,,
1040,Vb-342.BE051-S3NDE-RMS,342.BE051,,2025-01,2025-01-13,0.88,,1.38,2.58,,,,,,,,,,
1041,Vb-342.BE051-MDE-RMS,342.BE051,,2025-02,2025-02-13,1.68,,2.15,2.24,,,,,,,,,,
1042,Vb-342.BE051-MNDE-RMS,342.BE051,,2025-02,2025-02-13,1.3,,3.39,2.78,,,,,,,,,,
1043,Vb-342.BE051-S1NDE-RMS,342.BE051,,2025-02,2025-02-13,1.87,,1.44,1.55,,,,,,,,,,
1044,Vb-342.BE051-S2NDE-RMS,342.BE051,,2025-02,2025-02-13,1.32,,1.29,1.9,,,,,,,,,,
1045,Vb-342.BE051-S3DE-RMS,342.BE051,,2025-02,2025-02-13,1.78,,1.43,2.27,,,,,,,,,,
1046,Vb-342.BE051-S3NDE-RMS,342.BE051,,2025-02,2025-02-13,1.84,,1.35,2.44,,,,,,,,,,
1047,,342.BE051,Shaft 1 Ouboard,2025-04,2025-04-10,1.27,,1.42,1.08,,,,,,,,,,
1048,Vb-342.BE051-MDE-RMS,342.BE051,,2025-04,2025-04-10,0.96,,2.45,1.36,,,,,,,,,,
1049,Vb-342.BE051-MNDE-RMS,342.BE051,,2025-04,2025-04-10,1.35,,1.5,1.81,,,,,,,,,,
1050,Vb-342.BE051-S2NDE-RMS,342.BE051,,2025-04,2025-04-10,0.93,,1.4,1.09,,,,,,,,,,
1051,Vb-342.BE051-S3DE-RMS,342.BE051,,2025-04,2025-04-10,1.57,,0.71,1.48,,,,,,,,,,
1052,Vb-342.BE051-S3NDE-RMS,342.BE051,,2025-04,2025-04-10,1.61,,0.65,1.6,,,,,,,,,,
1053,Vb-342.BE051-MDE-RMS,342.BE051,,2025-06,2025-06-29,1.76,,1.96,2.06,,,,,,,,,,
1054,Vb-342.BE051-MNDE-RMS,342.BE051,,2025-06,2025-06-29,2.14,,3.4,4.16,,,,,,,,,,
1055,Vb-342.BE051-S1NDE-RMS,342.BE051,,2025-06,2025-06-29,2.33,,1.06,2.18,,,,,,,,,,
1056,Vb-342.BE051-S2NDE-RMS,342.BE051,,2025-06,2025-06-29,1.01,,1.53,2.04,,,,,,,,,,
1057,Vb-342.BE051-MDE-RMS,342.BE051,,2025-08,2025-08-19,1.38,,2.56,3.62,,,,,,,,,,
1058,Vb-342.BE051-MNDE-RMS,342.BE051,,2025-08,2025-08-19,1.9,,3.86,4.15,,,,,,,,,,
1059,Vb-342.BE051-S1NDE-RMS,342.BE051,,2025-08,2025-08-19,2.37,,1.23,2.39,,,,,,,,,,
1060,Vb-342.BE051-S2NDE-RMS,342.BE051,,2025-08,2025-08-19,1.07,,1.58,1.79,,,,,,,,,,
1061,Vb-342.BE051-S3DE-RMS,342.BE051,,2025-08,2025-08-19,1.21,,1.53,2.76,,,,,,,,,,
1062,Vb-342.BE051-S3NDE-RMS,342.BE051,,2025-08,2025-08-19,1.4,,1.46,2.8,,,,,,,,,,
1063,Vb-342.BE051-MDE-RMS,342.BE051,,2026-02,2026-02-09,1.67,,1.53,2.1,,,,,,,,,,
1064,Vb-342.BE051-MNDE-RMS,342.BE051,,2026-02,2026-02-09,1.76,,2.91,3.18,,,,,,,,,,
1065,Vb-342.BE051-S1NDE-RMS,342.BE051,,2026-02,2026-02-09,1.24,,1.01,1.88,,,,,,,,,,
1066,Vb-342.BE051-S2NDE-RMS,342.BE051,,2026-02,2026-02-09,0.9,,1.04,1.73,,,,,,,,,,
1067,Vb-342.BE051-S3DE-RMS,342.BE051,,2026-02,2026-02-09,1.12,,1.27,2.06,,,,,,,,,,
1068,Vb-342.BE051-S3NDE-RMS,342.BE051,,2026-02,2026-02-09,1.4,,1.48,2.28,,,,,,,,,,
1069,,342.BE051,Shaft 1 inboard,2026-04,2026-04-20,1.32,,1.19,1.86,,,,,,,,,,
1070,,342.BE051,Shaft 2 inboard,2026-04,2026-04-20,1.08,,1.1,2.16,,,,,,,,,,
1071,Vb-342.BE051-MDE-RMS,342.BE051,,2026-04,2026-04-20,1.73,,1.94,1.94,,,,,,,,,,
1072,Vb-342.BE051-MNDE-RMS,342.BE051,,2026-04,2026-04-20,1.39,,2.34,2.83,,,,,,,,,,
1073,Vb-342.BE051-S3DE-RMS,342.BE051,,2026-04,2026-04-20,1.42,,1.58,2.38,,,,,,,,,,
1074,Vb-342.BL300-BLDE-RMS,342.BL300,,2024-12,2024-12-25,1.93,,2.76,1.25,,,,,,,,,,
1075,Vb-342.BL300-BLNDE-RMS,342.BL300,,2024-12,2024-12-25,1.86,,4.06,2.58,,,,,,,,,,
1076,Vb-342.BL300-MDE-RMS,342.BL300,,2024-12,2024-12-25,7.63,,4.07,4.97,,,,,,,,,,
1077,Vb-342.BL300-MNDE-RMS,342.BL300,,2024-12,2024-12-25,4.52,,1.63,4.74,,,,,,,,,,
1078,Vb-342.BL300-MDE-RMS,342.BL300,,2025-01,2025-01-14,3.73,,,,,,,,,,,,,
1079,Vb-342.BL300-BLDE-RMS,342.BL300,,2025-02,2025-02-13,2.82,,2.55,1.91,,,,,,,,,,
1080,Vb-342.BL300-BLNDE-RMS,342.BL300,,2025-02,2025-02-13,2.23,,4.05,2.42,,,,,,,,,,
1081,Vb-342.BL300-MDE-RMS,342.BL300,,2025-02,2025-02-13,,,1.78,1.71,,,,,,,,,,
1082,Vb-342.BL300-MNDE-RMS,342.BL300,,2025-02,2025-02-13,3.63,,3.62,2.91,,,,,,,,,,
1083,Vb-342.BL300-BLDE-RMS,342.BL300,,2025-04,2025-04-10,2.99,,2.26,1.75,,,,,,,,,,
1084,Vb-342.BL300-BLNDE-RMS,342.BL300,,2025-04,2025-04-10,3.09,,4.65,3.35,,,,,,,,,,
1085,Vb-342.BL300-MDE-RMS,342.BL300,,2025-04,2025-04-10,8.11,,2.68,3.75,,,,,,,,,,
1086,Vb-342.BL300-MNDE-RMS,342.BL300,,2025-04,2025-04-10,3.94,,1.55,2.21,,,,,,,,,,
1087,Vb-342.BL300-BLDE-RMS,342.BL300,,2025-07,2025-07-29,3.47,,1.76,1.9,,,,,,,,,,
1088,Vb-342.BL300-BLNDE-RMS,342.BL300,,2025-07,2025-07-29,3.89,,2.03,2.04,,,,,,,,,,
1089,Vb-342.BL300-MDE-RMS,342.BL300,,2025-07,2025-07-29,6.27,,2.43,2.5,,,,,,,,,,
1090,Vb-342.BL300-MNDE-RMS,342.BL300,,2025-07,2025-07-29,4.92,,2.59,2.63,,,,,,,,,,
1091,Vb-342.BL300-BLDE-RMS,342.BL300,,2025-10,2025-10-07,2.21,,1.36,2.77,,,,,,,,,,
1092,Vb-342.BL300-BLNDE-RMS,342.BL300,,2025-10,2025-10-07,1.5,,1.22,1.42,,,,,,,,,,
1093,Vb-342.BL300-MDE-RMS,342.BL300,,2025-10,2025-10-07,2.67,,1.11,1.45,,,,,,,,,,
1094,Vb-342.BL300-MNDE-RMS,342.BL300,,2025-10,2025-10-07,2.15,,1.53,1.28,,,,,,,,,,
1095,Vb-342.BL300-BLDE-RMS,342.BL300,,2026-02,2026-02-05,1.43,,1.6,1.97,,,,,,,,,,
1096,Vb-342.BL300-BLNDE-RMS,342.BL300,,2026-02,2026-02-05,1.82,,1.51,1.51,,,,,,,,,,
1097,Vb-342.BL300-MDE-RMS,342.BL300,,2026-02,2026-02-05,3.6,,1.73,1.41,,,,,,,,,,
1098,Vb-342.BL300-MNDE-RMS,342.BL300,,2026-02,2026-02-05,2.43,,1.23,1.3,2026-02-05,2.43,,,,,,,,
1099,Vb-342.BL300-BLDE-RMS,342.BL300,,2026-03,2026-03-30,1.38,,1.42,1.7,,,,,,,,,,
1100,Vb-342.BL300-BLNDE-RMS,342.BL300,,2026-03,2026-03-30,1.8,,1.33,1.52,,,,,,,,,,
1101,Vb-342.BL300-MDE-RMS,342.BL300,,2026-03,2026-03-30,3.67,,1.2,1.45,,,,,,,,,,
1102,Vb-342.BL300-MNDE-RMS,342.BL300,,2026-03,2026-03-30,2.43,,,,2026-03-30,,,1.4,1.58,,,,,
1103,Vb-342.BL305-BLDE-RMS,342.BL305,,2024-12,2024-12-25,2.95,,3.14,1.88,,,,,,,,,,
1104,Vb-342.BL305-BLNDE-RMS,342.BL305,,2024-12,2024-12-25,2.64,,4.07,3.68,,,,,,,,,,
1105,Vb-342.BL305-MDE-RMS,342.BL305,,2024-12,2024-12-25,8.21,,2.87,6.44,,,,,,,,,,
1106,Vb-342.BL305-MNDE-RMS,342.BL305,,2024-12,2024-12-25,4.3,,2.86,3.06,,,,,,,,,,
1107,Vb-342.BL305-BLDE-RMS,342.BL305,,2025-02,2025-02-13,2.11,,1.94,1.79,,,,,,,,,,
1108,Vb-342.BL305-BLNDE-RMS,342.BL305,,2025-02,2025-02-13,2.21,,2.29,1.64,,,,,,,,,,
1109,Vb-342.BL305-MDE-RMS,342.BL305,,2025-02,2025-02-13,7.73,,1.34,4.73,,,,,,,,,,
1110,Vb-342.BL305-MNDE-RMS,342.BL305,,2025-02,2025-02-13,3.54,,3.29,2.64,,,,,,,,,,
1111,Vb-342.BL305-BLDE-RMS,342.BL305,,2025-04,2025-04-10,2.43,,2.15,1.82,,,,,,,,,,
1112,Vb-342.BL305-BLNDE-RMS,342.BL305,,2025-04,2025-04-10,2.24,,2.82,2.16,,,,,,,,,,
1113,Vb-342.BL305-MDE-RMS,342.BL305,,2025-04,2025-04-10,7.6,,2.02,4.11,,,,,,,,,,
1114,Vb-342.BL305-MNDE-RMS,342.BL305,,2025-04,2025-04-10,4.25,,2.68,2.98,,,,,,,,,,
1115,Vb-342.BL305-BLDE-RMS,342.BL305,,2025-07,2025-07-29,4.86,,2.83,2.86,,,,,,,,,,
1116,Vb-342.BL305-BLNDE-RMS,342.BL305,,2025-07,2025-07-29,4.91,,3.96,3.46,,,,,,,,,,
1117,Vb-342.BL305-MDE-RMS,342.BL305,,2025-07,2025-07-29,4.43,,2.64,3.32,,,,,,,,,,
1118,Vb-342.BL305-MNDE-RMS,342.BL305,,2025-07,2025-07-29,3.31,,2.64,3.22,,,,,,,,,,
1119,Vb-342.BL305-BLDE-RMS,342.BL305,,2025-10,2025-10-07,2.89,,3.67,3.82,,,,,,,,,,
1120,Vb-342.BL305-BLNDE-RMS,342.BL305,,2025-10,2025-10-07,2.53,,3.46,2.63,,,,,,,,,,
1121,Vb-342.BL305-MDE-RMS,342.BL305,,2025-10,2025-10-07,2.91,,2.64,3.86,,,,,,,,,,
1122,Vb-342.BL305-MNDE-RMS,342.BL305,,2025-10,2025-10-07,7.69,,1.46,0.91,,,,,,,,,,
1123,Vb-342.BL305-BLDE-RMS,342.BL305,,2026-02,2026-02-05,1.65,,1.3,1.63,,,,,,,,,,
1124,Vb-342.BL305-BLNDE-RMS,342.BL305,,2026-02,2026-02-05,1.61,,1.19,1.14,,,,,,,,,,
1125,Vb-342.BL305-MDE-RMS,342.BL305,,2026-02,2026-02-05,3.57,,2.08,2.97,,,,,,,,,,
1126,Vb-342.BL305-MNDE-RMS,342.BL305,,2026-02,2026-02-05,2.36,,2.36,2.5,,,,,,,,,,
1127,Vb-342.BL305-BLDE-RMS,342.BL305,,2026-04,2026-04-15,2.06,,1.87,2.25,,,,,,,,,,
1128,Vb-342.BL305-BLNDE-RMS,342.BL305,,2026-04,2026-04-15,2.04,,1.72,1.82,,,,,,,,,,
1129,Vb-342.BL305-MDE-RMS,342.BL305,,2026-04,2026-04-15,4.14,,2.25,2.23,,,,,,,,,,
1130,Vb-342.BL305-MNDE-RMS,342.BL305,,2026-04,2026-04-15,1.92,,2.2,2.43,,,,,,,,,,
1131,Vb-342.BL310-BLNDE-RMS,342.BL310,,2024-12,2024-12-25,,,2.4,2.07,,,,,,,,,,
1132,Vb-342.BL310-MDE-RMS,342.BL310,,2024-12,2024-12-25,4.1,,2.37,3.98,,,,,,,,,,
1133,Vb-342.BL310-MNDE-RMS,342.BL310,,2024-12,2024-12-25,,,2.2,2.7,,,,,,,,,,
1134,Vb-342.BL310-BLDE-RMS,342.BL310,,2025-01,2025-01-14,4.26,,3.08,2.85,,,,,,,,,,
1135,Vb-342.BL310-BLNDE-RMS,342.BL310,,2025-01,2025-01-14,3.68,,2.43,,,,,,,,,,,
1136,Vb-342.BL310-MDE-RMS,342.BL310,,2025-01,2025-01-14,4.43,,3.31,4.18,,,,,,,,,,
1137,Vb-342.BL310-MNDE-RMS,342.BL310,,2025-01,2025-01-14,4.56,,1.75,2.16,,,,,,,,,,
1138,Vb-342.BL310-BLDE-RMS,342.BL310,,2025-04,2025-04-10,4.39,,2.38,2.55,,,,,,,,,,
1139,Vb-342.BL310-BLNDE-RMS,342.BL310,,2025-04,2025-04-10,4.99,,2.63,2.75,,,,,,,,,,
1140,Vb-342.BL310-MDE-RMS,342.BL310,,2025-04,2025-04-10,5.04,,2.21,3.46,,,,,,,,,,
1141,Vb-342.BL310-MNDE-RMS,342.BL310,,2025-04,2025-04-10,5.18,,1.92,2.28,,,,,,,,,,
1142,Vb-342.BL310-BLDE-RMS,342.BL310,,2025-07,2025-07-29,5.52,,2.01,2.37,,,,,,,,,,
1143,Vb-342.BL310-BLNDE-RMS,342.BL310,,2025-07,2025-07-29,4.23,,3.2,3.27,,,,,,,,,,
1144,Vb-342.BL310-MDE-RMS,342.BL310,,2025-07,2025-07-29,5,,2.09,4.09,,,,,,,,,,
1145,Vb-342.BL310-MNDE-RMS,342.BL310,,2025-07,2025-07-29,1.19,,2.94,3.06,,,,,,,,,,
1146,Vb-342.BL310-BLDE-RMS,342.BL310,,2025-10,2025-10-07,2.19,,2.38,1.85,,,,,,,,,,
1147,Vb-342.BL310-BLNDE-RMS,342.BL310,,2025-10,2025-10-07,2.04,,1.99,1.95,,,,,,,,,,
1148,Vb-342.BL310-MDE-RMS,342.BL310,,2025-10,2025-10-07,5.66,,1.59,4.29,,,,,,,,,,
1149,Vb-342.BL310-MNDE-RMS,342.BL310,,2025-10,2025-10-07,4.84,,4.05,4.39,,,,,,,,,,
1150,Vb-342.BL310-BLDE-RMS,342.BL310,,2026-02,2026-02-05,1.82,,2.07,2.43,,,,,,,,,,
1151,Vb-342.BL310-BLNDE-RMS,342.BL310,,2026-02,2026-02-05,1.82,,2.19,1.53,,,,,,,,,,
1152,Vb-342.BL310-MDE-RMS,342.BL310,,2026-02,2026-02-05,5.67,,2.33,4.61,,,,,,,,,,
1153,Vb-342.BL310-MNDE-RMS,342.BL310,,2026-02,2026-02-05,1.73,,2.57,1.99,,,,,,,,,,
1154,Vb-342.BL310-BLDE-RMS,342.BL310,,2026-04,2026-04-15,1.53,,3.4,1.95,,,,,,,,,,
1155,Vb-342.BL310-BLNDE-RMS,342.BL310,,2026-04,2026-04-15,1.56,,2.7,2.28,,,,,,,,,,
1156,Vb-342.BL310-MDE-RMS,342.BL310,,2026-04,2026-04-15,5.45,,2.66,2.11,,,,,,,,,,
1157,Vb-342.BL310-MNDE-RMS,342.BL310,,2026-04,2026-04-15,2.45,,3.15,3.21,,,,,,,,,,
1158,Vb-342.FN315-FDE-RMS,342.FN315,,2025-01,2025-01-13,4.84,,3.55,3.26,2025-01-20,3.46,,4.65,2.54,,,,,
1159,Vb-342.FN315-FNDE-RMS,342.FN315,,2025-01,2025-01-13,4.63,,3.08,2.03,2025-01-20,2.43,,4.84,3.52,,,,,
1160,Vb-342.FN315-MDE-RMS,342.FN315,,2025-01,2025-01-13,,,1.89,1.91,2025-01-20,,,2.59,1.97,,,,,
1161,Vb-342.FN315-MNDE-RMS,342.FN315,,2025-01,2025-01-13,1.79,,1.66,1.71,2025-01-20,3.29,,2.3,3.59,,,,,
1162,Vb-342.FN315-FDE-RMS,342.FN315,,2025-02,2025-02-13,5.95,,6.04,4.54,,,,,,,,,,
1163,Vb-342.FN315-FNDE-RMS,342.FN315,,2025-02,2025-02-13,4.43,,5.61,5.29,,,,,,,,,,
1164,Vb-342.FN315-MDE-RMS,342.FN315,,2025-02,2025-02-13,,,4.13,5.89,,,,,,,,,,
1165,Vb-342.FN315-MNDE-RMS,342.FN315,,2025-02,2025-02-13,2.22,,3.07,5.94,,,,,,,,,,
1166,Vb-342.FN315-FDE-RMS,342.FN315,,2025-05,2025-05-18,4.34,,3.72,1.93,,,,,,,,,,
1167,Vb-342.FN315-FNDE-RMS,342.FN315,,2025-05,2025-05-18,3.84,,4.47,2.72,,,,,,,,,,
1168,Vb-342.FN315-MDE-RMS,342.FN315,,2025-05,2025-05-18,,,1.77,3.1,,,,,,,,,,
1169,Vb-342.FN315-MNDE-RMS,342.FN315,,2025-05,2025-05-18,3.37,,2.27,1.83,,,,,,,,,,
1170,Vb-342.FN315-FDE-RMS,342.FN315,,2025-07,2025-07-29,7.58,,9.79,5.5,,,,,,,,,,
1171,Vb-342.FN315-FNDE-RMS,342.FN315,,2025-07,2025-07-29,6.66,,9.44,6.87,,,,,,,,,,
1172,Vb-342.FN315-MDE-RMS,342.FN315,,2025-07,2025-07-29,,,5.84,5.72,,,,,,,,,,
1173,Vb-342.FN315-MNDE-RMS,342.FN315,,2025-07,2025-07-29,6.04,,6.91,7.94,,,,,,,,,,
1174,Vb-342.FN315-FDE-RMS,342.FN315,,2025-09,2025-09-25,6.62,,6.68,4.05,,,,,,,,,,
1175,Vb-342.FN315-FNDE-RMS,342.FN315,,2025-09,2025-09-25,5.21,,6,4.98,,,,,,,,,,
1176,Vb-342.FN315-MDE-RMS,342.FN315,,2025-09,2025-09-25,,,3.42,3.51,,,,,,,,,,
1177,Vb-342.FN315-MNDE-RMS,342.FN315,,2025-09,2025-09-25,2.83,,2.41,2.92,,,,,,,,,,
1178,Vb-342.FN315-FDE-RMS,342.FN315,,2026-01,2026-01-25,6.86,,9.88,4.57,,,,,,,,,,
1179,Vb-342.FN315-FNDE-RMS,342.FN315,,2026-01,2026-01-25,6.24,,11.13,5.04,,,,,,,,,,
1180,Vb-342.FN315-MDE-RMS,342.FN315,,2026-01,2026-01-25,,,5.33,4.48,2026-01-25,,,4.69,4.53,,,,,
1181,Vb-342.FN315-MNDE-RMS,342.FN315,,2026-01,2026-01-25,5.92,,5.12,4.89,2026-01-25,5.92,,,,,,,,
1182,Vb-342.FN315-FDE-RMS,342.FN315,,2026-03,2026-03-31,7.28,,10.72,5.07,,,,,,,,,,
1183,Vb-342.FN315-FNDE-RMS,342.FN315,,2026-03,2026-03-31,6.22,,12.14,6.16,,,,,,,,,,
1184,Vb-342.FN315-MNDE-RMS,342.FN315,,2026-03,2026-03-31,,,3.74,7.5,,,,,,,,,,
1185,Vb-342.FN315-FDE-RMS,342.FN315,,2026-04,2026-04-21,4.47,,13.21,5.91,,,,,,,,,,
1186,Vb-342.FN315-FNDE-RMS,342.FN315,,2026-04,2026-04-21,3.62,,12.81,5.62,,,,,,,,,,
1187,Vb-342.FN315-MDE-RMS,342.FN315,,2026-04,2026-04-21,,,7.57,7.3,,,,,,,,,,
1188,Vb-342.FN315-MNDE-RMS,342.FN315,,2026-04,2026-04-21,9.67,,4.99,8.57,,,,,,,,,,
1189,Vb-351.BE340-MDE-RMS,351.BE340,,2025-02,2025-02-05,1.12,,1.59,1.29,,,,,,,,,,
1190,Vb-351.BE340-MNDE-RMS,351.BE340,,2025-02,2025-02-05,2.22,,2.31,2.45,,,,,,,,,,
1191,Vb-351.BE340-S1NDE-RMS,351.BE340,,2025-02,2025-02-05,1.27,,1.03,1.57,,,,,,,,,,
1192,Vb-351.BE340-S2NDE-RMS,351.BE340,,2025-02,2025-02-05,1.15,,1.34,1.78,,,,,,,,,,
1193,Vb-351.BE340-S3DE-RMS,351.BE340,,2025-02,2025-02-05,0.78,,0.81,1.97,,,,,,,,,,
1194,Vb-351.BE340-S3NDE-RMS,351.BE340,,2025-02,2025-02-05,0.91,,0.98,2.36,,,,,,,,,,
1195,Vb-351.BE340-MDE-RMS,351.BE340,,2025-04,2025-04-16,1.15,,1.92,2.27,,,,,,,,,,
1196,Vb-351.BE340-MNDE-RMS,351.BE340,,2025-04,2025-04-16,1.37,,2.78,3.93,,,,,,,,,,
1197,Vb-351.BE340-S1NDE-RMS,351.BE340,,2025-04,2025-04-16,1.49,,1.26,1.63,,,,,,,,,,
1198,Vb-351.BE340-S2NDE-RMS,351.BE340,,2025-04,2025-04-16,1.39,,1.37,2.29,,,,,,,,,,
1199,Vb-351.BE340-S3DE-RMS,351.BE340,,2025-04,2025-04-16,0.89,,1.01,2.58,,,,,,,,,,
1200,Vb-351.BE340-S3NDE-RMS,351.BE340,,2025-04,2025-04-16,0.87,,0.92,3.38,,,,,,,,,,
1201,Vb-351.BE340-MDE-RMS,351.BE340,,2025-06,2025-06-23,1.38,,2.17,1.56,,,,,,,,,,
1202,Vb-351.BE340-MNDE-RMS,351.BE340,,2025-06,2025-06-23,1.45,,3.6,4.84,,,,,,,,,,
1203,Vb-351.BE340-S1NDE-RMS,351.BE340,,2025-06,2025-06-23,1.76,,1.44,1.44,,,,,,,,,,
1204,Vb-351.BE340-S2NDE-RMS,351.BE340,,2025-06,2025-06-23,1.07,,1.7,2.24,,,,,,,,,,
1205,Vb-351.BE340-S3DE-RMS,351.BE340,,2025-06,2025-06-23,0.92,,0.98,3.62,,,,,,,,,,
1206,Vb-351.BE340-S3NDE-RMS,351.BE340,,2025-06,2025-06-23,0.99,,0.94,3.1,,,,,,,,,,
1207,Vb-351.BE340-MDE-RMS,351.BE340,,2025-08,2025-08-11,1.27,,1.4,1.71,,,,,,,,,,
1208,Vb-351.BE340-MNDE-RMS,351.BE340,,2025-08,2025-08-11,1.29,,2.54,2.77,,,,,,,,,,
1209,Vb-351.BE340-S1NDE-RMS,351.BE340,,2025-08,2025-08-11,1.36,,1.18,1.64,,,,,,,,,,
1210,Vb-351.BE340-S2NDE-RMS,351.BE340,,2025-08,2025-08-11,1.41,,1.29,2.2,,,,,,,,,,
1211,Vb-351.BE340-S3DE-RMS,351.BE340,,2025-08,2025-08-11,0.73,,0.88,2.66,,,,,,,,,,
1212,Vb-351.BE340-S3NDE-RMS,351.BE340,,2025-08,2025-08-11,0.91,,0.95,3.44,,,,,,,,,,
1213,Vb-351.BE340-MDE-RMS,351.BE340,,2026-02,2026-02-17,1.75,,1.85,1.75,,,,,,,,,,
1214,Vb-351.BE340-MNDE-RMS,351.BE340,,2026-02,2026-02-17,1.6,,3.24,3.47,,,,,,,,,,
1215,Vb-351.BE340-S1NDE-RMS,351.BE340,,2026-02,2026-02-17,1.73,,1.32,1.56,,,,,,,,,,
1216,Vb-351.BE340-S2NDE-RMS,351.BE340,,2026-02,2026-02-17,1.82,,1.57,2.13,,,,,,,,,,
1217,Vb-351.BE340-S3DE-RMS,351.BE340,,2026-02,2026-02-17,1.1,,1.42,2.4,,,,,,,,,,
1218,Vb-351.BE340-S3NDE-RMS,351.BE340,,2026-02,2026-02-17,1.43,,1.39,3,,,,,,,,,,
1219,,351.BE340,Shaft 1 inboard,2026-04,2026-04-29,1.53,,1.25,1.43,,,,,,,,,,
1220,,351.BE340,Shaft 2 inboard,2026-04,2026-04-29,1.68,,1.31,1.77,,,,,,,,,,
1221,Vb-351.BE340-MDE-RMS,351.BE340,,2026-04,2026-04-29,1.47,,1.9,2.16,,,,,,,,,,
1222,Vb-351.BE340-MNDE-RMS,351.BE340,,2026-04,2026-04-29,1.44,,3.48,3.36,,,,,,,,,,
1223,Vb-351.BE340-S3DE-RMS,351.BE340,,2026-04,2026-04-29,1.19,,1.36,2.68,,,,,,,,,,
1224,Vb-351.BE341-MDE-RMS,351.BE341,,2025-02,2025-02-05,1.16,,1.84,1.96,,,,,,,,,,
1225,Vb-351.BE341-MNDE-RMS,351.BE341,,2025-02,2025-02-05,1.15,,1.46,2.62,,,,,,,,,,
1226,Vb-351.BE341-S1NDE-RMS,351.BE341,,2025-02,2025-02-05,1.32,,0.9,1.67,,,,,,,,,,
1227,Vb-351.BE341-S2NDE-RMS,351.BE341,,2025-02,2025-02-05,0.98,,1.01,1.78,,,,,,,,,,
1228,Vb-351.BE341-S3DE-RMS,351.BE341,,2025-02,2025-02-05,0.84,,1.07,1.82,,,,,,,,,,
1229,Vb-351.BE341-S3NDE-RMS,351.BE341,,2025-02,2025-02-05,1.58,,1.33,2.51,,,,,,,,,,
1230,Vb-351.BE341-MDE-RMS,351.BE341,,2025-04,2025-04-16,1.32,,2.03,1.63,,,,,,,,,,
1231,Vb-351.BE341-MNDE-RMS,351.BE341,,2025-04,2025-04-16,1.09,,1.81,3.42,,,,,,,,,,
1232,Vb-351.BE341-S1NDE-RMS,351.BE341,,2025-04,2025-04-16,1.18,,1.08,1.91,,,,,,,,,,
1233,Vb-351.BE341-S2NDE-RMS,351.BE341,,2025-04,2025-04-16,1.51,,0.9,2.46,,,,,,,,,,
1234,Vb-351.BE341-S3DE-RMS,351.BE341,,2025-04,2025-04-16,1.08,,1.05,2.47,,,,,,,,,,
1235,Vb-351.BE341-S3NDE-RMS,351.BE341,,2025-04,2025-04-16,0.94,,0.79,3.02,,,,,,,,,,
1236,Vb-351.BE341-MDE-RMS,351.BE341,,2025-06,2025-06-23,1.2,,2.23,1.56,,,,,,,,,,
1237,Vb-351.BE341-MNDE-RMS,351.BE341,,2025-06,2025-06-23,1.22,,1.57,3.81,,,,,,,,,,
1238,Vb-351.BE341-S1NDE-RMS,351.BE341,,2025-06,2025-06-23,1.69,,1.33,2.34,,,,,,,,,,
1239,Vb-351.BE341-S2NDE-RMS,351.BE341,,2025-06,2025-06-23,1.47,,1.19,3.12,,,,,,,,,,
1240,Vb-351.BE341-S3DE-RMS,351.BE341,,2025-06,2025-06-23,1.08,,1.09,3.02,,,,,,,,,,
1241,Vb-351.BE341-S3NDE-RMS,351.BE341,,2025-06,2025-06-23,1.01,,1.2,3.45,,,,,,,,,,
1242,Vb-351.BE341-MDE-RMS,351.BE341,,2025-08,2025-08-11,1.97,,2.11,2.1,,,,,,,,,,
1243,Vb-351.BE341-MNDE-RMS,351.BE341,,2025-08,2025-08-11,1.49,,1.32,2.52,,,,,,,,,,
1244,Vb-351.BE341-S1NDE-RMS,351.BE341,,2025-08,2025-08-11,1.22,,0.86,1.91,,,,,,,,,,
1245,Vb-351.BE341-S2NDE-RMS,351.BE341,,2025-08,2025-08-11,0.76,,0.96,1.99,,,,,,,,,,
1246,Vb-351.BE341-S3DE-RMS,351.BE341,,2025-08,2025-08-11,0.89,,0.89,1.54,,,,,,,,,,
1247,Vb-351.BE341-S3NDE-RMS,351.BE341,,2025-08,2025-08-11,1.41,,0.81,2.16,,,,,,,,,,
1248,Vb-351.BE341-MDE-RMS,351.BE341,,2026-02,2026-02-17,2.68,,2.57,2.4,,,,,,,,,,
1249,Vb-351.BE341-MNDE-RMS,351.BE341,,2026-02,2026-02-17,2.31,,4.79,3.75,,,,,,,,,,
1250,Vb-351.BE341-S1NDE-RMS,351.BE341,,2026-02,2026-02-17,1.73,,1.72,1.68,,,,,,,,,,
1251,Vb-351.BE341-S2NDE-RMS,351.BE341,,2026-02,2026-02-17,1.85,,1.75,1.73,,,,,,,,,,
1252,Vb-351.BE341-S3DE-RMS,351.BE341,,2026-02,2026-02-17,1.34,,1.39,1.6,,,,,,,,,,
1253,Vb-351.BE341-S3NDE-RMS,351.BE341,,2026-02,2026-02-17,1.6,,1.71,1.85,,,,,,,,,,
1254,,351.BE341,Shaft 1 inboard,2026-04,2026-04-29,1.82,,1.64,1.87,,,,,,,,,,
1255,,351.BE341,Shaft 2 inboard,2026-04,2026-04-29,1.64,,1.92,1.75,,,,,,,,,,
1256,Vb-351.BE341-MDE-RMS,351.BE341,,2026-04,2026-04-29,3.18,,3.09,2.45,,,,,,,,,,
1257,Vb-351.BE341-MNDE-RMS,351.BE341,,2026-04,2026-04-29,2.31,,4.66,3.51,,,,,,,,,,
1258,Vb-351.BE341-S3DE-RMS,351.BE341,,2026-04,2026-04-29,1.43,,2.05,3,,,,,,,,,,
1259,Vb-351.BL110-BLDE-RMS,351.BL110,,2025-08,2025-08-07,3.07,,1.67,2.98,,,,,,,,,,
1260,Vb-351.BL110-BLNDE-RMS,351.BL110,,2025-08,2025-08-07,4.21,,3.69,5.14,,,,,,,,,,
1261,Vb-351.BL110-MDE-RMS,351.BL110,,2025-08,2025-08-07,2.27,,1.79,1.6,,,,,,,,,,
1262,Vb-351.BL110-MNDE-RMS,351.BL110,,2025-08,2025-08-07,2.32,,2.43,1.76,,,,,,,,,,
1263,Vb-351.BL110-BLDE-RMS,351.BL110,,2025-09,2025-09-24,4.44,,3.51,3.51,,,,,,,,,,
1264,Vb-351.BL110-BLNDE-RMS,351.BL110,,2025-09,2025-09-24,3.52,,6.65,5.17,,,,,,,,,,
1265,Vb-351.BL110-MDE-RMS,351.BL110,,2025-09,2025-09-24,3.09,,1.93,4.03,,,,,,,,,,
1266,Vb-351.BL110-MNDE-RMS,351.BL110,,2025-09,2025-09-24,3.05,,4.79,3.75,,,,,,,,,,
1267,Vb-351.BL110-BLDE-RMS,351.BL110,,2026-02,2026-02-17,3.35,,2.39,3.24,,,,,,,,,,
1268,Vb-351.BL110-BLNDE-RMS,351.BL110,,2026-02,2026-02-17,2.83,,5.68,4.53,,,,,,,,,,
1269,Vb-351.BL110-MDE-RMS,351.BL110,,2026-02,2026-02-17,3.85,,2.89,2.96,,,,,,,,,,
1270,Vb-351.BL110-MNDE-RMS,351.BL110,,2026-02,2026-02-17,3.38,,3.83,3.83,,,,,,,,,,
1271,Vb-351.BL110-BLDE-RMS,351.BL110,,2026-03,2026-03-26,3.97,,3.03,3.33,,,,,,,,,,
1272,Vb-351.BL110-BLNDE-RMS,351.BL110,,2026-03,2026-03-26,3.01,,5.41,4.52,,,,,,,,,,
1273,Vb-351.BL110-MDE-RMS,351.BL110,,2026-03,2026-03-26,2.5,,1.7,3.32,,,,,,,,,,
1274,Vb-351.BL110-MNDE-RMS,351.BL110,,2026-03,2026-03-26,2.81,,4.62,3.65,,,,,,,,,,
1275,Vb-351.BL110-BLDE-RMS,351.BL110,,2026-04,2026-04-26,3.21,,3.06,5.91,,,,,,,,,,
1276,Vb-351.BL110-BLNDE-RMS,351.BL110,,2026-04,2026-04-26,2.76,,3.29,5.86,,,,,,,,,,
1277,Vb-351.BL110-MDE-RMS,351.BL110,,2026-04,2026-04-26,2.53,,1.71,2.27,,,,,,,,,,
1278,Vb-351.BL110-MNDE-RMS,351.BL110,,2026-04,2026-04-26,2.21,,4.01,5.2,,,,,,,,,,
1279,,351.BL115,BL DE,2024-12,2024-12-15,3.79,,8.42,5.28,,,,,,,,,,
1280,,351.BL115,BL NDE,2024-12,2024-12-15,3.74,,6.86,6.64,,,,,,,,,,
1281,,351.BL115,Motor DE,2024-12,2024-12-15,9.1,,6.54,5.34,,,,,,,,,,
1282,,351.BL115,Motor NDE,2024-12,2024-12-15,10.96,,5.76,4.09,,,,,,,,,,
1283,,351.BL115,BL DE,2025-01,2025-01-27,3.23,,3.53,4,,,,,,,,,,
1284,,351.BL115,BL NDE,2025-01,2025-01-27,2.68,,5.42,5.61,,,,,,,,,,
1285,,351.BL115,Motor DE,2025-01,2025-01-27,3.8,,5.12,6.25,,,,,,,,,,
1286,,351.BL115,Motor NDE,2025-01,2025-01-27,3.35,,6.85,6.44,,,,,,,,,,
1287,,351.BL115,BL DE,2025-02,2025-02-03,4.24,,6.87,5.94,,,,,,,,,,
1288,,351.BL115,BL NDE,2025-02,2025-02-03,4.73,,8.02,7.46,,,,,,,,,,
1289,,351.BL115,Motor DE,2025-02,2025-02-03,2.05,,4.5,3.29,,,,,,,,,,
1290,,351.BL115,Motor NDE,2025-02,2025-02-03,4,,3.25,3.37,,,,,,,,,,
1291,,351.BL115,Motor DE,2025-04,2025-04-13,2.87,,,,,,,,,,,,,
1292,,351.BL115,BL DE,2025-05,2025-05-20,3.2,,5.72,4.63,,,,,,,,,,
1293,,351.BL115,BL NDE,2025-05,2025-05-20,4.7,,7.25,13.31,,,,,,,,,,
1294,,351.BL115,Motor DE,2025-05,2025-05-20,,,4.23,2.53,,,,,,,,,,
1295,,351.BL115,Motor NDE,2025-05,2025-05-20,3,,2.06,3.03,,,,,,,,,,
1296,Vb-352.BE340-MDE-RMS,352.BE340,,2025-01,2025-01-13,2.6,,3.61,3.02,,,,,,,,,,
1297,Vb-352.BE340-MNDE-RMS,352.BE340,,2025-01,2025-01-13,2.32,,5.66,3.75,,,,,,,,,,
1298,Vb-352.BE340-S1NDE-RMS,352.BE340,,2025-01,2025-01-13,2,,1.7,1.7,,,,,,,,,,
1299,Vb-352.BE340-S2NDE-RMS,352.BE340,,2025-01,2025-01-13,1.38,,2.42,2.11,,,,,,,,,,
1300,Vb-352.BE340-S3DE-RMS,352.BE340,,2025-01,2025-01-13,1.7,,1.99,1.9,,,,,,,,,,
1301,Vb-352.BE340-S3NDE-RMS,352.BE340,,2025-01,2025-01-13,1.54,,3.18,1.7,,,,,,,,,,
1302,Vb-352.BE340-MDE-RMS,352.BE340,,2025-02,2025-02-13,2.49,,2.58,2.68,,,,,,,,,,
1303,Vb-352.BE340-MNDE-RMS,352.BE340,,2025-02,2025-02-13,1.79,,5.27,4.58,,,,,,,,,,
1304,Vb-352.BE340-S1NDE-RMS,352.BE340,,2025-02,2025-02-13,2.07,,1.71,1.74,,,,,,,,,,
1305,Vb-352.BE340-S2NDE-RMS,352.BE340,,2025-02,2025-02-13,1.34,,1.78,1.28,,,,,,,,,,
1306,Vb-352.BE340-S3DE-RMS,352.BE340,,2025-02,2025-02-13,1.26,,1.7,1.42,,,,,,,,,,
1307,Vb-352.BE340-S3NDE-RMS,352.BE340,,2025-02,2025-02-13,1.26,,1.99,1.2,,,,,,,,,,
1308,,352.BE340,Shaft 1 Ouboard,2025-04,2025-04-10,1.61,,1.43,2.67,,,,,,,,,,
1309,Vb-352.BE340-MDE-RMS,352.BE340,,2025-04,2025-04-10,2.85,,3.74,3.39,,,,,,,,,,
1310,Vb-352.BE340-MNDE-RMS,352.BE340,,2025-04,2025-04-10,2.03,,4.14,4.24,,,,,,,,,,
1311,Vb-352.BE340-S2NDE-RMS,352.BE340,,2025-04,2025-04-10,2.22,,1.37,2.82,,,,,,,,,,
1312,Vb-352.BE340-S3DE-RMS,352.BE340,,2025-04,2025-04-10,1.47,,1.65,2,,,,,,,,,,
1313,Vb-352.BE340-S3NDE-RMS,352.BE340,,2025-04,2025-04-10,1.65,,1.6,2.59,,,,,,,,,,
1314,Vb-352.BE340-MDE-RMS,352.BE340,,2025-06,2025-06-18,2.73,,3.66,4.62,,,,,,,,,,
1315,Vb-352.BE340-MNDE-RMS,352.BE340,,2025-06,2025-06-18,2.36,,5.03,5.81,,,,,,,,,,
1316,Vb-352.BE340-S1NDE-RMS,352.BE340,,2025-06,2025-06-18,2.15,,1.95,2.95,,,,,,,,,,
1317,Vb-352.BE340-S2NDE-RMS,352.BE340,,2025-06,2025-06-18,2.01,,1.63,2.21,,,,,,,,,,
1318,Vb-352.BE340-S3DE-RMS,352.BE340,,2025-06,2025-06-18,1.94,,2.41,2.62,,,,,,,,,,
1319,Vb-352.BE340-S3NDE-RMS,352.BE340,,2025-06,2025-06-18,1.8,,2.02,2.71,,,,,,,,,,
1320,Vb-352.BE340-MDE-RMS,352.BE340,,2025-08,2025-08-19,3.52,,3.38,3.82,,,,,,,,,,
1321,Vb-352.BE340-MNDE-RMS,352.BE340,,2025-08,2025-08-19,2.67,,4.56,5.16,,,,,,,,,,
1322,Vb-352.BE340-S1NDE-RMS,352.BE340,,2025-08,2025-08-19,2.43,,1.52,2.42,,,,,,,,,,
1323,Vb-352.BE340-S2NDE-RMS,352.BE340,,2025-08,2025-08-19,2.57,,2.22,2.43,,,,,,,,,,
1324,Vb-352.BE340-S3DE-RMS,352.BE340,,2025-08,2025-08-19,1.74,,1.92,1.79,,,,,,,,,,
1325,Vb-352.BE340-S3NDE-RMS,352.BE340,,2025-08,2025-08-19,1.97,,1.78,2.07,,,,,,,,,,
1326,Vb-352.BE340-MDE-RMS,352.BE340,,2026-02,2026-02-09,2.97,,3.71,3.25,,,,,,,,,,
1327,Vb-352.BE340-MNDE-RMS,352.BE340,,2026-02,2026-02-09,2.8,,3.78,4.37,,,,,,,,,,
1328,Vb-352.BE340-S1NDE-RMS,352.BE340,,2026-02,2026-02-09,2.42,,1.38,2.18,,,,,,,,,,
1329,Vb-352.BE340-S2NDE-RMS,352.BE340,,2026-02,2026-02-09,1.91,,1.72,2.58,,,,,,,,,,
1330,Vb-352.BE340-S3DE-RMS,352.BE340,,2026-02,2026-02-09,1.69,,1.88,2.12,,,,,,,,,,
1331,Vb-352.BE340-S3NDE-RMS,352.BE340,,2026-02,2026-02-09,1.9,,2.11,3.13,,,,,,,,,,
1332,,352.BE340,Shaft 1 inboard,2026-04,2026-04-20,2.81,,4.19,2.16,,,,,,,,,,
1333,,352.BE340,Shaft 2 inboard,2026-04,2026-04-20,2.67,,2.89,2.02,,,,,,,,,,
1334,Vb-352.BE340-MDE-RMS,352.BE340,,2026-04,2026-04-20,2.95,,6.98,5.11,,,,,,,,,,
1335,Vb-352.BE340-MNDE-RMS,352.BE340,,2026-04,2026-04-20,3.17,,7.17,4.27,,,,,,,,,,
1336,Vb-352.BE340-S3DE-RMS,352.BE340,,2026-04,2026-04-20,2.51,,3.4,2.92,,,,,,,,,,
1337,Vb-352.BE341-MDE-RMS,352.BE341,,2025-01,2025-01-13,2.88,,2.42,2.42,,,,,,,,,,
1338,Vb-352.BE341-MNDE-RMS,352.BE341,,2025-01,2025-01-13,3,,3.98,2.75,,,,,,,,,,
1339,Vb-352.BE341-S1NDE-RMS,352.BE341,,2025-01,2025-01-13,2.58,,1.28,2.05,,,,,,,,,,
1340,Vb-352.BE341-S2NDE-RMS,352.BE341,,2025-01,2025-01-13,1.21,,2.37,1.66,,,,,,,,,,
1341,Vb-352.BE341-S3DE-RMS,352.BE341,,2025-01,2025-01-13,1.24,,2.67,1.52,,,,,,,,,,
1342,Vb-352.BE341-S3NDE-RMS,352.BE341,,2025-01,2025-01-13,1.69,,2.66,2.1,,,,,,,,,,
1343,Vb-352.BE341-MDE-RMS,352.BE341,,2025-02,2025-02-13,2.04,,1.78,1.43,,,,,,,,,,
1344,Vb-352.BE341-MNDE-RMS,352.BE341,,2025-02,2025-02-13,1.51,,3.09,2.3,,,,,,,,,,
1345,Vb-352.BE341-S1NDE-RMS,352.BE341,,2025-02,2025-02-13,1.01,,1.3,1.55,,,,,,,,,,
1346,Vb-352.BE341-S2NDE-RMS,352.BE341,,2025-02,2025-02-13,1.31,,1.01,1.39,,,,,,,,,,
1347,Vb-352.BE341-S3DE-RMS,352.BE341,,2025-02,2025-02-13,1.22,,1.3,1.79,,,,,,,,,,
1348,Vb-352.BE341-S3NDE-RMS,352.BE341,,2025-02,2025-02-13,1.42,,0.84,1.48,,,,,,,,,,
1349,,352.BE341,Shaft 1 Ouboard,2025-04,2025-04-10,1.83,,1.19,1.35,,,,,,,,,,
1350,Vb-352.BE341-MDE-RMS,352.BE341,,2025-04,2025-04-10,2.13,,2.12,1.82,,,,,,,,,,
1351,Vb-352.BE341-MNDE-RMS,352.BE341,,2025-04,2025-04-10,1.65,,3.88,2.64,,,,,,,,,,
1352,Vb-352.BE341-S2NDE-RMS,352.BE341,,2025-04,2025-04-10,1.33,,1.29,1.34,,,,,,,,,,
1353,Vb-352.BE341-S3DE-RMS,352.BE341,,2025-04,2025-04-10,1.42,,1.23,1.68,,,,,,,,,,
1354,Vb-352.BE341-S3NDE-RMS,352.BE341,,2025-04,2025-04-10,1.55,,1.32,1.88,,,,,,,,,,
1355,Vb-352.BE341-MDE-RMS,352.BE341,,2025-06,2025-06-18,3.18,,2.25,3.11,,,,,,,,,,
1356,Vb-352.BE341-MNDE-RMS,352.BE341,,2025-06,2025-06-18,2.42,,3.45,4.04,,,,,,,,,,
1357,Vb-352.BE341-S1NDE-RMS,352.BE341,,2025-06,2025-06-18,1.86,,1.26,2.58,,,,,,,,,,
1358,Vb-352.BE341-S2NDE-RMS,352.BE341,,2025-06,2025-06-18,1.65,,1.48,2.2,,,,,,,,,,
1359,Vb-352.BE341-S3DE-RMS,352.BE341,,2025-06,2025-06-18,1.32,,1.6,2.61,,,,,,,,,,
1360,Vb-352.BE341-S3NDE-RMS,352.BE341,,2025-06,2025-06-18,1.43,,1.59,3.21,,,,,,,,,,
1361,Vb-352.BE341-MDE-RMS,352.BE341,,2025-08,2025-08-19,2.48,,3.41,2.12,,,,,,,,,,
1362,Vb-352.BE341-MNDE-RMS,352.BE341,,2025-08,2025-08-19,2.24,,3.55,3.23,,,,,,,,,,
1363,Vb-352.BE341-S1NDE-RMS,352.BE341,,2025-08,2025-08-19,2.81,,1.69,2.71,,,,,,,,,,
1364,Vb-352.BE341-S2NDE-RMS,352.BE341,,2025-08,2025-08-19,1.45,,1.89,2.21,,,,,,,,,,
1365,Vb-352.BE341-S3DE-RMS,352.BE341,,2025-08,2025-08-19,1.29,,1.32,3.11,,,,,,,,,,
1366,Vb-352.BE341-S3NDE-RMS,352.BE341,,2025-08,2025-08-19,1.46,,1.94,2.78,,,,,,,,,,
1367,Vb-352.BE341-MDE-RMS,352.BE341,,2026-02,2026-02-09,2.61,,3.39,2.7,,,,,,,,,,
1368,Vb-352.BE341-MNDE-RMS,352.BE341,,2026-02,2026-02-09,3.02,,3.3,3.21,,,,,,,,,,
1369,Vb-352.BE341-S1NDE-RMS,352.BE341,,2026-02,2026-02-09,2.07,,1.93,2.14,,,,,,,,,,
1370,Vb-352.BE341-S2NDE-RMS,352.BE341,,2026-02,2026-02-09,1.94,,0.88,2.51,,,,,,,,,,
1371,Vb-352.BE341-S3DE-RMS,352.BE341,,2026-02,2026-02-09,1.47,,2.39,2.06,,,,,,,,,,
1372,Vb-352.BE341-S3NDE-RMS,352.BE341,,2026-02,2026-02-09,1.5,,1.89,1.93,,,,,,,,,,
1373,,352.BE341,Shaft 1 inboard,2026-04,2026-04-20,1.51,,1.35,1.45,,,,,,,,,,
1374,,352.BE341,Shaft 2 inboard,2026-04,2026-04-20,1.59,,1.45,1.22,,,,,,,,,,
1375,Vb-352.BE341-MDE-RMS,352.BE341,,2026-04,2026-04-20,1.98,,2.79,2.33,,,,,,,,,,
1376,Vb-352.BE341-MNDE-RMS,352.BE341,,2026-04,2026-04-20,1.65,,2.27,1.82,,,,,,,,,,
1377,Vb-352.BE341-S3DE-RMS,352.BE341,,2026-04,2026-04-20,1.41,,2,1.69,,,,,,,,,,
1378,Vb-352.BL110-BLDE-RMS,352.BL110,,2025-07,2025-07-29,3.31,,6.79,5.93,,,,,,,,,,
1379,Vb-352.BL110-BLNDE-RMS,352.BL110,,2025-07,2025-07-29,4.65,,6.04,5.93,,,,,,,,,,
1380,Vb-352.BL110-MDE-RMS,352.BL110,,2025-07,2025-07-29,3.2,,4.9,5.51,,,,,,,,,,
1381,Vb-352.BL110-MNDE-RMS,352.BL110,,2025-07,2025-07-29,1.35,,2.94,2.24,,,,,,,,,,
1382,Vb-352.BL110-BLDE-RMS,352.BL110,,2025-10,2025-10-07,4.19,,6.15,7.19,,,,,,,,,,
1383,Vb-352.BL110-BLNDE-RMS,352.BL110,,2025-10,2025-10-07,4.54,,6.16,6.25,,,,,,,,,,
1384,Vb-352.BL110-MDE-RMS,352.BL110,,2025-10,2025-10-07,8.06,,4.97,5.09,,,,,,,,,,
1385,Vb-352.BL110-MNDE-RMS,352.BL110,,2025-10,2025-10-07,1.85,,3.06,2.17,,,,,,,,,,
1386,,352.BL115,BL DE,2024-12,2024-12-25,2.94,,3.08,3.44,,,,,,,,,,
1387,,352.BL115,BL NDE,2024-12,2024-12-25,4.55,,4.34,4.59,,,,,,,,,,
1388,,352.BL115,Motor DE,2024-12,2024-12-25,3.6,,2.36,1.89,,,,,,,,,,
1389,,352.BL115,Motor NDE,2024-12,2024-12-25,3.5,,2.89,1.77,,,,,,,,,,
1390,,352.BL115,BL DE,2025-02,2025-02-13,3.96,,3.08,3.18,,,,,,,,,,
1391,,352.BL115,BL NDE,2025-02,2025-02-13,4.38,,4.11,3.87,,,,,,,,,,
1392,,352.BL115,Motor DE,2025-02,2025-02-13,3.24,,2,4.28,,,,,,,,,,
1393,,352.BL115,Motor NDE,2025-02,2025-02-13,2.44,,3.45,2.26,,,,,,,,,,
1394,,352.BL115,BL DE,2025-04,2025-04-10,3.09,,2.85,3.18,,,,,,,,,,
1395,,352.BL115,BL NDE,2025-04,2025-04-10,3.11,,4.43,4.32,,,,,,,,,,
1396,,352.BL115,Motor DE,2025-04,2025-04-10,2.76,,2.5,2.55,,,,,,,,,,
1397,,352.BL115,Motor NDE,2025-04,2025-04-10,3.08,,3.14,3.36,,,,,,,,,,
1398,,352.BL115,BL DE,2026-02,2026-02-05,2.92,,2.27,3.24,,,,,,,,,,
1399,,352.BL115,BL NDE,2026-02,2026-02-05,2.38,,1.84,2.91,,,,,,,,,,
1400,,352.BL115,Motor DE,2026-02,2026-02-05,4.09,,1.16,4.95,,,,,,,,,,
1401,,352.BL115,Motor NDE,2026-02,2026-02-05,2.71,,1.67,1.69,2026-02-05,2.71,,,,,,,,
1402,,352.BL115,BL DE,2026-04,2026-04-15,2.19,,3.13,3.62,,,,,,,,,,
1403,,352.BL115,BL NDE,2026-04,2026-04-15,2.21,,2.48,1.85,,,,,,,,,,
1404,,352.BL115,Motor DE,2026-04,2026-04-15,2.99,,1.04,2.14,,,,,,,,,,
1405,,352.BL115,Motor NDE,2026-04,2026-04-15,2.71,,,,2026-04-15,,,1.56,1.65,,,,,
1406,Vb-431.FN171-FDE-RMS,431.FN171,,2024-12,2024-12-09,1.38,,0.96,0.8,,,,,,,,,,
1407,Vb-431.FN171-FNDE-RMS,431.FN171,,2024-12,2024-12-09,1.37,,1.21,1.13,,,,,,,,,,
1408,Vb-431.FN171-MDE-RMS,431.FN171,,2024-12,2024-12-09,2.02,,1.15,1.42,,,,,,,,,,
1409,Vb-431.FN171-MNDE-RMS,431.FN171,,2024-12,2024-12-09,1.07,,0.75,1.64,,,,,,,,,,
1410,Vb-431.FN171-FDE-RMS,431.FN171,,2025-02,2025-02-05,0.92,,0.9,0.82,,,,,,,,,,
1411,Vb-431.FN171-FNDE-RMS,431.FN171,,2025-02,2025-02-05,0.89,,0.95,1,,,,,,,,,,
1412,Vb-431.FN171-MDE-RMS,431.FN171,,2025-02,2025-02-05,1.13,,0.91,1.15,,,,,,,,,,
1413,Vb-431.FN171-MNDE-RMS,431.FN171,,2025-02,2025-02-05,0.77,,0.61,1.09,,,,,,,,,,
1414,Vb-431.FN171-FDE-RMS,431.FN171,,2025-05,2025-05-14,1.21,,1.09,0.73,,,,,,,,,,
1415,Vb-431.FN171-FNDE-RMS,431.FN171,,2025-05,2025-05-14,1.35,,1.24,1.04,,,,,,,,,,
1416,Vb-431.FN171-MDE-RMS,431.FN171,,2025-05,2025-05-14,1.63,,1.09,0.96,,,,,,,,,,
1417,Vb-431.FN171-MNDE-RMS,431.FN171,,2025-05,2025-05-14,1.09,,0.75,0.7,,,,,,,,,,
1418,Vb-431.FN171-FDE-RMS,431.FN171,,2025-07,2025-07-10,0.81,,0.69,0.47,,,,,,,,,,
1419,Vb-431.FN171-FNDE-RMS,431.FN171,,2025-07,2025-07-10,0.78,,0.65,0.68,,,,,,,,,,
1420,Vb-431.FN171-MDE-RMS,431.FN171,,2025-07,2025-07-10,1.05,,0.93,0.9,,,,,,,,,,
1421,Vb-431.FN171-MNDE-RMS,431.FN171,,2025-07,2025-07-10,1.42,,0.5,1.12,,,,,,,,,,
1422,Vb-431.FN171-FDE-RMS,431.FN171,,2025-09,2025-09-02,0.78,,0.86,0.48,2025-09-16,0.72,,1.08,0.51,,,,,
1423,Vb-431.FN171-FNDE-RMS,431.FN171,,2025-09,2025-09-02,0.8,,1,0.66,2025-09-16,0.76,,1.29,1,,,,,
1424,Vb-431.FN171-MDE-RMS,431.FN171,,2025-09,2025-09-02,0.88,,0.98,0.83,2025-09-16,1.03,,1.18,1.01,,,,,
1425,Vb-431.FN171-MNDE-RMS,431.FN171,,2025-09,2025-09-02,0.74,,0.67,0.56,2025-09-16,0.75,,0.79,0.62,,,,,
1426,Vb-431.FN171-FDE-RMS,431.FN171,,2026-02,2026-02-17,1.41,,1.45,0.63,,,,,,,,,,
1427,Vb-431.FN171-FNDE-RMS,431.FN171,,2026-02,2026-02-17,1.51,,1.48,1,,,,,,,,,,
1428,Vb-431.FN171-MDE-RMS,431.FN171,,2026-02,2026-02-17,1.85,,1.5,1.16,,,,,,,,,,
1429,Vb-431.FN171-MNDE-RMS,431.FN171,,2026-02,2026-02-17,1.21,,1,0.79,,,,,,,,,,
1430,Vb-431.FN171-FDE-RMS,431.FN171,,2026-03,2026-03-24,1.18,,1.3,0.58,,,,,,,,,,
1431,Vb-431.FN171-FNDE-RMS,431.FN171,,2026-03,2026-03-24,1.02,,1.54,0.95,,,,,,,,,,
1432,Vb-431.FN171-MDE-RMS,431.FN171,,2026-03,2026-03-24,1.5,,1.52,1.2,,,,,,,,,,
1433,Vb-431.FN171-MNDE-RMS,431.FN171,,2026-03,2026-03-24,0.79,,0.94,0.69,,,,,,,,,,
1434,Vb-431.FN171-FDE-RMS,431.FN171,,2026-04,2026-04-29,0.87,,1.24,0.44,,,,,,,,,,
1435,Vb-431.FN171-FNDE-RMS,431.FN171,,2026-04,2026-04-29,0.99,,1.47,0.86,,,,,,,,,,
1436,Vb-431.FN171-MDE-RMS,431.FN171,,2026-04,2026-04-29,1.38,,1.39,1.03,,,,,,,,,,
1437,Vb-431.FN171-MNDE-RMS,431.FN171,,2026-04,2026-04-29,0.79,,0.99,0.56,,,,,,,,,,
1438,Vb-431.FN176-FDE-RMS,431.FN176,,2024-12,2024-12-02,0.46,,0.6,0.64,,,,,,,,,,
1439,Vb-431.FN176-FNDE-RMS,431.FN176,,2024-12,2024-12-02,0.16,,1.01,0.88,,,,,,,,,,
1440,Vb-431.FN176-MDE-RMS,431.FN176,,2024-12,2024-12-02,0.64,,0.24,0.17,,,,,,,,,,
1441,Vb-431.FN176-MNDE-RMS,431.FN176,,2024-12,2024-12-02,0.88,,0.15,0.22,,,,,,,,,,
1442,Vb-431.FN176-FDE-RMS,431.FN176,,2025-01,2025-01-28,0.31,,0.6,0.4,,,,,,,,,,
1443,Vb-431.FN176-FNDE-RMS,431.FN176,,2025-01,2025-01-28,0.44,,0.81,1.06,,,,,,,,,,
1444,Vb-431.FN176-MDE-RMS,431.FN176,,2025-01,2025-01-28,0.45,,0.55,0.53,,,,,,,,,,
1445,Vb-431.FN176-MNDE-RMS,431.FN176,,2025-01,2025-01-28,0.42,,0.38,0.48,,,,,,,,,,
1446,Vb-431.FN176-FDE-RMS,431.FN176,,2025-03,2025-03-03,0.33,,0.61,0.37,,,,,,,,,,
1447,Vb-431.FN176-FNDE-RMS,431.FN176,,2025-03,2025-03-03,0.36,,0.75,0.62,,,,,,,,,,
1448,Vb-431.FN176-MDE-RMS,431.FN176,,2025-03,2025-03-03,0.47,,0.6,0.57,,,,,,,,,,
1449,Vb-431.FN176-MNDE-RMS,431.FN176,,2025-03,2025-03-03,0.26,,0.38,0.48,,,,,,,,,,
1450,Vb-431.FN176-FDE-RMS,431.FN176,,2025-05,2025-05-04,0.36,,0.59,0.48,,,,,,,,,,
1451,Vb-431.FN176-FNDE-RMS,431.FN176,,2025-05,2025-05-04,0.47,,0.81,0.78,,,,,,,,,,
1452,Vb-431.FN176-MDE-RMS,431.FN176,,2025-05,2025-05-04,0.52,,0.83,0.66,,,,,,,,,,
1453,Vb-431.FN176-MNDE-RMS,431.FN176,,2025-05,2025-05-04,0.34,,0.49,0.48,,,,,,,,,,
1454,Vb-431.FN176-FDE-RMS,431.FN176,,2025-07,2025-07-07,0.31,,0.47,0.41,,,,,,,,,,
1455,Vb-431.FN176-FNDE-RMS,431.FN176,,2025-07,2025-07-07,1.16,,0.65,0.62,,,,,,,,,,
1456,Vb-431.FN176-MDE-RMS,431.FN176,,2025-07,2025-07-07,0.31,,0.7,0.64,,,,,,,,,,
1457,Vb-431.FN176-MNDE-RMS,431.FN176,,2025-07,2025-07-07,0.75,,0.41,0.52,,,,,,,,,,
1458,Vb-431.FN176-FDE-RMS,431.FN176,,2025-09,2025-09-02,0.33,,0.42,0.23,,,,,,,,,,
1459,Vb-431.FN176-FNDE-RMS,431.FN176,,2025-09,2025-09-02,0.37,,0.58,0.55,,,,,,,,,,
1460,Vb-431.FN176-MDE-RMS,431.FN176,,2025-09,2025-09-02,0.52,,0.64,0.57,,,,,,,,,,
1461,Vb-431.FN176-MNDE-RMS,431.FN176,,2025-09,2025-09-02,0.33,,0.36,0.36,,,,,,,,,,
1462,Vb-431.FN176-FDE-RMS,431.FN176,,2025-10,2025-10-12,0.34,,0.37,0.25,,,,,,,,,,
1463,Vb-431.FN176-FNDE-RMS,431.FN176,,2025-10,2025-10-12,0.43,,0.65,0.57,,,,,,,,,,
1464,Vb-431.FN176-MDE-RMS,431.FN176,,2025-10,2025-10-12,0.72,,0.56,0.54,,,,,,,,,,
1465,Vb-431.FN176-MNDE-RMS,431.FN176,,2025-10,2025-10-12,0.33,,0.33,0.34,,,,,,,,,,
1466,Vb-431.FN176-FDE-RMS,431.FN176,,2026-04,2026-04-06,1.23,,1.26,0.82,2026-04-29,1.41,,1.54,1.07,,,,,
1467,Vb-431.FN176-FNDE-RMS,431.FN176,,2026-04,2026-04-06,1.27,,1.6,1.92,2026-04-29,1.55,,1.79,2.35,,,,,
1468,Vb-431.FN176-MDE-RMS,431.FN176,,2026-04,2026-04-06,1.01,,1.44,1.28,2026-04-29,1.19,,1.75,1.68,,,,,
1469,Vb-431.FN176-MNDE-RMS,431.FN176,,2026-04,2026-04-06,0.88,,0.86,0.79,2026-04-29,0.98,,1.05,0.61,,,,,
1470,Vb-431.FN176-FDE-RMS,431.FN176,,2026-08,2026-08-02,0.91,,0.88,0.63,,,,,,,,,,
1471,Vb-431.FN176-FNDE-RMS,431.FN176,,2026-08,2026-08-02,0.92,,1.64,1.56,,,,,,,,,,
1472,Vb-431.FN176-MDE-RMS,431.FN176,,2026-08,2026-08-02,0.63,,1.23,1.06,,,,,,,,,,
1473,Vb-431.FN176-MNDE-RMS,431.FN176,,2026-08,2026-08-02,0.65,,0.67,0.58,,,,,,,,,,
1474,Vb-431.FN560-MDE-RMS,431.FN560,,2024-12,2024-12-09,2.3,,1.18,1.23,,,,,,,,,,
1475,Vb-431.FN560-MNDE-RMS,431.FN560,,2024-12,2024-12-09,2.4,,2.02,1.58,,,,,,,,,,
1476,Vb-431.FN560-MDE-RMS,431.FN560,,2025-02,2025-02-05,1.34,,0.74,0.9,,,,,,,,,,
1477,Vb-431.FN560-MNDE-RMS,431.FN560,,2025-02,2025-02-05,1.41,,0.6,1.08,,,,,,,,,,
1478,Vb-431.FN560-MDE-RMS,431.FN560,,2025-05,2025-05-14,2.55,,1.22,0.84,,,,,,,,,,
1479,Vb-431.FN560-MNDE-RMS,431.FN560,,2025-05,2025-05-14,2.61,,3.35,1.18,,,,,,,,,,
1480,Vb-431.FN560-MDE-RMS,431.FN560,,2025-07,2025-07-13,2.48,,1.07,0.91,,,,,,,,,,
1481,Vb-431.FN560-MNDE-RMS,431.FN560,,2025-07,2025-07-13,2.33,,3.58,2.61,,,,,,,,,,
1482,Vb-431.FN560-MDE-RMS,431.FN560,,2025-09,2025-09-16,2.75,,1.03,1.56,,,,,,,,,,
1483,Vb-431.FN560-MNDE-RMS,431.FN560,,2025-09,2025-09-16,2.44,,3.72,1.56,,,,,,,,,,
1484,Vb-431.FN560-MDE-RMS,431.FN560,,2026-02,2026-02-17,3.2,,1.75,1.15,,,,,,,,,,
1485,Vb-431.FN560-MNDE-RMS,431.FN560,,2026-02,2026-02-17,3.09,,2.91,1.25,,,,,,,,,,
1486,Vb-431.FN560-MDE-RMS,431.FN560,,2026-03,2026-03-25,1.86,,0.85,1.2,,,,,,,,,,
1487,Vb-431.FN560-MNDE-RMS,431.FN560,,2026-03,2026-03-25,1.8,,1.17,0.74,,,,,,,,,,
1488,Vb-431.FN560-MDE-RMS,431.FN560,,2026-04,2026-04-29,1.53,,1.61,1.66,,,,,,,,,,
1489,Vb-431.FN560-MNDE-RMS,431.FN560,,2026-04,2026-04-29,1.46,,1.17,1.32,,,,,,,,,,
1490,Vb-431.MD140-MDE-RMS,431.MD140,,2024-12,2024-12-09,0.33,,0.36,0.25,,,,,,,,,,
1491,Vb-431.MD140-MNDE-RMS,431.MD140,,2024-12,2024-12-09,0.22,,0.52,0.16,,,,,,,,,,
1492,Vb-431.MD140-S1DE-RMS,431.MD140,,2024-12,2024-12-09,0.33,,0.56,0.3,,,,,,,,,,
1493,Vb-431.MD140-S1NDE-RMS,431.MD140,,2024-12,2024-12-09,0.38,,0.51,0.2,,,,,,,,,,
1494,Vb-431.MD140-S2DE-RMS,431.MD140,,2024-12,2024-12-09,0.37,,0.71,0.19,,,,,,,,,,
1495,Vb-431.MD140-S2NDE-RMS,431.MD140,,2024-12,2024-12-09,0.42,,0.41,0.33,,,,,,,,,,
1496,Vb-431.MD140-S3DE-RMS,431.MD140,,2024-12,2024-12-09,0.67,,0.36,0.41,,,,,,,,,,
1497,Vb-431.MD140-S3NDE-RMS,431.MD140,,2024-12,2024-12-09,0.39,,0.44,0.47,,,,,,,,,,
1498,Vb-431.MD140-S4DE-RMS,431.MD140,,2024-12,2024-12-09,0.35,,0.43,0.46,,,,,,,,,,
1499,Vb-431.MD140-S4NDE-RMS,431.MD140,,2024-12,2024-12-09,0.47,,0.36,0.35,,,,,,,,,,
1500,Vb-431.MD140-MDE-RMS,431.MD140,,2025-02,2025-02-05,0.31,,0.38,0.19,,,,,,,,,,
1501,Vb-431.MD140-MNDE-RMS,431.MD140,,2025-02,2025-02-05,0.3,,0.32,0.21,,,,,,,,,,
1502,Vb-431.MD140-S1DE-RMS,431.MD140,,2025-02,2025-02-05,0.53,,0.38,0.34,,,,,,,,,,
1503,Vb-431.MD140-S1NDE-RMS,431.MD140,,2025-02,2025-02-05,0.52,,0.54,0.34,,,,,,,,,,
1504,Vb-431.MD140-S2DE-RMS,431.MD140,,2025-02,2025-02-05,0.52,,0.45,0.29,,,,,,,,,,
1505,Vb-431.MD140-S2NDE-RMS,431.MD140,,2025-02,2025-02-05,0.59,,0.38,0.33,,,,,,,,,,
1506,Vb-431.MD140-S3DE-RMS,431.MD140,,2025-02,2025-02-05,0.58,,0.41,0.29,,,,,,,,,,
1507,Vb-431.MD140-S3NDE-RMS,431.MD140,,2025-02,2025-02-05,0.58,,0.41,0.32,,,,,,,,,,
1508,Vb-431.MD140-S4DE-RMS,431.MD140,,2025-02,2025-02-05,0.6,,0.46,0.23,,,,,,,,,,
1509,Vb-431.MD140-S4NDE-RMS,431.MD140,,2025-02,2025-02-05,0.68,,0.4,0.26,,,,,,,,,,
1510,Vb-431.MD140-MDE-RMS,431.MD140,,2025-05,2025-05-14,0.47,,0.34,0.14,,,,,,,,,,
1511,Vb-431.MD140-MNDE-RMS,431.MD140,,2025-05,2025-05-14,0.49,,0.4,0.34,,,,,,,,,,
1512,Vb-431.MD140-S1DE-RMS,431.MD140,,2025-05,2025-05-14,0.49,,0.42,0.25,,,,,,,,,,
1513,Vb-431.MD140-S1NDE-RMS,431.MD140,,2025-05,2025-05-14,0.61,,0.42,0.2,,,,,,,,,,
1514,Vb-431.MD140-S2DE-RMS,431.MD140,,2025-05,2025-05-14,0.55,,0.49,0.24,,,,,,,,,,
1515,Vb-431.MD140-S2NDE-RMS,431.MD140,,2025-05,2025-05-14,0.55,,0.32,0.27,,,,,,,,,,
1516,Vb-431.MD140-S3DE-RMS,431.MD140,,2025-05,2025-05-14,0.57,,0.36,0.28,,,,,,,,,,
1517,Vb-431.MD140-S3NDE-RMS,431.MD140,,2025-05,2025-05-14,0.63,,0.46,0.26,,,,,,,,,,
1518,Vb-431.MD140-S4DE-RMS,431.MD140,,2025-05,2025-05-14,1.84,,0.38,0.32,,,,,,,,,,
1519,Vb-431.MD140-S4NDE-RMS,431.MD140,,2025-05,2025-05-14,0.56,,0.34,0.25,,,,,,,,,,
1520,Vb-431.MD140-MDE-RMS,431.MD140,,2025-07,2025-07-13,0.53,,0.34,0.15,,,,,,,,,,
1521,Vb-431.MD140-MNDE-RMS,431.MD140,,2025-07,2025-07-13,0.41,,0.39,0.26,,,,,,,,,,
1522,Vb-431.MD140-S1DE-RMS,431.MD140,,2025-07,2025-07-13,0.66,,0.43,0.29,,,,,,,,,,
1523,Vb-431.MD140-S1NDE-RMS,431.MD140,,2025-07,2025-07-13,0.63,,0.42,0.3,,,,,,,,,,
1524,Vb-431.MD140-S2DE-RMS,431.MD140,,2025-07,2025-07-13,0.62,,0.41,0.26,,,,,,,,,,
1525,Vb-431.MD140-S2NDE-RMS,431.MD140,,2025-07,2025-07-13,0.65,,0.41,0.38,,,,,,,,,,
1526,Vb-431.MD140-S3DE-RMS,431.MD140,,2025-07,2025-07-13,0.68,,0.36,0.31,,,,,,,,,,
1527,Vb-431.MD140-S3NDE-RMS,431.MD140,,2025-07,2025-07-13,0.63,,0.42,0.38,,,,,,,,,,
1528,Vb-431.MD140-S4DE-RMS,431.MD140,,2025-07,2025-07-13,1.14,,0.38,0.27,,,,,,,,,,
1529,Vb-431.MD140-S4NDE-RMS,431.MD140,,2025-07,2025-07-13,0.72,,0.31,0.26,,,,,,,,,,
1530,Vb-431.MD140-S2DE-RMS,431.MD140,,2025-08,2025-08-12,0.44,,,,,,,,,,,,,
1531,Vb-431.MD140-MDE-RMS,431.MD140,,2025-09,2025-09-16,0.23,,0.25,0.19,,,,,,,,,,
1532,Vb-431.MD140-MNDE-RMS,431.MD140,,2025-09,2025-09-16,0.23,,0.26,0.16,,,,,,,,,,
1533,Vb-431.MD140-S1DE-RMS,431.MD140,,2025-09,2025-09-16,0.37,,0.41,0.22,,,,,,,,,,
1534,Vb-431.MD140-S1NDE-RMS,431.MD140,,2025-09,2025-09-16,0.48,,0.31,0.17,,,,,,,,,,
1535,Vb-431.MD140-S2DE-RMS,431.MD140,,2025-09,2025-09-16,,,0.32,0.21,,,,,,,,,,
1536,Vb-431.MD140-S2NDE-RMS,431.MD140,,2025-09,2025-09-16,0.4,,0.33,0.44,,,,,,,,,,
1537,Vb-431.MD140-S3DE-RMS,431.MD140,,2025-09,2025-09-16,0.45,,0.31,0.18,,,,,,,,,,
1538,Vb-431.MD140-S3NDE-RMS,431.MD140,,2025-09,2025-09-16,0.47,,0.38,0.26,,,,,,,,,,
1539,Vb-431.MD140-S4DE-RMS,431.MD140,,2025-09,2025-09-16,0.72,,0.34,0.34,,,,,,,,,,
1540,Vb-431.MD140-S4NDE-RMS,431.MD140,,2025-09,2025-09-16,0.38,,0.32,0.38,,,,,,,,,,
1541,Vb-431.MD140-MDE-RMS,431.MD140,,2026-02,2026-02-17,0.21,,0.38,0.16,,,,,,,,,,
1542,Vb-431.MD140-MNDE-RMS,431.MD140,,2026-02,2026-02-17,0.26,,0.26,0.24,,,,,,,,,,
1543,Vb-431.MD140-S1DE-RMS,431.MD140,,2026-02,2026-02-17,0.41,,0.4,0.4,,,,,,,,,,
1544,Vb-431.MD140-S1NDE-RMS,431.MD140,,2026-02,2026-02-17,0.47,,0.36,0.29,,,,,,,,,,
1545,Vb-431.MD140-S2DE-RMS,431.MD140,,2026-02,2026-02-17,0.55,,0.34,0.28,,,,,,,,,,
1546,Vb-431.MD140-S2NDE-RMS,431.MD140,,2026-02,2026-02-17,0.64,,0.34,0.38,,,,,,,,,,
1547,Vb-431.MD140-S3DE-RMS,431.MD140,,2026-02,2026-02-17,0.62,,0.37,0.27,,,,,,,,,,
1548,Vb-431.MD140-S3NDE-RMS,431.MD140,,2026-02,2026-02-17,0.65,,0.38,0.33,,,,,,,,,,
1549,Vb-431.MD140-S4DE-RMS,431.MD140,,2026-02,2026-02-17,0.56,,0.34,0.28,,,,,,,,,,
1550,Vb-431.MD140-S4NDE-RMS,431.MD140,,2026-02,2026-02-17,0.56,,0.38,0.26,,,,,,,,,,
1551,Vb-431.MD140-MDE-RMS,431.MD140,,2026-03,2026-03-24,0.24,,0.26,0.12,,,,,,,,,,
1552,Vb-431.MD140-MNDE-RMS,431.MD140,,2026-03,2026-03-24,0.24,,0.24,0.15,,,,,,,,,,
1553,Vb-431.MD140-S1DE-RMS,431.MD140,,2026-03,2026-03-24,0.45,,0.33,0.28,,,,,,,,,,
1554,Vb-431.MD140-S1NDE-RMS,431.MD140,,2026-03,2026-03-24,0.42,,0.31,0.26,,,,,,,,,,
1555,Vb-431.MD140-S2DE-RMS,431.MD140,,2026-03,2026-03-24,0.43,,0.36,0.2,,,,,,,,,,
1556,Vb-431.MD140-S2NDE-RMS,431.MD140,,2026-03,2026-03-24,0.45,,0.33,0.3,,,,,,,,,,
1557,Vb-431.MD140-S3DE-RMS,431.MD140,,2026-03,2026-03-24,0.42,,0.33,0.22,,,,,,,,,,
1558,Vb-431.MD140-S3NDE-RMS,431.MD140,,2026-03,2026-03-24,0.45,,0.35,0.41,,,,,,,,,,
1559,Vb-431.MD140-S4DE-RMS,431.MD140,,2026-03,2026-03-24,0.39,,0.28,0.3,,,,,,,,,,
1560,Vb-431.MD140-S4NDE-RMS,431.MD140,,2026-03,2026-03-24,0.41,,0.27,0.29,,,,,,,,,,
1561,Vb-431.MD140-MDE-RMS,431.MD140,,2026-04,2026-04-29,0.43,,0.3,0.24,,,,,,,,,,
1562,Vb-431.MD140-MNDE-RMS,431.MD140,,2026-04,2026-04-29,0.35,,0.31,0.2,,,,,,,,,,
1563,Vb-431.MD140-S1DE-RMS,431.MD140,,2026-04,2026-04-29,0.55,,0.45,0.32,,,,,,,,,,
1564,Vb-431.MD140-S1NDE-RMS,431.MD140,,2026-04,2026-04-29,0.5,,0.39,0.32,,,,,,,,,,
1565,Vb-431.MD140-S2DE-RMS,431.MD140,,2026-04,2026-04-29,0.56,,0.5,0.32,,,,,,,,,,
1566,Vb-431.MD140-S2NDE-RMS,431.MD140,,2026-04,2026-04-29,0.62,,0.43,0.39,,,,,,,,,,
1567,Vb-431.MD140-S3DE-RMS,431.MD140,,2026-04,2026-04-29,0.58,,0.45,0.26,,,,,,,,,,
1568,Vb-431.MD140-S3NDE-RMS,431.MD140,,2026-04,2026-04-29,0.64,,0.46,0.49,,,,,,,,,,
1569,Vb-431.MD140-S4DE-RMS,431.MD140,,2026-04,2026-04-29,0.62,,0.44,0.29,,,,,,,,,,
1570,Vb-431.MD140-S4NDE-RMS,431.MD140,,2026-04,2026-04-29,0.55,,0.42,0.28,,,,,,,,,,
1571,Vb-431.MD160-MDE-RMS,431.MD160,,2024-12,2024-12-09,0.31,,0.31,0.68,,,,,,,,,,
1572,Vb-431.MD160-MNDE-RMS,431.MD160,,2024-12,2024-12-09,0.25,,0.39,0.37,,,,,,,,,,
1573,Vb-431.MD160-S1DE-RMS,431.MD160,,2024-12,2024-12-09,0.38,,0.37,0.41,,,,,,,,,,
1574,Vb-431.MD160-S1NDE-RMS,431.MD160,,2024-12,2024-12-09,0.35,,0.3,0.35,,,,,,,,,,
1575,Vb-431.MD160-S2DE-RMS,431.MD160,,2024-12,2024-12-09,0.39,,0.35,0.33,,,,,,,,,,
1576,Vb-431.MD160-S2NDE-RMS,431.MD160,,2024-12,2024-12-09,0.4,,0.51,0.32,,,,,,,,,,
1577,Vb-431.MD160-S3DE-RMS,431.MD160,,2024-12,2024-12-09,0.44,,0.46,0.32,,,,,,,,,,
1578,Vb-431.MD160-S3NDE-RMS,431.MD160,,2024-12,2024-12-09,0.54,,0.54,0.77,,,,,,,,,,
1579,Vb-431.MD160-S4DE-RMS,431.MD160,,2024-12,2024-12-09,0.35,,0.42,0.73,,,,,,,,,,
1580,Vb-431.MD160-S4NDE-RMS,431.MD160,,2024-12,2024-12-09,0.35,,0.39,0.82,,,,,,,,,,
1581,Vb-431.MD160-MDE-RMS,431.MD160,,2025-02,2025-02-05,0.28,,0.4,0.31,,,,,,,,,,
1582,Vb-431.MD160-MNDE-RMS,431.MD160,,2025-02,2025-02-05,0.31,,0.39,0.36,,,,,,,,,,
1583,Vb-431.MD160-S1DE-RMS,431.MD160,,2025-02,2025-02-05,0.35,,0.34,0.33,,,,,,,,,,
1584,Vb-431.MD160-S1NDE-RMS,431.MD160,,2025-02,2025-02-05,0.68,,0.39,0.35,,,,,,,,,,
1585,Vb-431.MD160-S2DE-RMS,431.MD160,,2025-02,2025-02-05,0.42,,0.39,0.31,,,,,,,,,,
1586,Vb-431.MD160-S2NDE-RMS,431.MD160,,2025-02,2025-02-05,0.46,,0.47,0.33,,,,,,,,,,
1587,Vb-431.MD160-S3DE-RMS,431.MD160,,2025-02,2025-02-05,0.46,,0.39,0.33,,,,,,,,,,
1588,Vb-431.MD160-S3NDE-RMS,431.MD160,,2025-02,2025-02-05,0.62,,0.43,0.27,,,,,,,,,,
1589,Vb-431.MD160-S4DE-RMS,431.MD160,,2025-02,2025-02-05,0.38,,0.36,0.27,,,,,,,,,,
1590,Vb-431.MD160-S4NDE-RMS,431.MD160,,2025-02,2025-02-05,0.6,,0.33,0.24,,,,,,,,,,
1591,Vb-431.MD160-MDE-RMS,431.MD160,,2025-05,2025-05-14,1.04,,0.4,1.7,,,,,,,,,,
1592,Vb-431.MD160-MNDE-RMS,431.MD160,,2025-05,2025-05-14,0.37,,0.54,0.46,,,,,,,,,,
1593,Vb-431.MD160-S1DE-RMS,431.MD160,,2025-05,2025-05-14,0.63,,0.47,0.4,,,,,,,,,,
1594,Vb-431.MD160-S1NDE-RMS,431.MD160,,2025-05,2025-05-14,0.66,,0.39,0.42,,,,,,,,,,
1595,Vb-431.MD160-S2DE-RMS,431.MD160,,2025-05,2025-05-14,0.86,,0.74,0.44,,,,,,,,,,
1596,Vb-431.MD160-S2NDE-RMS,431.MD160,,2025-05,2025-05-14,0.57,,0.38,0.37,,,,,,,,,,
1597,Vb-431.MD160-S3DE-RMS,431.MD160,,2025-05,2025-05-14,0.45,,0.44,0.49,,,,,,,,,,
1598,Vb-431.MD160-S3NDE-RMS,431.MD160,,2025-05,2025-05-14,0.55,,0.43,0.37,,,,,,,,,,
1599,Vb-431.MD160-S4DE-RMS,431.MD160,,2025-05,2025-05-14,0.5,,0.43,0.6,,,,,,,,,,
1600,Vb-431.MD160-S4NDE-RMS,431.MD160,,2025-05,2025-05-14,0.5,,0.33,0.21,,,,,,,,,,
1601,Vb-431.MD160-MDE-RMS,431.MD160,,2025-07,2025-07-13,0.35,,0.41,0.26,,,,,,,,,,
1602,Vb-431.MD160-MNDE-RMS,431.MD160,,2025-07,2025-07-13,0.32,,0.35,0.31,,,,,,,,,,
1603,Vb-431.MD160-S1DE-RMS,431.MD160,,2025-07,2025-07-13,0.48,,0.46,0.32,,,,,,,,,,
1604,Vb-431.MD160-S1NDE-RMS,431.MD160,,2025-07,2025-07-13,0.57,,0.41,0.34,,,,,,,,,,
1605,Vb-431.MD160-S2DE-RMS,431.MD160,,2025-07,2025-07-13,0.43,,0.33,0.22,,,,,,,,,,
1606,Vb-431.MD160-S2NDE-RMS,431.MD160,,2025-07,2025-07-13,0.5,,0.49,0.35,,,,,,,,,,
1607,Vb-431.MD160-S3DE-RMS,431.MD160,,2025-07,2025-07-13,0.53,,0.38,0.42,,,,,,,,,,
1608,Vb-431.MD160-S3NDE-RMS,431.MD160,,2025-07,2025-07-13,0.48,,0.33,0.38,,,,,,,,,,
1609,Vb-431.MD160-S4DE-RMS,431.MD160,,2025-07,2025-07-13,0.69,,0.43,0.28,,,,,,,,,,
1610,Vb-431.MD160-S4NDE-RMS,431.MD160,,2025-07,2025-07-13,0.45,,0.45,0.24,,,,,,,,,,
1611,Vb-431.MD160-MDE-RMS,431.MD160,,2025-09,2025-09-16,0.29,,0.31,0.2,,,,,,,,,,
1612,Vb-431.MD160-MNDE-RMS,431.MD160,,2025-09,2025-09-16,0.32,,0.34,0.6,,,,,,,,,,
1613,Vb-431.MD160-S1DE-RMS,431.MD160,,2025-09,2025-09-16,0.77,,0.38,0.37,,,,,,,,,,
1614,Vb-431.MD160-S1NDE-RMS,431.MD160,,2025-09,2025-09-16,0.61,,0.34,0.3,,,,,,,,,,
1615,Vb-431.MD160-S2DE-RMS,431.MD160,,2025-09,2025-09-16,0.93,,0.35,0.99,,,,,,,,,,
1616,Vb-431.MD160-S2NDE-RMS,431.MD160,,2025-09,2025-09-16,0.4,,0.35,0.24,,,,,,,,,,
1617,Vb-431.MD160-S3DE-RMS,431.MD160,,2025-09,2025-09-16,0.57,,0.36,0.56,,,,,,,,,,
1618,Vb-431.MD160-S3NDE-RMS,431.MD160,,2025-09,2025-09-16,0.41,,0.38,0.3,,,,,,,,,,
1619,Vb-431.MD160-S4DE-RMS,431.MD160,,2025-09,2025-09-16,0.37,,0.33,0.52,,,,,,,,,,
1620,Vb-431.MD160-S4NDE-RMS,431.MD160,,2025-09,2025-09-16,0.46,,0.38,0.51,,,,,,,,,,
1621,Vb-431.MD160-MDE-RMS,431.MD160,,2026-02,2026-02-17,0.35,,0.59,0.61,,,,,,,,,,
1622,Vb-431.MD160-MNDE-RMS,431.MD160,,2026-02,2026-02-17,0.4,,0.4,0.36,,,,,,,,,,
1623,Vb-431.MD160-S1DE-RMS,431.MD160,,2026-02,2026-02-17,0.51,,0.51,0.73,,,,,,,,,,
1624,Vb-431.MD160-S1NDE-RMS,431.MD160,,2026-02,2026-02-17,0.56,,0.5,0.69,,,,,,,,,,
1625,Vb-431.MD160-S2DE-RMS,431.MD160,,2026-02,2026-02-17,0.67,,0.51,0.35,,,,,,,,,,
1626,Vb-431.MD160-S2NDE-RMS,431.MD160,,2026-02,2026-02-17,0.86,,0.64,0.37,,,,,,,,,,
1627,Vb-431.MD160-S3DE-RMS,431.MD160,,2026-02,2026-02-17,0.71,,0.41,0.34,,,,,,,,,,
1628,Vb-431.MD160-S3NDE-RMS,431.MD160,,2026-02,2026-02-17,0.78,,0.46,0.4,,,,,,,,,,
1629,Vb-431.MD160-S4DE-RMS,431.MD160,,2026-02,2026-02-17,0.53,,0.46,0.4,,,,,,,,,,
1630,Vb-431.MD160-S4NDE-RMS,431.MD160,,2026-02,2026-02-17,0.55,,0.43,0.44,,,,,,,,,,
1631,Vb-431.MD160-MDE-RMS,431.MD160,,2026-03,2026-03-25,0.48,,0.62,0.81,,,,,,,,,,
1632,Vb-431.MD160-MNDE-RMS,431.MD160,,2026-03,2026-03-25,0.45,,0.48,0.59,,,,,,,,,,
1633,Vb-431.MD160-S1DE-RMS,431.MD160,,2026-03,2026-03-25,0.45,,0.39,0.69,,,,,,,,,,
1634,Vb-431.MD160-S1NDE-RMS,431.MD160,,2026-03,2026-03-25,0.42,,0.41,0.68,,,,,,,,,,
1635,Vb-431.MD160-S2DE-RMS,431.MD160,,2026-03,2026-03-25,0.57,,0.44,0.5,,,,,,,,,,
1636,Vb-431.MD160-S2NDE-RMS,431.MD160,,2026-03,2026-03-25,0.54,,0.47,0.42,,,,,,,,,,
1637,Vb-431.MD160-S3DE-RMS,431.MD160,,2026-03,2026-03-25,0.59,,0.42,0.4,,,,,,,,,,
1638,Vb-431.MD160-S3NDE-RMS,431.MD160,,2026-03,2026-03-25,0.51,,0.41,0.32,,,,,,,,,,
1639,Vb-431.MD160-S4DE-RMS,431.MD160,,2026-03,2026-03-25,0.51,,0.51,0.43,,,,,,,,,,
1640,Vb-431.MD160-S4NDE-RMS,431.MD160,,2026-03,2026-03-25,0.52,,0.42,0.54,,,,,,,,,,
1641,Vb-431.MD160-MDE-RMS,431.MD160,,2026-04,2026-04-29,0.51,,0.75,0.81,,,,,,,,,,
1642,Vb-431.MD160-MNDE-RMS,431.MD160,,2026-04,2026-04-29,0.4,,0.5,0.4,,,,,,,,,,
1643,Vb-431.MD160-S1DE-RMS,431.MD160,,2026-04,2026-04-29,0.64,,0.52,0.5,,,,,,,,,,
1644,Vb-431.MD160-S1NDE-RMS,431.MD160,,2026-04,2026-04-29,0.62,,0.4,0.43,,,,,,,,,,
1645,Vb-431.MD160-S2DE-RMS,431.MD160,,2026-04,2026-04-29,0.63,,0.44,0.24,,,,,,,,,,
1646,Vb-431.MD160-S2NDE-RMS,431.MD160,,2026-04,2026-04-29,0.53,,0.37,0.39,,,,,,,,,,
1647,Vb-431.MD160-S3DE-RMS,431.MD160,,2026-04,2026-04-29,0.56,,0.34,0.37,,,,,,,,,,
1648,Vb-431.MD160-S3NDE-RMS,431.MD160,,2026-04,2026-04-29,0.48,,0.36,0.31,,,,,,,,,,
1649,Vb-431.MD160-S4DE-RMS,431.MD160,,2026-04,2026-04-29,0.81,,0.52,0.41,,,,,,,,,,
1650,Vb-431.MD160-S4NDE-RMS,431.MD160,,2026-04,2026-04-29,0.78,,0.43,0.41,,,,,,,,,,
1651,Vb-432.FN171-FDE-RMS,432.FN171,,2025-01,2025-01-12,0.95,,2.05,0.83,,,,,,,,,,
1652,Vb-432.FN171-FNDE-RMS,432.FN171,,2025-01,2025-01-12,0.93,,1.74,1.16,,,,,,,,,,
1653,Vb-432.FN171-MDE-RMS,432.FN171,,2025-01,2025-01-12,0.94,,2.77,0.71,,,,,,,,,,
1654,Vb-432.FN171-MNDE-RMS,432.FN171,,2025-01,2025-01-12,0.78,,2.07,1.16,,,,,,,,,,
1655,Vb-432.FN171-FDE-RMS,432.FN171,,2025-02,2025-02-13,1.63,,2.41,0.85,,,,,,,,,,
1656,Vb-432.FN171-FNDE-RMS,432.FN171,,2025-02,2025-02-13,1.85,,2.07,1.29,,,,,,,,,,
1657,Vb-432.FN171-MDE-RMS,432.FN171,,2025-02,2025-02-13,1.23,,2.88,1.59,,,,,,,,,,
1658,Vb-432.FN171-MNDE-RMS,432.FN171,,2025-02,2025-02-13,1.26,,2.1,1.15,,,,,,,,,,
1659,Vb-432.FN171-FDE-RMS,432.FN171,,2025-04,2025-04-10,1.89,,2.22,1.83,,,,,,,,,,
1660,Vb-432.FN171-FNDE-RMS,432.FN171,,2025-04,2025-04-10,2.24,,2.02,2.34,,,,,,,,,,
1661,Vb-432.FN171-MDE-RMS,432.FN171,,2025-04,2025-04-10,1.82,,3.14,0.72,,,,,,,,,,
1662,Vb-432.FN171-MNDE-RMS,432.FN171,,2025-04,2025-04-10,1.79,,2.41,1.37,,,,,,,,,,
1663,Vb-432.FN171-FDE-RMS,432.FN171,,2025-07,2025-07-29,1.38,,2.36,0.89,,,,,,,,,,
1664,Vb-432.FN171-FNDE-RMS,432.FN171,,2025-07,2025-07-29,1.58,,2.48,1.48,,,,,,,,,,
1665,Vb-432.FN171-MDE-RMS,432.FN171,,2025-07,2025-07-29,1.21,,2.8,1.02,,,,,,,,,,
1666,Vb-432.FN171-MNDE-RMS,432.FN171,,2025-07,2025-07-29,1.2,,2.19,1.49,,,,,,,,,,
1667,Vb-432.FN171-FDE-RMS,432.FN171,,2025-09,2025-09-25,1.77,,3.14,1.46,,,,,,,,,,
1668,Vb-432.FN171-FNDE-RMS,432.FN171,,2025-09,2025-09-25,1.89,,3.29,1.98,,,,,,,,,,
1669,Vb-432.FN171-MDE-RMS,432.FN171,,2025-09,2025-09-25,1.78,,3.7,2.11,,,,,,,,,,
1670,Vb-432.FN171-MNDE-RMS,432.FN171,,2025-09,2025-09-25,1.25,,2.64,1.82,,,,,,,,,,
1671,Vb-432.FN171-FDE-RMS,432.FN171,,2026-02,2026-02-09,0.64,,1.65,0.54,,,,,,,,,,
1672,Vb-432.FN171-FNDE-RMS,432.FN171,,2026-02,2026-02-09,0.93,,1.63,1.2,,,,,,,,,,
1673,Vb-432.FN171-MDE-RMS,432.FN171,,2026-02,2026-02-09,1.29,,1.56,1.46,,,,,,,,,,
1674,Vb-432.FN171-MNDE-RMS,432.FN171,,2026-02,2026-02-09,0.63,,1.1,0.51,,,,,,,,,,
1675,Vb-432.FN171-FDE-RMS,432.FN171,,2026-03,2026-03-31,1.54,,2.5,0.87,,,,,,,,,,
1676,Vb-432.FN171-FNDE-RMS,432.FN171,,2026-03,2026-03-31,1.61,,2.55,0.98,,,,,,,,,,
1677,Vb-432.FN171-MDE-RMS,432.FN171,,2026-03,2026-03-31,1.54,,3.07,2.32,,,,,,,,,,
1678,Vb-432.FN171-MNDE-RMS,432.FN171,,2026-03,2026-03-31,1.17,,2,1.26,,,,,,,,,,
1679,Vb-432.FN171-FDE-RMS,432.FN171,,2026-04,2026-04-20,2.12,,4.71,1.95,,,,,,,,,,
1680,Vb-432.FN171-FNDE-RMS,432.FN171,,2026-04,2026-04-20,2.3,,5.03,1.3,,,,,,,,,,
1681,Vb-432.FN171-MDE-RMS,432.FN171,,2026-04,2026-04-20,2.61,,4.34,2.51,,,,,,,,,,
1682,Vb-432.FN171-MNDE-RMS,432.FN171,,2026-04,2026-04-20,1.64,,3.25,1.25,,,,,,,,,,
1683,Vb-432.FN176-FDE-RMS,432.FN176,,2024-12,2024-12-10,0.69,,0.86,0.56,,,,,,,,,,
1684,Vb-432.FN176-FNDE-RMS,432.FN176,,2024-12,2024-12-10,0.77,,1.09,1.08,,,,,,,,,,
1685,Vb-432.FN176-MDE-RMS,432.FN176,,2024-12,2024-12-10,0.91,,0.8,1.28,,,,,,,,,,
1686,Vb-432.FN176-MNDE-RMS,432.FN176,,2024-12,2024-12-10,0.8,,0.6,0.73,,,,,,,,,,
1687,Vb-432.FN176-FDE-RMS,432.FN176,,2025-01,2025-01-08,0.56,,0.81,0.67,,,,,,,,,,
1688,Vb-432.FN176-FNDE-RMS,432.FN176,,2025-01,2025-01-08,0.61,,1.21,0.92,,,,,,,,,,
1689,Vb-432.FN176-MDE-RMS,432.FN176,,2025-01,2025-01-08,0.64,,1.07,1.14,,,,,,,,,,
1690,Vb-432.FN176-MNDE-RMS,432.FN176,,2025-01,2025-01-08,0.61,,0.7,0.7,,,,,,,,,,
1691,Vb-432.FN176-FDE-RMS,432.FN176,,2025-02,2025-02-03,0.56,,0.98,0.58,,,,,,,,,,
1692,Vb-432.FN176-FNDE-RMS,432.FN176,,2025-02,2025-02-03,0.51,,0.75,0.76,,,,,,,,,,
1693,Vb-432.FN176-MDE-RMS,432.FN176,,2025-02,2025-02-03,0.73,,0.95,0.84,,,,,,,,,,
1694,Vb-432.FN176-MNDE-RMS,432.FN176,,2025-02,2025-02-03,0.44,,0.59,1.22,,,,,,,,,,
1695,Vb-432.FN176-FDE-RMS,432.FN176,,2025-05,2025-05-24,1.03,,1.38,0.72,,,,,,,,,,
1696,Vb-432.FN176-FNDE-RMS,432.FN176,,2025-05,2025-05-24,1.16,,1.86,1.68,,,,,,,,,,
1697,Vb-432.FN176-MDE-RMS,432.FN176,,2025-05,2025-05-24,0.81,,2.19,1.71,,,,,,,,,,
1698,Vb-432.FN176-MNDE-RMS,432.FN176,,2025-05,2025-05-24,0.66,,1.15,0.88,,,,,,,,,,
1699,Vb-432.FN176-FDE-RMS,432.FN176,,2025-06,2025-06-08,0.44,,0.9,0.65,,,,,,,,,,
1700,Vb-432.FN176-FNDE-RMS,432.FN176,,2025-06,2025-06-08,0.47,,0.94,1.28,,,,,,,,,,
1701,Vb-432.FN176-MDE-RMS,432.FN176,,2025-06,2025-06-08,0.5,,1.13,0.83,,,,,,,,,,
1702,Vb-432.FN176-MNDE-RMS,432.FN176,,2025-06,2025-06-08,0.92,,0.58,0.59,,,,,,,,,,
1703,Vb-432.FN176-FDE-RMS,432.FN176,,2025-10,2025-10-05,0.63,,0.84,1.05,,,,,,,,,,
1704,Vb-432.FN176-FNDE-RMS,432.FN176,,2025-10,2025-10-05,0.84,,0.76,0.91,,,,,,,,,,
1705,Vb-432.FN176-MDE-RMS,432.FN176,,2025-10,2025-10-05,0.55,,0.77,0.71,,,,,,,,,,
1706,Vb-432.FN176-MNDE-RMS,432.FN176,,2025-10,2025-10-05,0.43,,0.53,0.69,,,,,,,,,,
1707,Vb-432.FN176-FDE-RMS,432.FN176,,2026-02,2026-02-01,0.85,,1.26,0.83,,,,,,,,,,
1708,Vb-432.FN176-FNDE-RMS,432.FN176,,2026-02,2026-02-01,1.08,,1.84,1.42,,,,,,,,,,
1709,Vb-432.FN176-MDE-RMS,432.FN176,,2026-02,2026-02-01,0.99,,2.08,1.74,,,,,,,,,,
1710,Vb-432.FN176-MNDE-RMS,432.FN176,,2026-02,2026-02-01,0.67,,1,1.05,,,,,,,,,,
1711,Vb-432.FN176-FDE-RMS,432.FN176,,2026-04,2026-04-07,0.51,,0.87,0.49,,,,,,,,,,
1712,Vb-432.FN176-FNDE-RMS,432.FN176,,2026-04,2026-04-07,0.74,,1.18,1.03,,,,,,,,,,
1713,Vb-432.FN176-MDE-RMS,432.FN176,,2026-04,2026-04-07,0.66,,1.17,1.12,,,,,,,,,,
1714,Vb-432.FN176-MNDE-RMS,432.FN176,,2026-04,2026-04-07,0.46,,0.6,0.54,,,,,,,,,,
1715,Vb-432.FN560-MDE-RMS,432.FN560,,2025-01,2025-01-12,0.97,,2.19,1.8,,,,,,,,,,
1716,Vb-432.FN560-MNDE-RMS,432.FN560,,2025-01,2025-01-12,0.93,,1.5,2.1,,,,,,,,,,
1717,Vb-432.FN560-MDE-RMS,432.FN560,,2025-02,2025-02-13,1.24,,1.44,1.49,,,,,,,,,,
1718,Vb-432.FN560-MNDE-RMS,432.FN560,,2025-02,2025-02-13,1.23,,1.5,2.12,,,,,,,,,,
1719,Vb-432.FN560-MDE-RMS,432.FN560,,2025-04,2025-04-10,1.23,,1.74,1.42,,,,,,,,,,
1720,Vb-432.FN560-MNDE-RMS,432.FN560,,2025-04,2025-04-10,1.06,,1.19,2.57,,,,,,,,,,
1721,Vb-432.FN560-MDE-RMS,432.FN560,,2025-07,2025-07-29,1.3,,3.6,3.87,,,,,,,,,,
1722,Vb-432.FN560-MNDE-RMS,432.FN560,,2025-07,2025-07-29,1.47,,1.72,2.88,,,,,,,,,,
1723,Vb-432.FN560-MDE-RMS,432.FN560,,2025-09,2025-09-25,1.38,,2.32,2.67,,,,,,,,,,
1724,Vb-432.FN560-MNDE-RMS,432.FN560,,2025-09,2025-09-25,1.42,,1.55,1.14,,,,,,,,,,
1725,Vb-432.FN560-MDE-RMS,432.FN560,,2026-02,2026-02-09,1.81,,3.82,1.83,,,,,,,,,,
1726,Vb-432.FN560-MNDE-RMS,432.FN560,,2026-02,2026-02-09,1.98,,1.61,2.74,,,,,,,,,,
1727,Vb-432.FN560-MDE-RMS,432.FN560,,2026-03,2026-03-31,1.08,,2.87,1.51,,,,,,,,,,
1728,Vb-432.FN560-MNDE-RMS,432.FN560,,2026-03,2026-03-31,1.09,,1.18,2.5,,,,,,,,,,
1729,Vb-432.FN560-MDE-RMS,432.FN560,,2026-04,2026-04-20,1.19,,0.77,0.63,,,,,,,,,,
1730,Vb-432.FN560-MNDE-RMS,432.FN560,,2026-04,2026-04-20,1.28,,1.04,1.49,,,,,,,,,,
1731,Vb-432.MD140-MDE-RMS,432.MD140,,2025-01,2025-01-12,0.64,,0.42,0.17,,,,,,,,,,
1732,Vb-432.MD140-MNDE-RMS,432.MD140,,2025-01,2025-01-12,0.43,,0.43,0.18,,,,,,,,,,
1733,Vb-432.MD140-S1DE-RMS,432.MD140,,2025-01,2025-01-12,1.44,,0.56,0.91,,,,,,,,,,
1734,Vb-432.MD140-S1NDE-RMS,432.MD140,,2025-01,2025-01-12,0.72,,0.65,0.83,,,,,,,,,,
1735,Vb-432.MD140-S2DE-RMS,432.MD140,,2025-01,2025-01-12,0.92,,0.69,0.49,,,,,,,,,,
1736,Vb-432.MD140-S2NDE-RMS,432.MD140,,2025-01,2025-01-12,1.15,,0.56,0.86,,,,,,,,,,
1737,Vb-432.MD140-S3DE-RMS,432.MD140,,2025-01,2025-01-12,0.82,,0.42,0.36,,,,,,,,,,
1738,Vb-432.MD140-S3NDE-RMS,432.MD140,,2025-01,2025-01-12,1.01,,0.56,0.95,,,,,,,,,,
1739,Vb-432.MD140-S4DE-RMS,432.MD140,,2025-01,2025-01-12,1.22,,0.49,0.64,,,,,,,,,,
1740,Vb-432.MD140-S4NDE-RMS,432.MD140,,2025-01,2025-01-12,2.86,,0.66,2.3,,,,,,,,,,
1741,Vb-432.MD140-MDE-RMS,432.MD140,,2025-02,2025-02-13,0.27,,0.5,0.34,,,,,,,,,,
1742,Vb-432.MD140-MNDE-RMS,432.MD140,,2025-02,2025-02-13,0.22,,0.42,0.15,,,,,,,,,,
1743,Vb-432.MD140-S1DE-RMS,432.MD140,,2025-02,2025-02-13,0.33,,0.54,0.27,,,,,,,,,,
1744,Vb-432.MD140-S1NDE-RMS,432.MD140,,2025-02,2025-02-13,0.29,,0.45,0.29,,,,,,,,,,
1745,Vb-432.MD140-S2DE-RMS,432.MD140,,2025-02,2025-02-13,0.28,,0.58,0.19,,,,,,,,,,
1746,Vb-432.MD140-S2NDE-RMS,432.MD140,,2025-02,2025-02-13,0.56,,0.63,0.22,,,,,,,,,,
1747,Vb-432.MD140-S3DE-RMS,432.MD140,,2025-02,2025-02-13,0.31,,0.54,0.15,,,,,,,,,,
1748,Vb-432.MD140-S3NDE-RMS,432.MD140,,2025-02,2025-02-13,0.4,,0.47,0.24,,,,,,,,,,
1749,Vb-432.MD140-S4DE-RMS,432.MD140,,2025-02,2025-02-13,0.64,,0.53,0.27,,,,,,,,,,
1750,Vb-432.MD140-S4NDE-RMS,432.MD140,,2025-02,2025-02-13,0.36,,0.68,0.36,,,,,,,,,,
1751,Vb-432.MD140-MDE-RMS,432.MD140,,2025-04,2025-04-10,0.33,,0.43,0.41,,,,,,,,,,
1752,Vb-432.MD140-MNDE-RMS,432.MD140,,2025-04,2025-04-10,0.35,,0.55,0.27,,,,,,,,,,
1753,Vb-432.MD140-S1DE-RMS,432.MD140,,2025-04,2025-04-10,0.36,,0.45,0.29,,,,,,,,,,
1754,Vb-432.MD140-S1NDE-RMS,432.MD140,,2025-04,2025-04-10,0.43,,0.45,0.2,,,,,,,,,,
1755,Vb-432.MD140-S2DE-RMS,432.MD140,,2025-04,2025-04-10,0.45,,0.61,0.22,,,,,,,,,,
1756,Vb-432.MD140-S2NDE-RMS,432.MD140,,2025-04,2025-04-10,0.45,,0.46,0.3,,,,,,,,,,
1757,Vb-432.MD140-S3DE-RMS,432.MD140,,2025-04,2025-04-10,0.43,,0.51,0.25,,,,,,,,,,
1758,Vb-432.MD140-S3NDE-RMS,432.MD140,,2025-04,2025-04-10,0.45,,0.47,0.38,,,,,,,,,,
1759,Vb-432.MD140-S4DE-RMS,432.MD140,,2025-04,2025-04-10,1.66,,0.44,0.8,,,,,,,,,,
1760,Vb-432.MD140-S4NDE-RMS,432.MD140,,2025-04,2025-04-10,8.71,,1.82,0.47,,,,,,,,,,
1761,Vb-432.MD140-MDE-RMS,432.MD140,,2025-07,2025-07-29,0.36,,0.44,0.33,,,,,,,,,,
1762,Vb-432.MD140-MNDE-RMS,432.MD140,,2025-07,2025-07-29,0.46,,0.39,0.23,,,,,,,,,,
1763,Vb-432.MD140-S1DE-RMS,432.MD140,,2025-07,2025-07-29,0.44,,0.47,0.36,,,,,,,,,,
1764,Vb-432.MD140-S1NDE-RMS,432.MD140,,2025-07,2025-07-29,0.55,,0.4,0.41,,,,,,,,,,
1765,Vb-432.MD140-S2DE-RMS,432.MD140,,2025-07,2025-07-29,0.56,,0.42,0.39,,,,,,,,,,
1766,Vb-432.MD140-S2NDE-RMS,432.MD140,,2025-07,2025-07-29,0.69,,0.52,0.57,,,,,,,,,,
1767,Vb-432.MD140-S3DE-RMS,432.MD140,,2025-07,2025-07-29,0.54,,0.37,0.4,,,,,,,,,,
1768,Vb-432.MD140-S3NDE-RMS,432.MD140,,2025-07,2025-07-29,0.69,,0.44,0.59,,,,,,,,,,
1769,Vb-432.MD140-S4DE-RMS,432.MD140,,2025-07,2025-07-29,5.55,,0.44,0.45,,,,,,,,,,
1770,Vb-432.MD140-S4NDE-RMS,432.MD140,,2025-07,2025-07-29,2.62,,0.36,0.57,,,,,,,,,,
1771,Vb-432.MD140-MDE-RMS,432.MD140,,2025-09,2025-09-25,0.25,,0.4,0.22,,,,,,,,,,
1772,Vb-432.MD140-MNDE-RMS,432.MD140,,2025-09,2025-09-25,0.22,,0.38,0.19,,,,,,,,,,
1773,Vb-432.MD140-S1DE-RMS,432.MD140,,2025-09,2025-09-25,0.29,,0.47,0.28,,,,,,,,,,
1774,Vb-432.MD140-S1NDE-RMS,432.MD140,,2025-09,2025-09-25,0.3,,0.44,0.27,,,,,,,,,,
1775,Vb-432.MD140-S2DE-RMS,432.MD140,,2025-09,2025-09-25,0.24,,0.41,0.19,,,,,,,,,,
1776,Vb-432.MD140-S2NDE-RMS,432.MD140,,2025-09,2025-09-25,0.29,,0.37,0.23,,,,,,,,,,
1777,Vb-432.MD140-S3DE-RMS,432.MD140,,2025-09,2025-09-25,0.25,,0.37,0.36,,,,,,,,,,
1778,Vb-432.MD140-S3NDE-RMS,432.MD140,,2025-09,2025-09-25,0.31,,0.38,0.15,,,,,,,,,,
1779,Vb-432.MD140-S4DE-RMS,432.MD140,,2025-09,2025-09-25,0.47,,0.61,2.03,,,,,,,,,,
1780,Vb-432.MD140-S4NDE-RMS,432.MD140,,2025-09,2025-09-25,0.27,,0.48,0.21,,,,,,,,,,
1781,Vb-432.MD140-MDE-RMS,432.MD140,,2026-02,2026-02-09,0.43,,0.41,0.38,,,,,,,,,,
1782,Vb-432.MD140-MNDE-RMS,432.MD140,,2026-02,2026-02-09,0.39,,0.44,0.25,,,,,,,,,,
1783,Vb-432.MD140-S1DE-RMS,432.MD140,,2026-02,2026-02-09,0.49,,0.38,0.4,,,,,,,,,,
1784,Vb-432.MD140-S1NDE-RMS,432.MD140,,2026-02,2026-02-09,0.63,,0.39,0.46,,,,,,,,,,
1785,Vb-432.MD140-S2DE-RMS,432.MD140,,2026-02,2026-02-09,0.51,,0.57,0.31,,,,,,,,,,
1786,Vb-432.MD140-S2NDE-RMS,432.MD140,,2026-02,2026-02-09,0.64,,0.5,0.51,,,,,,,,,,
1787,Vb-432.MD140-S3DE-RMS,432.MD140,,2026-02,2026-02-09,0.56,,0.42,0.31,,,,,,,,,,
1788,Vb-432.MD140-S3NDE-RMS,432.MD140,,2026-02,2026-02-09,0.61,,0.43,0.56,,,,,,,,,,
1789,Vb-432.MD140-S4DE-RMS,432.MD140,,2026-02,2026-02-09,2.35,,0.49,0.55,,,,,,,,,,
1790,Vb-432.MD140-S4NDE-RMS,432.MD140,,2026-02,2026-02-09,1.19,,0.54,0.3,,,,,,,,,,
1791,Vb-432.MD140-MDE-RMS,432.MD140,,2026-03,2026-03-31,0.59,,0.39,0.34,,,,,,,,,,
1792,Vb-432.MD140-MNDE-RMS,432.MD140,,2026-03,2026-03-31,0.5,,0.4,0.22,,,,,,,,,,
1793,Vb-432.MD140-S1DE-RMS,432.MD140,,2026-03,2026-03-31,0.72,,0.41,0.46,,,,,,,,,,
1794,Vb-432.MD140-S1NDE-RMS,432.MD140,,2026-03,2026-03-31,0.79,,0.36,0.5,,,,,,,,,,
1795,Vb-432.MD140-S2DE-RMS,432.MD140,,2026-03,2026-03-31,0.87,,0.51,0.42,,,,,,,,,,
1796,Vb-432.MD140-S2NDE-RMS,432.MD140,,2026-03,2026-03-31,0.96,,0.45,0.58,,,,,,,,,,
1797,Vb-432.MD140-S3DE-RMS,432.MD140,,2026-03,2026-03-31,0.8,,0.49,0.42,,,,,,,,,,
1798,Vb-432.MD140-S3NDE-RMS,432.MD140,,2026-03,2026-03-31,1.01,,0.42,0.53,,,,,,,,,,
1799,Vb-432.MD140-S4DE-RMS,432.MD140,,2026-03,2026-03-31,1.75,,0.88,0.61,,,,,,,,,,
1800,Vb-432.MD140-S4NDE-RMS,432.MD140,,2026-03,2026-03-31,1.1,,0.57,0.51,,,,,,,,,,
1801,Vb-432.MD140-MDE-RMS,432.MD140,,2026-04,2026-04-21,0.39,,0.39,0.35,,,,,,,,,,
1802,Vb-432.MD140-MNDE-RMS,432.MD140,,2026-04,2026-04-21,0.38,,0.4,0.21,,,,,,,,,,
1803,Vb-432.MD140-S1DE-RMS,432.MD140,,2026-04,2026-04-21,0.43,,0.41,0.26,,,,,,,,,,
1804,Vb-432.MD140-S1NDE-RMS,432.MD140,,2026-04,2026-04-21,0.45,,0.36,0.21,,,,,,,,,,
1805,Vb-432.MD140-S2DE-RMS,432.MD140,,2026-04,2026-04-21,0.49,,0.43,0.21,,,,,,,,,,
1806,Vb-432.MD140-S2NDE-RMS,432.MD140,,2026-04,2026-04-21,0.48,,0.37,0.27,,,,,,,,,,
1807,Vb-432.MD140-S3DE-RMS,432.MD140,,2026-04,2026-04-21,0.48,,0.38,0.25,,,,,,,,,,
1808,Vb-432.MD140-S3NDE-RMS,432.MD140,,2026-04,2026-04-21,0.44,,0.44,0.3,,,,,,,,,,
1809,Vb-432.MD140-S4DE-RMS,432.MD140,,2026-04,2026-04-21,0.46,,0.42,0.3,,,,,,,,,,
1810,Vb-432.MD140-S4NDE-RMS,432.MD140,,2026-04,2026-04-21,0.41,,0.45,0.27,,,,,,,,,,
1811,Vb-432.MD160-MDE-RMS,432.MD160,,2025-01,2025-01-12,0.51,,0.55,0.37,,,,,,,,,,
1812,Vb-432.MD160-MNDE-RMS,432.MD160,,2025-01,2025-01-12,0.6,,0.38,0.5,,,,,,,,,,
1813,Vb-432.MD160-S1DE-RMS,432.MD160,,2025-01,2025-01-12,0.69,,1.04,0.45,,,,,,,,,,
1814,Vb-432.MD160-S1NDE-RMS,432.MD160,,2025-01,2025-01-12,0.71,,0.4,0.57,,,,,,,,,,
1815,Vb-432.MD160-S2DE-RMS,432.MD160,,2025-01,2025-01-12,0.72,,0.69,0.32,,,,,,,,,,
1816,Vb-432.MD160-S2NDE-RMS,432.MD160,,2025-01,2025-01-12,0.81,,0.56,0.62,,,,,,,,,,
1817,Vb-432.MD160-S3DE-RMS,432.MD160,,2025-01,2025-01-12,1.54,,1.07,0.53,,,,,,,,,,
1818,Vb-432.MD160-S3NDE-RMS,432.MD160,,2025-01,2025-01-12,0.86,,1.61,0.79,,,,,,,,,,
1819,Vb-432.MD160-S4DE-RMS,432.MD160,,2025-01,2025-01-12,0.66,,1.25,0.48,,,,,,,,,,
1820,Vb-432.MD160-S4NDE-RMS,432.MD160,,2025-01,2025-01-12,1.35,,1.06,0.43,,,,,,,,,,
1821,Vb-432.MD160-MDE-RMS,432.MD160,,2025-02,2025-02-13,0.26,,0.54,0.56,,,,,,,,,,
1822,Vb-432.MD160-MNDE-RMS,432.MD160,,2025-02,2025-02-13,0.29,,0.49,0.23,,,,,,,,,,
1823,Vb-432.MD160-S1DE-RMS,432.MD160,,2025-02,2025-02-13,0.42,,0.51,0.31,,,,,,,,,,
1824,Vb-432.MD160-S1NDE-RMS,432.MD160,,2025-02,2025-02-13,0.6,,0.63,0.51,,,,,,,,,,
1825,Vb-432.MD160-S2DE-RMS,432.MD160,,2025-02,2025-02-13,0.44,,0.52,0.24,,,,,,,,,,
1826,Vb-432.MD160-S2NDE-RMS,432.MD160,,2025-02,2025-02-13,1.06,,0.5,0.55,,,,,,,,,,
1827,Vb-432.MD160-S3DE-RMS,432.MD160,,2025-02,2025-02-13,0.74,,0.57,0.25,,,,,,,,,,
1828,Vb-432.MD160-S3NDE-RMS,432.MD160,,2025-02,2025-02-13,0.71,,0.78,0.68,,,,,,,,,,
1829,Vb-432.MD160-S4DE-RMS,432.MD160,,2025-02,2025-02-13,0.85,,0.56,0.28,,,,,,,,,,
1830,Vb-432.MD160-S4NDE-RMS,432.MD160,,2025-02,2025-02-13,0.91,,0.95,0.27,,,,,,,,,,
1831,Vb-432.MD160-MDE-RMS,432.MD160,,2025-04,2025-04-10,0.4,,0.58,0.46,,,,,,,,,,
1832,Vb-432.MD160-MNDE-RMS,432.MD160,,2025-04,2025-04-10,0.4,,0.48,0.21,,,,,,,,,,
1833,Vb-432.MD160-S1DE-RMS,432.MD160,,2025-04,2025-04-10,0.42,,0.44,0.28,,,,,,,,,,
1834,Vb-432.MD160-S1NDE-RMS,432.MD160,,2025-04,2025-04-10,0.7,,0.38,0.35,,,,,,,,,,
1835,Vb-432.MD160-S2DE-RMS,432.MD160,,2025-04,2025-04-10,0.57,,0.54,0.31,,,,,,,,,,
1836,Vb-432.MD160-S2NDE-RMS,432.MD160,,2025-04,2025-04-10,0.61,,0.57,0.42,,,,,,,,,,
1837,Vb-432.MD160-S3DE-RMS,432.MD160,,2025-04,2025-04-10,2.25,,0.37,0.83,,,,,,,,,,
1838,Vb-432.MD160-S3NDE-RMS,432.MD160,,2025-04,2025-04-10,0.76,,0.59,0.38,,,,,,,,,,
1839,Vb-432.MD160-S4DE-RMS,432.MD160,,2025-04,2025-04-10,0.93,,0.53,0.42,,,,,,,,,,
1840,Vb-432.MD160-S4NDE-RMS,432.MD160,,2025-04,2025-04-10,1.91,,0.56,0.34,,,,,,,,,,
1841,Vb-432.MD160-MDE-RMS,432.MD160,,2025-07,2025-07-30,0.38,,0.55,0.42,,,,,,,,,,
1842,Vb-432.MD160-MNDE-RMS,432.MD160,,2025-07,2025-07-30,0.4,,0.47,0.25,,,,,,,,,,
1843,Vb-432.MD160-S1DE-RMS,432.MD160,,2025-07,2025-07-30,0.45,,0.46,0.74,,,,,,,,,,
1844,Vb-432.MD160-S1NDE-RMS,432.MD160,,2025-07,2025-07-30,0.5,,0.46,0.66,,,,,,,,,,
1845,Vb-432.MD160-S2DE-RMS,432.MD160,,2025-07,2025-07-30,0.68,,0.68,0.5,,,,,,,,,,
1846,Vb-432.MD160-S2NDE-RMS,432.MD160,,2025-07,2025-07-30,0.75,,0.45,0.52,,,,,,,,,,
1847,Vb-432.MD160-S3DE-RMS,432.MD160,,2025-07,2025-07-30,0.77,,0.34,0.56,,,,,,,,,,
1848,Vb-432.MD160-S3NDE-RMS,432.MD160,,2025-07,2025-07-30,0.93,,0.39,0.45,,,,,,,,,,
1849,Vb-432.MD160-S4DE-RMS,432.MD160,,2025-07,2025-07-30,0.49,,0.59,0.51,,,,,,,,,,
1850,Vb-432.MD160-S4NDE-RMS,432.MD160,,2025-07,2025-07-30,0.65,,0.44,0.33,,,,,,,,,,
1851,Vb-432.MD160-MDE-RMS,432.MD160,,2025-09,2025-09-25,0.23,,0.6,0.55,,,,,,,,,,
1852,Vb-432.MD160-MNDE-RMS,432.MD160,,2025-09,2025-09-25,0.36,,0.5,0.15,,,,,,,,,,
1853,Vb-432.MD160-S1DE-RMS,432.MD160,,2025-09,2025-09-25,0.26,,0.36,0.21,,,,,,,,,,
1854,Vb-432.MD160-S1NDE-RMS,432.MD160,,2025-09,2025-09-25,0.46,,0.39,0.23,,,,,,,,,,
1855,Vb-432.MD160-S2DE-RMS,432.MD160,,2025-09,2025-09-25,0.26,,0.41,0.18,,,,,,,,,,
1856,Vb-432.MD160-S2NDE-RMS,432.MD160,,2025-09,2025-09-25,0.38,,0.47,0.36,,,,,,,,,,
1857,Vb-432.MD160-S3DE-RMS,432.MD160,,2025-09,2025-09-25,0.59,,0.44,0.34,,,,,,,,,,
1858,Vb-432.MD160-S3NDE-RMS,432.MD160,,2025-09,2025-09-25,0.34,,0.39,0.34,,,,,,,,,,
1859,Vb-432.MD160-S4DE-RMS,432.MD160,,2025-09,2025-09-25,0.31,,0.39,0.23,,,,,,,,,,
1860,Vb-432.MD160-S4NDE-RMS,432.MD160,,2025-09,2025-09-25,0.55,,0.32,0.25,,,,,,,,,,
1861,Vb-432.MD160-S1NDE-RMS,432.MD160,,2026-01,2026-01-27,0.55,,,0.49,,,,,,,,,,
1862,Vb-432.MD160-MDE-RMS,432.MD160,,2026-02,2026-02-09,0.34,,0.46,0.39,,,,,,,,,,
1863,Vb-432.MD160-MNDE-RMS,432.MD160,,2026-02,2026-02-09,0.42,,0.53,0.23,,,,,,,,,,
1864,Vb-432.MD160-S1DE-RMS,432.MD160,,2026-02,2026-02-09,0.62,,0.75,0.64,,,,,,,,,,
1865,Vb-432.MD160-S1NDE-RMS,432.MD160,,2026-02,2026-02-09,,,0.47,,,,,,,,,,,
1866,Vb-432.MD160-S2DE-RMS,432.MD160,,2026-02,2026-02-09,0.61,,0.6,0.53,,,,,,,,,,
1867,Vb-432.MD160-S2NDE-RMS,432.MD160,,2026-02,2026-02-09,0.98,,0.54,0.46,,,,,,,,,,
1868,Vb-432.MD160-S3DE-RMS,432.MD160,,2026-02,2026-02-09,3.32,,0.44,0.58,,,,,,,,,,
1869,Vb-432.MD160-S3NDE-RMS,432.MD160,,2026-02,2026-02-09,0.56,,0.53,0.45,,,,,,,,,,
1870,Vb-432.MD160-S4DE-RMS,432.MD160,,2026-02,2026-02-09,0.47,,0.51,0.68,,,,,,,,,,
1871,Vb-432.MD160-S4NDE-RMS,432.MD160,,2026-02,2026-02-09,0.91,,0.71,0.32,,,,,,,,,,
1872,Vb-432.MD160-MDE-RMS,432.MD160,,2026-03,2026-03-31,0.55,,0.47,0.4,,,,,,,,,,
1873,Vb-432.MD160-MNDE-RMS,432.MD160,,2026-03,2026-03-31,0.68,,0.38,0.21,,,,,,,,,,
1874,Vb-432.MD160-S1DE-RMS,432.MD160,,2026-03,2026-03-31,0.7,,0.49,0.55,,,,,,,,,,
1875,Vb-432.MD160-S1NDE-RMS,432.MD160,,2026-03,2026-03-31,0.59,,0.37,0.59,,,,,,,,,,
1876,Vb-432.MD160-S2DE-RMS,432.MD160,,2026-03,2026-03-31,0.81,,0.65,0.44,,,,,,,,,,
1877,Vb-432.MD160-S2NDE-RMS,432.MD160,,2026-03,2026-03-31,0.88,,0.7,0.59,,,,,,,,,,
1878,Vb-432.MD160-S3DE-RMS,432.MD160,,2026-03,2026-03-31,0.76,,0.5,0.38,,,,,,,,,,
1879,Vb-432.MD160-S3NDE-RMS,432.MD160,,2026-03,2026-03-31,1.02,,0.7,0.59,,,,,,,,,,
1880,Vb-432.MD160-S4DE-RMS,432.MD160,,2026-03,2026-03-31,1.26,,0.61,0.43,,,,,,,,,,
1881,Vb-432.MD160-S4NDE-RMS,432.MD160,,2026-03,2026-03-31,1.18,,0.52,0.32,,,,,,,,,,
1882,Vb-432.MD160-MDE-RMS,432.MD160,,2026-04,2026-04-21,0.37,,0.41,0.37,,,,,,,,,,
1883,Vb-432.MD160-MNDE-RMS,432.MD160,,2026-04,2026-04-21,0.4,,0.37,0.37,,,,,,,,,,
1884,Vb-432.MD160-S1DE-RMS,432.MD160,,2026-04,2026-04-21,0.41,,0.38,0.24,,,,,,,,,,
1885,Vb-432.MD160-S1NDE-RMS,432.MD160,,2026-04,2026-04-21,0.41,,0.38,0.27,,,,,,,,,,
1886,Vb-432.MD160-S2DE-RMS,432.MD160,,2026-04,2026-04-21,0.5,,0.39,0.24,,,,,,,,,,
1887,Vb-432.MD160-S2NDE-RMS,432.MD160,,2026-04,2026-04-21,0.57,,0.37,0.5,,,,,,,,,,
1888,Vb-432.MD160-S3DE-RMS,432.MD160,,2026-04,2026-04-21,0.64,,0.53,0.25,,,,,,,,,,
1889,Vb-432.MD160-S3NDE-RMS,432.MD160,,2026-04,2026-04-21,0.73,,0.51,0.37,,,,,,,,,,
1890,Vb-432.MD160-S4DE-RMS,432.MD160,,2026-04,2026-04-21,0.48,,0.38,0.3,,,,,,,,,,
1891,Vb-432.MD160-S4NDE-RMS,432.MD160,,2026-04,2026-04-21,0.41,,0.43,0.29,,,,,,,,,,
1892,Vb-441.CR400-CRDE-RMS,441.CR400,,2024-12,2024-12-03,0.5,,1.36,0.22,2024-12-05,0.55,,1.27,1.85,,,,,
1893,Vb-441.CR400-CRNDE-RMS,441.CR400,,2024-12,2024-12-03,0.74,,0.24,0.24,2024-12-05,0.68,,1.09,0.97,,,,,
1894,Vb-441.CR400-MDE-RMS,441.CR400,,2024-12,2024-12-03,0.94,,0.87,1.32,2024-12-05,0.87,,0.72,1.48,,,,,
1895,Vb-441.CR400-MNDE-RMS,441.CR400,,2024-12,2024-12-03,0.23,,0.71,0.28,2024-12-05,0.81,,1.14,0.9,,,,,
1896,Vb-441.CR400-CRDE-RMS,441.CR400,,2025-01,2025-01-28,1.01,,1.4,1.7,,,,,,,,,,
1897,Vb-441.CR400-CRNDE-RMS,441.CR400,,2025-01,2025-01-28,0.61,,1.13,1.28,,,,,,,,,,
1898,Vb-441.CR400-MDE-RMS,441.CR400,,2025-01,2025-01-28,1.21,,0.8,1.78,,,,,,,,,,
1899,Vb-441.CR400-MNDE-RMS,441.CR400,,2025-01,2025-01-28,1.22,,0.86,0.86,,,,,,,,,,
1900,Vb-441.CR400-CRDE-RMS,441.CR400,,2025-02,2025-02-02,1.11,,1.78,1.94,,,,,,,,,,
1901,Vb-441.CR400-CRNDE-RMS,441.CR400,,2025-02,2025-02-02,1.08,,1.23,1.32,,,,,,,,,,
1902,Vb-441.CR400-MDE-RMS,441.CR400,,2025-02,2025-02-02,1.17,,1.06,1.16,,,,,,,,,,
1903,Vb-441.CR400-MNDE-RMS,441.CR400,,2025-02,2025-02-02,1.1,,1.05,0.9,,,,,,,,,,
1904,Vb-441.CR400-CRDE-RMS,441.CR400,,2025-05,2025-05-12,1.19,,1.11,2.09,,,,,,,,,,
1905,Vb-441.CR400-CRNDE-RMS,441.CR400,,2025-05,2025-05-12,0.59,,3.75,1.21,,,,,,,,,,
1906,Vb-441.CR400-MDE-RMS,441.CR400,,2025-05,2025-05-12,0.71,,1.75,2.19,,,,,,,,,,
1907,Vb-441.CR400-MNDE-RMS,441.CR400,,2025-05,2025-05-12,0.61,,1.1,0.45,,,,,,,,,,
1908,Vb-441.CR400-CRDE-RMS,441.CR400,,2025-07,2025-07-07,0.79,,1.25,2.13,,,,,,,,,,
1909,Vb-441.CR400-CRNDE-RMS,441.CR400,,2025-07,2025-07-07,0.44,,1.38,0.76,,,,,,,,,,
1910,Vb-441.CR400-MDE-RMS,441.CR400,,2025-07,2025-07-07,1.01,,1.53,1.49,,,,,,,,,,
1911,Vb-441.CR400-MNDE-RMS,441.CR400,,2025-07,2025-07-07,0.85,,1.12,0.81,,,,,,,,,,
1912,Vb-441.CR400-CRDE-RMS,441.CR400,,2025-09,2025-09-14,1.01,,1.48,1.21,,,,,,,,,,
1913,Vb-441.CR400-CRNDE-RMS,441.CR400,,2025-09,2025-09-14,0.62,,1.31,1.02,,,,,,,,,,
1914,Vb-441.CR400-MDE-RMS,441.CR400,,2025-09,2025-09-14,0.72,,1.76,1.22,,,,,,,,,,
1915,Vb-441.CR400-MNDE-RMS,441.CR400,,2025-09,2025-09-14,0.77,,0.73,0.66,,,,,,,,,,
1916,Vb-441.CR400-CRDE-RMS,441.CR400,,2026-04,2026-04-07,0.71,,1.28,1.61,,,,,,,,,,
1917,Vb-441.CR400-CRNDE-RMS,441.CR400,,2026-04,2026-04-07,0.97,,1.16,0.99,,,,,,,,,,
1918,Vb-441.CR400-MDE-RMS,441.CR400,,2026-04,2026-04-07,0.76,,0.73,0.76,,,,,,,,,,
1919,Vb-441.CR400-MNDE-RMS,441.CR400,,2026-04,2026-04-07,0.87,,0.77,0.51,,,,,,,,,,
1920,Vb-441.CR400-CRDE-RMS,441.CR400,,2026-07,2026-07-02,0.99,,0.85,1.63,,,,,,,,,,
1921,Vb-441.CR400-CRNDE-RMS,441.CR400,,2026-07,2026-07-02,0.89,,0.69,1.27,,,,,,,,,,
1922,Vb-441.CR400-MDE-RMS,441.CR400,,2026-07,2026-07-02,1.53,,1.05,1.35,,,,,,,,,,
1923,Vb-441.CR400-MNDE-RMS,441.CR400,,2026-07,2026-07-02,0.92,,0.97,0.98,,,,,,,,,,
1924,Vb-441.FN300-FDE-RMS,441.FN300,,2024-12,2024-12-03,1.95,,1.75,2.06,2024-12-04,1.52,,1.9,2.92,,,,,
1925,Vb-441.FN300-FNDE-RMS,441.FN300,,2024-12,2024-12-03,1.49,,4.3,3.95,,,,,,,,,,
1926,Vb-441.FN300-MDE-RMS,441.FN300,,2024-12,2024-12-03,2.38,,3.21,4.17,,,,,,,,,,
1927,Vb-441.FN300-MNDE-RMS,441.FN300,,2024-12,2024-12-03,2.51,,1.6,1.79,,,,,,,,,,
1928,Vb-441.FN300-FDE-RMS,441.FN300,,2025-01,2025-01-22,1.72,,3.4,3.77,2025-01-28,1.31,,2.6,2.89,,,,,
1929,Vb-441.FN300-FNDE-RMS,441.FN300,,2025-01,2025-01-22,1.59,,5.14,3.78,2025-01-28,1.43,,4.06,3.46,,,,,
1930,Vb-441.FN300-MDE-RMS,441.FN300,,2025-01,2025-01-22,2.55,,2.65,4.76,2025-01-28,1.78,,2.09,2.99,,,,,
1931,Vb-441.FN300-MNDE-RMS,441.FN300,,2025-01,2025-01-22,3.01,,5.89,6.44,2025-01-28,1.83,,1.88,2.29,,,,,
1932,Vb-441.FN300-FDE-RMS,441.FN300,,2025-03,2025-03-03,1.86,,2.69,2.68,,,,,,,,,,
1933,Vb-441.FN300-FNDE-RMS,441.FN300,,2025-03,2025-03-03,1.83,,4.15,3.9,,,,,,,,,,
1934,Vb-441.FN300-MDE-RMS,441.FN300,,2025-03,2025-03-03,2.32,,1.98,3.16,,,,,,,,,,
1935,Vb-441.FN300-MNDE-RMS,441.FN300,,2025-03,2025-03-03,2.27,,1.92,2.61,,,,,,,,,,
1936,Vb-441.FN300-FDE-RMS,441.FN300,,2025-05,2025-05-04,1.02,,2.98,3.19,,,,,,,,,,
1937,Vb-441.FN300-FNDE-RMS,441.FN300,,2025-05,2025-05-04,1.48,,4.03,3.63,,,,,,,,,,
1938,Vb-441.FN300-MDE-RMS,441.FN300,,2025-05,2025-05-04,1.78,,1.87,2.06,,,,,,,,,,
1939,Vb-441.FN300-MNDE-RMS,441.FN300,,2025-05,2025-05-04,1.83,,1.69,2.11,,,,,,,,,,
1940,Vb-441.FN300-FDE-RMS,441.FN300,,2025-08,2025-08-06,2.08,,1.82,1.89,,,,,,,,,,
1941,Vb-441.FN300-FNDE-RMS,441.FN300,,2025-08,2025-08-06,1.94,,2.39,2.86,,,,,,,,,,
1942,Vb-441.FN300-MDE-RMS,441.FN300,,2025-08,2025-08-05,1.83,,,,2025-08-06,,,0.96,2.26,,,,,
1943,Vb-441.FN300-MNDE-RMS,441.FN300,,2025-08,2025-08-06,2.17,,1.53,1.76,,,,,,,,,,
1944,Vb-441.FN300-FDE-RMS,441.FN300,,2025-09,2025-09-14,1.97,,1.68,1.57,,,,,,,,,,
1945,Vb-441.FN300-FNDE-RMS,441.FN300,,2025-09,2025-09-14,1.71,,2.05,3.57,,,,,,,,,,
1946,Vb-441.FN300-MDE-RMS,441.FN300,,2025-09,2025-09-14,2.38,,1.02,1.9,,,,,,,,,,
1947,Vb-441.FN300-MNDE-RMS,441.FN300,,2025-09,2025-09-14,1.87,,0.94,1.75,,,,,,,,,,
1948,Vb-441.FN300-FDE-RMS,441.FN300,,2025-10,2025-10-12,2.38,,2.48,1.78,,,,,,,,,,
1949,Vb-441.FN300-FNDE-RMS,441.FN300,,2025-10,2025-10-12,1.96,,2.35,2.87,,,,,,,,,,
1950,Vb-441.FN300-MDE-RMS,441.FN300,,2025-10,2025-10-12,2.64,,1.04,1.93,,,,,,,,,,
1951,Vb-441.FN300-MNDE-RMS,441.FN300,,2025-10,2025-10-12,1.94,,1.15,2.27,,,,,,,,,,
1952,Vb-441.FN300-FDE-RMS,441.FN300,,2026-02,2026-02-14,2.29,,2.12,1.68,,,,,,,,,,
1953,Vb-441.FN300-FNDE-RMS,441.FN300,,2026-02,2026-02-14,2.07,,1.89,0.86,,,,,,,,,,
1954,Vb-441.FN300-MDE-RMS,441.FN300,,2026-02,2026-02-14,1.96,,1.76,2.63,,,,,,,,,,
1955,Vb-441.FN300-MNDE-RMS,441.FN300,,2026-02,2026-02-14,1.77,,2.24,1.35,,,,,,,,,,
1956,Vb-441.FN300-FDE-RMS,441.FN300,,2026-04,2026-04-06,3.56,,7.41,3.15,2026-04-29,5.42,,6.25,2.79,,,,,
1957,Vb-441.FN300-FNDE-RMS,441.FN300,,2026-04,2026-04-06,3.72,,7.78,3.08,2026-04-29,6.62,,6.01,4.3,,,,,
1958,Vb-441.FN300-MDE-RMS,441.FN300,,2026-04,2026-04-06,3.53,,7,4.14,2026-04-29,6.04,,5.67,2.78,,,,,
1959,Vb-441.FN300-MNDE-RMS,441.FN300,,2026-04,2026-04-06,2.87,,5.32,1.54,2026-04-29,5.07,,4.7,3.29,,,,,
1960,Vb-441.FN305-FDE-RMS,441.FN305,,2024-12,2024-12-03,1.51,,2.58,3.16,,,,,,,,,,
1961,Vb-441.FN305-FNDE-RMS,441.FN305,,2024-12,2024-12-03,1.91,,2.16,2.98,,,,,,,,,,
1962,Vb-441.FN305-MDE-RMS,441.FN305,,2024-12,2024-12-03,1.78,,2.59,2.05,,,,,,,,,,
1963,Vb-441.FN305-MNDE-RMS,441.FN305,,2024-12,2024-12-03,1.76,,2.07,2.14,,,,,,,,,,
1964,Vb-441.FN305-FDE-RMS,441.FN305,,2025-01,2025-01-22,1.15,,2.78,2.22,2025-01-28,0.98,,2.03,1.57,,,,,
1965,Vb-441.FN305-FNDE-RMS,441.FN305,,2025-01,2025-01-22,1.31,,1.68,1.11,2025-01-28,0.97,,1.6,1.12,,,,,
1966,Vb-441.FN305-MDE-RMS,441.FN305,,2025-01,2025-01-22,2.31,,2.1,2.14,2025-01-28,1.91,,2.09,2.76,,,,,
1967,Vb-441.FN305-MNDE-RMS,441.FN305,,2025-01,2025-01-22,1.02,,1.35,1.26,2025-01-28,0.96,,1.35,1.88,,,,,
1968,Vb-441.FN305-FDE-RMS,441.FN305,,2025-03,2025-03-03,0.9,,1.54,1.71,,,,,,,,,,
1969,Vb-441.FN305-FNDE-RMS,441.FN305,,2025-03,2025-03-03,1.04,,1.65,1.24,,,,,,,,,,
1970,Vb-441.FN305-MDE-RMS,441.FN305,,2025-03,2025-03-03,1.98,,1.58,2.23,,,,,,,,,,
1971,Vb-441.FN305-MNDE-RMS,441.FN305,,2025-03,2025-03-03,0.89,,1.07,1.51,,,,,,,,,,
1972,Vb-441.FN305-FDE-RMS,441.FN305,,2025-05,2025-05-04,0.97,,2.03,1.43,,,,,,,,,,
1973,Vb-441.FN305-FNDE-RMS,441.FN305,,2025-05,2025-05-04,1.09,,1.75,1.18,,,,,,,,,,
1974,Vb-441.FN305-MDE-RMS,441.FN305,,2025-05,2025-05-04,2.19,,1.53,2.14,,,,,,,,,,
1975,Vb-441.FN305-MNDE-RMS,441.FN305,,2025-05,2025-05-04,1.14,,1.06,1.57,,,,,,,,,,
1976,Vb-441.FN305-FDE-RMS,441.FN305,,2025-07,2025-07-07,0.73,,0.99,1.12,,,,,,,,,,
1977,Vb-441.FN305-FNDE-RMS,441.FN305,,2025-07,2025-07-07,0.78,,0.99,1.28,,,,,,,,,,
1978,Vb-441.FN305-MDE-RMS,441.FN305,,2025-07,2025-07-07,2.06,,1.55,1.79,,,,,,,,,,
1979,Vb-441.FN305-MNDE-RMS,441.FN305,,2025-07,2025-07-07,0.96,,1.08,1.89,,,,,,,,,,
1980,Vb-441.FN305-FDE-RMS,441.FN305,,2025-09,2025-09-14,0.76,,0.92,1.15,,,,,,,,,,
1981,Vb-441.FN305-FNDE-RMS,441.FN305,,2025-09,2025-09-14,0.82,,0.97,1.22,,,,,,,,,,
1982,Vb-441.FN305-MDE-RMS,441.FN305,,2025-09,2025-09-14,1.97,,1.46,1.89,,,,,,,,,,
1983,Vb-441.FN305-MNDE-RMS,441.FN305,,2025-09,2025-09-14,1.07,,0.9,1.66,,,,,,,,,,
1984,Vb-441.FN305-FDE-RMS,441.FN305,,2025-10,2025-10-12,0.71,,1.16,1.36,,,,,,,,,,
1985,Vb-441.FN305-FNDE-RMS,441.FN305,,2025-10,2025-10-12,0.88,,1.24,1.34,,,,,,,,,,
1986,Vb-441.FN305-MDE-RMS,441.FN305,,2025-10,2025-10-12,2.36,,1.42,1.82,,,,,,,,,,
1987,Vb-441.FN305-MNDE-RMS,441.FN305,,2025-10,2025-10-12,0.77,,1.15,1.33,,,,,,,,,,
1988,Vb-441.FN305-FDE-RMS,441.FN305,,2026-02,2026-02-14,0.75,,0.93,1.28,,,,,,,,,,
1989,Vb-441.FN305-FNDE-RMS,441.FN305,,2026-02,2026-02-14,0.81,,0.9,1.07,,,,,,,,,,
1990,Vb-441.FN305-MDE-RMS,441.FN305,,2026-02,2026-02-14,2.42,,1.83,2.01,,,,,,,,,,
1991,Vb-441.FN305-MNDE-RMS,441.FN305,,2026-02,2026-02-14,0.71,,0.91,1.05,,,,,,,,,,
1992,Vb-441.FN305-FDE-RMS,441.FN305,,2026-04,2026-04-06,0.71,,1.25,1.36,,,,,,,,,,
1993,Vb-441.FN305-FNDE-RMS,441.FN305,,2026-04,2026-04-06,0.98,,0.93,1.12,,,,,,,,,,
1994,Vb-441.FN305-MDE-RMS,441.FN305,,2026-04,2026-04-06,2.08,,1.84,2.72,,,,,,,,,,
1995,Vb-441.FN305-MNDE-RMS,441.FN305,,2026-04,2026-04-06,0.77,,1.11,1.35,,,,,,,,,,
1996,Vb-441.FN310-FDE-RMS,441.FN310,,2024-12,2024-12-03,0.9,,1.22,0.79,,,,,,,,,,
1997,Vb-441.FN310-FNDE-RMS,441.FN310,,2024-12,2024-12-03,0.95,,1.57,1.11,,,,,,,,,,
1998,Vb-441.FN310-MDE-RMS,441.FN310,,2024-12,2024-12-03,1.67,,2.56,2.71,,,,,,,,,,
1999,Vb-441.FN310-MNDE-RMS,441.FN310,,2024-12,2024-12-03,0.83,,1.24,1.35,,,,,,,,,,
2000,Vb-441.FN310-FDE-RMS,441.FN310,,2025-01,2025-01-22,1.07,,1.33,0.96,2025-01-28,0.93,,1.48,0.93,,,,,
2001,Vb-441.FN310-FNDE-RMS,441.FN310,,2025-01,2025-01-22,0.69,,1.23,1.12,2025-01-28,0.68,,1.4,1.46,,,,,
2002,Vb-441.FN310-MDE-RMS,441.FN310,,2025-01,2025-01-22,0.74,,1.73,1.91,2025-01-28,0.65,,2.02,1.33,,,,,
2003,Vb-441.FN310-MNDE-RMS,441.FN310,,2025-01,2025-01-22,0.6,,1.02,0.9,2025-01-28,0.41,,1.22,0.99,,,,,
2004,Vb-441.FN310-FDE-RMS,441.FN310,,2025-03,2025-03-03,0.71,,1.25,0.72,,,,,,,,,,
2005,Vb-441.FN310-FNDE-RMS,441.FN310,,2025-03,2025-03-03,0.56,,1.35,1.12,,,,,,,,,,
2006,Vb-441.FN310-MDE-RMS,441.FN310,,2025-03,2025-03-03,0.72,,1.84,0.99,,,,,,,,,,
2007,Vb-441.FN310-MNDE-RMS,441.FN310,,2025-03,2025-03-03,1.11,,1.39,1.2,,,,,,,,,,
2008,Vb-441.FN310-FDE-RMS,441.FN310,,2025-05,2025-05-04,1.45,,2.16,0.81,,,,,,,,,,
2009,Vb-441.FN310-FNDE-RMS,441.FN310,,2025-05,2025-05-04,0.96,,1.54,1.23,,,,,,,,,,
2010,Vb-441.FN310-MDE-RMS,441.FN310,,2025-05,2025-05-04,1.27,,2.21,2.08,,,,,,,,,,
2011,Vb-441.FN310-MNDE-RMS,441.FN310,,2025-05,2025-05-04,0.73,,1.68,1.08,,,,,,,,,,
2012,Vb-441.FN310-FDE-RMS,441.FN310,,2025-07,2025-07-07,0.61,,1.59,0.83,,,,,,,,,,
2013,Vb-441.FN310-FNDE-RMS,441.FN310,,2025-07,2025-07-07,0.6,,0.97,0.87,,,,,,,,,,
2014,Vb-441.FN310-MDE-RMS,441.FN310,,2025-07,2025-07-07,1.28,,2.06,1.72,,,,,,,,,,
2015,Vb-441.FN310-MNDE-RMS,441.FN310,,2025-07,2025-07-07,0.79,,1.21,1.08,,,,,,,,,,
2016,Vb-441.FN310-FDE-RMS,441.FN310,,2025-09,2025-09-14,0.75,,1.57,0.74,,,,,,,,,,
2017,Vb-441.FN310-FNDE-RMS,441.FN310,,2025-09,2025-09-14,1.25,,0.9,1.97,,,,,,,,,,
2018,Vb-441.FN310-MDE-RMS,441.FN310,,2025-09,2025-09-14,1.05,,1.72,1.42,,,,,,,,,,
2019,Vb-441.FN310-MNDE-RMS,441.FN310,,2025-09,2025-09-14,0.65,,0.91,0.96,,,,,,,,,,
2020,Vb-441.FN310-FDE-RMS,441.FN310,,2025-10,2025-10-12,0.6,,0.82,0.66,,,,,,,,,,
2021,Vb-441.FN310-FNDE-RMS,441.FN310,,2025-10,2025-10-12,1.02,,2.27,0.99,,,,,,,,,,
2022,Vb-441.FN310-MDE-RMS,441.FN310,,2025-10,2025-10-12,0.87,,1.29,1.2,,,,,,,,,,
2023,Vb-441.FN310-MNDE-RMS,441.FN310,,2025-10,2025-10-12,0.51,,0.67,0.79,,,,,,,,,,
2024,Vb-441.FN310-FDE-RMS,441.FN310,,2026-02,2026-02-14,0.84,,1.24,1.41,,,,,,,,,,
2025,Vb-441.FN310-FNDE-RMS,441.FN310,,2026-02,2026-02-14,0.76,,1.32,1.35,,,,,,,,,,
2026,Vb-441.FN310-MDE-RMS,441.FN310,,2026-02,2026-02-14,2.6,,1.64,1.72,,,,,,,,,,
2027,Vb-441.FN310-MNDE-RMS,441.FN310,,2026-02,2026-02-14,0.61,,0.75,1.67,,,,,,,,,,
2028,Vb-441.FN310-FDE-RMS,441.FN310,,2026-04,2026-04-06,0.84,,1.45,1.42,2026-04-27,0.71,,1.14,1.58,,,,,
2029,Vb-441.FN310-FNDE-RMS,441.FN310,,2026-04,2026-04-06,1.04,,1.41,1.11,2026-04-06,1.04,,,,2026-04-27,,,1.27,1.91
2030,Vb-441.FN310-MDE-RMS,441.FN310,,2026-04,2026-04-06,2.51,,1.71,2.51,2026-04-27,2.66,,1.86,2.5,,,,,
2031,Vb-441.FN310-MNDE-RMS,441.FN310,,2026-04,2026-04-06,1.11,,0.69,1.53,2026-04-27,0.99,,0.73,2.07,,,,,
2032,Vb-441.FN315-FDE-RMS,441.FN315,,2024-12,2024-12-03,6.75,,1.02,2.52,,,,,,,,,,
2033,Vb-441.FN315-FNDE-RMS,441.FN315,,2024-12,2024-12-03,7.12,,2.54,3.67,,,,,,,,,,
2034,Vb-441.FN315-MDE-RMS,441.FN315,,2024-12,2024-12-03,5.83,,3.8,1.62,,,,,,,,,,
2035,Vb-441.FN315-MNDE-RMS,441.FN315,,2024-12,2024-12-03,4.98,,3.14,3.04,,,,,,,,,,
2036,Vb-441.FN315-FDE-RMS,441.FN315,,2025-01,2025-01-22,1.18,,1.4,0.84,2025-01-23,3.67,,3.1,3.87,2025-01-28,1.75,,2.45,1.08
2037,Vb-441.FN315-FNDE-RMS,441.FN315,,2025-01,2025-01-22,1.12,,1.41,1.23,2025-01-23,3.63,,3.83,2.61,2025-01-28,1.79,,4.65,3.59
2038,Vb-441.FN315-MDE-RMS,441.FN315,,2025-01,2025-01-22,0.76,,0.49,1.21,2025-01-23,3.67,,2.04,4.76,2025-01-28,3.78,,3.37,2.23
2039,Vb-441.FN315-MNDE-RMS,441.FN315,,2025-01,2025-01-22,1.18,,1.24,1.8,2025-01-23,3.24,,5.12,3.75,2025-01-28,1.47,,4.5,3.55
2040,Vb-441.FN315-FDE-RMS,441.FN315,,2025-03,2025-03-03,2.24,,2.87,1.6,,,,,,,,,,
2041,Vb-441.FN315-FNDE-RMS,441.FN315,,2025-03,2025-03-03,2.35,,5.27,4.88,,,,,,,,,,
2042,Vb-441.FN315-MDE-RMS,441.FN315,,2025-03,2025-03-03,3.47,,3.4,2.33,,,,,,,,,,
2043,Vb-441.FN315-MNDE-RMS,441.FN315,,2025-03,2025-03-03,1.88,,4.49,3.48,,,,,,,,,,
2044,Vb-441.FN315-FDE-RMS,441.FN315,,2025-05,2025-05-04,3.17,,3.47,2.19,,,,,,,,,,
2045,Vb-441.FN315-FNDE-RMS,441.FN315,,2025-05,2025-05-04,2.94,,7.7,4.32,,,,,,,,,,
2046,Vb-441.FN315-MDE-RMS,441.FN315,,2025-05,2025-05-04,2.4,,5.14,5.71,,,,,,,,,,
2047,Vb-441.FN315-MNDE-RMS,441.FN315,,2025-05,2025-05-04,2.68,,8.1,1.9,,,,,,,,,,
2048,Vb-441.FN315-FDE-RMS,441.FN315,,2025-07,2025-07-07,1.81,,2.44,1.52,,,,,,,,,,
2049,Vb-441.FN315-FNDE-RMS,441.FN315,,2025-07,2025-07-07,1.7,,2.79,1.72,,,,,,,,,,
2050,Vb-441.FN315-MDE-RMS,441.FN315,,2025-07,2025-07-07,2.91,,2.8,4.22,,,,,,,,,,
2051,Vb-441.FN315-MNDE-RMS,441.FN315,,2025-07,2025-07-07,1.81,,2.68,1.84,,,,,,,,,,
2052,Vb-441.FN315-FDE-RMS,441.FN315,,2025-09,2025-09-14,1.91,,2.55,2.22,,,,,,,,,,
2053,Vb-441.FN315-FNDE-RMS,441.FN315,,2025-09,2025-09-14,2.34,,3.62,2.46,,,,,,,,,,
2054,Vb-441.FN315-MDE-RMS,441.FN315,,2025-09,2025-09-14,2.35,,2.33,4.25,,,,,,,,,,
2055,Vb-441.FN315-MNDE-RMS,441.FN315,,2025-09,2025-09-14,2.71,,3.29,3.46,,,,,,,,,,
2056,Vb-441.FN315-FDE-RMS,441.FN315,,2025-10,2025-10-12,2.5,,1.71,1.6,,,,,,,,,,
2057,Vb-441.FN315-FNDE-RMS,441.FN315,,2025-10,2025-10-12,2.32,,2.71,1.56,,,,,,,,,,
2058,Vb-441.FN315-MDE-RMS,441.FN315,,2025-10,2025-10-12,2.48,,3.7,4.13,,,,,,,,,,
2059,Vb-441.FN315-MNDE-RMS,441.FN315,,2025-10,2025-10-12,2.04,,2.25,2.23,,,,,,,,,,
2060,Vb-441.FN315-FDE-RMS,441.FN315,,2026-02,2026-02-14,1.41,,4.45,4.12,,,,,,,,,,
2061,Vb-441.FN315-FNDE-RMS,441.FN315,,2026-02,2026-02-14,1.35,,2.37,1.47,,,,,,,,,,
2062,Vb-441.FN315-MDE-RMS,441.FN315,,2026-02,2026-02-14,1.27,,2.97,3.37,,,,,,,,,,
2063,Vb-441.FN315-MNDE-RMS,441.FN315,,2026-02,2026-02-14,1.35,,1.11,2.19,,,,,,,,,,
2064,Vb-441.FN315-FDE-RMS,441.FN315,,2026-04,2026-04-06,1.41,,12.04,4.01,2026-04-29,0.81,,1.02,1.04,,,,,
2065,Vb-441.FN315-FNDE-RMS,441.FN315,,2026-04,2026-04-06,1.32,,2.35,1.25,2026-04-29,0.67,,0.97,0.84,,,,,
2066,Vb-441.FN315-MDE-RMS,441.FN315,,2026-04,2026-04-06,0.95,,4.22,3.05,2026-04-29,1.66,,2.09,1.78,,,,,
2067,Vb-441.FN315-MNDE-RMS,441.FN315,,2026-04,2026-04-06,1.04,,2.14,1.01,2026-04-29,0.44,,0.77,0.98,,,,,
2068,Vb-441.FN325-FDE-RMS,441.FN325,,2024-12,2024-12-03,1.16,,1,1.07,,,,,,,,,,
2069,Vb-441.FN325-FNDE-RMS,441.FN325,,2024-12,2024-12-03,1.06,,1.13,1.3,,,,,,,,,,
2070,Vb-441.FN325-MDE-RMS,441.FN325,,2024-12,2024-12-03,1.81,,1.93,1.75,,,,,,,,,,
2071,Vb-441.FN325-MNDE-RMS,441.FN325,,2024-12,2024-12-03,1.2,,1.78,1.75,,,,,,,,,,
2072,Vb-441.FN325-FDE-RMS,441.FN325,,2025-01,2025-01-22,1.97,,1.64,1.81,2025-01-28,1.41,,1.35,2.25,,,,,
2073,Vb-441.FN325-FNDE-RMS,441.FN325,,2025-01,2025-01-22,1.95,,3.42,1.82,2025-01-28,1.41,,2.79,2.24,,,,,
2074,Vb-441.FN325-MDE-RMS,441.FN325,,2025-01,2025-01-22,3.34,,5.05,2.87,2025-01-28,3.37,,4.19,2.94,,,,,
2075,Vb-441.FN325-MNDE-RMS,441.FN325,,2025-01,2025-01-22,2.32,,2.87,2.7,2025-01-28,1.44,,2.15,1.62,,,,,
2076,Vb-441.FN325-FDE-RMS,441.FN325,,2025-03,2025-03-03,1.12,,0.76,0.82,,,,,,,,,,
2077,Vb-441.FN325-FNDE-RMS,441.FN325,,2025-03,2025-03-03,0.89,,1.16,1.2,,,,,,,,,,
2078,Vb-441.FN325-MDE-RMS,441.FN325,,2025-03,2025-03-03,1.97,,1.56,1.79,,,,,,,,,,
2079,Vb-441.FN325-MNDE-RMS,441.FN325,,2025-03,2025-03-03,0.96,,1.05,1.69,,,,,,,,,,
2080,Vb-441.FN325-FDE-RMS,441.FN325,,2025-05,2025-05-04,1.3,,1.02,1.09,,,,,,,,,,
2081,Vb-441.FN325-FNDE-RMS,441.FN325,,2025-05,2025-05-04,1.1,,1.25,1.43,,,,,,,,,,
2082,Vb-441.FN325-MDE-RMS,441.FN325,,2025-05,2025-05-04,1.88,,1.74,1.46,,,,,,,,,,
2083,Vb-441.FN325-MNDE-RMS,441.FN325,,2025-05,2025-05-04,1.2,,1.18,1.71,,,,,,,,,,
2084,Vb-441.FN325-FDE-RMS,441.FN325,,2025-07,2025-07-07,0.83,,1.23,1.03,,,,,,,,,,
2085,Vb-441.FN325-FNDE-RMS,441.FN325,,2025-07,2025-07-07,1.19,,1.31,1.36,,,,,,,,,,
2086,Vb-441.FN325-MDE-RMS,441.FN325,,2025-07,2025-07-07,1.11,,1.46,1.31,,,,,,,,,,
2087,Vb-441.FN325-MNDE-RMS,441.FN325,,2025-07,2025-07-07,0.68,,0.69,0.96,,,,,,,,,,
2088,Vb-441.FN325-FDE-RMS,441.FN325,,2025-09,2025-09-14,1.98,,0.68,1.34,,,,,,,,,,
2089,Vb-441.FN325-FNDE-RMS,441.FN325,,2025-09,2025-09-14,0.67,,1.18,1.62,,,,,,,,,,
2090,Vb-441.FN325-MDE-RMS,441.FN325,,2025-09,2025-09-14,1.73,,1.92,2.08,,,,,,,,,,
2091,Vb-441.FN325-MNDE-RMS,441.FN325,,2025-09,2025-09-14,0.8,,0.9,1.06,,,,,,,,,,
2092,Vb-441.FN325-FDE-RMS,441.FN325,,2025-10,2025-10-12,0.57,,0.87,0.83,,,,,,,,,,
2093,Vb-441.FN325-FNDE-RMS,441.FN325,,2025-10,2025-10-12,0.74,,1.3,1.3,,,,,,,,,,
2094,Vb-441.FN325-MDE-RMS,441.FN325,,2025-10,2025-10-12,1.82,,1.7,1.41,,,,,,,,,,
2095,Vb-441.FN325-MNDE-RMS,441.FN325,,2025-10,2025-10-12,0.58,,0.76,0.88,,,,,,,,,,
2096,Vb-441.FN325-FDE-RMS,441.FN325,,2026-02,2026-02-14,0.61,,1.49,0.76,,,,,,,,,,
2097,Vb-441.FN325-FNDE-RMS,441.FN325,,2026-02,2026-02-14,0.65,,1.78,1.59,,,,,,,,,,
2098,Vb-441.FN325-MDE-RMS,441.FN325,,2026-02,2026-02-14,0.86,,2.05,1.66,,,,,,,,,,
2099,Vb-441.FN325-MNDE-RMS,441.FN325,,2026-02,2026-02-14,0.6,,1.18,1.02,,,,,,,,,,
2100,Vb-441.FN325-FDE-RMS,441.FN325,,2026-04,2026-04-06,0.88,,0.94,0.87,,,,,,,,,,
2101,Vb-441.FN325-FNDE-RMS,441.FN325,,2026-04,2026-04-06,0.93,,1.49,1.89,,,,,,,,,,
2102,Vb-441.FN325-MDE-RMS,441.FN325,,2026-04,2026-04-06,1.59,,1.94,1.6,,,,,,,,,,
2103,Vb-441.FN325-MNDE-RMS,441.FN325,,2026-04,2026-04-06,0.59,,0.73,1.27,,,,,,,,,,
2104,Vb-441.FN335-FDE-RMS,441.FN335,,2024-12,2024-12-03,1.26,,3.42,1.91,,,,,,,,,,
2105,Vb-441.FN335-FNDE-RMS,441.FN335,,2024-12,2024-12-03,0.6,,1.37,,,,,,,,,,,
2106,Vb-441.FN335-MDE-RMS,441.FN335,,2024-12,2024-12-03,1.43,,3.47,2.76,,,,,,,,,,
2107,Vb-441.FN335-MNDE-RMS,441.FN335,,2024-12,2024-12-03,1.02,,2.22,1.04,,,,,,,,,,
2108,Vb-441.FN335-FDE-RMS,441.FN335,,2025-01,2025-01-23,1.26,,1.45,0.82,2025-01-28,5.41,,5.79,1.15,,,,,
2109,Vb-441.FN335-FNDE-RMS,441.FN335,,2025-01,2025-01-23,1.38,,1.35,1.17,2025-01-28,5.52,,4.3,1.85,,,,,
2110,Vb-441.FN335-MDE-RMS,441.FN335,,2025-01,2025-01-23,1.13,,1.16,1.06,2025-01-28,5.57,,4.81,5.2,,,,,
2111,Vb-441.FN335-MNDE-RMS,441.FN335,,2025-01,2025-01-23,0.73,,0.94,1.18,2025-01-28,5.25,,5.32,5.56,,,,,
2112,Vb-441.FN335-FDE-RMS,441.FN335,,2025-03,2025-03-03,0.67,,2.25,2.26,,,,,,,,,,
2113,Vb-441.FN335-FNDE-RMS,441.FN335,,2025-03,2025-03-03,0.64,,2.63,1.15,,,,,,,,,,
2114,Vb-441.FN335-MDE-RMS,441.FN335,,2025-03,2025-03-03,0.67,,2.39,2.19,,,,,,,,,,
2115,Vb-441.FN335-MNDE-RMS,441.FN335,,2025-03,2025-03-03,1.21,,1.85,1.08,,,,,,,,,,
2116,Vb-441.FN335-FDE-RMS,441.FN335,,2025-05,2025-05-04,0.93,,1.7,0.84,,,,,,,,,,
2117,Vb-441.FN335-FNDE-RMS,441.FN335,,2025-05,2025-05-04,1.3,,2.26,1.01,,,,,,,,,,
2118,Vb-441.FN335-MDE-RMS,441.FN335,,2025-05,2025-05-04,1.01,,2.21,2.04,,,,,,,,,,
2119,Vb-441.FN335-MNDE-RMS,441.FN335,,2025-05,2025-05-04,0.9,,1.74,0.93,,,,,,,,,,
2120,Vb-441.FN335-FDE-RMS,441.FN335,,2025-07,2025-07-07,0.84,,0.87,0.55,,,,,,,,,,
2121,Vb-441.FN335-FNDE-RMS,441.FN335,,2025-07,2025-07-07,0.48,,1.11,0.9,,,,,,,,,,
2122,Vb-441.FN335-MDE-RMS,441.FN335,,2025-07,2025-07-07,0.4,,1.24,1.1,,,,,,,,,,
2123,Vb-441.FN335-MNDE-RMS,441.FN335,,2025-07,2025-07-07,0.73,,0.76,0.7,,,,,,,,,,
2124,Vb-441.FN335-FDE-RMS,441.FN335,,2025-09,2025-09-14,0.62,,1,0.78,,,,,,,,,,
2125,Vb-441.FN335-FNDE-RMS,441.FN335,,2025-09,2025-09-14,0.63,,1.23,0.68,,,,,,,,,,
2126,Vb-441.FN335-MDE-RMS,441.FN335,,2025-09,2025-09-14,0.76,,0.73,0.78,,,,,,,,,,
2127,Vb-441.FN335-MNDE-RMS,441.FN335,,2025-09,2025-09-14,0.71,,0.58,1.07,,,,,,,,,,
2128,Vb-441.FN335-FDE-RMS,441.FN335,,2025-10,2025-10-12,0.37,,0.47,0.38,,,,,,,,,,
2129,Vb-441.FN335-FNDE-RMS,441.FN335,,2025-10,2025-10-12,0.41,,0.85,0.58,,,,,,,,,,
2130,Vb-441.FN335-MDE-RMS,441.FN335,,2025-10,2025-10-12,0.32,,0.39,0.6,,,,,,,,,,
2131,Vb-441.FN335-MNDE-RMS,441.FN335,,2025-10,2025-10-12,0.32,,0.32,0.41,,,,,,,,,,
2132,Vb-441.FN335-FDE-RMS,441.FN335,,2026-02,2026-02-14,1.01,,1.96,1.25,,,,,,,,,,
2133,Vb-441.FN335-FNDE-RMS,441.FN335,,2026-02,2026-02-14,0.99,,3.43,3,,,,,,,,,,
2134,Vb-441.FN335-MDE-RMS,441.FN335,,2026-02,2026-02-14,0.71,,1.96,2.02,,,,,,,,,,
2135,Vb-441.FN335-MNDE-RMS,441.FN335,,2026-02,2026-02-14,0.78,,1.59,0.84,,,,,,,,,,
2136,Vb-441.FN335-FDE-RMS,441.FN335,,2026-04,2026-04-06,0.47,,0.75,0.75,,,,,,,,,,
2137,Vb-441.FN335-FNDE-RMS,441.FN335,,2026-04,2026-04-06,1.48,,1.45,0.9,,,,,,,,,,
2138,Vb-441.FN335-MDE-RMS,441.FN335,,2026-04,2026-04-06,0.54,,0.74,0.78,,,,,,,,,,
2139,Vb-441.FN335-MNDE-RMS,441.FN335,,2026-04,2026-04-06,0.44,,0.51,0.63,,,,,,,,,,
2140,Vb-441.FN340-FDE-RMS,441.FN340,,2024-12,2024-12-03,0.6,,0.6,0.21,2024-12-05,0.24,,0.48,0.46,,,,,
2141,Vb-441.FN340-FNDE-RMS,441.FN340,,2024-12,2024-12-03,0.4,,0.65,0.82,2024-12-05,0.3,,0.59,0.53,,,,,
2142,Vb-441.FN340-MDE-RMS,441.FN340,,2024-12,2024-12-03,0.68,,1.01,0.93,2024-12-05,0.45,,0.78,0.76,,,,,
2143,Vb-441.FN340-MNDE-RMS,441.FN340,,2024-12,2024-12-03,0.47,,0.89,0.2,2024-12-05,0.27,,0.36,0.51,,,,,
2144,Vb-441.FN340-FDE-RMS,441.FN340,,2025-01,2025-01-22,0.66,,0.62,0.55,2025-01-23,0.5,,0.73,0.71,2025-01-28,0.4,,0.92,0.56
2145,Vb-441.FN340-FNDE-RMS,441.FN340,,2025-01,2025-01-22,0.51,,0.71,0.77,2025-01-23,0.7,,0.82,0.74,2025-01-28,0.42,,0.79,0.68
2146,Vb-441.FN340-MDE-RMS,441.FN340,,2025-01,2025-01-22,0.6,,0.82,0.81,2025-01-23,0.67,,0.8,0.72,2025-01-28,0.61,,1.2,1.06
2147,Vb-441.FN340-MNDE-RMS,441.FN340,,2025-01,2025-01-22,0.4,,0.54,0.68,2025-01-23,0.39,,0.49,0.52,2025-01-28,0.32,,0.51,1.25
2148,Vb-441.FN340-FDE-RMS,441.FN340,,2025-02,2025-02-02,0.37,,0.45,0.45,,,,,,,,,,
2149,Vb-441.FN340-FNDE-RMS,441.FN340,,2025-02,2025-02-02,0.36,,0.59,0.58,,,,,,,,,,
2150,Vb-441.FN340-MDE-RMS,441.FN340,,2025-02,2025-02-02,0.31,,0.81,0.92,,,,,,,,,,
2151,Vb-441.FN340-MNDE-RMS,441.FN340,,2025-02,2025-02-02,0.28,,0.47,0.44,,,,,,,,,,
2152,Vb-441.FN340-FDE-RMS,441.FN340,,2025-05,2025-05-04,0.23,,0.43,0.36,,,,,,,,,,
2153,Vb-441.FN340-FNDE-RMS,441.FN340,,2025-05,2025-05-04,0.26,,0.49,0.45,,,,,,,,,,
2154,Vb-441.FN340-MDE-RMS,441.FN340,,2025-05,2025-05-04,0.33,,0.64,0.63,,,,,,,,,,
2155,Vb-441.FN340-MNDE-RMS,441.FN340,,2025-05,2025-05-04,0.21,,0.34,0.34,,,,,,,,,,
2156,Vb-441.FN340-FDE-RMS,441.FN340,,2025-07,2025-07-07,0.6,,0.4,0.29,,,,,,,,,,
2157,Vb-441.FN340-FNDE-RMS,441.FN340,,2025-07,2025-07-07,0.32,,0.54,0.4,,,,,,,,,,
2158,Vb-441.FN340-MDE-RMS,441.FN340,,2025-07,2025-07-07,0.35,,0.59,0.66,,,,,,,,,,
2159,Vb-441.FN340-MNDE-RMS,441.FN340,,2025-07,2025-07-07,0.17,,0.28,0.39,,,,,,,,,,
2160,Vb-441.FN340-FDE-RMS,441.FN340,,2025-09,2025-09-14,0.41,,0.51,0.47,,,,,,,,,,
2161,Vb-441.FN340-FNDE-RMS,441.FN340,,2025-09,2025-09-14,0.46,,0.55,0.57,,,,,,,,,,
2162,Vb-441.FN340-MDE-RMS,441.FN340,,2025-09,2025-09-14,0.56,,0.89,0.96,,,,,,,,,,
2163,Vb-441.FN340-MNDE-RMS,441.FN340,,2025-09,2025-09-14,1.25,,0.51,0.43,,,,,,,,,,
2164,Vb-441.FN340-FDE-RMS,441.FN340,,2026-02,2026-02-14,0.23,,0.58,0.4,,,,,,,,,,
2165,Vb-441.FN340-FNDE-RMS,441.FN340,,2026-02,2026-02-14,0.3,,0.4,0.64,,,,,,,,,,
2166,Vb-441.FN340-MDE-RMS,441.FN340,,2026-02,2026-02-14,0.36,,0.25,0.53,,,,,,,,,,
2167,Vb-441.FN340-MNDE-RMS,441.FN340,,2026-02,2026-02-14,0.23,,0.25,0.35,,,,,,,,,,
2168,Vb-441.FN340-FDE-RMS,441.FN340,,2026-04,2026-04-07,0.51,,0.34,0.35,,,,,,,,,,
2169,Vb-441.FN340-FNDE-RMS,441.FN340,,2026-04,2026-04-07,0.45,,0.39,0.39,,,,,,,,,,
2170,Vb-441.FN340-MDE-RMS,441.FN340,,2026-04,2026-04-07,0.36,,0.62,0.61,,,,,,,,,,
2171,Vb-441.FN340-MNDE-RMS,441.FN340,,2026-04,2026-04-07,0.21,,0.28,0.46,,,,,,,,,,
2172,Vb-441.FN345-FDE-RMS,441.FN345,,2024-12,2024-12-03,1.04,,1.68,1.57,2024-12-05,1.14,,1.2,1.1,,,,,
2173,Vb-441.FN345-FNDE-RMS,441.FN345,,2024-12,2024-12-03,0.95,,1.38,0.8,2024-12-05,0.5,,0.6,0.79,,,,,
2174,Vb-441.FN345-MDE-RMS,441.FN345,,2024-12,2024-12-03,0.25,,1.73,1.58,2024-12-05,0.99,,2.25,2.4,,,,,
2175,Vb-441.FN345-MNDE-RMS,441.FN345,,2024-12,2024-12-03,0.5,,0.91,1.24,2024-12-05,0.89,,0.85,0.89,,,,,
2176,Vb-441.FN345-FDE-RMS,441.FN345,,2025-01,2025-01-22,0.91,,2.99,0.64,2025-01-28,0.59,,1.56,0.86,,,,,
2177,Vb-441.FN345-FNDE-RMS,441.FN345,,2025-01,2025-01-22,1.68,,4.47,1.89,2025-01-28,0.44,,1.88,1.03,,,,,
2178,Vb-441.FN345-MDE-RMS,441.FN345,,2025-01,2025-01-22,0.97,,3.96,3.64,2025-01-28,0.72,,1.87,1.87,,,,,
2179,Vb-441.FN345-MNDE-RMS,441.FN345,,2025-01,2025-01-22,0.77,,2.72,0.86,2025-01-28,0.47,,1.25,1.26,,,,,
2180,Vb-441.FN345-FDE-RMS,441.FN345,,2025-02,2025-02-02,0.6,,2.43,0.46,,,,,,,,,,
2181,Vb-441.FN345-FNDE-RMS,441.FN345,,2025-02,2025-02-02,0.69,,3.53,1.5,,,,,,,,,,
2182,Vb-441.FN345-MDE-RMS,441.FN345,,2025-02,2025-02-02,0.78,,3.11,2.48,,,,,,,,,,
2183,Vb-441.FN345-MNDE-RMS,441.FN345,,2025-02,2025-02-02,1.04,,3.12,0.52,,,,,,,,,,
2184,Vb-441.FN345-FDE-RMS,441.FN345,,2025-05,2025-05-04,3.97,,9.92,2.45,,,,,,,,,,
2185,Vb-441.FN345-FNDE-RMS,441.FN345,,2025-05,2025-05-04,3.65,,8.88,2.63,,,,,,,,,,
2186,Vb-441.FN345-MDE-RMS,441.FN345,,2025-05,2025-05-04,4.52,,9.76,7.7,,,,,,,,,,
2187,Vb-441.FN345-MNDE-RMS,441.FN345,,2025-05,2025-05-04,3.36,,7.85,2.61,,,,,,,,,,
2188,Vb-441.FN345-FDE-RMS,441.FN345,,2025-07,2025-07-07,1.54,,3.01,2.34,,,,,,,,,,
2189,Vb-441.FN345-FNDE-RMS,441.FN345,,2025-07,2025-07-07,4.53,,4.61,4.3,,,,,,,,,,
2190,Vb-441.FN345-MDE-RMS,441.FN345,,2025-07,2025-07-07,1.4,,4.15,3.86,,,,,,,,,,
2191,Vb-441.FN345-MNDE-RMS,441.FN345,,2025-07,2025-07-07,1.28,,2.94,1.89,,,,,,,,,,
2192,Vb-441.FN345-FDE-RMS,441.FN345,,2025-09,2025-09-01,0.99,,1.85,1.36,,,,,,,,,,
2193,Vb-441.FN345-FNDE-RMS,441.FN345,,2025-09,2025-09-01,1.68,,3.38,2.58,,,,,,,,,,
2194,Vb-441.FN345-MDE-RMS,441.FN345,,2025-09,2025-09-01,0.91,,3.45,3.36,,,,,,,,,,
2195,Vb-441.FN345-MNDE-RMS,441.FN345,,2025-09,2025-09-01,0.79,,2.3,1.39,,,,,,,,,,
2196,Vb-441.FN345-FDE-RMS,441.FN345,,2026-02,2026-02-14,0.9,,1.63,0.75,,,,,,,,,,
2197,Vb-441.FN345-FNDE-RMS,441.FN345,,2026-02,2026-02-14,0.67,,1.4,1.12,,,,,,,,,,
2198,Vb-441.FN345-MDE-RMS,441.FN345,,2026-02,2026-02-14,1.24,,1.91,2.41,,,,,,,,,,
2199,Vb-441.FN345-MNDE-RMS,441.FN345,,2026-02,2026-02-14,0.78,,0.73,0.92,,,,,,,,,,
2200,Vb-441.FN345-FDE-RMS,441.FN345,,2026-04,2026-04-07,0.34,,1.75,0.85,2026-04-29,0.52,,1.69,1.18,,,,,
2201,Vb-441.FN345-FNDE-RMS,441.FN345,,2026-04,2026-04-07,0.63,,1.07,1.15,2026-04-29,0.61,,1.45,1.39,,,,,
2202,Vb-441.FN345-MDE-RMS,441.FN345,,2026-04,2026-04-07,1.25,,1.77,2.11,2026-04-29,1.28,,1.56,1.86,,,,,
2203,Vb-441.FN345-MNDE-RMS,441.FN345,,2026-04,2026-04-07,0.56,,0.61,0.99,2026-04-29,0.51,,0.52,1.02,,,,,
2204,Vb-441.FN350-FDE-RMS,441.FN350,,2024-12,2024-12-03,0.22,,0.84,0.36,2024-12-05,0.68,,0.55,0.74,,,,,
2205,Vb-441.FN350-FNDE-RMS,441.FN350,,2024-12,2024-12-03,0.27,,1.49,0.2,2024-12-05,0.22,,1.66,0.34,,,,,
2206,Vb-441.FN350-MDE-RMS,441.FN350,,2024-12,2024-12-03,0.46,,0.22,1.08,2024-12-05,0.88,,0.47,0.54,,,,,
2207,Vb-441.FN350-MNDE-RMS,441.FN350,,2024-12,2024-12-03,0.25,,1.37,0.35,2024-12-05,0.26,,0.58,0.45,,,,,
2208,Vb-441.FN350-FDE-RMS,441.FN350,,2025-01,2025-01-22,0.67,,1.58,1.27,2025-01-28,0.96,,0.67,0.5,,,,,
2209,Vb-441.FN350-FNDE-RMS,441.FN350,,2025-01,2025-01-22,0.57,,1.25,0.94,2025-01-28,1.17,,0.54,0.48,,,,,
2210,Vb-441.FN350-MDE-RMS,441.FN350,,2025-01,2025-01-22,0.72,,2.14,1.53,2025-01-28,1.2,,0.56,0.7,,,,,
2211,Vb-441.FN350-MNDE-RMS,441.FN350,,2025-01,2025-01-22,,,0.34,1.61,2025-01-28,0.75,,0.53,0.8,,,,,
2212,Vb-441.FN350-FDE-RMS,441.FN350,,2025-02,2025-02-02,1.04,,0.39,0.59,,,,,,,,,,
2213,Vb-441.FN350-FNDE-RMS,441.FN350,,2025-02,2025-02-02,0.64,,0.66,0.75,,,,,,,,,,
2214,Vb-441.FN350-MDE-RMS,441.FN350,,2025-02,2025-02-02,0.9,,0.66,0.81,,,,,,,,,,
2215,Vb-441.FN350-MNDE-RMS,441.FN350,,2025-02,2025-02-02,0.52,,0.38,0.74,,,,,,,,,,
2216,Vb-441.FN350-FDE-RMS,441.FN350,,2025-05,2025-05-04,0.73,,0.58,0.57,,,,,,,,,,
2217,Vb-441.FN350-FNDE-RMS,441.FN350,,2025-05,2025-05-04,0.95,,0.72,0.64,,,,,,,,,,
2218,Vb-441.FN350-MDE-RMS,441.FN350,,2025-05,2025-05-04,0.87,,0.77,0.65,,,,,,,,,,
2219,Vb-441.FN350-MNDE-RMS,441.FN350,,2025-05,2025-05-04,0.57,,0.45,0.81,,,,,,,,,,
2220,Vb-441.FN350-FDE-RMS,441.FN350,,2025-07,2025-07-07,0.62,,0.65,0.48,,,,,,,,,,
2221,Vb-441.FN350-FNDE-RMS,441.FN350,,2025-07,2025-07-07,0.7,,0.91,0.77,,,,,,,,,,
2222,Vb-441.FN350-MDE-RMS,441.FN350,,2025-07,2025-07-07,1.06,,0.68,0.92,,,,,,,,,,
2223,Vb-441.FN350-MNDE-RMS,441.FN350,,2025-07,2025-07-07,0.48,,0.45,0.85,,,,,,,,,,
2224,Vb-441.FN350-FDE-RMS,441.FN350,,2025-09,2025-09-14,0.54,,0.76,0.6,,,,,,,,,,
2225,Vb-441.FN350-FNDE-RMS,441.FN350,,2025-09,2025-09-14,0.67,,0.61,0.61,,,,,,,,,,
2226,Vb-441.FN350-MDE-RMS,441.FN350,,2025-09,2025-09-14,1.32,,0.71,1.23,,,,,,,,,,
2227,Vb-441.FN350-MNDE-RMS,441.FN350,,2025-09,2025-09-14,0.46,,0.35,0.83,,,,,,,,,,
2228,Vb-441.FN350-FDE-RMS,441.FN350,,2026-02,2026-02-14,0.36,,0.68,0.69,,,,,,,,,,
2229,Vb-441.FN350-FNDE-RMS,441.FN350,,2026-02,2026-02-14,0.4,,0.87,0.8,,,,,,,,,,
2230,Vb-441.FN350-MDE-RMS,441.FN350,,2026-02,2026-02-14,1.04,,1.27,1.31,,,,,,,,,,
2231,Vb-441.FN350-MNDE-RMS,441.FN350,,2026-02,2026-02-14,0.39,,0.44,0.73,,,,,,,,,,
2232,Vb-441.FN350-FDE-RMS,441.FN350,,2026-04,2026-04-07,0.2,,0.35,0.36,2026-04-29,0.22,,0.39,0.36,,,,,
2233,Vb-441.FN350-FNDE-RMS,441.FN350,,2026-04,2026-04-07,0.3,,0.36,0.43,2026-04-29,0.43,,0.66,0.53,,,,,
2234,Vb-441.FN350-MDE-RMS,441.FN350,,2026-04,2026-04-07,1,,0.58,0.57,2026-04-29,1.02,,0.59,0.82,,,,,
2235,Vb-441.FN350-MNDE-RMS,441.FN350,,2026-04,2026-04-07,0.27,,0.3,0.58,2026-04-29,0.38,,0.26,0.56,,,,,
2236,Vb-441.FN.590-FDE-RMS,441.FN590,,2024-12,2024-12-04,,,0.66,,2024-12-05,0.62,,1.69,0.99,2024-12-06,0.72,,1.92,1.11
2237,Vb-441.FN.590-FNDE-RMS,441.FN590,,2024-12,2024-12-04,,,1.04,,2024-12-05,1.2,,3.96,2.33,2024-12-06,0.83,,3.98,2.93
2238,Vb-441.FN.590-MDE-RMS,441.FN590,,2024-12,2024-12-05,0.49,,1.56,0.26,2024-12-08,1.01,,2.46,,2024-12-09,0.52,,2.31,1.03
2239,Vb-441.FN.590-MNDE-RMS,441.FN590,,2024-12,2024-12-04,,,0.9,,2024-12-05,0.43,,1.62,0.22,2024-12-08,1.39,,1.97,0.3
2240,Vb-441.FN.590-S1DE-RMS,441.FN590,,2024-12,2024-12-05,0.79,,1.58,0.82,2024-12-08,1.01,,2.06,0.55,2024-12-09,0.86,,1.8,1.06
2241,Vb-441.FN.590-S1NDE-RMS,441.FN590,,2024-12,2024-12-05,0.48,,1.58,0.5,2024-12-08,0.39,,1.81,1.43,2024-12-09,0.47,,1.75,1.19
2242,Vb-441.FN.590-S2DE-RMS,441.FN590,,2024-12,2024-12-05,0.66,,1.84,0.79,2024-12-08,0.74,,1.93,1.46,2024-12-09,1.15,,1.84,0.61
2243,Vb-441.FN.590-S2NDE-RMS,441.FN590,,2024-12,2024-12-05,0.62,,1.44,0.99,2024-12-08,0.77,,2.01,1.99,2024-12-09,1.05,,1.91,1.28
2244,Vb-441.FN.590-FDE-RMS,441.FN590,,2025-01,2025-01-20,0.26,,0.24,0.34,2025-01-27,0.9,,9.11,3.36,2025-01-28,0.21,,0.44,0.3
2245,Vb-441.FN.590-FNDE-RMS,441.FN590,,2025-01,2025-01-20,1.44,,0.5,0.37,2025-01-27,1.59,,3.56,3.36,2025-01-28,0.42,,0.86,0.43
2246,Vb-441.FN.590-MDE-RMS,441.FN590,,2025-01,2025-01-27,0.6,,0.5,0.37,,,,,,,,,,
2247,Vb-441.FN.590-MNDE-RMS,441.FN590,,2025-01,2025-01-27,0.33,,0.46,0.17,2025-01-28,,,0.19,,,,,,
2248,Vb-441.FN.590-S1DE-RMS,441.FN590,,2025-01,2025-01-27,0.36,,0.52,0.33,,,,,,,,,,
2249,Vb-441.FN.590-S1NDE-RMS,441.FN590,,2025-01,2025-01-27,0.42,,0.47,0.59,,,,,,,,,,
2250,Vb-441.FN.590-S2DE-RMS,441.FN590,,2025-01,2025-01-27,0.62,,0.74,0.5,,,,,,,,,,
2251,Vb-441.FN.590-S2NDE-RMS,441.FN590,,2025-01,2025-01-27,0.62,,0.56,0.46,,,,,,,,,,
2252,Vb-441.FN.590-FDE-RMS,441.FN590,,2025-02,2025-02-25,0.41,,0.56,0.37,,,,,,,,,,
2253,Vb-441.FN.590-FNDE-RMS,441.FN590,,2025-02,2025-02-25,0.27,,1.06,1.19,,,,,,,,,,
2254,Vb-441.FN.590-MDE-RMS,441.FN590,,2025-02,2025-02-24,0.4,,0.78,0.5,,,,,,,,,,
2255,Vb-441.FN.590-MNDE-RMS,441.FN590,,2025-02,2025-02-24,0.19,,0.55,0.24,,,,,,,,,,
2256,Vb-441.FN.590-S1DE-RMS,441.FN590,,2025-02,2025-02-24,0.33,,0.57,0.52,,,,,,,,,,
2257,Vb-441.FN.590-S1NDE-RMS,441.FN590,,2025-02,2025-02-24,0.16,,0.61,0.35,,,,,,,,,,
2258,Vb-441.FN.590-S2DE-RMS,441.FN590,,2025-02,2025-02-24,0.44,,0.81,0.25,,,,,,,,,,
2259,Vb-441.FN.590-S2NDE-RMS,441.FN590,,2025-02,2025-02-24,0.45,,0.65,0.27,,,,,,,,,,
2260,Vb-441.FN.590-FDE-RMS,441.FN590,,2025-05,2025-05-12,0.11,,0.26,0.39,,,,,,,,,,
2261,Vb-441.FN.590-FNDE-RMS,441.FN590,,2025-05,2025-05-12,0.12,,0.22,0.16,,,,,,,,,,
2262,Vb-441.FN.590-MDE-RMS,441.FN590,,2025-05,2025-05-12,0.31,,0.38,0.33,,,,,,,,,,
2263,Vb-441.FN.590-MNDE-RMS,441.FN590,,2025-05,2025-05-12,0.14,,0.24,0.1,,,,,,,,,,
2264,Vb-441.FN.590-S1DE-RMS,441.FN590,,2025-05,2025-05-12,0.23,,0.26,0.35,,,,,,,,,,
2265,Vb-441.FN.590-S1NDE-RMS,441.FN590,,2025-05,2025-05-12,0.2,,0.29,0.25,,,,,,,,,,
2266,Vb-441.FN.590-S2DE-RMS,441.FN590,,2025-05,2025-05-12,0.47,,0.47,0.3,,,,,,,,,,
2267,Vb-441.FN.590-S2NDE-RMS,441.FN590,,2025-05,2025-05-12,0.32,,0.45,0.4,,,,,,,,,,
2268,Vb-441.FN.590-FDE-RMS,441.FN590,,2025-07,2025-07-07,0.77,,0.29,0.23,,,,,,,,,,
2269,Vb-441.FN.590-FNDE-RMS,441.FN590,,2025-07,2025-07-07,0.4,,0.52,0.45,,,,,,,,,,
2270,Vb-441.FN.590-MDE-RMS,441.FN590,,2025-07,2025-07-07,0.58,,0.49,0.41,,,,,,,,,,
2271,Vb-441.FN.590-MNDE-RMS,441.FN590,,2025-07,2025-07-07,0.23,,0.22,0.1,,,,,,,,,,
2272,Vb-441.FN.590-S1DE-RMS,441.FN590,,2025-07,2025-07-07,0.56,,0.25,0.23,,,,,,,,,,
2273,Vb-441.FN.590-S1NDE-RMS,441.FN590,,2025-07,2025-07-07,0.14,,0.23,0.32,,,,,,,,,,
2274,Vb-441.FN.590-S2DE-RMS,441.FN590,,2025-07,2025-07-07,0.78,,0.28,0.29,,,,,,,,,,
2275,Vb-441.FN.590-S2NDE-RMS,441.FN590,,2025-07,2025-07-07,0.59,,0.3,0.2,,,,,,,,,,
2276,Vb-441.FN.590-FDE-RMS,441.FN590,,2025-09,2025-09-14,0.54,,0.23,0.29,,,,,,,,,,
2277,Vb-441.FN.590-FNDE-RMS,441.FN590,,2025-09,2025-09-14,2.38,,1.34,0.28,,,,,,,,,,
2278,Vb-441.FN.590-MDE-RMS,441.FN590,,2025-09,2025-09-14,0.36,,0.4,0.39,,,,,,,,,,
2279,Vb-441.FN.590-MNDE-RMS,441.FN590,,2025-09,2025-09-14,0.13,,0.21,0.1,,,,,,,,,,
2280,Vb-441.FN.590-S1DE-RMS,441.FN590,,2025-09,2025-09-14,0.16,,0.19,0.21,,,,,,,,,,
2281,Vb-441.FN.590-S1NDE-RMS,441.FN590,,2025-09,2025-09-14,0.16,,0.21,0.27,,,,,,,,,,
2282,Vb-441.FN.590-S2DE-RMS,441.FN590,,2025-09,2025-09-14,0.84,,0.36,0.3,,,,,,,,,,
2283,Vb-441.FN.590-S2NDE-RMS,441.FN590,,2025-09,2025-09-14,0.42,,0.36,0.45,,,,,,,,,,
2284,Vb-441.FN.590-FDE-RMS,441.FN590,,2026-02,2026-02-14,0.2,,0.25,0.17,,,,,,,,,,
2285,Vb-441.FN.590-FNDE-RMS,441.FN590,,2026-02,2026-02-14,0.17,,0.57,0.47,,,,,,,,,,
2286,Vb-441.FN.590-MDE-RMS,441.FN590,,2026-02,2026-02-14,0.2,,1,0.58,,,,,,,,,,
2287,Vb-441.FN.590-MNDE-RMS,441.FN590,,2026-02,2026-02-14,0.6,,0.9,0.17,,,,,,,,,,
2288,Vb-441.FN.590-S1DE-RMS,441.FN590,,2026-02,2026-02-14,0.28,,0.75,0.27,,,,,,,,,,
2289,Vb-441.FN.590-S1NDE-RMS,441.FN590,,2026-02,2026-02-14,0.2,,0.93,0.37,,,,,,,,,,
2290,Vb-441.FN.590-S2DE-RMS,441.FN590,,2026-02,2026-02-14,0.5,,0.5,0.29,,,,,,,,,,
2291,Vb-441.FN.590-S2NDE-RMS,441.FN590,,2026-02,2026-02-14,0.65,,0.45,0.22,,,,,,,,,,
2292,Vb-441.FN.590-FDE-RMS,441.FN590,,2026-04,2026-04-06,0.14,,0.19,0.15,,,,,,,,,,
2293,Vb-441.FN.590-FNDE-RMS,441.FN590,,2026-04,2026-04-06,0.13,,0.26,0.18,,,,,,,,,,
2294,Vb-441.FN.590-MDE-RMS,441.FN590,,2026-04,2026-04-06,0.1,,0.42,0.33,,,,,,,,,,
2295,Vb-441.FN.590-MNDE-RMS,441.FN590,,2026-04,2026-04-06,0.11,,0.25,0.11,,,,,,,,,,
2296,Vb-441.FN.590-S1DE-RMS,441.FN590,,2026-04,2026-04-06,0.14,,0.19,0.18,,,,,,,,,,
2297,Vb-441.FN.590-S1NDE-RMS,441.FN590,,2026-04,2026-04-06,0.13,,0.14,0.28,,,,,,,,,,
2298,Vb-441.FN.590-S2DE-RMS,441.FN590,,2026-04,2026-04-06,0.3,,0.25,0.16,,,,,,,,,,
2299,Vb-441.FN.590-S2NDE-RMS,441.FN590,,2026-04,2026-04-06,0.31,,0.26,0.18,,,,,,,,,,
2300,,441.WI001,Motor DE,2026-03,2026-03-25,2.37,,2.45,2.99,,,,,,,,,,
2301,,441.WI001,Motor NDE,2026-03,2026-03-25,2.19,,1.6,2.75,,,,,,,,,,
2302,,441.WI001,Motor DE,2026-04,2026-04-29,2.34,,1.96,2.28,,,,,,,,,,
2303,,441.WI001,Motor NDE,2026-04,2026-04-29,2.36,,1.54,2.45,,,,,,,,,,
2304,,441.WI002,Motor DE,2026-03,2026-03-25,3.05,,1.76,1.56,,,,,,,,,,
2305,,441.WI002,Motor NDE,2026-03,2026-03-25,1.77,,1.43,2.72,,,,,,,,,,
2306,,441.WI002,Motor DE,2026-04,2026-04-29,2.16,,1.55,1.79,,,,,,,,,,
2307,,441.WI002,Motor NDE,2026-04,2026-04-29,1.47,,1.39,1.9,,,,,,,,,,
2308,,441.WI003,Motor DE,2026-03,2026-03-25,2.35,,1.79,1.62,,,,,,,,,,
2309,,441.WI003,Motor NDE,2026-03,2026-03-25,0.98,,1.61,1.91,,,,,,,,,,
2310,,441.WI003,Motor DE,2026-04,2026-04-29,1.67,,1.35,1.75,,,,,,,,,,
2311,,441.WI003,Motor NDE,2026-04,2026-04-29,2.18,,1.56,1.28,,,,,,,,,,
2312,,441.WI004,Motor DE,2026-03,2026-03-25,2.33,,1.53,1.53,,,,,,,,,,
2313,,441.WI004,Motor NDE,2026-03,2026-03-25,1.69,,2.15,2.84,,,,,,,,,,
2314,,441.WI004,Motor DE,2026-04,2026-04-29,3.12,,1.56,2.87,,,,,,,,,,
2315,,441.WI004,Motor NDE,2026-04,2026-04-29,2.47,,1.8,3.25,,,,,,,,,,
2316,Vb-442.CR400-CRDE-RMS,442.CR400,,2024-12,2024-12-10,1.02,,1.67,2.14,,,,,,,,,,
2317,Vb-442.CR400-CRNDE-RMS,442.CR400,,2024-12,2024-12-10,1.01,,2.49,1.2,,,,,,,,,,
2318,Vb-442.CR400-MDE-RMS,442.CR400,,2024-12,2024-12-10,0.65,,1,1.17,,,,,,,,,,
2319,Vb-442.CR400-MNDE-RMS,442.CR400,,2024-12,2024-12-10,0.6,,0.62,0.66,,,,,,,,,,
2320,Vb-442.CR400-CRDE-RMS,442.CR400,,2025-01,2025-01-08,1.46,,2.09,1.57,2025-01-20,1.09,,2.48,1.85,,,,,
2321,Vb-442.CR400-CRNDE-RMS,442.CR400,,2025-01,2025-01-08,1.31,,2.02,1.88,2025-01-20,1.21,,1.89,1.63,,,,,
2322,Vb-442.CR400-MDE-RMS,442.CR400,,2025-01,2025-01-08,1.47,,0.95,1.32,2025-01-20,1.55,,1.15,1.54,,,,,
2323,Vb-442.CR400-MNDE-RMS,442.CR400,,2025-01,2025-01-08,1.2,,0.87,1.03,2025-01-20,1.5,,0.58,1.56,,,,,
2324,Vb-442.CR400-CRDE-RMS,442.CR400,,2025-02,2025-02-03,1.52,,1.98,2,,,,,,,,,,
2325,Vb-442.CR400-CRNDE-RMS,442.CR400,,2025-02,2025-02-03,1.05,,2.67,1.72,,,,,,,,,,
2326,Vb-442.CR400-MDE-RMS,442.CR400,,2025-02,2025-02-03,1.43,,1.07,1.36,,,,,,,,,,
2327,Vb-442.CR400-MNDE-RMS,442.CR400,,2025-02,2025-02-03,0.98,,0.79,0.94,,,,,,,,,,
2328,Vb-442.CR400-CRDE-RMS,442.CR400,,2025-05,2025-05-24,1.02,,1.04,1.01,,,,,,,,,,
2329,Vb-442.CR400-CRNDE-RMS,442.CR400,,2025-05,2025-05-24,1.3,,4.41,2.13,,,,,,,,,,
2330,Vb-442.CR400-MDE-RMS,442.CR400,,2025-05,2025-05-24,0.77,,0.89,1.04,,,,,,,,,,
2331,Vb-442.CR400-MNDE-RMS,442.CR400,,2025-05,2025-05-24,0.68,,0.5,0.95,,,,,,,,,,
2332,Vb-442.CR400-CRDE-RMS,442.CR400,,2025-06,2025-06-08,0.99,,1.07,1.29,,,,,,,,,,
2333,Vb-442.CR400-CRNDE-RMS,442.CR400,,2025-06,2025-06-08,1.17,,2.49,1.9,,,,,,,,,,
2334,Vb-442.CR400-MDE-RMS,442.CR400,,2025-06,2025-06-08,0.7,,0.94,0.89,,,,,,,,,,
2335,Vb-442.CR400-MNDE-RMS,442.CR400,,2025-06,2025-06-08,0.69,,0.52,0.73,,,,,,,,,,
2336,Vb-442.CR400-CRDE-RMS,442.CR400,,2025-10,2025-10-07,0.99,,1.15,0.96,,,,,,,,,,
2337,Vb-442.CR400-CRNDE-RMS,442.CR400,,2025-10,2025-10-07,0.82,,1.98,1.28,,,,,,,,,,
2338,Vb-442.CR400-MDE-RMS,442.CR400,,2025-10,2025-10-07,0.53,,0.97,0.95,,,,,,,,,,
2339,Vb-442.CR400-MNDE-RMS,442.CR400,,2025-10,2025-10-07,0.6,,0.59,0.65,,,,,,,,,,
2340,Vb-442.CR400-CRDE-RMS,442.CR400,,2026-02,2026-02-26,0.97,,1.09,1,,,,,,,,,,
2341,Vb-442.CR400-CRNDE-RMS,442.CR400,,2026-02,2026-02-26,0.53,,1.52,1.72,,,,,,,,,,
2342,Vb-442.CR400-MDE-RMS,442.CR400,,2026-02,2026-02-26,0.59,,1.17,0.96,,,,,,,,,,
2343,Vb-442.CR400-MNDE-RMS,442.CR400,,2026-02,2026-02-26,0.48,,0.56,0.66,,,,,,,,,,
2344,Vb-442.CR400-CRDE-RMS,442.CR400,,2026-03,2026-03-29,1.59,,,,,,,,,,,,,
2345,Vb-442.CR400-CRDE-RMS,442.CR400,,2026-04,2026-04-07,,,0.83,0.82,,,,,,,,,,
2346,Vb-442.CR400-CRNDE-RMS,442.CR400,,2026-04,2026-04-07,0.71,,1.38,1.13,,,,,,,,,,
2347,Vb-442.CR400-MDE-RMS,442.CR400,,2026-04,2026-04-07,0.57,,1.42,1.22,,,,,,,,,,
2348,Vb-442.CR400-MNDE-RMS,442.CR400,,2026-04,2026-04-07,0.53,,0.72,0.57,,,,,,,,,,
2349,Vb-442.FN300-FDE-RMS,442.FN300,,2024-12,2024-12-10,1.33,,2.58,1.78,,,,,,,,,,
2350,Vb-442.FN300-FNDE-RMS,442.FN300,,2024-12,2024-12-10,1.33,,2.61,2.82,,,,,,,,,,
2351,Vb-442.FN300-MDE-RMS,442.FN300,,2024-12,2024-12-10,1.32,,0.86,1.27,,,,,,,,,,
2352,Vb-442.FN300-MNDE-RMS,442.FN300,,2024-12,2024-12-10,1.55,,1.17,2.2,,,,,,,,,,
2353,Vb-442.FN300-FDE-RMS,442.FN300,,2025-01,2025-01-08,1.35,,2.93,2.95,,,,,,,,,,
2354,Vb-442.FN300-FNDE-RMS,442.FN300,,2025-01,2025-01-08,1.24,,2.11,1.89,,,,,,,,,,
2355,Vb-442.FN300-MDE-RMS,442.FN300,,2025-01,2025-01-08,1.36,,0.93,2.26,,,,,,,,,,
2356,Vb-442.FN300-MNDE-RMS,442.FN300,,2025-01,2025-01-08,1.46,,0.93,2.89,,,,,,,,,,
2357,Vb-442.FN300-FDE-RMS,442.FN300,,2025-02,2025-02-03,1.14,,2.55,1.52,,,,,,,,,,
2358,Vb-442.FN300-FNDE-RMS,442.FN300,,2025-02,2025-02-03,1.23,,3.81,2.33,,,,,,,,,,
2359,Vb-442.FN300-MDE-RMS,442.FN300,,2025-02,2025-02-03,1.01,,2.13,0.87,,,,,,,,,,
2360,Vb-442.FN300-MNDE-RMS,442.FN300,,2025-02,2025-02-03,0.84,,3.09,1.42,,,,,,,,,,
2361,Vb-442.FN300-FDE-RMS,442.FN300,,2025-05,2025-05-24,3.53,,3.28,1.23,,,,,,,,,,
2362,Vb-442.FN300-FNDE-RMS,442.FN300,,2025-05,2025-05-24,3.01,,2.67,1.55,,,,,,,,,,
2363,Vb-442.FN300-MDE-RMS,442.FN300,,2025-05,2025-05-24,2.62,,4.1,2.62,,,,,,,,,,
2364,Vb-442.FN300-MNDE-RMS,442.FN300,,2025-05,2025-05-24,2.16,,2.95,1.82,,,,,,,,,,
2365,Vb-442.FN300-FDE-RMS,442.FN300,,2025-06,2025-06-08,1.72,,5.73,1.14,,,,,,,,,,
2366,Vb-442.FN300-FNDE-RMS,442.FN300,,2025-06,2025-06-08,1.59,,5.06,1.25,,,,,,,,,,
2367,Vb-442.FN300-MDE-RMS,442.FN300,,2025-06,2025-06-08,1.69,,5.62,3.86,,,,,,,,,,
2368,Vb-442.FN300-MNDE-RMS,442.FN300,,2025-06,2025-06-08,1.64,,4.75,2.4,,,,,,,,,,
2369,Vb-442.FN300-FDE-RMS,442.FN300,,2025-10,2025-10-05,1.33,,7.04,1.7,,,,,,,,,,
2370,Vb-442.FN300-FNDE-RMS,442.FN300,,2025-10,2025-10-05,1.5,,5.39,1.05,,,,,,,,,,
2371,Vb-442.FN300-MDE-RMS,442.FN300,,2025-10,2025-10-05,1.76,,6.46,6.32,,,,,,,,,,
2372,Vb-442.FN300-MNDE-RMS,442.FN300,,2025-10,2025-10-05,1.72,,4.61,2.06,,,,,,,,,,
2373,Vb-442.FN300-FDE-RMS,442.FN300,,2026-02,2026-02-01,3.21,,5.77,0.72,,,,,,,,,,
2374,Vb-442.FN300-FNDE-RMS,442.FN300,,2026-02,2026-02-01,3.35,,5.08,1.89,,,,,,,,,,
2375,Vb-442.FN300-MDE-RMS,442.FN300,,2026-02,2026-02-01,4.04,,7.94,4.44,,,,,,,,,,
2376,Vb-442.FN300-MNDE-RMS,442.FN300,,2026-02,2026-02-01,3.92,,6.28,3.45,,,,,,,,,,
2377,Vb-442.FN300-FDE-RMS,442.FN300,,2026-03,2026-03-29,3.85,,5.79,1.15,,,,,,,,,,
2378,Vb-442.FN300-FNDE-RMS,442.FN300,,2026-03,2026-03-29,4.23,,6.05,2.82,,,,,,,,,,
2379,Vb-442.FN300-MDE-RMS,442.FN300,,2026-03,2026-03-29,4.87,,6.95,5,,,,,,,,,,
2380,Vb-442.FN300-MNDE-RMS,442.FN300,,2026-03,2026-03-29,4.63,,5.92,4.37,,,,,,,,,,
2381,Vb-442.FN300-FDE-RMS,442.FN300,,2026-04,2026-04-23,3.18,,5.45,1.35,,,,,,,,,,
2382,Vb-442.FN300-FNDE-RMS,442.FN300,,2026-04,2026-04-23,3.72,,4.75,3.36,,,,,,,,,,
2383,Vb-442.FN300-MDE-RMS,442.FN300,,2026-04,2026-04-23,4.33,,7.23,3.92,,,,,,,,,,
2384,Vb-442.FN300-MNDE-RMS,442.FN300,,2026-04,2026-04-23,3.59,,5.76,4.22,,,,,,,,,,
2385,Vb-442.FN305-FDE-RMS,442.FN305,,2024-12,2024-12-10,0.94,,1.35,0.65,,,,,,,,,,
2386,Vb-442.FN305-FNDE-RMS,442.FN305,,2024-12,2024-12-10,1.43,,1.33,0.82,,,,,,,,,,
2387,Vb-442.FN305-MDE-RMS,442.FN305,,2024-12,2024-12-10,1.23,,1.59,0.94,,,,,,,,,,
2388,Vb-442.FN305-MNDE-RMS,442.FN305,,2024-12,2024-12-10,0.92,,1.31,1.26,,,,,,,,,,
2389,Vb-442.FN305-FDE-RMS,442.FN305,,2025-01,2025-01-08,0.92,,1.06,0.78,,,,,,,,,,
2390,Vb-442.FN305-FNDE-RMS,442.FN305,,2025-01,2025-01-08,1.15,,1.24,0.99,,,,,,,,,,
2391,Vb-442.FN305-MDE-RMS,442.FN305,,2025-01,2025-01-08,0.92,,1.58,1.11,,,,,,,,,,
2392,Vb-442.FN305-MNDE-RMS,442.FN305,,2025-01,2025-01-08,0.75,,0.8,0.84,,,,,,,,,,
2393,Vb-442.FN305-FDE-RMS,442.FN305,,2025-02,2025-02-03,1,,1.24,0.54,,,,,,,,,,
2394,Vb-442.FN305-FNDE-RMS,442.FN305,,2025-02,2025-02-03,1.03,,1.57,0.8,,,,,,,,,,
2395,Vb-442.FN305-MDE-RMS,442.FN305,,2025-02,2025-02-03,1.01,,1.3,1.69,,,,,,,,,,
2396,Vb-442.FN305-MNDE-RMS,442.FN305,,2025-02,2025-02-03,0.7,,1.22,1.02,,,,,,,,,,
2397,Vb-442.FN305-FDE-RMS,442.FN305,,2025-05,2025-05-24,0.99,,1.33,1.33,,,,,,,,,,
2398,Vb-442.FN305-FNDE-RMS,442.FN305,,2025-05,2025-05-24,1.36,,1.82,1.37,,,,,,,,,,
2399,Vb-442.FN305-MDE-RMS,442.FN305,,2025-05,2025-05-24,1.8,,1.99,1.24,,,,,,,,,,
2400,Vb-442.FN305-MNDE-RMS,442.FN305,,2025-05,2025-05-24,1.05,,1.23,1.15,,,,,,,,,,
2401,Vb-442.FN305-FDE-RMS,442.FN305,,2025-06,2025-06-08,1.66,,1.57,1.23,,,,,,,,,,
2402,Vb-442.FN305-FNDE-RMS,442.FN305,,2025-06,2025-06-08,0.85,,1.66,1.36,,,,,,,,,,
2403,Vb-442.FN305-MDE-RMS,442.FN305,,2025-06,2025-06-08,1.74,,1.61,1.2,,,,,,,,,,
2404,Vb-442.FN305-MNDE-RMS,442.FN305,,2025-06,2025-06-08,1.34,,1.27,0.58,,,,,,,,,,
2405,Vb-442.FN305-FDE-RMS,442.FN305,,2025-10,2025-10-05,0.96,,1.68,1.23,,,,,,,,,,
2406,Vb-442.FN305-FNDE-RMS,442.FN305,,2025-10,2025-10-05,1.4,,1.75,1.34,,,,,,,,,,
2407,Vb-442.FN305-MDE-RMS,442.FN305,,2025-10,2025-10-05,0.89,,2.28,2.2,,,,,,,,,,
2408,Vb-442.FN305-MNDE-RMS,442.FN305,,2025-10,2025-10-05,0.79,,0.9,1.33,,,,,,,,,,
2409,Vb-442.FN305-FDE-RMS,442.FN305,,2026-02,2026-02-01,1.31,,1.63,0.91,,,,,,,,,,
2410,Vb-442.FN305-FNDE-RMS,442.FN305,,2026-02,2026-02-01,2.49,,2.59,1.59,,,,,,,,,,
2411,Vb-442.FN305-MDE-RMS,442.FN305,,2026-02,2026-02-01,1.2,,1.68,1.81,,,,,,,,,,
2412,Vb-442.FN305-MNDE-RMS,442.FN305,,2026-02,2026-02-01,1.15,,1.81,1.54,,,,,,,,,,
2413,Vb-442.FN305-FDE-RMS,442.FN305,,2026-03,2026-03-29,1.77,,2.74,1.02,,,,,,,,,,
2414,Vb-442.FN305-FNDE-RMS,442.FN305,,2026-03,2026-03-29,1.88,,2.52,1.09,,,,,,,,,,
2415,Vb-442.FN305-MDE-RMS,442.FN305,,2026-03,2026-03-29,2.13,,3.09,1.55,,,,,,,,,,
2416,Vb-442.FN305-MNDE-RMS,442.FN305,,2026-03,2026-03-29,1.34,,2.25,1.41,,,,,,,,,,
2417,Vb-442.FN305-FDE-RMS,442.FN305,,2026-04,2026-04-23,1.29,,2.05,0.6,,,,,,,,,,
2418,Vb-442.FN305-FNDE-RMS,442.FN305,,2026-04,2026-04-23,1.72,,1.41,1.02,,,,,,,,,,
2419,Vb-442.FN305-MDE-RMS,442.FN305,,2026-04,2026-04-23,0.62,,3,1.96,,,,,,,,,,
2420,Vb-442.FN305-MNDE-RMS,442.FN305,,2026-04,2026-04-23,1.63,,0.94,0.72,,,,,,,,,,
2421,Vb-442.FN310-FDE-RMS,442.FN310,,2024-12,2024-12-10,1.83,,2.78,1.74,,,,,,,,,,
2422,Vb-442.FN310-FNDE-RMS,442.FN310,,2024-12,2024-12-10,2.08,,2.12,2.31,,,,,,,,,,
2423,Vb-442.FN310-MDE-RMS,442.FN310,,2024-12,2024-12-10,1.9,,3.23,1.89,,,,,,,,,,
2424,Vb-442.FN310-MNDE-RMS,442.FN310,,2024-12,2024-12-10,1.71,,2.28,1.58,,,,,,,,,,
2425,Vb-442.FN310-FDE-RMS,442.FN310,,2025-01,2025-01-08,2.88,,2.45,0.89,,,,,,,,,,
2426,Vb-442.FN310-FNDE-RMS,442.FN310,,2025-01,2025-01-08,3,,2.53,1.93,,,,,,,,,,
2427,Vb-442.FN310-MDE-RMS,442.FN310,,2025-01,2025-01-08,3.28,,3.4,2.44,,,,,,,,,,
2428,Vb-442.FN310-MNDE-RMS,442.FN310,,2025-01,2025-01-08,3.06,,2.28,2.18,,,,,,,,,,
2429,Vb-442.FN310-FDE-RMS,442.FN310,,2025-02,2025-02-03,3.16,,3.5,1.24,,,,,,,,,,
2430,Vb-442.FN310-FNDE-RMS,442.FN310,,2025-02,2025-02-03,2.87,,2.61,2.11,,,,,,,,,,
2431,Vb-442.FN310-MDE-RMS,442.FN310,,2025-02,2025-02-03,3.39,,3.69,3.05,,,,,,,,,,
2432,Vb-442.FN310-MNDE-RMS,442.FN310,,2025-02,2025-02-03,3.05,,2.49,2.3,,,,,,,,,,
2433,Vb-442.FN310-FDE-RMS,442.FN310,,2025-05,2025-05-24,7.85,,4.52,6.46,,,,,,,,,,
2434,Vb-442.FN310-FNDE-RMS,442.FN310,,2025-05,2025-05-24,9.17,,3.92,7.76,,,,,,,,,,
2435,Vb-442.FN310-MDE-RMS,442.FN310,,2025-05,2025-05-24,8.91,,4.08,4.04,,,,,,,,,,
2436,Vb-442.FN310-MNDE-RMS,442.FN310,,2025-05,2025-05-24,7.85,,3.55,5.02,,,,,,,,,,
2437,Vb-442.FN310-FDE-RMS,442.FN310,,2025-06,2025-06-08,3.04,,6.2,2.07,,,,,,,,,,
2438,Vb-442.FN310-FNDE-RMS,442.FN310,,2025-06,2025-06-08,2.76,,5.67,3.37,,,,,,,,,,
2439,Vb-442.FN310-MDE-RMS,442.FN310,,2025-06,2025-06-08,4.2,,5.92,4.7,,,,,,,,,,
2440,Vb-442.FN310-MNDE-RMS,442.FN310,,2025-06,2025-06-08,3.22,,4.49,3.36,,,,,,,,,,
2441,Vb-442.FN310-FDE-RMS,442.FN310,,2025-10,2025-10-05,4.22,,7.15,1.23,,,,,,,,,,
2442,Vb-442.FN310-FNDE-RMS,442.FN310,,2025-10,2025-10-05,2.27,,6.37,1.92,,,,,,,,,,
2443,Vb-442.FN310-MDE-RMS,442.FN310,,2025-10,2025-10-05,5.04,,7.66,6.83,,,,,,,,,,
2444,Vb-442.FN310-MNDE-RMS,442.FN310,,2025-10,2025-10-05,3.19,,5.55,1.04,,,,,,,,,,
2445,Vb-442.FN310-FDE-RMS,442.FN310,,2026-02,2026-02-01,2.47,,6.25,1.11,,,,,,,,,,
2446,Vb-442.FN310-FNDE-RMS,442.FN310,,2026-02,2026-02-01,2.05,,6.71,5.32,,,,,,,,,,
2447,Vb-442.FN310-MDE-RMS,442.FN310,,2026-02,2026-02-01,3.33,,6.78,6.54,,,,,,,,,,
2448,Vb-442.FN310-MNDE-RMS,442.FN310,,2026-02,2026-02-01,3.05,,4.97,3.19,,,,,,,,,,
2449,Vb-442.FN310-FDE-RMS,442.FN310,,2026-03,2026-03-29,1.39,,2.45,0.8,,,,,,,,,,
2450,Vb-442.FN310-FNDE-RMS,442.FN310,,2026-03,2026-03-29,2.11,,3.77,2.6,,,,,,,,,,
2451,Vb-442.FN310-MDE-RMS,442.FN310,,2026-03,2026-03-29,2.42,,3.06,1.88,,,,,,,,,,
2452,Vb-442.FN310-MNDE-RMS,442.FN310,,2026-03,2026-03-29,1.77,,2.5,0.9,,,,,,,,,,
2453,Vb-442.FN310-FDE-RMS,442.FN310,,2026-04,2026-04-27,2.08,,3.92,0.93,,,,,,,,,,
2454,Vb-442.FN310-FNDE-RMS,442.FN310,,2026-04,2026-04-23,2.93,,,,2026-04-27,,,3.42,2.14,,,,,
2455,Vb-442.FN310-MDE-RMS,442.FN310,,2026-04,2026-04-27,2.67,,4.33,2.36,,,,,,,,,,
2456,Vb-442.FN310-MNDE-RMS,442.FN310,,2026-04,2026-04-27,1.85,,2.43,0.87,,,,,,,,,,
2457,Vb-442.FN315-FDE-RMS,442.FN315,,2024-12,2024-12-10,1.06,,1.03,3.61,,,,,,,,,,
2458,Vb-442.FN315-FNDE-RMS,442.FN315,,2024-12,2024-12-10,0.99,,1.44,3.89,,,,,,,,,,
2459,Vb-442.FN315-MDE-RMS,442.FN315,,2024-12,2024-12-10,0.92,,1.42,1.04,,,,,,,,,,
2460,Vb-442.FN315-MNDE-RMS,442.FN315,,2024-12,2024-12-10,0.96,,2.27,3.37,,,,,,,,,,
2461,Vb-442.FN315-FDE-RMS,442.FN315,,2025-01,2025-01-08,1.32,,2.55,2.63,,,,,,,,,,
2462,Vb-442.FN315-FNDE-RMS,442.FN315,,2025-01,2025-01-08,1.58,,3.69,3.38,,,,,,,,,,
2463,Vb-442.FN315-MDE-RMS,442.FN315,,2025-01,2025-01-08,1.56,,1.4,1.74,,,,,,,,,,
2464,Vb-442.FN315-MNDE-RMS,442.FN315,,2025-01,2025-01-08,1.8,,1.74,3.55,,,,,,,,,,
2465,Vb-442.FN315-FDE-RMS,442.FN315,,2025-02,2025-02-03,1.62,,2.91,2.67,,,,,,,,,,
2466,Vb-442.FN315-FNDE-RMS,442.FN315,,2025-02,2025-02-03,1.9,,3.92,2.58,,,,,,,,,,
2467,Vb-442.FN315-MDE-RMS,442.FN315,,2025-02,2025-02-03,1.73,,1.49,1.41,,,,,,,,,,
2468,Vb-442.FN315-MNDE-RMS,442.FN315,,2025-02,2025-02-03,1.78,,1.44,3.1,,,,,,,,,,
2469,Vb-442.FN315-FDE-RMS,442.FN315,,2025-05,2025-05-24,1.11,,1.11,2.06,,,,,,,,,,
2470,Vb-442.FN315-FNDE-RMS,442.FN315,,2025-05,2025-05-24,1.47,,3.47,2.8,,,,,,,,,,
2471,Vb-442.FN315-MDE-RMS,442.FN315,,2025-05,2025-05-24,1.71,,1.79,2.21,,,,,,,,,,
2472,Vb-442.FN315-MNDE-RMS,442.FN315,,2025-05,2025-05-24,1.86,,4.01,1.55,,,,,,,,,,
2473,Vb-442.FN315-FDE-RMS,442.FN315,,2025-06,2025-06-08,1.92,,3.43,2.98,,,,,,,,,,
2474,Vb-442.FN315-FNDE-RMS,442.FN315,,2025-06,2025-06-08,2.19,,4.83,2.5,,,,,,,,,,
2475,Vb-442.FN315-MDE-RMS,442.FN315,,2025-06,2025-06-08,2.11,,2.21,1.43,,,,,,,,,,
2476,Vb-442.FN315-MNDE-RMS,442.FN315,,2025-06,2025-06-08,2.57,,1.28,4.77,,,,,,,,,,
2477,Vb-442.FN315-FDE-RMS,442.FN315,,2025-10,2025-10-05,1.97,,3.28,3.29,,,,,,,,,,
2478,Vb-442.FN315-FNDE-RMS,442.FN315,,2025-10,2025-10-05,2.41,,4.31,4.95,,,,,,,,,,
2479,Vb-442.FN315-MDE-RMS,442.FN315,,2025-10,2025-10-05,2.33,,2.04,3.63,,,,,,,,,,
2480,Vb-442.FN315-MNDE-RMS,442.FN315,,2025-10,2025-10-05,1.68,,3.35,3.18,,,,,,,,,,
2481,Vb-442.FN315-FDE-RMS,442.FN315,,2026-02,2026-02-01,1.76,,2.46,6.27,,,,,,,,,,
2482,Vb-442.FN315-FNDE-RMS,442.FN315,,2026-02,2026-02-01,1.42,,4.83,7.74,,,,,,,,,,
2483,Vb-442.FN315-MDE-RMS,442.FN315,,2026-02,2026-02-01,1.85,,3.2,6.1,,,,,,,,,,
2484,Vb-442.FN315-MNDE-RMS,442.FN315,,2026-02,2026-02-01,2.02,,6.38,4.18,,,,,,,,,,
2485,Vb-442.FN315-FDE-RMS,442.FN315,,2026-03,2026-03-29,4.4,,5.72,3.45,,,,,,,,,,
2486,Vb-442.FN315-FNDE-RMS,442.FN315,,2026-03,2026-03-29,3.86,,14.45,6.24,,,,,,,,,,
2487,Vb-442.FN315-MDE-RMS,442.FN315,,2026-03,2026-03-29,4.75,,2.8,3.19,,,,,,,,,,
2488,Vb-442.FN315-MNDE-RMS,442.FN315,,2026-03,2026-03-29,5.87,,14.4,4.59,,,,,,,,,,
2489,Vb-442.FN315-FDE-RMS,442.FN315,,2026-04,2026-04-23,3.21,,4.76,6.72,,,,,,,,,,
2490,Vb-442.FN315-FNDE-RMS,442.FN315,,2026-04,2026-04-23,4.7,,11.51,6.22,,,,,,,,,,
2491,Vb-442.FN315-MDE-RMS,442.FN315,,2026-04,2026-04-23,6.11,,2.85,3.59,,,,,,,,,,
2492,Vb-442.FN315-MNDE-RMS,442.FN315,,2026-04,2026-04-23,4.76,,13.09,4.01,,,,,,,,,,
2493,Vb-442.FN325-FDE-RMS,442.FN325,,2024-12,2024-12-10,1.46,,2.16,5.09,,,,,,,,,,
2494,Vb-442.FN325-FNDE-RMS,442.FN325,,2024-12,2024-12-10,1.99,,4.31,5.71,,,,,,,,,,
2495,Vb-442.FN325-MDE-RMS,442.FN325,,2024-12,2024-12-10,1.18,,1.3,2.05,,,,,,,,,,
2496,Vb-442.FN325-MNDE-RMS,442.FN325,,2024-12,2024-12-10,1.41,,2.14,4.9,,,,,,,,,,
2497,Vb-442.FN325-FDE-RMS,442.FN325,,2025-01,2025-01-08,2.14,,3.2,5.16,,,,,,,,,,
2498,Vb-442.FN325-FNDE-RMS,442.FN325,,2025-01,2025-01-08,2.82,,5.73,5.19,,,,,,,,,,
2499,Vb-442.FN325-MDE-RMS,442.FN325,,2025-01,2025-01-08,2.25,,1.09,5.33,,,,,,,,,,
2500,Vb-442.FN325-MNDE-RMS,442.FN325,,2025-01,2025-01-08,2.46,,2.27,5.66,,,,,,,,,,
2501,Vb-442.FN325-FDE-RMS,442.FN325,,2025-02,2025-02-03,2.09,,3.2,4.59,,,,,,,,,,
2502,Vb-442.FN325-FNDE-RMS,442.FN325,,2025-02,2025-02-03,3.34,,6.05,5.69,,,,,,,,,,
2503,Vb-442.FN325-MDE-RMS,442.FN325,,2025-02,2025-02-03,2.04,,1.26,4.5,,,,,,,,,,
2504,Vb-442.FN325-MNDE-RMS,442.FN325,,2025-02,2025-02-03,2.02,,3.03,4.29,,,,,,,,,,
2505,Vb-442.FN325-FDE-RMS,442.FN325,,2025-05,2025-05-24,1.91,,2.83,1.48,,,,,,,,,,
2506,Vb-442.FN325-FNDE-RMS,442.FN325,,2025-05,2025-05-24,2.26,,2.75,1.9,,,,,,,,,,
2507,Vb-442.FN325-MDE-RMS,442.FN325,,2025-05,2025-05-24,2.01,,2.45,2.44,,,,,,,,,,
2508,Vb-442.FN325-MNDE-RMS,442.FN325,,2025-05,2025-05-24,1.92,,2.2,1.6,,,,,,,,,,
2509,Vb-442.FN325-FDE-RMS,442.FN325,,2025-06,2025-06-08,1.19,,2.2,4.18,,,,,,,,,,
2510,Vb-442.FN325-FNDE-RMS,442.FN325,,2025-06,2025-06-08,0.93,,3.83,4.23,,,,,,,,,,
2511,Vb-442.FN325-MDE-RMS,442.FN325,,2025-06,2025-06-08,1.31,,1.95,1.07,,,,,,,,,,
2512,Vb-442.FN325-MNDE-RMS,442.FN325,,2025-06,2025-06-08,1.24,,1.81,3.49,,,,,,,,,,
2513,Vb-442.FN325-FDE-RMS,442.FN325,,2025-10,2025-10-05,2.15,,4.08,6.35,,,,,,,,,,
2514,Vb-442.FN325-FNDE-RMS,442.FN325,,2025-10,2025-10-05,2.41,,7.08,7.52,,,,,,,,,,
2515,Vb-442.FN325-MDE-RMS,442.FN325,,2025-10,2025-10-05,2.36,,2.89,5.29,,,,,,,,,,
2516,Vb-442.FN325-MNDE-RMS,442.FN325,,2025-10,2025-10-05,1.73,,3.82,5.29,,,,,,,,,,
2517,Vb-442.FN325-FDE-RMS,442.FN325,,2026-02,2026-02-01,2.25,,2.1,1.18,,,,,,,,,,
2518,Vb-442.FN325-FNDE-RMS,442.FN325,,2026-02,2026-02-01,1.62,,1.56,2.73,,,,,,,,,,
2519,Vb-442.FN325-MDE-RMS,442.FN325,,2026-02,2026-02-01,1.98,,,2.67,2026-02-18,,,7.51,,,,,,
2520,Vb-442.FN325-MNDE-RMS,442.FN325,,2026-02,2026-02-18,7.65,,9.35,9.12,,,,,,,,,,
2521,Vb-442.FN325-FDE-RMS,442.FN325,,2026-03,2026-03-29,3.42,,1.57,1.38,,,,,,,,,,
2522,Vb-442.FN325-FNDE-RMS,442.FN325,,2026-03,2026-03-29,1.99,,4.51,3.2,,,,,,,,,,
2523,Vb-442.FN325-MDE-RMS,442.FN325,,2026-03,2026-03-29,3.7,,4.22,3.53,,,,,,,,,,
2524,Vb-442.FN325-MNDE-RMS,442.FN325,,2026-03,2026-03-29,3.73,,7.96,2.07,,,,,,,,,,
2525,Vb-442.FN325-FDE-RMS,442.FN325,,2026-04,2026-04-23,3.85,,2.2,1.35,,,,,,,,,,
2526,Vb-442.FN325-FNDE-RMS,442.FN325,,2026-04,2026-04-23,4.73,,1.24,2.97,,,,,,,,,,
2527,Vb-442.FN325-MDE-RMS,442.FN325,,2026-04,2026-04-23,4.79,,1.35,1.33,,,,,,,,,,
2528,Vb-442.FN325-MNDE-RMS,442.FN325,,2026-04,2026-04-23,3.98,,1.77,1.77,,,,,,,,,,
2529,Vb-442.FN335-FDE-RMS,442.FN335,,2024-12,2024-12-10,1.67,,2.53,0.68,,,,,,,,,,
2530,Vb-442.FN335-FNDE-RMS,442.FN335,,2024-12,2024-12-10,1.71,,1.71,0.66,,,,,,,,,,
2531,Vb-442.FN335-MDE-RMS,442.FN335,,2024-12,2024-12-10,2.09,,2.67,2.6,,,,,,,,,,
2532,Vb-442.FN335-MNDE-RMS,442.FN335,,2024-12,2024-12-10,1.77,,2.45,1.63,,,,,,,,,,
2533,Vb-442.FN335-FDE-RMS,442.FN335,,2025-01,2025-01-08,1.83,,1.4,1.38,,,,,,,,,,
2534,Vb-442.FN335-FNDE-RMS,442.FN335,,2025-01,2025-01-08,1.56,,1.43,1.04,,,,,,,,,,
2535,Vb-442.FN335-MDE-RMS,442.FN335,,2025-01,2025-01-08,2.16,,2.22,1.69,,,,,,,,,,
2536,Vb-442.FN335-MNDE-RMS,442.FN335,,2025-01,2025-01-08,1.64,,1.42,1.08,,,,,,,,,,
2537,Vb-442.FN335-FDE-RMS,442.FN335,,2025-02,2025-02-03,1.85,,1.4,1.31,,,,,,,,,,
2538,Vb-442.FN335-FNDE-RMS,442.FN335,,2025-02,2025-02-03,1.65,,1.83,1.22,,,,,,,,,,
2539,Vb-442.FN335-MDE-RMS,442.FN335,,2025-02,2025-02-03,1.8,,2.56,1.9,,,,,,,,,,
2540,Vb-442.FN335-MNDE-RMS,442.FN335,,2025-02,2025-02-03,1.6,,1.73,1.07,,,,,,,,,,
2541,Vb-442.FN335-FDE-RMS,442.FN335,,2025-05,2025-05-24,0.61,,1.78,0.87,,,,,,,,,,
2542,Vb-442.FN335-FNDE-RMS,442.FN335,,2025-05,2025-05-24,0.48,,1.01,0.48,,,,,,,,,,
2543,Vb-442.FN335-MDE-RMS,442.FN335,,2025-05,2025-05-24,0.73,,0.77,1.03,,,,,,,,,,
2544,Vb-442.FN335-MNDE-RMS,442.FN335,,2025-05,2025-05-24,0.52,,0.83,0.46,,,,,,,,,,
2545,Vb-442.FN335-FDE-RMS,442.FN335,,2025-06,2025-06-08,1.42,,4.85,1.4,,,,,,,,,,
2546,Vb-442.FN335-FNDE-RMS,442.FN335,,2025-06,2025-06-08,1.03,,3.55,1.17,,,,,,,,,,
2547,Vb-442.FN335-MDE-RMS,442.FN335,,2025-06,2025-06-08,1.84,,3.58,2.75,,,,,,,,,,
2548,Vb-442.FN335-MNDE-RMS,442.FN335,,2025-06,2025-06-08,0.87,,3.05,0.52,,,,,,,,,,
2549,Vb-442.FN335-FDE-RMS,442.FN335,,2025-10,2025-10-05,1.43,,4.1,2.35,,,,,,,,,,
2550,Vb-442.FN335-FNDE-RMS,442.FN335,,2025-10,2025-10-05,1,,2.89,0.97,,,,,,,,,,
2551,Vb-442.FN335-MDE-RMS,442.FN335,,2025-10,2025-10-05,2.05,,2.87,1.94,,,,,,,,,,
2552,Vb-442.FN335-MNDE-RMS,442.FN335,,2025-10,2025-10-05,1.25,,2.35,0.51,,,,,,,,,,
2553,Vb-442.FN335-FDE-RMS,442.FN335,,2026-02,2026-02-18,1.24,,2.83,1.37,,,,,,,,,,
2554,Vb-442.FN335-FNDE-RMS,442.FN335,,2026-02,2026-02-18,1.02,,2.41,1.74,,,,,,,,,,
2555,Vb-442.FN335-MDE-RMS,442.FN335,,2026-02,2026-02-18,1.47,,1.99,1.99,,,,,,,,,,
2556,Vb-442.FN335-MNDE-RMS,442.FN335,,2026-02,2026-02-18,1.26,,1.7,0.57,,,,,,,,,,
2557,Vb-442.FN335-FDE-RMS,442.FN335,,2026-03,2026-03-29,0.68,,1.83,1.32,,,,,,,,,,
2558,Vb-442.FN335-FNDE-RMS,442.FN335,,2026-03,2026-03-29,0.6,,1.24,0.89,,,,,,,,,,
2559,Vb-442.FN335-MDE-RMS,442.FN335,,2026-03,2026-03-29,1.02,,0.72,0.74,,,,,,,,,,
2560,Vb-442.FN335-MNDE-RMS,442.FN335,,2026-03,2026-03-29,0.65,,0.8,0.61,,,,,,,,,,
2561,Vb-442.FN335-FDE-RMS,442.FN335,,2026-04,2026-04-23,0.73,,1.12,1.25,,,,,,,,,,
2562,Vb-442.FN335-FNDE-RMS,442.FN335,,2026-04,2026-04-23,1.11,,0.75,0.83,,,,,,,,,,
2563,Vb-442.FN335-MDE-RMS,442.FN335,,2026-04,2026-04-23,0.75,,0.49,0.68,,,,,,,,,,
2564,Vb-442.FN335-MNDE-RMS,442.FN335,,2026-04,2026-04-23,0.54,,0.5,0.64,,,,,,,,,,
2565,Vb-442.FN340-FDE-RMS,442.FN340,,2024-12,2024-12-10,0.97,,3.07,0.94,,,,,,,,,,
2566,Vb-442.FN340-FNDE-RMS,442.FN340,,2024-12,2024-12-10,1.17,,3.32,1.45,,,,,,,,,,
2567,Vb-442.FN340-MDE-RMS,442.FN340,,2024-12,2024-12-10,0.79,,3.28,2.5,,,,,,,,,,
2568,Vb-442.FN340-MNDE-RMS,442.FN340,,2024-12,2024-12-10,0.85,,2.15,0.42,,,,,,,,,,
2569,Vb-442.FN340-FDE-RMS,442.FN340,,2025-01,2025-01-08,6.05,,3.51,2.32,,,,,,,,,,
2570,Vb-442.FN340-FNDE-RMS,442.FN340,,2025-01,2025-01-08,5.32,,5.28,6.43,,,,,,,,,,
2571,Vb-442.FN340-MDE-RMS,442.FN340,,2025-01,2025-01-08,5.31,,3.81,3.99,,,,,,,,,,
2572,Vb-442.FN340-MNDE-RMS,442.FN340,,2025-01,2025-01-08,4.31,,1.87,1.13,,,,,,,,,,
2573,Vb-442.FN340-FDE-RMS,442.FN340,,2025-02,2025-02-03,7.1,,2.8,2.6,,,,,,,,,,
2574,Vb-442.FN340-FNDE-RMS,442.FN340,,2025-02,2025-02-03,7.27,,4.23,5.42,,,,,,,,,,
2575,Vb-442.FN340-MDE-RMS,442.FN340,,2025-02,2025-02-03,6.77,,3.77,3.83,,,,,,,,,,
2576,Vb-442.FN340-MNDE-RMS,442.FN340,,2025-02,2025-02-03,5.68,,1.81,2.78,,,,,,,,,,
2577,Vb-442.FN340-FDE-RMS,442.FN340,,2025-05,2025-05-24,0.89,,2.02,1.06,,,,,,,,,,
2578,Vb-442.FN340-FNDE-RMS,442.FN340,,2025-05,2025-05-24,2.45,,3.68,2.45,,,,,,,,,,
2579,Vb-442.FN340-MDE-RMS,442.FN340,,2025-05,2025-05-24,1.03,,2.69,1.91,,,,,,,,,,
2580,Vb-442.FN340-MNDE-RMS,442.FN340,,2025-05,2025-05-24,0.82,,1.68,0.34,,,,,,,,,,
2581,Vb-442.FN340-FDE-RMS,442.FN340,,2025-06,2025-06-08,4.36,,1.53,2.31,,,,,,,,,,
2582,Vb-442.FN340-FNDE-RMS,442.FN340,,2025-06,2025-06-08,4.26,,2.19,2.35,,,,,,,,,,
2583,Vb-442.FN340-MDE-RMS,442.FN340,,2025-06,2025-06-08,4.44,,0.84,1.18,,,,,,,,,,
2584,Vb-442.FN340-MNDE-RMS,442.FN340,,2025-06,2025-06-08,3.9,,0.81,1.78,,,,,,,,,,
2585,Vb-442.FN340-FDE-RMS,442.FN340,,2025-10,2025-10-07,11.88,,3.49,4.81,,,,,,,,,,
2586,Vb-442.FN340-FNDE-RMS,442.FN340,,2025-10,2025-10-07,11.5,,6.17,8.83,,,,,,,,,,
2587,Vb-442.FN340-MDE-RMS,442.FN340,,2025-10,2025-10-07,10.51,,2.1,4.48,,,,,,,,,,
2588,Vb-442.FN340-MNDE-RMS,442.FN340,,2025-10,2025-10-07,10.35,,1.06,3.31,,,,,,,,,,
2589,Vb-442.FN340-FDE-RMS,442.FN340,,2026-02,2026-02-04,7.69,,2.73,2.45,,,,,,,,,,
2590,Vb-442.FN340-FNDE-RMS,442.FN340,,2026-02,2026-02-04,5.13,,3.67,2.38,,,,,,,,,,
2591,Vb-442.FN340-MDE-RMS,442.FN340,,2026-02,2026-02-04,7.84,,4.17,4.72,,,,,,,,,,
2592,Vb-442.FN340-MNDE-RMS,442.FN340,,2026-02,2026-02-04,5.44,,2.06,1.37,,,,,,,,,,
2593,Vb-442.FN340-FDE-RMS,442.FN340,,2026-04,2026-04-07,3.1,,1.48,1.61,,,,,,,,,,
2594,Vb-442.FN340-FNDE-RMS,442.FN340,,2026-04,2026-04-07,3.71,,2.67,3.1,,,,,,,,,,
2595,Vb-442.FN340-MDE-RMS,442.FN340,,2026-04,2026-04-07,2.72,,2.99,2.36,,,,,,,,,,
2596,Vb-442.FN340-MNDE-RMS,442.FN340,,2026-04,2026-04-07,2.88,,1.67,0.65,,,,,,,,,,
2597,Vb-442.FN345-FDE-RMS,442.FN345,,2024-12,2024-12-10,6.81,,4.3,5.75,2024-12-22,2.86,,4.73,6.27,,,,,
2598,Vb-442.FN345-FNDE-RMS,442.FN345,,2024-12,2024-12-10,6.13,,3.17,4.67,2024-12-22,3.65,,3.48,5.55,,,,,
2599,Vb-442.FN345-MDE-RMS,442.FN345,,2024-12,2024-12-10,6.56,,6.06,2.8,2024-12-22,4.28,,6.52,3.9,,,,,
2600,Vb-442.FN345-MNDE-RMS,442.FN345,,2024-12,2024-12-10,6,,5.17,3.69,2024-12-22,3.62,,6.74,3.99,,,,,
2601,Vb-442.FN345-FDE-RMS,442.FN345,,2025-01,2025-01-08,4.32,,5.78,6.94,,,,,,,,,,
2602,Vb-442.FN345-FNDE-RMS,442.FN345,,2025-01,2025-01-08,3.35,,4.88,7.01,,,,,,,,,,
2603,Vb-442.FN345-MDE-RMS,442.FN345,,2025-01,2025-01-08,4.07,,7.82,5.03,,,,,,,,,,
2604,Vb-442.FN345-MNDE-RMS,442.FN345,,2025-01,2025-01-08,3.16,,6.78,5.44,,,,,,,,,,
2605,Vb-442.FN345-FDE-RMS,442.FN345,,2025-02,2025-02-03,4.92,,5.08,6.45,,,,,,,,,,
2606,Vb-442.FN345-FNDE-RMS,442.FN345,,2025-02,2025-02-03,5.1,,5.04,6.98,,,,,,,,,,
2607,Vb-442.FN345-MDE-RMS,442.FN345,,2025-02,2025-02-03,4.83,,6.91,4.05,,,,,,,,,,
2608,Vb-442.FN345-MNDE-RMS,442.FN345,,2025-02,2025-02-03,5.59,,6.07,2.08,,,,,,,,,,
2609,Vb-442.FN345-FDE-RMS,442.FN345,,2025-05,2025-05-24,1.12,,3.27,1.7,,,,,,,,,,
2610,Vb-442.FN345-FNDE-RMS,442.FN345,,2025-05,2025-05-24,1.03,,4.04,2.24,,,,,,,,,,
2611,Vb-442.FN345-MDE-RMS,442.FN345,,2025-05,2025-05-24,1.51,,2.66,2.66,,,,,,,,,,
2612,Vb-442.FN345-MNDE-RMS,442.FN345,,2025-05,2025-05-24,0.97,,1.67,1.7,,,,,,,,,,
2613,Vb-442.FN345-FDE-RMS,442.FN345,,2025-06,2025-06-08,3.49,,4.37,1.92,,,,,,,,,,
2614,Vb-442.FN345-FNDE-RMS,442.FN345,,2025-06,2025-06-08,3.53,,4.13,3.45,,,,,,,,,,
2615,Vb-442.FN345-MDE-RMS,442.FN345,,2025-06,2025-06-08,4.63,,5.91,4.19,,,,,,,,,,
2616,Vb-442.FN345-MNDE-RMS,442.FN345,,2025-06,2025-06-08,3.51,,4.79,5.96,,,,,,,,,,
2617,Vb-442.FN345-FDE-RMS,442.FN345,,2025-10,2025-10-05,3.4,,4.98,2.63,,,,,,,,,,
2618,Vb-442.FN345-FNDE-RMS,442.FN345,,2025-10,2025-10-05,3.14,,4.66,2.37,,,,,,,,,,
2619,Vb-442.FN345-MDE-RMS,442.FN345,,2025-10,2025-10-05,3.81,,5.76,4.82,,,,,,,,,,
2620,Vb-442.FN345-MNDE-RMS,442.FN345,,2025-10,2025-10-05,2.97,,4.44,3.66,,,,,,,,,,
2621,Vb-442.FN345-FDE-RMS,442.FN345,,2026-02,2026-02-18,5.8,,9.29,3.6,,,,,,,,,,
2622,Vb-442.FN345-FNDE-RMS,442.FN345,,2026-02,2026-02-04,,,6.95,,2026-02-18,5.9,,,9.67,,,,,
2623,Vb-442.FN345-MDE-RMS,442.FN345,,2026-02,2026-02-18,6,,8.2,4.37,,,,,,,,,,
2624,Vb-442.FN345-MNDE-RMS,442.FN345,,2026-02,2026-02-18,5.94,,7.81,3.67,,,,,,,,,,
2625,Vb-442.FN345-FDE-RMS,442.FN345,,2026-04,2026-04-07,3.73,,4.5,2.92,,,,,,,,,,
2626,Vb-442.FN345-FNDE-RMS,442.FN345,,2026-04,2026-04-07,3.81,,6.88,4.5,,,,,,,,,,
2627,Vb-442.FN345-MDE-RMS,442.FN345,,2026-04,2026-04-07,4.73,,6.82,5.64,,,,,,,,,,
2628,Vb-442.FN345-MNDE-RMS,442.FN345,,2026-04,2026-04-07,3.57,,6.08,4.13,,,,,,,,,,
2629,Vb-442.FN350-FDE-RMS,442.FN350,,2024-12,2024-12-10,0.28,,1.07,0.65,,,,,,,,,,
2630,Vb-442.FN350-FNDE-RMS,442.FN350,,2024-12,2024-12-10,0.36,,1.25,0.91,,,,,,,,,,
2631,Vb-442.FN350-MDE-RMS,442.FN350,,2024-12,2024-12-10,0.51,,1.27,1.11,,,,,,,,,,
2632,Vb-442.FN350-MNDE-RMS,442.FN350,,2024-12,2024-12-10,0.49,,0.68,0.54,,,,,,,,,,
2633,Vb-442.FN350-FDE-RMS,442.FN350,,2025-01,2025-01-08,0.42,,0.99,0.75,,,,,,,,,,
2634,Vb-442.FN350-FNDE-RMS,442.FN350,,2025-01,2025-01-08,0.42,,0.95,0.63,,,,,,,,,,
2635,Vb-442.FN350-MDE-RMS,442.FN350,,2025-01,2025-01-08,0.48,,0.66,0.64,,,,,,,,,,
2636,Vb-442.FN350-MNDE-RMS,442.FN350,,2025-01,2025-01-08,0.32,,0.44,0.47,,,,,,,,,,
2637,Vb-442.FN350-FDE-RMS,442.FN350,,2025-02,2025-02-03,0.32,,0.57,0.69,,,,,,,,,,
2638,Vb-442.FN350-FNDE-RMS,442.FN350,,2025-02,2025-02-03,0.35,,0.57,0.72,,,,,,,,,,
2639,Vb-442.FN350-MDE-RMS,442.FN350,,2025-02,2025-02-03,0.37,,0.65,0.71,,,,,,,,,,
2640,Vb-442.FN350-MNDE-RMS,442.FN350,,2025-02,2025-02-03,0.32,,0.44,0.52,,,,,,,,,,
2641,Vb-442.FN350-FDE-RMS,442.FN350,,2025-05,2025-05-24,0.35,,0.51,0.38,,,,,,,,,,
2642,Vb-442.FN350-FNDE-RMS,442.FN350,,2025-05,2025-05-24,0.42,,1.21,0.85,,,,,,,,,,
2643,Vb-442.FN350-MDE-RMS,442.FN350,,2025-05,2025-05-24,0.47,,0.49,0.54,,,,,,,,,,
2644,Vb-442.FN350-MNDE-RMS,442.FN350,,2025-05,2025-05-24,0.34,,0.32,0.32,,,,,,,,,,
2645,Vb-442.FN350-FDE-RMS,442.FN350,,2025-06,2025-06-08,0.51,,0.52,0.53,,,,,,,,,,
2646,Vb-442.FN350-FNDE-RMS,442.FN350,,2025-06,2025-06-08,2.29,,0.56,0.45,,,,,,,,,,
2647,Vb-442.FN350-MDE-RMS,442.FN350,,2025-06,2025-06-08,0.56,,0.52,0.77,,,,,,,,,,
2648,Vb-442.FN350-MNDE-RMS,442.FN350,,2025-06,2025-06-08,0.38,,0.32,0.46,,,,,,,,,,
2649,Vb-442.FN350-FDE-RMS,442.FN350,,2025-10,2025-10-05,0.54,,0.46,0.87,,,,,,,,,,
2650,Vb-442.FN350-FNDE-RMS,442.FN350,,2025-10,2025-10-05,1.36,,0.78,0.56,,,,,,,,,,
2651,Vb-442.FN350-MDE-RMS,442.FN350,,2025-10,2025-10-05,0.76,,0.52,0.41,,,,,,,,,,
2652,Vb-442.FN350-MNDE-RMS,442.FN350,,2025-10,2025-10-05,0.42,,0.31,0.35,,,,,,,,,,
2653,Vb-442.FN350-FDE-RMS,442.FN350,,2026-02,2026-02-18,0.5,,1.44,0.92,,,,,,,,,,
2654,Vb-442.FN350-FNDE-RMS,442.FN350,,2026-02,2026-02-18,0.41,,1.08,1.06,,,,,,,,,,
2655,Vb-442.FN350-MDE-RMS,442.FN350,,2026-02,2026-02-18,0.61,,0.74,0.95,,,,,,,,,,
2656,Vb-442.FN350-MNDE-RMS,442.FN350,,2026-02,2026-02-18,0.34,,0.59,0.72,,,,,,,,,,
2657,Vb-442.FN350-FDE-RMS,442.FN350,,2026-04,2026-04-07,0.73,,0.56,0.85,,,,,,,,,,
2658,Vb-442.FN350-FNDE-RMS,442.FN350,,2026-04,2026-04-07,0.42,,0.85,0.88,,,,,,,,,,
2659,Vb-442.FN350-MDE-RMS,442.FN350,,2026-04,2026-04-07,0.48,,0.46,0.55,,,,,,,,,,
2660,Vb-442.FN350-MNDE-RMS,442.FN350,,2026-04,2026-04-07,0.3,,0.29,0.46,,,,,,,,,,
2661,Vb-442.FN590-FDE-RMS,442.FN590,,2024-12,2024-12-10,0.32,,1.03,0.63,2024-12-17,0.36,,0.86,0.16,,,,,
2662,Vb-442.FN590-FNDE-RMS,442.FN590,,2024-12,2024-12-10,0.24,,0.37,0.29,2024-12-17,0.23,,0.52,0.35,,,,,
2663,Vb-442.FN590-MDE-RMS,442.FN590,,2024-12,2024-12-10,0.45,,0.33,0.38,2024-12-17,0.24,,0.39,0.28,,,,,
2664,Vb-442.FN590-MNDE-RMS,442.FN590,,2024-12,2024-12-10,0.25,,0.26,0.21,2024-12-17,0.19,,0.37,0.37,,,,,
2665,Vb-442.FN590-S1DE-RMS,442.FN590,,2024-12,2024-12-10,0.48,,0.81,0.37,,,,,,,,,,
2666,Vb-442.FN590-S1NDE-RMS,442.FN590,,2024-12,2024-12-10,0.35,,0.52,0.39,,,,,,,,,,
2667,Vb-442.FN590-S2DE-RMS,442.FN590,,2024-12,2024-12-10,0.54,,0.67,0.55,,,,,,,,,,
2668,Vb-442.FN590-S2NDE-RMS,442.FN590,,2024-12,2024-12-10,0.55,,0.75,0.7,,,,,,,,,,
2669,Vb-442.FN590-FDE-RMS,442.FN590,,2025-01,2025-01-08,0.41,,1.09,1.24,,,,,,,,,,
2670,Vb-442.FN590-FNDE-RMS,442.FN590,,2025-01,2025-01-08,1.05,,0.67,0.52,,,,,,,,,,
2671,Vb-442.FN590-MDE-RMS,442.FN590,,2025-01,2025-01-08,0.24,,0.4,0.39,,,,,,,,,,
2672,Vb-442.FN590-MNDE-RMS,442.FN590,,2025-01,2025-01-08,0.24,,0.38,0.39,,,,,,,,,,
2673,Vb-442.FN590-S1DE-RMS,442.FN590,,2025-01,2025-01-08,0.95,,0.98,0.31,,,,,,,,,,
2674,Vb-442.FN590-S1NDE-RMS,442.FN590,,2025-01,2025-01-08,0.86,,0.94,0.83,,,,,,,,,,
2675,Vb-442.FN590-S2DE-RMS,442.FN590,,2025-01,2025-01-08,0.7,,1.03,0.64,,,,,,,,,,
2676,Vb-442.FN590-S2NDE-RMS,442.FN590,,2025-01,2025-01-08,0.68,,1,0.63,,,,,,,,,,
2677,Vb-442.FN590-FDE-RMS,442.FN590,,2025-02,2025-02-03,0.38,,1.11,1.38,,,,,,,,,,
2678,Vb-442.FN590-FNDE-RMS,442.FN590,,2025-02,2025-02-03,0.3,,0.74,0.56,,,,,,,,,,
2679,Vb-442.FN590-MDE-RMS,442.FN590,,2025-02,2025-02-03,0.33,,0.44,0.49,,,,,,,,,,
2680,Vb-442.FN590-MNDE-RMS,442.FN590,,2025-02,2025-02-03,0.18,,0.4,0.28,,,,,,,,,,
2681,Vb-442.FN590-S1DE-RMS,442.FN590,,2025-02,2025-02-03,0.65,,0.97,0.44,,,,,,,,,,
2682,Vb-442.FN590-S1NDE-RMS,442.FN590,,2025-02,2025-02-03,0.86,,0.75,0.75,,,,,,,,,,
2683,Vb-442.FN590-S2DE-RMS,442.FN590,,2025-02,2025-02-03,0.66,,1.4,0.68,,,,,,,,,,
2684,Vb-442.FN590-S2NDE-RMS,442.FN590,,2025-02,2025-02-03,0.75,,0.88,0.69,,,,,,,,,,
2685,Vb-442.FN590-FDE-RMS,442.FN590,,2025-05,2025-05-24,0.25,,0.21,0.23,,,,,,,,,,
2686,Vb-442.FN590-FNDE-RMS,442.FN590,,2025-05,2025-05-24,0.63,,0.13,0.17,,,,,,,,,,
2687,Vb-442.FN590-MDE-RMS,442.FN590,,2025-05,2025-05-24,0.14,,0.24,0.46,,,,,,,,,,
2688,Vb-442.FN590-MNDE-RMS,442.FN590,,2025-05,2025-05-24,0.21,,0.22,0.31,,,,,,,,,,
2689,Vb-442.FN590-S1DE-RMS,442.FN590,,2025-05,2025-05-24,0.36,,0.42,0.41,,,,,,,,,,
2690,Vb-442.FN590-S1NDE-RMS,442.FN590,,2025-05,2025-05-24,0.24,,0.32,0.38,,,,,,,,,,
2691,Vb-442.FN590-S2DE-RMS,442.FN590,,2025-05,2025-05-24,0.47,,0.4,0.4,,,,,,,,,,
2692,Vb-442.FN590-S2NDE-RMS,442.FN590,,2025-05,2025-05-24,0.4,,0.46,0.55,,,,,,,,,,
2693,Vb-442.FN590-FDE-RMS,442.FN590,,2025-06,2025-06-08,0.18,,0.31,0.18,,,,,,,,,,
2694,Vb-442.FN590-FNDE-RMS,442.FN590,,2025-06,2025-06-08,1.67,,0.32,0.76,,,,,,,,,,
2695,Vb-442.FN590-MDE-RMS,442.FN590,,2025-06,2025-06-08,0.19,,0.36,0.25,,,,,,,,,,
2696,Vb-442.FN590-MNDE-RMS,442.FN590,,2025-06,2025-06-08,0.17,,0.23,0.2,,,,,,,,,,
2697,Vb-442.FN590-S1DE-RMS,442.FN590,,2025-06,2025-06-08,0.4,,0.54,0.59,,,,,,,,,,
2698,Vb-442.FN590-S1NDE-RMS,442.FN590,,2025-06,2025-06-08,0.65,,0.58,0.58,,,,,,,,,,
2699,Vb-442.FN590-S2DE-RMS,442.FN590,,2025-06,2025-06-08,0.56,,0.6,0.51,,,,,,,,,,
2700,Vb-442.FN590-S2NDE-RMS,442.FN590,,2025-06,2025-06-08,0.45,,0.53,0.55,,,,,,,,,,
2701,Vb-442.FN590-FDE-RMS,442.FN590,,2025-10,2025-10-07,0.19,,0.3,0.19,,,,,,,,,,
2702,Vb-442.FN590-FNDE-RMS,442.FN590,,2025-10,2025-10-07,0.21,,0.31,0.22,,,,,,,,,,
2703,Vb-442.FN590-MDE-RMS,442.FN590,,2025-10,2025-10-07,0.16,,0.39,0.24,,,,,,,,,,
2704,Vb-442.FN590-MNDE-RMS,442.FN590,,2025-10,2025-10-07,0.11,,1.19,0.19,,,,,,,,,,
2705,Vb-442.FN590-S1DE-RMS,442.FN590,,2025-10,2025-10-07,0.3,,0.36,0.41,,,,,,,,,,
2706,Vb-442.FN590-S1NDE-RMS,442.FN590,,2025-10,2025-10-07,0.24,,0.35,0.54,,,,,,,,,,
2707,Vb-442.FN590-S2DE-RMS,442.FN590,,2025-10,2025-10-07,0.57,,0.49,0.49,,,,,,,,,,
2708,Vb-442.FN590-S2NDE-RMS,442.FN590,,2025-10,2025-10-07,0.48,,0.47,0.39,,,,,,,,,,
2709,Vb-442.FN590-FDE-RMS,442.FN590,,2026-02,2026-02-04,0.22,,0.31,0.3,,,,,,,,,,
2710,Vb-442.FN590-FNDE-RMS,442.FN590,,2026-02,2026-02-04,0.24,,0.42,0.42,,,,,,,,,,
2711,Vb-442.FN590-MDE-RMS,442.FN590,,2026-02,2026-02-04,0.35,,0.33,0.33,,,,,,,,,,
2712,Vb-442.FN590-MNDE-RMS,442.FN590,,2026-02,2026-02-04,0.17,,0.28,0.2,,,,,,,,,,
2713,Vb-442.FN590-S1DE-RMS,442.FN590,,2026-02,2026-02-04,0.63,,0.89,0.57,,,,,,,,,,
2714,Vb-442.FN590-S1NDE-RMS,442.FN590,,2026-02,2026-02-04,0.58,,0.66,0.64,,,,,,,,,,
2715,Vb-442.FN590-S2DE-RMS,442.FN590,,2026-02,2026-02-04,0.55,,1.22,0.8,,,,,,,,,,
2716,Vb-442.FN590-S2NDE-RMS,442.FN590,,2026-02,2026-02-04,0.52,,0.76,0.8,,,,,,,,,,
2717,Vb-442.FN590-FDE-RMS,442.FN590,,2026-04,2026-04-07,0.25,,0.34,0.29,,,,,,,,,,
2718,Vb-442.FN590-FNDE-RMS,442.FN590,,2026-04,2026-04-07,0.21,,0.39,0.3,,,,,,,,,,
2719,Vb-442.FN590-MDE-RMS,442.FN590,,2026-04,2026-04-07,0.19,,0.31,0.28,,,,,,,,,,
2720,Vb-442.FN590-MNDE-RMS,442.FN590,,2026-04,2026-04-07,0.18,,0.29,0.23,,,,,,,,,,
2721,Vb-442.FN590-S1DE-RMS,442.FN590,,2026-04,2026-04-07,0.85,,0.98,0.58,,,,,,,,,,
2722,Vb-442.FN590-S1NDE-RMS,442.FN590,,2026-04,2026-04-07,0.78,,0.86,0.47,,,,,,,,,,
2723,Vb-442.FN590-S2DE-RMS,442.FN590,,2026-04,2026-04-07,0.44,,0.93,0.91,,,,,,,,,,
2724,Vb-442.FN590-S2NDE-RMS,442.FN590,,2026-04,2026-04-07,0.51,,0.67,0.72,,,,,,,,,,
2725,,442.WI001,Motor DE,2026-03,2026-03-31,3.36,,7.11,5.34,,,,,,,,,,
2726,,442.WI001,Motor NDE,2026-03,2026-03-31,12.6,,2.58,1.84,,,,,,,,,,
2727,,442.WI001,Motor DE,2026-04,2026-04-20,1.96,,5.71,2.39,,,,,,,,,,
2728,,442.WI001,Motor NDE,2026-04,2026-04-20,2.17,,2.17,1.82,,,,,,,,,,
2729,,442.WI002,Motor DE,2026-03,2026-03-31,1.43,,1.46,1.1,2026-03-31,1.43,,,,,,,,
2730,,442.WI002,Motor NDE,2026-03,2026-03-31,1.81,,4.91,0.94,,,,,,,,,,
2731,,442.WI002,Motor DE,2026-04,2026-04-20,,,2.09,1.18,,,,,,,,,,
2732,,442.WI002,Motor NDE,2026-04,2026-04-20,3.44,,0,4.82,,,,,,,,,,
2733,,442.WI003,Motor DE,2026-03,2026-03-16,1.8,,1.42,1.43,,,,,,,,,,
2734,,442.WI003,Motor NDE,2026-03,2026-03-16,1.34,,1.49,2.88,,,,,,,,,,
2735,,442.WI004,Motor DE,2026-03,2026-03-31,1.43,,3.56,3.44,,,,,,,,,,
2736,,442.WI004,Motor NDE,2026-03,2026-03-31,2.29,,6.3,1.64,,,,,,,,,,
2737,,442.WI004,Motor DE,2026-04,2026-04-20,1.68,,1.59,1.31,,,,,,,,,,
2738,,442.WI004,Motor NDE,2026-04,2026-04-20,1.57,,4.35,2.84,,,,,,,,,,
2739,,442.WI005,Motor DE,2026-03,2026-03-31,1.21,,1.41,1.24,,,,,,,,,,
2740,,442.WI005,Motor NDE,2026-03,2026-03-31,1.37,,1.63,0.97,,,,,,,,,,
2741,,442.WI005,Motor DE,2026-04,2026-04-20,2.13,,2.75,2.9,,,,,,,,,,
2742,,442.WI005,Motor NDE,2026-04,2026-04-20,3.65,,3.28,2.51,,,,,,,,,,
2743,Vb-451.FN010-FDE-RMS,451.FN010,,2024-12,2024-12-05,2.66,,0.73,1.03,,,,,,,,,,
2744,Vb-451.FN010-FNDE-RMS,451.FN010,,2024-12,2024-12-05,2.15,,2.16,1.85,,,,,,,,,,
2745,Vb-451.FN010-MDE-RMS,451.FN010,,2024-12,2024-12-05,0.99,,2.05,1.81,,,,,,,,,,
2746,Vb-451.FN010-MNDE-RMS,451.FN010,,2024-12,2024-12-05,1.13,,1.03,0.39,,,,,,,,,,
2747,Vb-451.FN010-FDE-RMS,451.FN010,,2025-02,2025-02-04,1.37,,0.61,1.18,,,,,,,,,,
2748,Vb-451.FN010-FNDE-RMS,451.FN010,,2025-02,2025-02-04,1.04,,1.42,1.73,,,,,,,,,,
2749,Vb-451.FN010-MDE-RMS,451.FN010,,2025-02,2025-02-04,0.61,,1.2,1.07,,,,,,,,,,
2750,Vb-451.FN010-MNDE-RMS,451.FN010,,2025-02,2025-02-04,0.54,,0.6,0.46,,,,,,,,,,
2751,Vb-451.FN010-FDE-RMS,451.FN010,,2025-05,2025-05-12,3.49,,0.86,2.76,,,,,,,,,,
2752,Vb-451.FN010-FNDE-RMS,451.FN010,,2025-05,2025-05-12,2.18,,2.09,2.91,,,,,,,,,,
2753,Vb-451.FN010-MDE-RMS,451.FN010,,2025-05,2025-05-12,1.75,,1.73,1.56,,,,,,,,,,
2754,Vb-451.FN010-MNDE-RMS,451.FN010,,2025-05,2025-05-12,1.82,,0.8,0.42,,,,,,,,,,
2755,Vb-451.FN010-FDE-RMS,451.FN010,,2025-07,2025-07-08,1.84,,0.57,1.41,,,,,,,,,,
2756,Vb-451.FN010-FNDE-RMS,451.FN010,,2025-07,2025-07-08,2.43,,1.5,1.46,,,,,,,,,,
2757,Vb-451.FN010-MDE-RMS,451.FN010,,2025-07,2025-07-08,0.96,,1.44,1,,,,,,,,,,
2758,Vb-451.FN010-MNDE-RMS,451.FN010,,2025-07,2025-07-08,1.2,,0.54,0.29,,,,,,,,,,
2759,Vb-451.FN010-FDE-RMS,451.FN010,,2025-09,2025-09-02,3.91,,1.65,1.09,,,,,,,,,,
2760,Vb-451.FN010-FNDE-RMS,451.FN010,,2025-09,2025-09-02,1.89,,1.9,1.12,,,,,,,,,,
2761,Vb-451.FN010-MDE-RMS,451.FN010,,2025-09,2025-09-02,2,,1.59,1.35,,,,,,,,,,
2762,Vb-451.FN010-MNDE-RMS,451.FN010,,2025-09,2025-09-02,1.86,,0.68,0.41,,,,,,,,,,
2763,Vb-451.FN010-FDE-RMS,451.FN010,,2026-02,2026-02-17,0.52,,0.43,0.68,,,,,,,,,,
2764,Vb-451.FN010-FNDE-RMS,451.FN010,,2026-02,2026-02-17,0.43,,0.63,0.5,,,,,,,,,,
2765,Vb-451.FN010-MDE-RMS,451.FN010,,2026-02,2026-02-17,0.55,,1.15,1,,,,,,,,,,
2766,Vb-451.FN010-MNDE-RMS,451.FN010,,2026-02,2026-02-17,0.57,,0.55,0.43,,,,,,,,,,
2767,Vb-451.FN010-FDE-RMS,451.FN010,,2026-03,2026-03-26,0.41,,0.53,0.69,,,,,,,,,,
2768,Vb-451.FN010-FNDE-RMS,451.FN010,,2026-03,2026-03-26,0.66,,0.88,0.79,,,,,,,,,,
2769,Vb-451.FN010-MDE-RMS,451.FN010,,2026-03,2026-03-26,0.64,,1.24,1.05,,,,,,,,,,
2770,Vb-451.FN010-MNDE-RMS,451.FN010,,2026-03,2026-03-26,0.51,,0.61,0.24,,,,,,,,,,
2771,Vb-451.FN010-FDE-RMS,451.FN010,,2026-04,2026-04-26,0.88,,0.55,0.87,,,,,,,,,,
2772,Vb-451.FN010-FNDE-RMS,451.FN010,,2026-04,2026-04-26,0.52,,0.77,0.68,,,,,,,,,,
2773,Vb-451.FN010-MDE-RMS,451.FN010,,2026-04,2026-04-26,0.5,,1.36,1.14,,,,,,,,,,
2774,Vb-451.FN010-MNDE-RMS,451.FN010,,2026-04,2026-04-26,0.57,,0.57,0.45,,,,,,,,,,
2775,Vb-451.FN240-FDE-RMS,451.FN240,,2024-12,2024-12-05,0.37,,0.5,0.46,,,,,,,,,,
2776,Vb-451.FN240-FNDE-RMS,451.FN240,,2024-12,2024-12-05,0.42,,0.47,0.3,,,,,,,,,,
2777,Vb-451.FN240-MDE-RMS,451.FN240,,2024-12,2024-12-05,0.39,,0.75,0.75,,,,,,,,,,
2778,Vb-451.FN240-MNDE-RMS,451.FN240,,2024-12,2024-12-05,0.4,,0.38,0.3,,,,,,,,,,
2779,Vb-451.FN240-FDE-RMS,451.FN240,,2025-02,2025-02-04,0.49,,0.71,0.67,,,,,,,,,,
2780,Vb-451.FN240-FNDE-RMS,451.FN240,,2025-02,2025-02-04,0.21,,0.48,0.26,,,,,,,,,,
2781,Vb-451.FN240-MDE-RMS,451.FN240,,2025-02,2025-02-04,0.4,,0.58,0.54,,,,,,,,,,
2782,Vb-451.FN240-MNDE-RMS,451.FN240,,2025-02,2025-02-04,0.44,,0.38,0.4,,,,,,,,,,
2783,Vb-451.FN240-FDE-RMS,451.FN240,,2025-05,2025-05-12,0.54,,0.65,0.69,,,,,,,,,,
2784,Vb-451.FN240-FNDE-RMS,451.FN240,,2025-05,2025-05-12,0.33,,0.85,0.47,,,,,,,,,,
2785,Vb-451.FN240-MDE-RMS,451.FN240,,2025-05,2025-05-12,0.62,,1.46,1.36,,,,,,,,,,
2786,Vb-451.FN240-MNDE-RMS,451.FN240,,2025-05,2025-05-12,0.65,,0.66,0.68,,,,,,,,,,
2787,Vb-451.FN240-FDE-RMS,451.FN240,,2025-07,2025-07-08,0.58,,0.72,1.01,,,,,,,,,,
2788,Vb-451.FN240-FNDE-RMS,451.FN240,,2025-07,2025-07-08,0.71,,1.69,2.79,,,,,,,,,,
2789,Vb-451.FN240-MDE-RMS,451.FN240,,2025-07,2025-07-08,0.8,,1.51,1.39,,,,,,,,,,
2790,Vb-451.FN240-MNDE-RMS,451.FN240,,2025-07,2025-07-08,0.87,,0.79,0.61,,,,,,,,,,
2791,Vb-451.FN240-FDE-RMS,451.FN240,,2025-09,2025-09-14,1.19,,1.35,1.62,,,,,,,,,,
2792,Vb-451.FN240-FNDE-RMS,451.FN240,,2025-09,2025-09-14,0.7,,3.79,1.39,,,,,,,,,,
2793,Vb-451.FN240-MDE-RMS,451.FN240,,2025-09,2025-09-14,1.36,,2.84,2.21,,,,,,,,,,
2794,Vb-451.FN240-MNDE-RMS,451.FN240,,2025-09,2025-09-14,1.58,,1.15,0.85,,,,,,,,,,
2795,Vb-451.FN240-FDE-RMS,451.FN240,,2026-02,2026-02-17,0.52,,0.73,0.7,,,,,,,,,,
2796,Vb-451.FN240-FNDE-RMS,451.FN240,,2026-02,2026-02-17,1.01,,0.87,0.92,,,,,,,,,,
2797,Vb-451.FN240-MDE-RMS,451.FN240,,2026-02,2026-02-17,1.13,,1.09,1.08,,,,,,,,,,
2798,Vb-451.FN240-MNDE-RMS,451.FN240,,2026-02,2026-02-17,0.75,,0.77,0.28,,,,,,,,,,
2799,Vb-451.FN240-FDE-RMS,451.FN240,,2026-03,2026-03-26,0.46,,0.44,0.46,,,,,,,,,,
2800,Vb-451.FN240-FNDE-RMS,451.FN240,,2026-03,2026-03-26,0.46,,0.65,0.77,,,,,,,,,,
2801,Vb-451.FN240-MDE-RMS,451.FN240,,2026-03,2026-03-26,0.43,,0.93,1.13,,,,,,,,,,
2802,Vb-451.FN240-MNDE-RMS,451.FN240,,2026-03,2026-03-26,0.38,,0.51,0.51,,,,,,,,,,
2803,Vb-451.FN240-FDE-RMS,451.FN240,,2026-04,2026-04-26,0.56,,0.6,0.77,,,,,,,,,,
2804,Vb-451.FN240-FNDE-RMS,451.FN240,,2026-04,2026-04-26,0.43,,1.29,1.44,,,,,,,,,,
2805,Vb-451.FN240-MDE-RMS,451.FN240,,2026-04,2026-04-26,0.68,,1.41,1,,,,,,,,,,
2806,Vb-451.FN240-MNDE-RMS,451.FN240,,2026-04,2026-04-26,0.42,,0.64,0.41,,,,,,,,,,
2807,Vb-451.WI111-MDE-RMS,451.WI111,,2024-12,2024-12-09,0.96,,1.3,0.87,,,,,,,,,,
2808,Vb-451.WI111-MNDE-RMS,451.WI111,,2024-12,2024-12-09,1.11,,1.42,0.73,,,,,,,,,,
2809,Vb-451.WI111-PDE-RMS,451.WI111,,2024-12,2024-12-09,1.01,,0.64,1.69,,,,,,,,,,
2810,Vb-451.WI111-PNDE-RMS,451.WI111,,2024-12,2024-12-09,0.66,,0.61,0.85,,,,,,,,,,
2811,Vb-451.WI111-MDE-RMS,451.WI111,,2025-02,2025-02-04,3.38,,9.72,4.1,,,,,,,,,,
2812,Vb-451.WI111-MNDE-RMS,451.WI111,,2025-02,2025-02-04,2.98,,2.23,2.13,,,,,,,,,,
2813,Vb-451.WI111-PDE-RMS,451.WI111,,2025-02,2025-02-04,4.31,,3.8,9.61,,,,,,,,,,
2814,Vb-451.WI111-PNDE-RMS,451.WI111,,2025-02,2025-02-04,5.05,,2.66,3,,,,,,,,,,
2815,Vb-451.WI111-MDE-RMS,451.WI111,,2025-04,2025-04-13,2.79,,1.8,1.58,,,,,,,,,,
2816,Vb-451.WI111-MNDE-RMS,451.WI111,,2025-04,2025-04-13,2.68,,1.63,1.29,,,,,,,,,,
2817,Vb-451.WI111-PDE-RMS,451.WI111,,2025-04,2025-04-13,2.05,,1.21,1.46,,,,,,,,,,
2818,Vb-451.WI111-PNDE-RMS,451.WI111,,2025-04,2025-04-13,2.04,,1.21,1.49,,,,,,,,,,
2819,Vb-451.WI111-MDE-RMS,451.WI111,,2025-05,2025-05-28,20.75,,15.21,11.49,,,,,,,,,,
2820,Vb-451.WI111-MNDE-RMS,451.WI111,,2025-05,2025-05-28,28.06,,13.65,15.21,,,,,,,,,,
2821,Vb-451.WI111-PDE-RMS,451.WI111,,2025-06,2025-06-24,,,4.16,5.4,,,,,,,,,,
2822,Vb-451.WI111-PNDE-RMS,451.WI111,,2025-06,2025-06-24,4.1,,3.34,5.01,,,,,,,,,,
2823,Vb-451.WI111-MDE-RMS,451.WI111,,2025-09,2025-09-30,0.64,,3.21,3.25,,,,,,,,,,
2824,Vb-451.WI111-MNDE-RMS,451.WI111,,2025-09,2025-09-30,0.67,,1.5,1.85,,,,,,,,,,
2825,Vb-451.WI111-PDE-RMS,451.WI111,,2025-09,2025-09-30,2.49,,,2.95,,,,,,,,,,
2826,Vb-451.WI111-PDE-RMS,451.WI111,,2025-10,2025-10-08,,,1.37,,,,,,,,,,,
2827,Vb-451.WI111-PNDE-RMS,451.WI111,,2025-10,2025-10-08,1.44,,1.29,0.99,,,,,,,,,,
2828,Vb-451.WI111-PDE-RMS,451.WI111,,2026-03,2026-03-30,1.51,,,,,,,,,,,,,
2829,Vb-451.WI111-MDE-RMS,451.WI111,,2026-04,2026-04-12,0.5,,2.94,2.1,,,,,,,,,,
2830,Vb-451.WI111-MNDE-RMS,451.WI111,,2026-04,2026-04-12,0.43,,0.71,2.62,,,,,,,,,,
2831,Vb-451.WI111-PDE-RMS,451.WI111,,2026-04,2026-04-12,,,2.02,1.99,,,,,,,,,,
2832,Vb-451.WI111-PNDE-RMS,451.WI111,,2026-04,2026-04-12,1.02,,0.81,0.83,,,,,,,,,,
2833,Vb-451.WI111-MDE-RMS,451.WI111,,2026-07,2026-07-02,0.51,,3.62,1.57,,,,,,,,,,
2834,Vb-451.WI111-MNDE-RMS,451.WI111,,2026-07,2026-07-02,0.41,,0.98,1.53,,,,,,,,,,
2835,Vb-451.WI111-PDE-RMS,451.WI111,,2026-07,2026-07-02,3.26,,6.31,6.82,,,,,,,,,,
2836,Vb-451.WI111-PNDE-RMS,451.WI111,,2026-07,2026-07-02,2.19,,1.62,1.63,,,,,,,,,,
2837,Vb-451.WI210-MDE-RMS,451.WI210,,2025-05,2025-05-14,11.58,,7.23,9.53,,,,,,,,,,
2838,Vb-451.WI210-PDE-RMS,451.WI210,,2025-05,2025-05-14,3.07,,3.36,3.37,,,,,,,,,,
2839,Vb-451.WI210-PNDE-RMS,451.WI210,,2025-05,2025-05-14,3.7,,3.21,2.67,,,,,,,,,,
2840,Vb-451.WI210-MDE-RMS,451.WI210,,2025-07,2025-07-08,1.37,,1.45,1.04,,,,,,,,,,
2841,Vb-451.WI210-PDE-RMS,451.WI210,,2025-07,2025-07-08,1.31,,1.23,2.99,,,,,,,,,,
2842,Vb-451.WI210-PNDE-RMS,451.WI210,,2025-07,2025-07-08,0.92,,1.88,1.13,,,,,,,,,,
2843,Vb-451.WI210-MDE-RMS,451.WI210,,2025-09,2025-09-14,2.56,,1.89,1.22,,,,,,,,,,
2844,Vb-451.WI210-PDE-RMS,451.WI210,,2025-09,2025-09-14,1.22,,1.55,1.59,,,,,,,,,,
2845,Vb-451.WI210-PNDE-RMS,451.WI210,,2025-09,2025-09-14,0.96,,1.22,1.02,,,,,,,,,,
2846,Vb-451.WI210-MDE-RMS,451.WI210,,2025-10,2025-10-07,2.5,,2.13,2.02,,,,,,,,,,
2847,Vb-451.WI210-PDE-RMS,451.WI210,,2025-10,2025-10-07,0.81,,1.28,2.48,,,,,,,,,,
2848,Vb-451.WI210-PNDE-RMS,451.WI210,,2025-10,2025-10-07,0.68,,0.55,0.81,,,,,,,,,,
2849,Vb-451.WI210-MDE-RMS,451.WI210,,2026-01,2026-01-14,3.15,,2.59,2.17,,,,,,,,,,
2850,Vb-451.WI210-PDE-RMS,451.WI210,,2026-01,2026-01-14,0.76,,1.18,1.21,,,,,,,,,,
2851,Vb-451.WI210-PNDE-RMS,451.WI210,,2026-01,2026-01-14,0.42,,0.58,0.92,,,,,,,,,,
2852,Vb-451.WI210-MDE-RMS,451.WI210,,2026-04,2026-04-12,1.69,,2.28,1.83,,,,,,,,,,
2853,Vb-451.WI210-PDE-RMS,451.WI210,,2026-04,2026-04-12,3,,6.06,4.85,,,,,,,,,,
2854,Vb-451.WI210-PNDE-RMS,451.WI210,,2026-04,2026-04-12,1.89,,1.52,1.86,,,,,,,,,,
2855,Vb-452.FN010-FDE-RMS,452.FN010,,2025-01,2025-01-12,0.24,,0.35,0.43,,,,,,,,,,
2856,Vb-452.FN010-FNDE-RMS,452.FN010,,2025-01,2025-01-12,0.4,,0.59,0.27,,,,,,,,,,
2857,Vb-452.FN010-MDE-RMS,452.FN010,,2025-01,2025-01-12,0.16,,0.43,0.28,,,,,,,,,,
2858,Vb-452.FN010-MNDE-RMS,452.FN010,,2025-01,2025-01-12,0.11,,0.29,0.12,,,,,,,,,,
2859,Vb-452.FN010-FDE-RMS,452.FN010,,2025-02,2025-02-13,0.28,,0.33,0.41,,,,,,,,,,
2860,Vb-452.FN010-FNDE-RMS,452.FN010,,2025-02,2025-02-13,0.41,,0.53,0.33,,,,,,,,,,
2861,Vb-452.FN010-MDE-RMS,452.FN010,,2025-02,2025-02-13,0.21,,0.53,0.36,,,,,,,,,,
2862,Vb-452.FN010-MNDE-RMS,452.FN010,,2025-02,2025-02-13,0.16,,0.31,0.12,,,,,,,,,,
2863,Vb-452.FN010-FDE-RMS,452.FN010,,2025-05,2025-05-25,0.28,,0.33,0.46,,,,,,,,,,
2864,Vb-452.FN010-FNDE-RMS,452.FN010,,2025-05,2025-05-25,0.25,,0.69,0.73,,,,,,,,,,
2865,Vb-452.FN010-MDE-RMS,452.FN010,,2025-05,2025-05-25,0.22,,0.44,0.37,,,,,,,,,,
2866,Vb-452.FN010-MNDE-RMS,452.FN010,,2025-05,2025-05-25,0.15,,0.22,0.11,,,,,,,,,,
2867,Vb-452.FN010-FDE-RMS,452.FN010,,2025-07,2025-07-28,0.21,,0.39,0.57,,,,,,,,,,
2868,Vb-452.FN010-FNDE-RMS,452.FN010,,2025-07,2025-07-28,0.29,,0.8,0.83,,,,,,,,,,
2869,Vb-452.FN010-MDE-RMS,452.FN010,,2025-07,2025-07-28,0.15,,0.3,0.29,,,,,,,,,,
2870,Vb-452.FN010-MNDE-RMS,452.FN010,,2025-07,2025-07-28,0.44,,0.21,0.11,,,,,,,,,,
2871,Vb-452.FN010-FDE-RMS,452.FN010,,2025-09,2025-09-21,0.32,,0.6,0.59,,,,,,,,,,
2872,Vb-452.FN010-FNDE-RMS,452.FN010,,2025-09,2025-09-21,0.45,,0.76,0.75,,,,,,,,,,
2873,Vb-452.FN010-MDE-RMS,452.FN010,,2025-09,2025-09-21,0.26,,0.54,0.42,,,,,,,,,,
2874,Vb-452.FN010-MNDE-RMS,452.FN010,,2025-09,2025-09-21,0.37,,0.28,0.13,,,,,,,,,,
2875,Vb-452.FN010-FDE-RMS,452.FN010,,2026-02,2026-02-05,0.42,,0.39,0.63,,,,,,,,,,
2876,Vb-452.FN010-FNDE-RMS,452.FN010,,2026-02,2026-02-05,0.68,,1,1.01,,,,,,,,,,
2877,Vb-452.FN010-MDE-RMS,452.FN010,,2026-02,2026-02-05,0.58,,0.35,0.25,,,,,,,,,,
2878,Vb-452.FN010-MNDE-RMS,452.FN010,,2026-02,2026-02-05,0.36,,0.32,0.24,,,,,,,,,,
2879,Vb-452.FN010-FDE-RMS,452.FN010,,2026-03,2026-03-31,0.21,,0.31,0.4,,,,,,,,,,
2880,Vb-452.FN010-FNDE-RMS,452.FN010,,2026-03,2026-03-31,0.34,,0.52,0.36,,,,,,,,,,
2881,Vb-452.FN010-MDE-RMS,452.FN010,,2026-03,2026-03-31,0.17,,0.43,0.4,,,,,,,,,,
2882,Vb-452.FN010-MNDE-RMS,452.FN010,,2026-03,2026-03-31,0.18,,0.24,0.16,,,,,,,,,,
2883,Vb-452.FN010-FDE-RMS,452.FN010,,2026-04,2026-04-21,0.25,,0.4,0.52,,,,,,,,,,
2884,Vb-452.FN010-FNDE-RMS,452.FN010,,2026-04,2026-04-21,0.2,,0.61,0.72,,,,,,,,,,
2885,Vb-452.FN010-MDE-RMS,452.FN010,,2026-04,2026-04-21,0.46,,0.46,0.43,,,,,,,,,,
2886,Vb-452.FN010-MNDE-RMS,452.FN010,,2026-04,2026-04-21,0.25,,0.27,0.13,,,,,,,,,,
2887,Vb-452.FN240-FDE-RMS,452.FN240,,2025-01,2025-01-12,0.56,,0.54,0.21,,,,,,,,,,
2888,Vb-452.FN240-FNDE-RMS,452.FN240,,2025-01,2025-01-12,1.12,,0.72,0.95,,,,,,,,,,
2889,Vb-452.FN240-MDE-RMS,452.FN240,,2025-01,2025-01-12,0.25,,0.69,0.46,,,,,,,,,,
2890,Vb-452.FN240-MNDE-RMS,452.FN240,,2025-01,2025-01-12,0.17,,0.56,0.29,,,,,,,,,,
2891,Vb-452.FN240-FDE-RMS,452.FN240,,2025-02,2025-02-13,0.3,,0.33,0.33,,,,,,,,,,
2892,Vb-452.FN240-FNDE-RMS,452.FN240,,2025-02,2025-02-13,0.38,,0.49,0.29,,,,,,,,,,
2893,Vb-452.FN240-MDE-RMS,452.FN240,,2025-02,2025-02-13,0.23,,0.44,0.36,,,,,,,,,,
2894,Vb-452.FN240-MNDE-RMS,452.FN240,,2025-02,2025-02-13,0.17,,0.42,0.24,,,,,,,,,,
2895,Vb-452.FN240-FDE-RMS,452.FN240,,2025-05,2025-05-25,0.14,,0.2,0.38,,,,,,,,,,
2896,Vb-452.FN240-FNDE-RMS,452.FN240,,2025-05,2025-05-25,0.49,,0.14,0.19,,,,,,,,,,
2897,Vb-452.FN240-MDE-RMS,452.FN240,,2025-05,2025-05-25,0.13,,0.24,0.25,,,,,,,,,,
2898,Vb-452.FN240-MNDE-RMS,452.FN240,,2025-05,2025-05-25,0.14,,0.16,0.15,,,,,,,,,,
2899,Vb-452.FN240-FDE-RMS,452.FN240,,2025-07,2025-07-28,0.63,,0.41,0.34,,,,,,,,,,
2900,Vb-452.FN240-FNDE-RMS,452.FN240,,2025-07,2025-07-28,0.96,,0.47,0.47,,,,,,,,,,
2901,Vb-452.FN240-MDE-RMS,452.FN240,,2025-07,2025-07-28,0.33,,0.42,0.41,,,,,,,,,,
2902,Vb-452.FN240-MNDE-RMS,452.FN240,,2025-07,2025-07-28,0.19,,0.39,0.26,,,,,,,,,,
2903,Vb-452.FN240-FDE-RMS,452.FN240,,2025-09,2025-09-21,0.29,,0.23,0.24,,,,,,,,,,
2904,Vb-452.FN240-FNDE-RMS,452.FN240,,2025-09,2025-09-21,0.47,,0.2,0.22,,,,,,,,,,
2905,Vb-452.FN240-MDE-RMS,452.FN240,,2025-09,2025-09-21,0.14,,0.21,0.16,,,,,,,,,,
2906,Vb-452.FN240-MNDE-RMS,452.FN240,,2025-09,2025-09-21,0.65,,0.21,0.17,,,,,,,,,,
2907,Vb-452.FN240-FDE-RMS,452.FN240,,2026-02,2026-02-05,0.82,,0.58,0.47,,,,,,,,,,
2908,Vb-452.FN240-FNDE-RMS,452.FN240,,2026-02,2026-02-05,0.97,,0.57,0.56,,,,,,,,,,
2909,Vb-452.FN240-MDE-RMS,452.FN240,,2026-02,2026-02-05,0.39,,0.51,0.39,,,,,,,,,,
2910,Vb-452.FN240-MNDE-RMS,452.FN240,,2026-02,2026-02-05,0.41,,0.38,0.24,,,,,,,,,,
2911,Vb-452.FN240-FDE-RMS,452.FN240,,2026-03,2026-03-31,0.35,,0.32,0.41,,,,,,,,,,
2912,Vb-452.FN240-FNDE-RMS,452.FN240,,2026-03,2026-03-31,0.37,,0.62,0.41,,,,,,,,,,
2913,Vb-452.FN240-MDE-RMS,452.FN240,,2026-03,2026-03-31,0.25,,0.42,0.35,,,,,,,,,,
2914,Vb-452.FN240-MNDE-RMS,452.FN240,,2026-03,2026-03-31,0.28,,0.42,0.29,,,,,,,,,,
2915,Vb-452.FN240-FDE-RMS,452.FN240,,2026-04,2026-04-21,0.33,,0.35,0.47,,,,,,,,,,
2916,Vb-452.FN240-FNDE-RMS,452.FN240,,2026-04,2026-04-21,0.37,,0.61,0.57,,,,,,,,,,
2917,Vb-452.FN240-MDE-RMS,452.FN240,,2026-04,2026-04-21,0.26,,0.42,0.4,,,,,,,,,,
2918,Vb-452.FN240-MNDE-RMS,452.FN240,,2026-04,2026-04-21,0.19,,0.43,0.28,,,,,,,,,,
2919,Vb-452.WI111-MDE-RMS,452.WI111,,2025-07,2025-07-28,1.52,,1.5,1.45,,,,,,,,,,
2920,Vb-452.WI111-MNDE-RMS,452.WI111,,2025-07,2025-07-28,0.26,,0.59,0.67,,,,,,,,,,
2921,Vb-452.WI111-PDE-RMS,452.WI111,,2025-07,2025-07-28,0.43,,0.54,0.75,,,,,,,,,,
2922,Vb-452.WI111-PNDE-RMS,452.WI111,,2025-07,2025-07-28,0.48,,0.54,0.7,,,,,,,,,,
2923,Vb-452.WI111-MDE-RMS,452.WI111,,2025-10,2025-10-06,2.59,,1.88,1.19,,,,,,,,,,
2924,Vb-452.WI111-MNDE-RMS,452.WI111,,2025-10,2025-10-06,3.42,,1.88,2.7,,,,,,,,,,
2925,Vb-452.WI111-PDE-RMS,452.WI111,,2025-10,2025-10-06,1.39,,1.54,1.78,,,,,,,,,,
2926,Vb-452.WI111-PNDE-RMS,452.WI111,,2025-10,2025-10-06,0.59,,0.85,1.07,,,,,,,,,,
2927,Vb-452.WI111-MDE-RMS,452.WI111,,2026-02,2026-02-05,8.22,,4.89,4.02,,,,,,,,,,
2928,Vb-452.WI111-MNDE-RMS,452.WI111,,2026-02,2026-02-05,3.15,,2.32,4.66,,,,,,,,,,
2929,Vb-452.WI111-PDE-RMS,452.WI111,,2026-02,2026-02-05,5.75,,14.65,9.43,,,,,,,,,,
2930,Vb-452.WI111-PNDE-RMS,452.WI111,,2026-02,2026-02-05,3.48,,3.86,3.18,,,,,,,,,,
2931,Vb-452.WI111-MDE-RMS,452.WI111,,2026-03,2026-03-24,7.41,,,,,,,,,,,,,
2932,Vb-452.WI111-MNDE-RMS,452.WI111,,2026-03,2026-03-24,2.19,,,,,,,,,,,,,
2933,Vb-452.WI111-PDE-RMS,452.WI111,,2026-03,2026-03-24,5.11,,,,,,,,,,,,,
2934,Vb-452.WI111-PNDE-RMS,452.WI111,,2026-03,2026-03-09,2.71,,1.92,1.34,,,,,,,,,,
2935,Vb-452.WI111-MDE-RMS,452.WI111,,2026-04,2026-04-09,,,2.52,1.3,,,,,,,,,,
2936,Vb-452.WI111-MNDE-RMS,452.WI111,,2026-04,2026-04-09,,,1.17,2.27,,,,,,,,,,
2937,Vb-452.WI111-PDE-RMS,452.WI111,,2026-04,2026-04-09,,,2.28,1.54,,,,,,,,,,
2938,Vb-452.WI112-MDE-RMS,452.WI112,,2024-12,2024-12-25,2.22,,6.32,4.48,,,,,,,,,,
2939,Vb-452.WI112-MNDE-RMS,452.WI112,,2024-12,2024-12-25,0.94,,3.69,1.29,,,,,,,,,,
2940,Vb-452.WI112-PDE-RMS,452.WI112,,2024-12,2024-12-25,3.29,,4.03,4.16,,,,,,,,,,
2941,Vb-452.WI112-PNDE-RMS,452.WI112,,2024-12,2024-12-25,2.73,,1.7,1.81,,,,,,,,,,
2942,Vb-452.WI112-MDE-RMS,452.WI112,,2025-01,2025-01-12,2.22,,5.75,4.53,,,,,,,,,,
2943,Vb-452.WI112-MNDE-RMS,452.WI112,,2025-01,2025-01-12,1.29,,4.19,1.34,,,,,,,,,,
2944,Vb-452.WI112-PDE-RMS,452.WI112,,2025-01,2025-01-12,4.51,,4.63,3.41,,,,,,,,,,
2945,Vb-452.WI112-PNDE-RMS,452.WI112,,2025-01,2025-01-12,2.3,,1.44,2.31,,,,,,,,,,
2946,Vb-452.WI112-MDE-RMS,452.WI112,,2025-02,2025-02-13,3.51,,6.29,5.04,,,,,,,,,,
2947,Vb-452.WI112-MNDE-RMS,452.WI112,,2025-02,2025-02-13,3.15,,5.21,2.4,,,,,,,,,,
2948,Vb-452.WI112-PDE-RMS,452.WI112,,2025-02,2025-02-13,2.75,,5.24,3.7,,,,,,,,,,
2949,Vb-452.WI112-PNDE-RMS,452.WI112,,2025-02,2025-02-13,2.52,,1.87,1.39,,,,,,,,,,
2950,Vb-452.WI112-MDE-RMS,452.WI112,,2025-05,2025-05-25,1.45,,3.78,2.83,,,,,,,,,,
2951,Vb-452.WI112-MNDE-RMS,452.WI112,,2025-05,2025-05-25,1.63,,1.94,3.72,,,,,,,,,,
2952,Vb-452.WI112-PDE-RMS,452.WI112,,2025-05,2025-05-25,3.46,,3.64,4.51,,,,,,,,,,
2953,Vb-452.WI112-PNDE-RMS,452.WI112,,2025-05,2025-05-25,3.64,,1.55,1.21,,,,,,,,,,
2954,Vb-452.WI112-MDE-RMS,452.WI112,,2025-06,2025-06-16,1.04,,4.28,4.51,,,,,,,,,,
2955,Vb-452.WI112-MNDE-RMS,452.WI112,,2025-06,2025-06-16,1.12,,3.21,6.24,,,,,,,,,,
2956,Vb-452.WI112-MDE-RMS,452.WI112,,2025-09,2025-09-21,9.11,,8.87,11.13,,,,,,,,,,
2957,Vb-452.WI112-MNDE-RMS,452.WI112,,2025-09,2025-09-21,1.38,,8.29,6.43,,,,,,,,,,
2958,Vb-452.WI112-PDE-RMS,452.WI112,,2025-09,2025-09-21,18.52,,30.83,34.52,,,,,,,,,,
2959,Vb-452.WI112-PNDE-RMS,452.WI112,,2025-09,2025-09-21,14.04,,3.45,6.36,,,,,,,,,,
2960,Vb-452.WI112-MDE-RMS,452.WI112,,2026-04,2026-04-09,4.65,,2.39,3.42,,,,,,,,,,
2961,Vb-452.WI112-MNDE-RMS,452.WI112,,2026-04,2026-04-09,0.49,,1.75,1.87,,,,,,,,,,
2962,Vb-452.WI112-PDE-RMS,452.WI112,,2026-04,2026-04-09,2.45,,5.72,8.24,,,,,,,,,,
2963,Vb-452.WI112-PNDE-RMS,452.WI112,,2026-04,2026-04-09,2.9,,1.65,2.12,,,,,,,,,,
2964,Vb-461.CP524-MDE-RMS,461.CP524,,2025-01,2025-01-29,2.51,,,,,,,,,,,,,
2965,Vb-461.CP524-CDE-RMS,461.CP524,,2025-02,2025-02-12,1.89,,2.4,1.88,,,,,,,,,,
2966,Vb-461.CP524-CNDE-RMS,461.CP524,,2025-02,2025-02-12,2.83,,3.52,3.05,,,,,,,,,,
2967,Vb-461.CP524-MDE-RMS,461.CP524,,2025-02,2025-02-12,,,1.12,1.15,,,,,,,,,,
2968,Vb-461.CP524-MNDE-RMS,461.CP524,,2025-02,2025-02-12,1.4,,1.53,3.12,,,,,,,,,,
2969,Vb-461.CP524-CDE-RMS,461.CP524,,2025-05,2025-05-20,1.59,,1.43,2.15,,,,,,,,,,
2970,Vb-461.CP524-CNDE-RMS,461.CP524,,2025-05,2025-05-20,1.68,,2.62,3.63,,,,,,,,,,
2971,Vb-461.CP524-MDE-RMS,461.CP524,,2025-05,2025-05-20,2.64,,1.48,1.48,,,,,,,,,,
2972,Vb-461.CP524-MNDE-RMS,461.CP524,,2025-05,2025-05-20,1.64,,1.9,2.67,,,,,,,,,,
2973,Vb-461.CP524-CDE-RMS,461.CP524,,2025-07,2025-07-13,2.31,,1.34,1.41,,,,,,,,,,
2974,Vb-461.CP524-CNDE-RMS,461.CP524,,2025-07,2025-07-13,2.32,,3.6,2.19,,,,,,,,,,
2975,Vb-461.CP524-MDE-RMS,461.CP524,,2025-07,2025-07-13,1.82,,1.77,1.76,,,,,,,,,,
2976,Vb-461.CP524-MNDE-RMS,461.CP524,,2025-07,2025-07-13,0.76,,1.82,1.83,,,,,,,,,,
2977,Vb-461.CP524-CDE-RMS,461.CP524,,2025-08,2025-08-19,2.07,,1.19,2.77,,,,,,,,,,
2978,Vb-461.CP524-CNDE-RMS,461.CP524,,2025-08,2025-08-19,2.02,,4.77,3.53,,,,,,,,,,
2979,Vb-461.CP524-MDE-RMS,461.CP524,,2025-08,2025-08-19,2.03,,1.58,1.62,,,,,,,,,,
2980,Vb-461.CP524-MNDE-RMS,461.CP524,,2025-08,2025-08-19,1.67,,1.41,2.07,,,,,,,,,,
2981,Vb-461.CP524-CDE-RMS,461.CP524,,2025-09,2025-09-25,1.64,,1.24,1.72,,,,,,,,,,
2982,Vb-461.CP524-CNDE-RMS,461.CP524,,2025-09,2025-09-25,1.31,,3.3,3.05,,,,,,,,,,
2983,Vb-461.CP524-MDE-RMS,461.CP524,,2025-09,2025-09-25,1.84,,1.42,1.2,,,,,,,,,,
2984,Vb-461.CP524-MNDE-RMS,461.CP524,,2025-09,2025-09-25,0.83,,1.44,3.19,,,,,,,,,,
2985,Vb-461.CP524-CDE-RMS,461.CP524,,2026-01,2026-01-21,2.14,,1.08,2.67,,,,,,,,,,
2986,Vb-461.CP524-CNDE-RMS,461.CP524,,2026-01,2026-01-21,1.55,,2.83,2.27,,,,,,,,,,
2987,Vb-461.CP524-MDE-RMS,461.CP524,,2026-01,2026-01-21,1.6,,1.57,2.34,,,,,,,,,,
2988,Vb-461.CP524-MNDE-RMS,461.CP524,,2026-01,2026-01-21,2.15,,2.02,2.7,,,,,,,,,,
2989,,461.CP525,Compressor DE,2024-12,2024-12-11,1.9,,1.36,1.37,,,,,,,,,,
2990,,461.CP525,Compressor NDE,2024-12,2024-12-11,1.1,,2.39,2.23,,,,,,,,,,
2991,,461.CP525,Motor DE,2024-12,2024-12-11,1.04,,1.9,0.76,,,,,,,,,,
2992,,461.CP525,Motor NDE,2024-12,2024-12-11,0.71,,1.31,1.11,,,,,,,,,,
2993,,461.CP525,Compressor DE,2025-01,2025-01-29,2.11,,,,,,,,,,,,,
2994,,461.CP525,Compressor DE,2025-02,2025-02-12,,,4.59,2.64,,,,,,,,,,
2995,,461.CP525,Compressor NDE,2025-02,2025-02-12,3.83,,2.75,2.25,,,,,,,,,,
2996,,461.CP525,Motor DE,2025-02,2025-02-12,1.76,,2.92,1.28,,,,,,,,,,
2997,,461.CP525,Motor NDE,2025-02,2025-02-12,1.48,,0.97,1.46,,,,,,,,,,
2998,,461.CP525,Compressor DE,2025-04,2025-04-15,2.35,,2.28,3.06,,,,,,,,,,
2999,,461.CP525,Compressor NDE,2025-04,2025-04-15,3.75,,2.78,2.08,,,,,,,,,,
3000,,461.CP525,Motor DE,2025-04,2025-04-15,1.01,,1.53,1.46,,,,,,,,,,
3001,,461.CP525,Motor NDE,2025-04,2025-04-15,1.13,,1.15,1.26,,,,,,,,,,
3002,,461.CP525,Compressor DE,2026-02,2026-02-14,4.37,,2.91,3.46,,,,,,,,,,
3003,,461.CP525,Compressor NDE,2026-02,2026-02-14,1.81,,2.9,2.29,,,,,,,,,,
3004,,461.CP525,Motor DE,2026-02,2026-02-14,2.49,,1.52,1.51,,,,,,,,,,
3005,,461.CP525,Motor NDE,2026-02,2026-02-14,1.09,,1.13,0.93,,,,,,,,,,
3006,,461.CP525,Compressor DE,2026-04,2026-04-30,4.4,,2.75,2.09,,,,,,,,,,
3007,,461.CP525,Compressor NDE,2026-04,2026-04-30,1.34,,4.19,1.94,,,,,,,,,,
3008,,461.CP525,Motor DE,2026-04,2026-04-30,2.79,,1.04,2.01,,,,,,,,,,
3009,,461.CP525,Motor NDE,2026-04,2026-04-30,1.06,,1.17,2.5,,,,,,,,,,
3010,Vb-461.CP526-CDE-RMS,461.CP526,,2024-12,2024-12-11,2.04,,2.14,3.26,,,,,,,,,,
3011,Vb-461.CP526-CNDE-RMS,461.CP526,,2024-12,2024-12-11,2.14,,2.56,1.78,,,,,,,,,,
3012,Vb-461.CP526-MDE-RMS,461.CP526,,2024-12,2024-12-11,1.65,,1.28,1.32,,,,,,,,,,
3013,Vb-461.CP526-MNDE-RMS,461.CP526,,2024-12,2024-12-08,,,1.81,,2024-12-11,0.98,,1.9,2.27,,,,,
3014,Vb-461.CP526-CDE-RMS,461.CP526,,2025-05,2025-05-20,1.7,,4.15,5.8,,,,,,,,,,
3015,Vb-461.CP526-CNDE-RMS,461.CP526,,2025-05,2025-05-20,3.54,,5.6,2.69,,,,,,,,,,
3016,Vb-461.CP526-MDE-RMS,461.CP526,,2025-05,2025-05-20,1.5,,1.48,1.49,,,,,,,,,,
3017,Vb-461.CP526-MNDE-RMS,461.CP526,,2025-05,2025-05-20,1.85,,1.61,2.6,,,,,,,,,,
3018,Vb-461.CP526-CDE-RMS,461.CP526,,2025-07,2025-07-13,2.08,,3.24,3.2,,,,,,,,,,
3019,Vb-461.CP526-CNDE-RMS,461.CP526,,2025-07,2025-07-13,2.08,,4.51,2.64,,,,,,,,,,
3020,Vb-461.CP526-MDE-RMS,461.CP526,,2025-07,2025-07-13,0.9,,1.39,2.31,,,,,,,,,,
3021,Vb-461.CP526-MNDE-RMS,461.CP526,,2025-07,2025-07-13,0.87,,1.65,2.39,,,,,,,,,,
3022,Vb-461.CP526-CDE-RMS,461.CP526,,2025-08,2025-08-19,1.33,,3.03,6.85,,,,,,,,,,
3023,Vb-461.CP526-CNDE-RMS,461.CP526,,2025-08,2025-08-19,1.4,,4.1,2.26,,,,,,,,,,
3024,Vb-461.CP526-MDE-RMS,461.CP526,,2025-08,2025-08-19,2.09,,1.18,1.18,,,,,,,,,,
3025,Vb-461.CP526-MNDE-RMS,461.CP526,,2025-08,2025-08-19,2.25,,1.64,2.71,,,,,,,,,,
3026,Vb-461.CP526-CDE-RMS,461.CP526,,2025-09,2025-09-25,1.32,,1.5,0.98,,,,,,,,,,
3027,Vb-461.CP526-CNDE-RMS,461.CP526,,2025-09,2025-09-25,1.29,,3.66,1.87,,,,,,,,,,
3028,Vb-461.CP526-MDE-RMS,461.CP526,,2025-09,2025-09-25,1.72,,1.26,1.34,,,,,,,,,,
3029,Vb-461.CP526-MNDE-RMS,461.CP526,,2025-09,2025-09-25,1.76,,1.61,3.55,,,,,,,,,,
3030,Vb-461.CP526-CDE-RMS,461.CP526,,2026-04,2026-04-30,3.28,,2.53,2.01,,,,,,,,,,
3031,Vb-461.CP526-CNDE-RMS,461.CP526,,2026-04,2026-04-30,1.6,,4.3,2.59,,,,,,,,,,
3032,Vb-461.CP526-MDE-RMS,461.CP526,,2026-04,2026-04-30,2.7,,1.34,3.57,,,,,,,,,,
3033,Vb-461.CP526-MNDE-RMS,461.CP526,,2026-04,2026-04-30,1.3,,1.79,2.7,,,,,,,,,,
3034,Vb-461.FN125-FDE-RMS,461.FN125,,2024-12,2024-12-08,4.33,,3.1,2.97,,,,,,,,,,
3035,Vb-461.FN125-FNDE-RMS,461.FN125,,2024-12,2024-12-08,4.43,,3.98,3.87,,,,,,,,,,
3036,Vb-461.FN125-MNDE-RMS,461.FN125,,2025-01,2025-01-29,3.4,,,,,,,,,,,,,
3037,Vb-461.FN125-FDE-RMS,461.FN125,,2025-02,2025-02-12,4.96,,3.28,4.12,,,,,,,,,,
3038,Vb-461.FN125-FNDE-RMS,461.FN125,,2025-02,2025-02-12,6.3,,4.54,3.95,,,,,,,,,,
3039,Vb-461.FN125-MDE-RMS,461.FN125,,2025-02,2025-02-12,,,3.63,3.83,,,,,,,,,,
3040,Vb-461.FN125-MNDE-RMS,461.FN125,,2025-02,2025-02-12,,,1.29,3.85,,,,,,,,,,
3041,Vb-461.FN125-FDE-RMS,461.FN125,,2025-05,2025-05-20,3.67,,1.86,3.46,,,,,,,,,,
3042,Vb-461.FN125-FNDE-RMS,461.FN125,,2025-05,2025-05-20,3.29,,2.29,3.38,,,,,,,,,,
3043,Vb-461.FN125-MDE-RMS,461.FN125,,2025-05,2025-05-20,,,2.63,2.84,,,,,,,,,,
3044,Vb-461.FN125-MNDE-RMS,461.FN125,,2025-05,2025-05-20,1.82,,0.94,4.32,,,,,,,,,,
3045,Vb-461.FN125-FDE-RMS,461.FN125,,2025-07,2025-07-13,5.37,,3.91,3.95,,,,,,,,,,
3046,Vb-461.FN125-FNDE-RMS,461.FN125,,2025-07,2025-07-13,6.18,,4.32,3.62,,,,,,,,,,
3047,Vb-461.FN125-MDE-RMS,461.FN125,,2025-07,2025-07-13,,,3.07,3.65,,,,,,,,,,
3048,Vb-461.FN125-MNDE-RMS,461.FN125,,2025-07,2025-07-13,3.19,,3.66,3.74,,,,,,,,,,
3049,Vb-461.FN125-FDE-RMS,461.FN125,,2025-08,2025-08-19,4.97,,4.48,3.56,,,,,,,,,,
3050,Vb-461.FN125-FNDE-RMS,461.FN125,,2025-08,2025-08-19,4.44,,3.14,3.95,,,,,,,,,,
3051,Vb-461.FN125-MDE-RMS,461.FN125,,2025-08,2025-08-19,,,3.27,3.57,,,,,,,,,,
3052,Vb-461.FN125-MNDE-RMS,461.FN125,,2025-08,2025-08-19,12.94,,3.55,4.86,,,,,,,,,,
3053,Vb-461.FN125-FDE-RMS,461.FN125,,2025-09,2025-09-25,4.2,,3.49,3.94,,,,,,,,,,
3054,Vb-461.FN125-FNDE-RMS,461.FN125,,2025-09,2025-09-25,5.89,,4.29,3.82,,,,,,,,,,
3055,Vb-461.FN125-MDE-RMS,461.FN125,,2025-09,2025-09-25,,,6.91,4.7,,,,,,,,,,
3056,Vb-461.FN125-MNDE-RMS,461.FN125,,2025-09,2025-09-25,11.16,,4.97,6.59,,,,,,,,,,
3057,Vb-461.FN125-FDE-RMS,461.FN125,,2026-02,2026-02-14,5.63,,4.04,4.68,,,,,,,,,,
3058,Vb-461.FN125-FNDE-RMS,461.FN125,,2026-02,2026-02-14,6.2,,5.11,5.28,,,,,,,,,,
3059,Vb-461.FN125-MDE-RMS,461.FN125,,2026-02,2026-02-14,,,6.56,6.43,,,,,,,,,,
3060,Vb-461.FN125-MNDE-RMS,461.FN125,,2026-02,2026-02-14,9.93,,4.49,4,,,,,,,,,,
3061,Vb-461.FN125-FDE-RMS,461.FN125,,2026-03,2026-03-26,6,,4.33,4.78,,,,,,,,,,
3062,Vb-461.FN125-FNDE-RMS,461.FN125,,2026-03,2026-03-26,6.53,,4.65,5.2,,,,,,,,,,
3063,Vb-461.FN125-MDE-RMS,461.FN125,,2026-03,2026-03-26,,,6.22,6.07,,,,,,,,,,
3064,Vb-461.FN125-MNDE-RMS,461.FN125,,2026-03,2026-03-26,10.92,,4.92,3.77,,,,,,,,,,
3065,Vb-461.FN125-FDE-RMS,461.FN125,,2026-04,2026-04-30,7.02,,2.55,4.51,,,,,,,,,,
3066,Vb-461.FN125-FNDE-RMS,461.FN125,,2026-04,2026-04-30,6.08,,2.58,5.63,,,,,,,,,,
3067,Vb-461.FN125-MDE-RMS,461.FN125,,2026-04,2026-04-30,,,2.56,3.86,,,,,,,,,,
3068,Vb-461.FN125-MNDE-RMS,461.FN125,,2026-04,2026-04-30,13.09,,1.76,4.22,,,,,,,,,,
3069,Vb-461.FN400-FDE-RMS,461.FN400,,2024-12,2024-12-08,0.89,,1.56,1.33,,,,,,,,,,
3070,Vb-461.FN400-FNDE-RMS,461.FN400,,2024-12,2024-12-08,1.09,,1.25,0.74,,,,,,,,,,
3071,Vb-461.FN400-MDE-RMS,461.FN400,,2024-12,2024-12-08,0.29,,0.8,0.94,,,,,,,,,,
3072,Vb-461.FN400-MNDE-RMS,461.FN400,,2024-12,2024-12-08,0.29,,0.5,0.77,,,,,,,,,,
3073,Vb-461.FN400-FDE-RMS,461.FN400,,2025-02,2025-02-12,0.92,,1.48,0.86,,,,,,,,,,
3074,Vb-461.FN400-FNDE-RMS,461.FN400,,2025-02,2025-02-12,0.84,,1.21,0.67,,,,,,,,,,
3075,Vb-461.FN400-MDE-RMS,461.FN400,,2025-02,2025-02-12,0.4,,0.91,0.81,,,,,,,,,,
3076,Vb-461.FN400-MNDE-RMS,461.FN400,,2025-02,2025-02-12,0.4,,0.63,0.38,,,,,,,,,,
3077,Vb-461.FN400-FDE-RMS,461.FN400,,2025-05,2025-05-20,2.38,,1.56,0.87,,,,,,,,,,
3078,Vb-461.FN400-FNDE-RMS,461.FN400,,2025-05,2025-05-20,0.83,,1.17,0.76,,,,,,,,,,
3079,Vb-461.FN400-MDE-RMS,461.FN400,,2025-05,2025-05-20,0.46,,0.89,0.81,,,,,,,,,,
3080,Vb-461.FN400-MNDE-RMS,461.FN400,,2025-05,2025-05-20,0.64,,0.52,0.81,,,,,,,,,,
3081,Vb-461.FN400-FDE-RMS,461.FN400,,2025-07,2025-07-13,0.86,,1.49,0.92,,,,,,,,,,
3082,Vb-461.FN400-FNDE-RMS,461.FN400,,2025-07,2025-07-13,0.96,,1.29,0.8,,,,,,,,,,
3083,Vb-461.FN400-MDE-RMS,461.FN400,,2025-07,2025-07-13,0.29,,1.06,0.8,,,,,,,,,,
3084,Vb-461.FN400-MNDE-RMS,461.FN400,,2025-07,2025-07-13,1.04,,0.69,0.74,,,,,,,,,,
3085,Vb-461.FN400-FDE-RMS,461.FN400,,2025-08,2025-08-19,1.11,,1.4,0.92,,,,,,,,,,
3086,Vb-461.FN400-FNDE-RMS,461.FN400,,2025-08,2025-08-17,0.72,,1.05,0.68,,,,,,,,,,
3087,Vb-461.FN400-MDE-RMS,461.FN400,,2025-08,2025-08-19,0.41,,1.02,0.77,,,,,,,,,,
3088,Vb-461.FN400-MNDE-RMS,461.FN400,,2025-08,2025-08-17,0.73,,0.48,0.96,,,,,,,,,,
3089,Vb-461.FN400-FDE-RMS,461.FN400,,2025-09,2025-09-25,1.04,,1.39,0.89,,,,,,,,,,
3090,Vb-461.FN400-FNDE-RMS,461.FN400,,2025-09,2025-09-25,1.14,,1.13,0.71,,,,,,,,,,
3091,Vb-461.FN400-MDE-RMS,461.FN400,,2025-09,2025-09-25,0.61,,0.95,0.78,,,,,,,,,,
3092,Vb-461.FN400-MNDE-RMS,461.FN400,,2025-09,2025-09-25,0.55,,0.62,0.45,,,,,,,,,,
3093,Vb-461.FN400-FDE-RMS,461.FN400,,2026-02,2026-02-14,1.37,,1.34,0.81,,,,,,,,,,
3094,Vb-461.FN400-FNDE-RMS,461.FN400,,2026-02,2026-02-14,0.81,,1.13,0.69,,,,,,,,,,
3095,Vb-461.FN400-MDE-RMS,461.FN400,,2026-02,2026-02-14,0.85,,0.93,0.82,,,,,,,,,,
3096,Vb-461.FN400-MNDE-RMS,461.FN400,,2026-02,2026-02-14,0.88,,0.55,0.63,,,,,,,,,,
3097,Vb-461.FN400-FDE-RMS,461.FN400,,2026-03,2026-03-26,1.86,,1.56,0.93,,,,,,,,,,
3098,Vb-461.FN400-FNDE-RMS,461.FN400,,2026-03,2026-03-26,0.73,,1.09,0.62,,,,,,,,,,
3099,Vb-461.FN400-MDE-RMS,461.FN400,,2026-03,2026-03-26,0.91,,0.88,0.78,,,,,,,,,,
3100,Vb-461.FN400-MNDE-RMS,461.FN400,,2026-03,2026-03-26,0.9,,0.61,0.63,,,,,,,,,,
3101,Vb-461.FN400-FDE-RMS,461.FN400,,2026-04,2026-04-30,1.76,,1.44,0.85,,,,,,,,,,
3102,Vb-461.FN400-FNDE-RMS,461.FN400,,2026-04,2026-04-30,1.31,,1.37,0.73,,,,,,,,,,
3103,Vb-461.FN400-MDE-RMS,461.FN400,,2026-04,2026-04-30,0.7,,0.8,0.64,,,,,,,,,,
3104,Vb-461.FN400-MNDE-RMS,461.FN400,,2026-04,2026-04-30,0.65,,0.52,0.37,,,,,,,,,,
3105,Vb-461.FN450-FDE-RMS,461.FN450,,2024-12,2024-12-08,0.3,,0.34,0.2,,,,,,,,,,
3106,Vb-461.FN450-FNDE-RMS,461.FN450,,2024-12,2024-12-08,0.42,,0.21,0.35,,,,,,,,,,
3107,Vb-461.FN450-MDE-RMS,461.FN450,,2024-12,2024-12-08,0.49,,0.27,0.17,,,,,,,,,,
3108,Vb-461.FN450-MNDE-RMS,461.FN450,,2024-12,2024-12-08,0.15,,0.26,0.21,,,,,,,,,,
3109,Vb-461.FN450-FDE-RMS,461.FN450,,2025-02,2025-02-12,0.16,,0.22,0.1,,,,,,,,,,
3110,Vb-461.FN450-FNDE-RMS,461.FN450,,2025-02,2025-02-12,0.49,,0.2,0.5,,,,,,,,,,
3111,Vb-461.FN450-MDE-RMS,461.FN450,,2025-02,2025-02-12,0.14,,0.22,0.15,,,,,,,,,,
3112,Vb-461.FN450-MNDE-RMS,461.FN450,,2025-02,2025-02-12,0.13,,0.2,0.08,,,,,,,,,,
3113,Vb-461.FN450-FDE-RMS,461.FN450,,2025-05,2025-05-20,0.11,,0.11,0.11,,,,,,,,,,
3114,Vb-461.FN450-FNDE-RMS,461.FN450,,2025-05,2025-05-20,0.16,,0.15,0.1,,,,,,,,,,
3115,Vb-461.FN450-MDE-RMS,461.FN450,,2025-05,2025-05-20,0.11,,0.14,0.12,,,,,,,,,,
3116,Vb-461.FN450-MNDE-RMS,461.FN450,,2025-05,2025-05-20,0.11,,0.17,0.14,,,,,,,,,,
3117,Vb-461.FN450-FDE-RMS,461.FN450,,2025-07,2025-07-13,1.44,,0.15,0.2,,,,,,,,,,
3118,Vb-461.FN450-FNDE-RMS,461.FN450,,2025-07,2025-07-13,0.41,,0.25,0.15,,,,,,,,,,
3119,Vb-461.FN450-MDE-RMS,461.FN450,,2025-07,2025-07-13,0.22,,0.21,0.1,,,,,,,,,,
3120,Vb-461.FN450-MNDE-RMS,461.FN450,,2025-07,2025-07-13,0.13,,0.2,0.76,,,,,,,,,,
3121,Vb-461.FN450-FDE-RMS,461.FN450,,2025-08,2025-08-19,0.13,,0.27,0.18,,,,,,,,,,
3122,Vb-461.FN450-FNDE-RMS,461.FN450,,2025-08,2025-08-19,0.35,,0.19,0.47,,,,,,,,,,
3123,Vb-461.FN450-MDE-RMS,461.FN450,,2025-08,2025-08-19,0.37,,0.27,0.24,,,,,,,,,,
3124,Vb-461.FN450-MNDE-RMS,461.FN450,,2025-08,2025-08-19,0.11,,0.26,0.15,,,,,,,,,,
3125,Vb-461.FN450-FDE-RMS,461.FN450,,2025-09,2025-09-25,0.34,,0.13,0.13,,,,,,,,,,
3126,Vb-461.FN450-FNDE-RMS,461.FN450,,2025-09,2025-09-25,0.83,,0.12,0.5,,,,,,,,,,
3127,Vb-461.FN450-MDE-RMS,461.FN450,,2025-09,2025-09-25,0.06,,0.13,0.55,,,,,,,,,,
3128,Vb-461.FN450-MNDE-RMS,461.FN450,,2025-09,2025-09-25,0.08,,0.13,0.05,,,,,,,,,,
3129,Vb-461.FN450-FDE-RMS,461.FN450,,2026-02,2026-02-14,0.36,,0.21,0.34,,,,,,,,,,
3130,Vb-461.FN450-FNDE-RMS,461.FN450,,2026-02,2026-02-14,0.47,,0.2,0.15,,,,,,,,,,
3131,Vb-461.FN450-MDE-RMS,461.FN450,,2026-02,2026-02-14,0.47,,0.25,0.16,,,,,,,,,,
3132,Vb-461.FN450-MNDE-RMS,461.FN450,,2026-02,2026-02-14,0.49,,0.33,0.08,,,,,,,,,,
3133,Vb-461.FN450-FDE-RMS,461.FN450,,2026-03,2026-03-26,0.21,,0.35,0.22,,,,,,,,,,
3134,Vb-461.FN450-FNDE-RMS,461.FN450,,2026-03,2026-03-26,0.52,,0.43,0.42,,,,,,,,,,
3135,Vb-461.FN450-MDE-RMS,461.FN450,,2026-03,2026-03-26,0.23,,0.33,0.21,2026-03-26,0.23,,,0.21,,,,,
3136,Vb-461.FN450-MNDE-RMS,461.FN450,,2026-03,2026-03-26,0.12,,0.27,0.14,,,,,,,,,,
3137,Vb-461.FN450-MDE-RMS,461.FN450,,2026-04,2026-04-30,,,0.14,,,,,,,,,,,
3138,Vb-461.FN450-MNDE-RMS,461.FN450,,2026-04,2026-04-30,0.09,,0.11,0.07,,,,,,,,,,
3139,Vb-461.MD140-MDE-RMS,461.MD140,,2024-12,2024-12-08,0.42,,0.84,0.6,,,,,,,,,,
3140,Vb-461.MD140-MNDE-RMS,461.MD140,,2024-12,2024-12-08,0.38,,0.4,0.44,,,,,,,,,,
3141,Vb-461.MD140-PHSS-RMS,461.MD140,,2024-12,2024-12-08,1.26,,1.44,0.86,,,,,,,,,,
3142,Vb-461.MD140-RGT-RMS,461.MD140,,2024-12,2024-12-08,1.55,,1.51,1.31,,,,,,,,,,
3143,Vb-461.MD140-MDE-RMS,461.MD140,,2025-02,2025-02-12,0.45,,0.58,0.42,,,,,,,,,,
3144,Vb-461.MD140-MNDE-RMS,461.MD140,,2025-02,2025-02-12,0.28,,0.41,0.32,,,,,,,,,,
3145,Vb-461.MD140-PHSS-RMS,461.MD140,,2025-02,2025-02-12,0.98,,0.59,0.49,,,,,,,,,,
3146,Vb-461.MD140-RGT-RMS,461.MD140,,2025-02,2025-02-12,1.11,,1.08,0.71,,,,,,,,,,
3147,Vb-461.MD140-MDE-RMS,461.MD140,,2025-05,2025-05-20,0.26,,0.53,0.45,,,,,,,,,,
3148,Vb-461.MD140-MNDE-RMS,461.MD140,,2025-05,2025-05-20,0.22,,0.3,0.3,,,,,,,,,,
3149,Vb-461.MD140-PHSS-RMS,461.MD140,,2025-05,2025-05-20,0.92,,0.62,0.56,,,,,,,,,,
3150,Vb-461.MD140-RGT-RMS,461.MD140,,2025-05,2025-05-20,1.12,,1.2,0.75,,,,,,,,,,
3151,Vb-461.MD140-MDE-RMS,461.MD140,,2025-07,2025-07-13,0.26,,0.53,0.49,,,,,,,,,,
3152,Vb-461.MD140-MNDE-RMS,461.MD140,,2025-07,2025-07-13,0.28,,0.35,0.35,,,,,,,,,,
3153,Vb-461.MD140-PHSS-RMS,461.MD140,,2025-07,2025-07-13,0.99,,0.75,0.78,,,,,,,,,,
3154,Vb-461.MD140-RGT-RMS,461.MD140,,2025-07,2025-07-13,1.62,,1.21,0.89,,,,,,,,,,
3155,Vb-461.MD140-MDE-RMS,461.MD140,,2025-08,2025-08-19,0.55,,0.64,0.54,,,,,,,,,,
3156,Vb-461.MD140-MNDE-RMS,461.MD140,,2025-08,2025-08-19,0.64,,0.42,0.34,,,,,,,,,,
3157,Vb-461.MD140-PHSS-RMS,461.MD140,,2025-08,2025-08-19,1,,0.91,0.76,,,,,,,,,,
3158,Vb-461.MD140-RGT-RMS,461.MD140,,2025-08,2025-08-19,1.64,,1.49,1,,,,,,,,,,
3159,Vb-461.MD140-MDE-RMS,461.MD140,,2025-09,2025-09-25,0.46,,0.57,0.51,,,,,,,,,,
3160,Vb-461.MD140-MNDE-RMS,461.MD140,,2025-09,2025-09-25,0.68,,0.37,0.73,,,,,,,,,,
3161,Vb-461.MD140-PHSS-RMS,461.MD140,,2025-09,2025-09-25,1.08,,0.73,1.39,,,,,,,,,,
3162,Vb-461.MD140-RGT-RMS,461.MD140,,2025-09,2025-09-25,2.03,,1.14,0.79,,,,,,,,,,
3163,Vb-461.MD140-MDE-RMS,461.MD140,,2026-02,2026-02-14,0.52,,0.53,0.59,,,,,,,,,,
3164,Vb-461.MD140-MNDE-RMS,461.MD140,,2026-02,2026-02-14,0.52,,0.31,0.34,,,,,,,,,,
3165,Vb-461.MD140-PHSS-RMS,461.MD140,,2026-02,2026-02-15,0.31,,0.26,0.29,,,,,,,,,,
3166,Vb-461.MD140-RGT-RMS,461.MD140,,2026-02,2026-02-15,0.74,,1.13,0.76,,,,,,,,,,
3167,Vb-461.MD140-MDE-RMS,461.MD140,,2026-03,2026-03-26,0.54,,0.53,0.46,,,,,,,,,,
3168,Vb-461.MD140-MNDE-RMS,461.MD140,,2026-03,2026-03-26,0.6,,0.35,0.3,,,,,,,,,,
3169,Vb-461.MD140-PHSS-RMS,461.MD140,,2026-03,2026-03-26,1.08,,0.77,0.74,,,,,,,,,,
3170,Vb-461.MD140-RGT-RMS,461.MD140,,2026-03,2026-03-26,1.44,,1.23,0.96,,,,,,,,,,
3171,Vb-461.MD140-MDE-RMS,461.MD140,,2026-04,2026-04-30,0.23,,0.46,0.31,,,,,,,,,,
3172,Vb-461.MD140-MNDE-RMS,461.MD140,,2026-04,2026-04-30,0.24,,0.36,0.28,,,,,,,,,,
3173,Vb-461.MD140-PHSS-RMS,461.MD140,,2026-04,2026-04-30,0.17,,0.23,0.12,,,,,,,,,,
3174,Vb-461.MD140-RGT-RMS,461.MD140,,2026-04,2026-04-30,0.19,,0.17,0.13,,,,,,,,,,
3175,Vb-461.MD152-MDE-RMS,461.MD152,,2025-08,2025-08-25,0.3,,0.57,0.78,,,,,,,,,,
3176,Vb-461.MD152-MNDE-RMS,461.MD152,,2025-08,2025-08-25,0.43,,0.65,0.8,,,,,,,,,,
3177,Vb-461.MD152-S1DE-RMS,461.MD152,,2025-08,2025-08-25,0.29,,0.75,0.26,,,,,,,,,,
3178,Vb-461.MD152-S1NDE-RMS,461.MD152,,2025-08,2025-08-25,0.25,,0.7,0.33,,,,,,,,,,
3179,Vb-461.MD152-S2DE-RMS,461.MD152,,2025-08,2025-08-25,0.31,,0.63,0.29,,,,,,,,,,
3180,Vb-461.MD152-S2NDE-RMS,461.MD152,,2025-08,2025-08-25,0.29,,0.64,0.28,,,,,,,,,,
3181,Vb-461.MD152-MDE-RMS,461.MD152,,2026-03,2026-03-26,0.35,,1.17,0.85,,,,,,,,,,
3182,Vb-461.MD152-MNDE-RMS,461.MD152,,2026-03,2026-03-26,0.42,,1.04,1.52,,,,,,,,,,
3183,Vb-461.MD152-S1DE-RMS,461.MD152,,2026-03,2026-03-26,0.36,,0.89,0.56,,,,,,,,,,
3184,Vb-461.MD152-S1NDE-RMS,461.MD152,,2026-03,2026-03-26,0.39,,0.77,0.5,,,,,,,,,,
3185,Vb-461.MD152-S2DE-RMS,461.MD152,,2026-03,2026-03-26,0.59,,0.72,1.03,,,,,,,,,,
3186,Vb-461.MD152-S2NDE-RMS,461.MD152,,2026-03,2026-03-26,,,0.65,0.68,,,,,,,,,,
3187,Vb-461.MD152-MDE-RMS,461.MD152,,2026-04,2026-04-15,1.28,,5.33,5.33,,,,,,,,,,
3188,Vb-461.MD152-MNDE-RMS,461.MD152,,2026-04,2026-04-15,4.15,,4.93,5.6,,,,,,,,,,
3189,Vb-461.MD152-S1DE-RMS,461.MD152,,2026-04,2026-04-15,3.23,,3.62,1.72,,,,,,,,,,
3190,Vb-461.MD152-S1NDE-RMS,461.MD152,,2026-04,2026-04-15,3.51,,3.4,1.6,,,,,,,,,,
3191,Vb-461.MD152-S2DE-RMS,461.MD152,,2026-04,2026-04-15,4.07,,3.61,2,,,,,,,,,,
3192,Vb-461.MD152-S2NDE-RMS,461.MD152,,2026-04,2026-04-15,,,2.59,,,,,,,,,,,
3193,Vb-461.PP513-MDE-RMS,461.PP513,,2024-12,2024-12-08,0.3,,0.77,0.47,,,,,,,,,,
3194,Vb-461.PP513-MNDE-RMS,461.PP513,,2024-12,2024-12-08,0.15,,0.88,0.31,,,,,,,,,,
3195,Vb-461.PP513-PDE-RMS,461.PP513,,2024-12,2024-12-08,1.16,,2.19,1.76,,,,,,,,,,
3196,Vb-461.PP513-PNDE-RMS,461.PP513,,2024-12,2024-12-08,0.77,,2.14,0.64,,,,,,,,,,
3197,Vb-461.PP513-MDE-RMS,461.PP513,,2025-02,2025-02-12,0.14,,0.62,0.41,,,,,,,,,,
3198,Vb-461.PP513-MNDE-RMS,461.PP513,,2025-02,2025-02-12,0.3,,0.48,0.15,,,,,,,,,,
3199,Vb-461.PP513-PDE-RMS,461.PP513,,2025-02,2025-02-12,1.43,,2.16,1.36,,,,,,,,,,
3200,Vb-461.PP513-PNDE-RMS,461.PP513,,2025-02,2025-02-12,0.41,,1.33,0.91,,,,,,,,,,
3201,Vb-461.PP513-MDE-RMS,461.PP513,,2025-05,2025-05-20,0.24,,0.47,0.34,,,,,,,,,,
3202,Vb-461.PP513-MNDE-RMS,461.PP513,,2025-05,2025-05-20,0.33,,0.35,0.16,,,,,,,,,,
3203,Vb-461.PP513-PDE-RMS,461.PP513,,2025-05,2025-05-20,0.74,,1.4,1.18,,,,,,,,,,
3204,Vb-461.PP513-PNDE-RMS,461.PP513,,2025-05,2025-05-20,0.78,,1.03,0.73,,,,,,,,,,
3205,Vb-461.PP513-MDE-RMS,461.PP513,,2025-07,2025-07-13,0.15,,0.56,0.45,,,,,,,,,,
3206,Vb-461.PP513-MNDE-RMS,461.PP513,,2025-07,2025-07-13,0.19,,0.49,0.17,,,,,,,,,,
3207,Vb-461.PP513-PDE-RMS,461.PP513,,2025-07,2025-07-13,0.79,,2.04,1.12,,,,,,,,,,
3208,Vb-461.PP513-PNDE-RMS,461.PP513,,2025-07,2025-07-13,0.75,,1.47,0.79,,,,,,,,,,
3209,Vb-461.PP515-MDE-RMS,461.PP515,,2025-08,2025-08-06,0.11,,0.3,0.27,,,,,,,,,,
3210,Vb-461.PP515-MNDE-RMS,461.PP515,,2025-08,2025-08-06,0.11,,0.17,0.23,,,,,,,,,,
3211,Vb-461.PP515-PDE-RMS,461.PP515,,2025-08,2025-08-06,1.03,,1.14,1.91,,,,,,,,,,
3212,Vb-461.PP515-PNDE-RMS,461.PP515,,2025-08,2025-08-06,1,,1.06,0.94,,,,,,,,,,
3213,Vb-461.PP515-MDE-RMS,461.PP515,,2025-09,2025-09-25,0.09,,0.31,0.35,,,,,,,,,,
3214,Vb-461.PP515-MNDE-RMS,461.PP515,,2025-09,2025-09-25,0.08,,0.14,0.11,,,,,,,,,,
3215,Vb-461.PP515-PDE-RMS,461.PP515,,2025-09,2025-09-25,0.43,,1.22,0.7,,,,,,,,,,
3216,Vb-461.PP515-PNDE-RMS,461.PP515,,2025-09,2025-09-25,0.74,,0.8,0.72,,,,,,,,,,
3217,Vb-461.PP515-MDE-RMS,461.PP515,,2026-02,2026-02-14,0.12,,0.27,0.22,,,,,,,,,,
3218,Vb-461.PP515-MNDE-RMS,461.PP515,,2026-02,2026-02-14,0.17,,0.18,0.97,,,,,,,,,,
3219,Vb-461.PP515-PDE-RMS,461.PP515,,2026-02,2026-02-14,0.37,,1,0.88,,,,,,,,,,
3220,Vb-461.PP515-PNDE-RMS,461.PP515,,2026-02,2026-02-14,0.49,,0.77,0.44,,,,,,,,,,
3221,Vb-461.PP515-MDE-RMS,461.PP515,,2026-03,2026-03-26,0.21,,0.42,0.26,,,,,,,,,,
3222,Vb-461.PP515-MNDE-RMS,461.PP515,,2026-03,2026-03-26,0.1,,0.13,0.22,,,,,,,,,,
3223,Vb-461.PP515-PDE-RMS,461.PP515,,2026-03,2026-03-26,0.33,,0.99,0.63,,,,,,,,,,
3224,Vb-461.PP515-PNDE-RMS,461.PP515,,2026-03,2026-03-26,0.53,,0.67,0.61,,,,,,,,,,
3225,Vb-461.PP515-MDE-RMS,461.PP515,,2026-04,2026-04-30,0.1,,0.37,0.27,,,,,,,,,,
3226,Vb-461.PP515-MNDE-RMS,461.PP515,,2026-04,2026-04-30,0.11,,0.18,0.21,,,,,,,,,,
3227,Vb-461.PP515-PDE-RMS,461.PP515,,2026-04,2026-04-30,0.52,,1.44,0.84,,,,,,,,,,
3228,Vb-461.PP515-PNDE-RMS,461.PP515,,2026-04,2026-04-30,0.42,,0.66,0.63,,,,,,,,,,
3229,,462.CP.535,Compressor DE,2025-04,2025-04-16,1.4,,2.89,2.57,,,,,,,,,,
3230,,462.CP.535,Compressor NDE,2025-04,2025-04-16,1.62,,5.76,5.4,,,,,,,,,,
3231,,462.CP.535,Motor DE,2025-04,2025-04-16,6.07,,1.58,1.59,,,,,,,,,,
3232,,462.CP.535,Motor NDE,2025-04,2025-04-16,3.71,,1.58,1.81,,,,,,,,,,
3233,,462.CP.535,Compressor DE,2026-02,2026-02-09,1.94,,1.33,1.34,,,,,,,,,,
3234,,462.CP.535,Compressor NDE,2026-02,2026-02-09,1.29,,5.33,4.51,,,,,,,,,,
3235,,462.CP.535,Motor NDE,2026-02,2026-02-09,1.85,,1.02,2.07,,,,,,,,,,
3236,,462.CP.535,Compressor DE,2026-04,2026-04-15,1.56,,1.32,0.81,,,,,,,,,,
3237,,462.CP.535,Compressor NDE,2026-04,2026-04-15,1.06,,5.39,4.75,,,,,,,,,,
3238,,462.CP.535,Motor DE,2026-04,2026-04-15,3.06,,1.09,1.4,,,,,,,,,,
3239,,462.CP.535,Motor NDE,2026-04,2026-04-15,2.13,,1.09,2.39,,,,,,,,,,
3240,Vb-462.CP525-CDE-RMS,462.CP525,,2024-12,2024-12-25,2.22,,1.32,1.54,,,,,,,,,,
3241,Vb-462.CP525-CNDE-RMS,462.CP525,,2024-12,2024-12-25,1.2,,4.07,3.63,,,,,,,,,,
3242,Vb-462.CP525-MDE-RMS,462.CP525,,2024-12,2024-12-25,2.43,,2.91,1.71,,,,,,,,,,
3243,Vb-462.CP525-MNDE-RMS,462.CP525,,2024-12,2024-12-25,1.62,,1.24,1.68,,,,,,,,,,
3244,Vb-462.CP525-CDE-RMS,462.CP525,,2025-01,2025-01-16,2.11,,1.62,2.08,2025-01-16,2.11,,,,,,,,
3245,Vb-462.CP525-CNDE-RMS,462.CP525,,2025-01,2025-01-16,3.59,,5.61,5.65,,,,,,,,,,
3246,Vb-462.CP525-MDE-RMS,462.CP525,,2025-01,2025-01-16,5.09,,2.34,6.02,,,,,,,,,,
3247,Vb-462.CP525-MNDE-RMS,462.CP525,,2025-01,2025-01-16,2.37,,1.76,2.13,,,,,,,,,,
3248,Vb-462.CP525-CDE-RMS,462.CP525,,2025-02,2025-02-12,,,1.33,1.32,,,,,,,,,,
3249,Vb-462.CP525-CNDE-RMS,462.CP525,,2025-02,2025-02-12,1.04,,4.77,2.8,,,,,,,,,,
3250,Vb-462.CP525-MDE-RMS,462.CP525,,2025-02,2025-02-12,2.14,,2.05,1.36,,,,,,,,,,
3251,Vb-462.CP525-MNDE-RMS,462.CP525,,2025-02,2025-02-12,1.76,,1.02,3.45,,,,,,,,,,
3252,Vb-462.CP525-CDE-RMS,462.CP525,,2025-05,2025-05-24,1.11,,2,1.6,,,,,,,,,,
3253,Vb-462.CP525-CNDE-RMS,462.CP525,,2025-05,2025-05-24,1.11,,4.24,2.65,,,,,,,,,,
3254,Vb-462.CP525-MDE-RMS,462.CP525,,2025-05,2025-05-24,2.95,,2.63,1.75,,,,,,,,,,
3255,Vb-462.CP525-MNDE-RMS,462.CP525,,2025-05,2025-05-24,1.66,,1.15,2.38,,,,,,,,,,
3256,Vb-462.CP525-CDE-RMS,462.CP525,,2025-07,2025-07-29,1.01,,1.86,2.39,,,,,,,,,,
3257,Vb-462.CP525-CNDE-RMS,462.CP525,,2025-07,2025-07-29,1.04,,4.04,3.76,,,,,,,,,,
3258,Vb-462.CP525-MDE-RMS,462.CP525,,2025-07,2025-07-29,3.43,,2.32,1.38,,,,,,,,,,
3259,Vb-462.CP525-MNDE-RMS,462.CP525,,2025-07,2025-07-29,2.14,,0.98,3.5,,,,,,,,,,
3260,Vb-462.CP525-CDE-RMS,462.CP525,,2025-09,2025-09-25,1.1,,1.25,4.07,,,,,,,,,,
3261,Vb-462.CP525-CNDE-RMS,462.CP525,,2025-09,2025-09-25,1.06,,5.46,4.12,,,,,,,,,,
3262,Vb-462.CP525-MDE-RMS,462.CP525,,2025-09,2025-09-25,2.57,,2.49,2.83,,,,,,,,,,
3263,Vb-462.CP525-MNDE-RMS,462.CP525,,2025-09,2025-09-25,4.02,,1.02,3.32,,,,,,,,,,
3264,Vb-462.CP525-CDE-RMS,462.CP525,,2026-02,2026-02-09,2.93,,2.25,1.49,,,,,,,,,,
3265,Vb-462.CP525-CNDE-RMS,462.CP525,,2026-02,2026-02-09,1.59,,4.86,4.62,,,,,,,,,,
3266,Vb-462.CP525-MDE-RMS,462.CP525,,2026-02,2026-02-09,4.53,,2.09,2.42,,,,,,,,,,
3267,Vb-462.CP525-MNDE-RMS,462.CP525,,2026-02,2026-02-09,1.65,,1.1,3.37,,,,,,,,,,
3268,Vb-462.CP525-CDE-RMS,462.CP525,,2026-04,2026-04-15,1.51,,1.34,1.19,,,,,,,,,,
3269,Vb-462.CP525-CNDE-RMS,462.CP525,,2026-04,2026-04-15,1.22,,3.97,4.6,,,,,,,,,,
3270,Vb-462.CP525-MDE-RMS,462.CP525,,2026-04,2026-04-15,1.97,,1.06,2.3,,,,,,,,,,
3271,Vb-462.CP525-MNDE-RMS,462.CP525,,2026-04,2026-04-15,1.31,,1.11,2.94,,,,,,,,,,
3272,Vb-462.CP530-CDE-RMS,462.CP530,,2024-12,2024-12-25,1.4,,0.96,0.86,,,,,,,,,,
3273,Vb-462.CP530-CNDE-RMS,462.CP530,,2024-12,2024-12-25,1.4,,4.46,3.89,,,,,,,,,,
3274,Vb-462.CP530-MDE-RMS,462.CP530,,2024-12,2024-12-25,1.88,,0.77,1.26,,,,,,,,,,
3275,Vb-462.CP530-MNDE-RMS,462.CP530,,2024-12,2024-12-25,1.6,,1.05,1.21,,,,,,,,,,
3276,Vb-462.CP530-CDE-RMS,462.CP530,,2025-01,2025-01-16,1.62,,3.32,1.39,2025-01-16,1.62,,,,,,,,
3277,Vb-462.CP530-CNDE-RMS,462.CP530,,2025-01,2025-01-16,2.12,,4.5,4.11,,,,,,,,,,
3278,Vb-462.CP530-MDE-RMS,462.CP530,,2025-01,2025-01-16,2.85,,2.26,0.97,,,,,,,,,,
3279,Vb-462.CP530-MNDE-RMS,462.CP530,,2025-01,2025-01-16,3.51,,2.06,1.66,,,,,,,,,,
3280,Vb-462.CP530-CDE-RMS,462.CP530,,2025-02,2025-02-12,,,1.19,1.18,,,,,,,,,,
3281,Vb-462.CP530-CNDE-RMS,462.CP530,,2025-02,2025-02-12,1.5,,3.94,3.94,,,,,,,,,,
3282,Vb-462.CP530-MDE-RMS,462.CP530,,2025-02,2025-02-12,2.42,,2.38,2.15,,,,,,,,,,
3283,Vb-462.CP530-MNDE-RMS,462.CP530,,2025-02,2025-02-12,1.62,,1.36,1.52,,,,,,,,,,
3284,Vb-462.CP530-CDE-RMS,462.CP530,,2025-05,2025-05-24,1.57,,0.98,0.97,,,,,,,,,,
3285,Vb-462.CP530-CNDE-RMS,462.CP530,,2025-05,2025-05-24,1.64,,4.57,2.42,,,,,,,,,,
3286,Vb-462.CP530-MDE-RMS,462.CP530,,2025-05,2025-05-24,3.54,,2.31,2.44,,,,,,,,,,
3287,Vb-462.CP530-MNDE-RMS,462.CP530,,2025-05,2025-05-24,3.48,,1.67,2.52,,,,,,,,,,
3288,Vb-462.CP530-CDE-RMS,462.CP530,,2025-07,2025-07-29,1.77,,1.4,1.41,,,,,,,,,,
3289,Vb-462.CP530-CNDE-RMS,462.CP530,,2025-07,2025-07-29,2.07,,4.1,3.7,,,,,,,,,,
3290,Vb-462.CP530-MDE-RMS,462.CP530,,2025-07,2025-07-29,2.99,,1.55,5.42,,,,,,,,,,
3291,Vb-462.CP530-MNDE-RMS,462.CP530,,2025-07,2025-07-29,1.12,,1.47,2,,,,,,,,,,
3292,Vb-462.CP530-CDE-RMS,462.CP530,,2025-09,2025-09-25,1.54,,1.1,9.59,,,,,,,,,,
3293,Vb-462.CP530-CNDE-RMS,462.CP530,,2025-09,2025-09-25,1.46,,4.06,3.42,,,,,,,,,,
3294,Vb-462.CP530-MDE-RMS,462.CP530,,2025-09,2025-09-25,6.35,,1.63,2.45,,,,,,,,,,
3295,Vb-462.CP530-MNDE-RMS,462.CP530,,2025-09,2025-09-25,2.86,,1.72,5.72,,,,,,,,,,
3296,Vb-462.CP530-CDE-RMS,462.CP530,,2026-01,2026-01-21,1.82,,0.95,0.76,,,,,,,,,,
3297,Vb-462.CP530-CNDE-RMS,462.CP530,,2026-01,2026-01-21,1.57,,4.51,4.2,,,,,,,,,,
3298,Vb-462.CP530-MDE-RMS,462.CP530,,2026-01,2026-01-21,3.26,,1.85,1.84,,,,,,,,,,
3299,Vb-462.CP530-MNDE-RMS,462.CP530,,2026-01,2026-01-21,1.6,,1.21,2.08,,,,,,,,,,
3300,Vb-462.FN125-FDE-RMS,462.FN125,,2024-12,2024-12-25,5.82,,3.85,4.89,,,,,,,,,,
3301,Vb-462.FN125-FNDE-RMS,462.FN125,,2024-12,2024-12-25,5.21,,4.21,2.64,,,,,,,,,,
3302,Vb-462.FN125-MDE-RMS,462.FN125,,2024-12,2024-12-25,,,6.44,7.59,,,,,,,,,,
3303,Vb-462.FN125-MNDE-RMS,462.FN125,,2024-12,2024-12-25,14.47,,3.9,6.65,,,,,,,,,,
3304,Vb-462.FN125-FDE-RMS,462.FN125,,2025-01,2025-01-16,3.56,,3.63,4.17,,,,,,,,,,
3305,Vb-462.FN125-FNDE-RMS,462.FN125,,2025-01,2025-01-16,3.02,,3.31,2.92,,,,,,,,,,
3306,Vb-462.FN125-MDE-RMS,462.FN125,,2025-01,2025-01-16,,,6.56,8.65,,,,,,,,,,
3307,Vb-462.FN125-MNDE-RMS,462.FN125,,2025-01,2025-01-16,9.37,,5.28,4.15,,,,,,,,,,
3308,Vb-462.FN125-FDE-RMS,462.FN125,,2025-02,2025-02-27,12.03,,5.61,19.19,,,,,,,,,,
3309,Vb-462.FN125-FNDE-RMS,462.FN125,,2025-02,2025-02-27,9.53,,7.97,7.62,,,,,,,,,,
3310,Vb-462.FN125-MDE-RMS,462.FN125,,2025-02,2025-02-27,,,10.63,20.13,,,,,,,,,,
3311,Vb-462.FN125-MNDE-RMS,462.FN125,,2025-02,2025-02-27,9.02,,4.78,20.41,,,,,,,,,,
3312,Vb-462.FN125-FDE-RMS,462.FN125,,2025-05,2025-05-24,3.97,,4.4,3.92,,,,,,,,,,
3313,Vb-462.FN125-FNDE-RMS,462.FN125,,2025-05,2025-05-24,3.71,,3.06,2.77,,,,,,,,,,
3314,Vb-462.FN125-MDE-RMS,462.FN125,,2025-05,2025-05-24,,,4.86,4.27,,,,,,,,,,
3315,Vb-462.FN125-MNDE-RMS,462.FN125,,2025-05,2025-05-24,12.14,,2.79,4.89,,,,,,,,,,
3316,Vb-462.FN125-FDE-RMS,462.FN125,,2025-07,2025-07-29,3.5,,3.31,3.05,,,,,,,,,,
3317,Vb-462.FN125-FNDE-RMS,462.FN125,,2025-07,2025-07-29,3.75,,2.82,2.57,,,,,,,,,,
3318,Vb-462.FN125-MDE-RMS,462.FN125,,2025-07,2025-07-29,,,4.47,3.17,,,,,,,,,,
3319,Vb-462.FN125-MNDE-RMS,462.FN125,,2025-07,2025-07-29,11.73,,5.06,4.91,,,,,,,,,,
3320,Vb-462.FN125-FDE-RMS,462.FN125,,2025-09,2025-09-25,4.12,,3.66,6.55,,,,,,,,,,
3321,Vb-462.FN125-FNDE-RMS,462.FN125,,2025-09,2025-09-25,3.15,,6.73,4.03,,,,,,,,,,
3322,Vb-462.FN125-MDE-RMS,462.FN125,,2025-09,2025-09-25,,,5.77,4.89,,,,,,,,,,
3323,Vb-462.FN125-MNDE-RMS,462.FN125,,2025-09,2025-09-25,19.66,,5.18,5.45,,,,,,,,,,
3324,Vb-462.FN125-FDE-RMS,462.FN125,,2026-02,2026-02-09,4.2,,4.35,4.8,,,,,,,,,,
3325,Vb-462.FN125-FNDE-RMS,462.FN125,,2026-02,2026-02-09,3.83,,4.92,2.52,,,,,,,,,,
3326,Vb-462.FN125-MDE-RMS,462.FN125,,2026-02,2026-02-09,,,4.49,4.74,2026-02-09,,,2.51,2.51,,,,,
3327,Vb-462.FN125-MNDE-RMS,462.FN125,,2026-02,2026-02-09,10.94,,4.36,4.61,2026-02-09,10.94,,,,,,,,
3328,Vb-462.FN125-FDE-RMS,462.FN125,,2026-04,2026-04-15,2.45,,3.06,3.6,,,,,,,,,,
3329,Vb-462.FN125-FNDE-RMS,462.FN125,,2026-04,2026-04-15,2.93,,3.08,2.02,,,,,,,,,,
3330,Vb-462.FN125-MDE-RMS,462.FN125,,2026-04,2026-04-15,,,2.51,2.51,,,,,,,,,,
3331,Vb-462.FN125-MNDE-RMS,462.FN125,,2026-04,2026-04-15,,,2.76,3.23,,,,,,,,,,
3332,Vb-462.FN400-FDE-RMS,462.FN400,,2024-12,2024-12-25,0.67,,1.33,0.83,,,,,,,,,,
3333,Vb-462.FN400-FNDE-RMS,462.FN400,,2024-12,2024-12-25,1.03,,1.21,0.75,,,,,,,,,,
3334,Vb-462.FN400-MDE-RMS,462.FN400,,2024-12,2024-12-25,0.54,,0.9,0.62,,,,,,,,,,
3335,Vb-462.FN400-MNDE-RMS,462.FN400,,2024-12,2024-12-25,0.36,,0.58,0.22,,,,,,,,,,
3336,Vb-462.FN400-FDE-RMS,462.FN400,,2025-01,2025-01-16,1.14,,2.82,1.89,,,,,,,,,,
3337,Vb-462.FN400-FNDE-RMS,462.FN400,,2025-01,2025-01-16,1.37,,2.81,1.21,,,,,,,,,,
3338,Vb-462.FN400-MDE-RMS,462.FN400,,2025-01,2025-01-16,0.27,,1.14,0.8,,,,,,,,,,
3339,Vb-462.FN400-MNDE-RMS,462.FN400,,2025-01,2025-01-16,0.24,,1.55,0.31,,,,,,,,,,
3340,Vb-462.FN400-FDE-RMS,462.FN400,,2025-02,2025-02-12,0.81,,1.11,1,,,,,,,,,,
3341,Vb-462.FN400-FNDE-RMS,462.FN400,,2025-02,2025-02-12,0.72,,1.01,0.65,,,,,,,,,,
3342,Vb-462.FN400-MDE-RMS,462.FN400,,2025-02,2025-02-12,0.24,,0.54,0.4,,,,,,,,,,
3343,Vb-462.FN400-MNDE-RMS,462.FN400,,2025-02,2025-02-12,0.2,,0.59,0.24,,,,,,,,,,
3344,Vb-462.FN400-FDE-RMS,462.FN400,,2025-05,2025-05-27,2.26,,1.69,0.92,,,,,,,,,,
3345,Vb-462.FN400-FNDE-RMS,462.FN400,,2025-05,2025-05-28,2.12,,3.85,1.42,,,,,,,,,,
3346,Vb-462.FN400-MDE-RMS,462.FN400,,2025-05,2025-05-27,0.3,,0.72,0.4,,,,,,,,,,
3347,Vb-462.FN400-MNDE-RMS,462.FN400,,2025-05,2025-05-27,0.26,,0.71,0.29,,,,,,,,,,
3348,Vb-462.FN400-FDE-RMS,462.FN400,,2025-07,2025-07-29,0.73,,1.33,0.81,,,,,,,,,,
3349,Vb-462.FN400-FNDE-RMS,462.FN400,,2025-07,2025-07-28,1.08,,,0.51,2025-07-29,,,1.03,,,,,,
3350,Vb-462.FN400-MDE-RMS,462.FN400,,2025-07,2025-07-29,0.22,,0.47,0.31,,,,,,,,,,
3351,Vb-462.FN400-MNDE-RMS,462.FN400,,2025-07,2025-07-29,0.21,,0.48,0.24,,,,,,,,,,
3352,Vb-462.FN400-FDE-RMS,462.FN400,,2025-09,2025-09-25,0.89,,0.88,0.56,,,,,,,,,,
3353,Vb-462.FN400-FNDE-RMS,462.FN400,,2025-09,2025-09-25,0.76,,1.06,0.71,,,,,,,,,,
3354,Vb-462.FN400-MDE-RMS,462.FN400,,2025-09,2025-09-25,0.26,,0.31,0.25,,,,,,,,,,
3355,Vb-462.FN400-MNDE-RMS,462.FN400,,2025-09,2025-09-25,0.29,,0.27,0.24,,,,,,,,,,
3356,Vb-462.FN400-FDE-RMS,462.FN400,,2026-02,2026-02-09,0.65,,0.98,0.78,,,,,,,,,,
3357,Vb-462.FN400-FNDE-RMS,462.FN400,,2026-02,2026-02-08,1.28,,1.03,0.85,,,,,,,,,,
3358,Vb-462.FN400-MDE-RMS,462.FN400,,2026-02,2026-02-09,0.32,,0.38,0.45,,,,,,,,,,
3359,Vb-462.FN400-MNDE-RMS,462.FN400,,2026-02,2026-02-09,1.31,,0.34,0.26,,,,,,,,,,
3360,Vb-462.FN400-FDE-RMS,462.FN400,,2026-04,2026-04-14,1.16,,,,2026-04-15,,,1.86,1.02,2026-04-27,1.08,,2.88,1.9
3361,Vb-462.FN400-FNDE-RMS,462.FN400,,2026-04,2026-04-15,1.1,,1.56,1.09,2026-04-27,1.58,,2.58,1.28,,,,,
3362,Vb-462.FN400-MDE-RMS,462.FN400,,2026-04,2026-04-15,0.4,,0.65,0.41,2026-04-27,0.47,,1.11,0.74,,,,,
3363,Vb-462.FN400-MNDE-RMS,462.FN400,,2026-04,2026-04-15,0.37,,0.84,0.29,2026-04-27,0.47,,1.33,0.28,,,,,
3364,Vb-462.FN450-FDE-RMS,462.FN450,,2024-12,2024-12-25,0.29,,0.35,0.22,,,,,,,,,,
3365,Vb-462.FN450-FNDE-RMS,462.FN450,,2024-12,2024-12-25,1.1,,0.39,0.52,,,,,,,,,,
3366,Vb-462.FN450-MDE-RMS,462.FN450,,2024-12,2024-12-25,0.18,,0.29,0.22,,,,,,,,,,
3367,Vb-462.FN450-MNDE-RMS,462.FN450,,2024-12,2024-12-25,0.23,,1.36,0.27,,,,,,,,,,
3368,Vb-462.FN450-FDE-RMS,462.FN450,,2025-01,2025-01-16,0.12,,0.3,0.15,,,,,,,,,,
3369,Vb-462.FN450-FNDE-RMS,462.FN450,,2025-01,2025-01-16,0.74,,0.71,0.75,,,,,,,,,,
3370,Vb-462.FN450-MDE-RMS,462.FN450,,2025-01,2025-01-16,0.07,,1.26,0.2,,,,,,,,,,
3371,Vb-462.FN450-MNDE-RMS,462.FN450,,2025-01,2025-01-16,0.14,,0.82,1.59,,,,,,,,,,
3372,Vb-462.FN450-FDE-RMS,462.FN450,,2025-02,2025-02-12,0.16,,0.15,0.1,,,,,,,,,,
3373,Vb-462.FN450-FNDE-RMS,462.FN450,,2025-02,2025-02-12,0.44,,0.18,0.12,,,,,,,,,,
3374,Vb-462.FN450-MDE-RMS,462.FN450,,2025-02,2025-02-12,0.12,,0.18,0.13,,,,,,,,,,
3375,Vb-462.FN450-MNDE-RMS,462.FN450,,2025-02,2025-02-12,0.08,,0.15,0.05,,,,,,,,,,
3376,Vb-462.FN450-FDE-RMS,462.FN450,,2025-05,2025-05-24,0.23,,0.2,0.11,,,,,,,,,,
3377,Vb-462.FN450-FNDE-RMS,462.FN450,,2025-05,2025-05-24,0.28,,0.13,0.33,,,,,,,,,,
3378,Vb-462.FN450-MDE-RMS,462.FN450,,2025-05,2025-05-24,0.1,,0.25,0.24,,,,,,,,,,
3379,Vb-462.FN450-MNDE-RMS,462.FN450,,2025-05,2025-05-24,0.11,,0.14,0.08,,,,,,,,,,
3380,Vb-462.FN450-FDE-RMS,462.FN450,,2025-07,2025-07-29,0.34,,0.1,0.7,,,,,,,,,,
3381,Vb-462.FN450-FNDE-RMS,462.FN450,,2025-07,2025-07-29,0.85,,0.11,0.1,,,,,,,,,,
3382,Vb-462.FN450-MDE-RMS,462.FN450,,2025-07,2025-07-29,0.24,,0.15,0.1,,,,,,,,,,
3383,Vb-462.FN450-MNDE-RMS,462.FN450,,2025-07,2025-07-29,0.08,,0.1,0.06,,,,,,,,,,
3384,Vb-462.FN450-FDE-RMS,462.FN450,,2025-09,2025-09-25,0.16,,0.17,0.83,,,,,,,,,,
3385,Vb-462.FN450-FNDE-RMS,462.FN450,,2025-09,2025-09-25,0.13,,0.13,0.33,,,,,,,,,,
3386,Vb-462.FN450-MDE-RMS,462.FN450,,2025-09,2025-09-25,0.19,,0.18,0.14,,,,,,,,,,
3387,Vb-462.FN450-MNDE-RMS,462.FN450,,2025-09,2025-09-25,0.08,,0.13,0.37,,,,,,,,,,
3388,Vb-462.FN450-FNDE-RMS,462.FN450,,2026-01,2026-01-21,0.24,,,,,,,,,,,,,
3389,Vb-462.FN450-FDE-RMS,462.FN450,,2026-02,2026-02-09,0.34,,0.38,0.4,,,,,,,,,,
3390,Vb-462.FN450-FNDE-RMS,462.FN450,,2026-02,2026-02-09,,,0.33,0.11,,,,,,,,,,
3391,Vb-462.FN450-MDE-RMS,462.FN450,,2026-02,2026-02-09,0.77,,0.44,0.16,,,,,,,,,,
3392,Vb-462.FN450-MNDE-RMS,462.FN450,,2026-02,2026-02-09,0.13,,0.18,0.07,,,,,,,,,,
3393,Vb-462.FN450-FNDE-RMS,462.FN450,,2026-03,2026-03-29,0.13,,,,,,,,,,,,,
3394,Vb-462.FN450-FDE-RMS,462.FN450,,2026-04,2026-04-15,0.15,,0.1,0.1,,,,,,,,,,
3395,Vb-462.FN450-FNDE-RMS,462.FN450,,2026-04,2026-04-15,,,0.1,0.44,,,,,,,,,,
3396,Vb-462.FN450-MDE-RMS,462.FN450,,2026-04,2026-04-15,0.08,,0.1,0.09,,,,,,,,,,
3397,Vb-462.FN450-MNDE-RMS,462.FN450,,2026-04,2026-04-15,0.08,,0.12,0.07,,,,,,,,,,
3398,Vb-462.MD140-MDE-RMS,462.MD140,,2024-12,2024-12-25,0.47,,1.15,0.8,,,,,,,,,,
3399,Vb-462.MD140-MNDE-RMS,462.MD140,,2024-12,2024-12-25,0.4,,0.37,0.42,,,,,,,,,,
3400,Vb-462.MD140-PHSS-RMS,462.MD140,,2024-12,2024-12-25,4,,0.87,0.72,,,,,,,,,,
3401,Vb-462.MD140-RGT-RMS,462.MD140,,2024-12,2024-12-25,2.14,,5.22,1.74,,,,,,,,,,
3402,Vb-462.MD140-MDE-RMS,462.MD140,,2025-01,2025-01-16,0.51,,1.39,1.01,,,,,,,,,,
3403,Vb-462.MD140-MNDE-RMS,462.MD140,,2025-01,2025-01-16,0.38,,0.93,0.61,,,,,,,,,,
3404,Vb-462.MD140-PHSS-RMS,462.MD140,,2025-01,2025-01-16,1.42,,3.07,7.79,,,,,,,,,,
3405,Vb-462.MD140-RGT-RMS,462.MD140,,2025-01,2025-01-16,2.36,,7.18,5.48,,,,,,,,,,
3406,Vb-462.MD140-MDE-RMS,462.MD140,,2025-02,2025-02-12,0.35,,1.2,0.88,,,,,,,,,,
3407,Vb-462.MD140-MNDE-RMS,462.MD140,,2025-02,2025-02-12,0.4,,0.81,0.54,,,,,,,,,,
3408,Vb-462.MD140-PHSS-RMS,462.MD140,,2025-02,2025-02-12,0.82,,1.03,0.9,,,,,,,,,,
3409,Vb-462.MD140-RGT-RMS,462.MD140,,2025-02,2025-02-12,2.23,,2.66,1.09,,,,,,,,,,
3410,Vb-462.MD140-MDE-RMS,462.MD140,,2025-05,2025-05-20,0.4,,1.21,0.93,,,,,,,,,,
3411,Vb-462.MD140-MNDE-RMS,462.MD140,,2025-05,2025-05-20,0.34,,1.13,0.62,,,,,,,,,,
3412,Vb-462.MD140-PHSS-RMS,462.MD140,,2025-05,2025-05-20,1.41,,0.18,0.21,,,,,,,,,,
3413,Vb-462.MD140-RGT-RMS,462.MD140,,2025-05,2025-05-20,0.53,,0.29,0.15,,,,,,,,,,
3414,Vb-462.MD140-MDE-RMS,462.MD140,,2025-07,2025-07-29,0.58,,1.49,1.1,,,,,,,,,,
3415,Vb-462.MD140-MNDE-RMS,462.MD140,,2025-07,2025-07-29,0.54,,1.16,0.88,,,,,,,,,,
3416,Vb-462.MD140-PHSS-RMS,462.MD140,,2025-07,2025-07-29,0.71,,0.73,0.58,,,,,,,,,,
3417,Vb-462.MD140-RGT-RMS,462.MD140,,2025-07,2025-07-29,2.16,,0.99,0.71,,,,,,,,,,
3418,Vb-462.MD140-MDE-RMS,462.MD140,,2025-09,2025-09-25,0.76,,1.18,0.81,,,,,,,,,,
3419,Vb-462.MD140-MNDE-RMS,462.MD140,,2025-09,2025-09-25,0.77,,0.99,0.51,,,,,,,,,,
3420,Vb-462.MD140-PHSS-RMS,462.MD140,,2025-09,2025-09-25,3.66,,1.26,0.79,,,,,,,,,,
3421,Vb-462.MD140-RGT-RMS,462.MD140,,2025-09,2025-09-25,1.7,,2.19,0.75,,,,,,,,,,
3422,Vb-462.MD140-MDE-RMS,462.MD140,,2026-02,2026-02-09,0.93,,1.54,0.89,,,,,,,,,,
3423,Vb-462.MD140-MNDE-RMS,462.MD140,,2026-02,2026-02-09,0.97,,1.55,0.72,,,,,,,,,,
3424,Vb-462.MD140-PHSS-RMS,462.MD140,,2026-02,2026-02-09,1.52,,1.07,0.83,,,,,,,,,,
3425,Vb-462.MD140-RGT-RMS,462.MD140,,2026-02,2026-02-09,2.11,,1.81,1.62,,,,,,,,,,
3426,Vb-462.MD140-MDE-RMS,462.MD140,,2026-04,2026-04-15,1.2,,1.54,1.14,,,,,,,,,,
3427,Vb-462.MD140-MNDE-RMS,462.MD140,,2026-04,2026-04-15,1.27,,1.49,0.98,,,,,,,,,,
3428,Vb-462.MD140-PHSS-RMS,462.MD140,,2026-04,2026-04-15,0.67,,0.76,0.6,,,,,,,,,,
3429,Vb-462.MD140-RGT-RMS,462.MD140,,2026-04,2026-04-15,1.36,,1,0.7,,,,,,,,,,
3430,Vb-462.PP515-MDE-RMS,462.PP515,,2024-12,2024-12-25,0.6,,0.84,0.49,,,,,,,,,,
3431,Vb-462.PP515-MNDE-RMS,462.PP515,,2024-12,2024-12-25,0.21,,2.37,0.29,,,,,,,,,,
3432,Vb-462.PP515-PDE-RMS,462.PP515,,2024-12,2024-12-25,1.48,,3.33,2.77,,,,,,,,,,
3433,Vb-462.PP515-PNDE-RMS,462.PP515,,2024-12,2024-12-25,0.74,,1.57,1.46,,,,,,,,,,
3434,Vb-462.PP515-MDE-RMS,462.PP515,,2025-01,2025-01-16,1.24,,1.23,0.85,,,,,,,,,,
3435,Vb-462.PP515-MNDE-RMS,462.PP515,,2025-01,2025-01-16,0.37,,1.1,0.77,,,,,,,,,,
3436,Vb-462.PP515-PDE-RMS,462.PP515,,2025-01,2025-01-16,2.08,,3.8,3.07,,,,,,,,,,
3437,Vb-462.PP515-PNDE-RMS,462.PP515,,2025-01,2025-01-16,0.99,,1.17,0.93,,,,,,,,,,
3438,Vb-462.PP515-MDE-RMS,462.PP515,,2025-02,2025-02-12,1.42,,1.26,0.9,,,,,,,,,,
3439,Vb-462.PP515-MNDE-RMS,462.PP515,,2025-02,2025-02-12,0.4,,0.86,0.9,,,,,,,,,,
3440,Vb-462.PP515-PDE-RMS,462.PP515,,2025-02,2025-02-12,2.2,,3.84,2.93,,,,,,,,,,
3441,Vb-462.PP515-PNDE-RMS,462.PP515,,2025-02,2025-02-12,0.89,,1.35,1.28,,,,,,,,,,
3442,Vb-462.PP515-MDE-RMS,462.PP515,,2025-07,2025-07-28,1.11,,0.73,0.79,,,,,,,,,,
3443,Vb-462.PP515-MNDE-RMS,462.PP515,,2025-07,2025-07-28,0.34,,0.25,1.24,,,,,,,,,,
3444,Vb-462.PP515-PDE-RMS,462.PP515,,2025-07,2025-07-28,1.18,,1.73,1.91,,,,,,,,,,
3445,Vb-462.PP515-PNDE-RMS,462.PP515,,2025-07,2025-07-28,0.51,,1.22,0.91,,,,,,,,,,
3446,Vb-462.PP515-MDE-RMS,462.PP515,,2026-02,2026-02-08,0.78,,0.62,0.6,,,,,,,,,,
3447,Vb-462.PP515-MNDE-RMS,462.PP515,,2026-02,2026-02-08,0.26,,0.39,0.35,,,,,,,,,,
3448,Vb-462.PP515-PDE-RMS,462.PP515,,2026-02,2026-02-08,1.61,,2.46,2.5,,,,,,,,,,
3449,Vb-462.PP515-PNDE-RMS,462.PP515,,2026-02,2026-02-08,0.66,,1.21,0.89,,,,,,,,,,
3450,Vb-462.PP515-MDE-RMS,462.PP515,,2026-04,2026-04-15,0.77,,0.51,0.53,,,,,,,,,,
3451,Vb-462.PP515-MNDE-RMS,462.PP515,,2026-04,2026-04-15,0.25,,0.42,0.41,,,,,,,,,,
3452,Vb-462.PP515-PDE-RMS,462.PP515,,2026-04,2026-04-15,2.03,,2.76,2.36,,,,,,,,,,
3453,Vb-462.PP515-PNDE-RMS,462.PP515,,2026-04,2026-04-15,0.56,,1.38,1.05,,,,,,,,,,
3454,Vb-462.PP545-MDE-RMS,462.PP545,,2024-12,2024-12-31,0.28,,0.54,0.65,,,,,,,,,,
3455,Vb-462.PP545-MNDE-RMS,462.PP545,,2024-12,2024-12-31,0.26,,0.79,0.66,,,,,,,,,,
3456,Vb-462.PP545-PDE-RMS,462.PP545,,2024-12,2024-12-31,1.21,,1.61,1.42,,,,,,,,,,
3457,Vb-462.PP545-PNDE-RMS,462.PP545,,2024-12,2024-12-31,0.37,,1.43,0.6,,,,,,,,,,
3458,Vb-462.PP545-MDE-RMS,462.PP545,,2025-05,2025-05-24,0.22,,0.39,0.33,,,,,,,,,,
3459,Vb-462.PP545-MNDE-RMS,462.PP545,,2025-05,2025-05-24,0.16,,0.33,0.16,,,,,,,,,,
3460,Vb-462.PP545-PDE-RMS,462.PP545,,2025-05,2025-05-24,0.79,,1.08,1,,,,,,,,,,
3461,Vb-462.PP545-PNDE-RMS,462.PP545,,2025-05,2025-05-24,0.38,,0.86,0.55,,,,,,,,,,
3462,Vb-462.PP545-MDE-RMS,462.PP545,,2025-06,2025-06-12,0.35,,0.37,0.36,,,,,,,,,,
3463,Vb-462.PP545-MNDE-RMS,462.PP545,,2025-06,2025-06-01,0.28,,,0.16,2025-06-12,,,0.47,,,,,,
3464,Vb-462.PP545-PDE-RMS,462.PP545,,2025-06,2025-06-12,0.78,,1.07,1.02,,,,,,,,,,
3465,Vb-462.PP545-PNDE-RMS,462.PP545,,2025-06,2025-06-12,0.28,,0.61,0.48,,,,,,,,,,
3466,Vb-462.PP545-MDE-RMS,462.PP545,,2025-09,2025-09-25,0.15,,0.63,0.51,,,,,,,,,,
3467,Vb-462.PP545-MNDE-RMS,462.PP545,,2025-09,2025-09-25,0.24,,0.67,0.3,,,,,,,,,,
3468,Vb-462.PP545-PDE-RMS,462.PP545,,2025-09,2025-09-25,0.62,,0.79,0.66,,,,,,,,,,
3469,Vb-462.PP545-PNDE-RMS,462.PP545,,2025-09,2025-09-25,0.28,,0.48,0.43,,,,,,,,,,
3470,Vb-465.BL580-BLDE-RMS,465.BL580,,2024-12,2024-12-15,7.27,,10.64,7.87,,,,,,,,,,
3471,Vb-465.BL580-BLNDE-RMS,465.BL580,,2024-12,2024-12-15,6.49,,8.29,6.86,,,,,,,,,,
3472,Vb-465.BL580-MDE-RMS,465.BL580,,2024-12,2024-12-15,3.54,,4.12,5.57,,,,,,,,,,
3473,Vb-465.BL580-MNDE-RMS,465.BL580,,2024-12,2024-12-15,6.36,,4.42,4.11,,,,,,,,,,
3474,Vb-465.BL580-BLDE-RMS,465.BL580,,2025-01,2025-01-27,4.31,,7.39,7.06,,,,,,,,,,
3475,Vb-465.BL580-BLNDE-RMS,465.BL580,,2025-01,2025-01-27,5.7,,6.38,6.19,,,,,,,,,,
3476,Vb-465.BL580-MDE-RMS,465.BL580,,2025-01,2025-01-27,4.02,,3.97,3.37,,,,,,,,,,
3477,Vb-465.BL580-MNDE-RMS,465.BL580,,2025-01,2025-01-27,1.44,,4.08,4.36,,,,,,,,,,
3478,Vb-465.BL580-BLDE-RMS,465.BL580,,2025-02,2025-02-04,6.87,,7.35,10.96,,,,,,,,,,
3479,Vb-465.BL580-BLNDE-RMS,465.BL580,,2025-02,2025-02-04,6.03,,5.32,5.27,,,,,,,,,,
3480,Vb-465.BL580-MDE-RMS,465.BL580,,2025-02,2025-02-04,2.17,,2.76,2.71,,,,,,,,,,
3481,Vb-465.BL580-MNDE-RMS,465.BL580,,2025-02,2025-02-04,2.47,,1.82,2.44,,,,,,,,,,
3482,Vb-465.BL580-BLNDE-RMS,465.BL580,,2025-08,2025-08-10,6.78,,,9.22,,,,,,,,,,
3483,Vb-465.BL580-BLDE-RMS,465.BL580,,2025-09,2025-09-09,9.16,,8.35,11.99,,,,,,,,,,
3484,Vb-465.BL580-BLNDE-RMS,465.BL580,,2025-09,2025-09-09,,,7.1,,,,,,,,,,,
3485,Vb-465.BL580-MDE-RMS,465.BL580,,2025-09,2025-09-09,3.12,,6,4.02,,,,,,,,,,
3486,Vb-465.BL580-MNDE-RMS,465.BL580,,2025-09,2025-09-09,4.54,,2.79,3.39,,,,,,,,,,
3487,Vb-465.BL580-BLDE-RMS,465.BL580,,2026-02,2026-02-17,7.12,,7.59,8.33,,,,,,,,,,
3488,Vb-465.BL580-BLNDE-RMS,465.BL580,,2026-02,2026-02-17,5.94,,6.31,6.64,,,,,,,,,,
3489,Vb-465.BL580-MDE-RMS,465.BL580,,2026-02,2026-02-17,3.14,,3.29,4.17,,,,,,,,,,
3490,Vb-465.BL580-MNDE-RMS,465.BL580,,2026-02,2026-02-17,2.08,,3.44,2.29,,,,,,,,,,
3491,Vb-465.BL580-BLDE-RMS,465.BL580,,2026-03,2026-03-26,6.24,,7.33,10.56,,,,,,,,,,
3492,Vb-465.BL580-BLNDE-RMS,465.BL580,,2026-03,2026-03-26,6.19,,5.43,5.53,,,,,,,,,,
3493,Vb-465.BL580-MDE-RMS,465.BL580,,2026-03,2026-03-26,2.78,,3.81,4.04,,,,,,,,,,
3494,Vb-465.BL580-MNDE-RMS,465.BL580,,2026-03,2026-03-26,3.34,,3.17,6.88,,,,,,,,,,
3495,Vb-465.BL580-BLDE-RMS,465.BL580,,2026-04,2026-04-19,7.09,,7.14,10.89,,,,,,,,,,
3496,Vb-465.BL580-BLNDE-RMS,465.BL580,,2026-04,2026-04-19,5.61,,5.64,6.49,,,,,,,,,,
3497,Vb-465.BL580-MDE-RMS,465.BL580,,2026-04,2026-04-19,2.24,,3,3.8,,,,,,,,,,
3498,Vb-465.BL580-MNDE-RMS,465.BL580,,2026-04,2026-04-19,2.92,,2.48,2.58,,,,,,,,,,
3499,Vb-465.BL630-BLDE-RMS,465.BL630,,2024-12,2024-12-15,4.14,,2.49,3.75,,,,,,,,,,
3500,Vb-465.BL630-BLNDE-RMS,465.BL630,,2024-12,2024-12-15,4.25,,2.42,2.4,,,,,,,,,,
3501,Vb-465.BL630-MDE-RMS,465.BL630,,2024-12,2024-12-15,1.37,,1.17,1.44,,,,,,,,,,
3502,Vb-465.BL630-MNDE-RMS,465.BL630,,2024-12,2024-12-15,2.46,,2.09,3.32,,,,,,,,,,
3503,Vb-465.BL630-BLDE-RMS,465.BL630,,2025-01,2025-01-27,3.62,,3.3,6.01,,,,,,,,,,
3504,Vb-465.BL630-BLNDE-RMS,465.BL630,,2025-01,2025-01-27,3.45,,3.48,2.82,,,,,,,,,,
3505,Vb-465.BL630-MDE-RMS,465.BL630,,2025-01,2025-01-27,1.63,,1.79,1.59,,,,,,,,,,
3506,Vb-465.BL630-MNDE-RMS,465.BL630,,2025-01,2025-01-27,1.55,,2.57,3.18,,,,,,,,,,
3507,Vb-465.BL630-BLDE-RMS,465.BL630,,2025-02,2025-02-04,4.24,,2.23,3.76,,,,,,,,,,
3508,Vb-465.BL630-BLNDE-RMS,465.BL630,,2025-02,2025-02-04,4.09,,2.84,3.09,,,,,,,,,,
3509,Vb-465.BL630-MDE-RMS,465.BL630,,2025-02,2025-02-04,1.41,,2.17,1.39,,,,,,,,,,
3510,Vb-465.BL630-MNDE-RMS,465.BL630,,2025-02,2025-02-04,2.59,,2.78,2.35,,,,,,,,,,
3511,Vb-465.BL630-MNDE-RMS,465.BL630,,2025-06,2025-06-19,5.45,,4.62,4.49,,,,,,,,,,
3512,Vb-465.BL630-BLDE-RMS,465.BL630,,2025-08,2025-08-26,4.38,,1.99,2.41,,,,,,,,,,
3513,Vb-465.BL630-BLNDE-RMS,465.BL630,,2025-08,2025-08-26,4.58,,2.27,2.75,,,,,,,,,,
3514,Vb-465.BL630-MDE-RMS,465.BL630,,2025-08,2025-08-26,1.26,,1.59,1.69,,,,,,,,,,
3515,Vb-465.BL630-MNDE-RMS,465.BL630,,2025-08,2025-08-26,2.14,,1.84,2.1,,,,,,,,,,
3516,Vb-465.BL630-BLDE-RMS,465.BL630,,2026-02,2026-02-17,3.49,,2.1,3.69,,,,,,,,,,
3517,Vb-465.BL630-BLNDE-RMS,465.BL630,,2026-02,2026-02-17,3.97,,2.1,2.19,,,,,,,,,,
3518,Vb-465.BL630-MDE-RMS,465.BL630,,2026-02,2026-02-17,1.15,,1.87,2.01,,,,,,,,,,
3519,Vb-465.BL630-MNDE-RMS,465.BL630,,2026-02,2026-02-17,1.38,,1.67,1.87,,,,,,,,,,
3520,Vb-465.BL630-BLDE-RMS,465.BL630,,2026-03,2026-03-25,3.61,,2.07,3.81,,,,,,,,,,
3521,Vb-465.BL630-BLNDE-RMS,465.BL630,,2026-03,2026-03-25,4.31,,2.36,2.19,,,,,,,,,,
3522,Vb-465.BL630-MDE-RMS,465.BL630,,2026-03,2026-03-25,1.27,,1.79,2.13,,,,,,,,,,
3523,Vb-465.BL630-MNDE-RMS,465.BL630,,2026-03,2026-03-25,1.58,,2.07,1.55,,,,,,,,,,
3524,Vb-465.BL635-BLDE-RMS,465.BL635,,2025-05,2025-05-12,5.35,,3.76,9.77,,,,,,,,,,
3525,Vb-465.BL635-BLNDE-RMS,465.BL635,,2025-05,2025-05-12,5.16,,4.59,5.75,,,,,,,,,,
3526,Vb-465.BL635-MDE-RMS,465.BL635,,2025-05,2025-05-12,1.64,,4.15,3.75,,,,,,,,,,
3527,Vb-465.BL635-MNDE-RMS,465.BL635,,2025-05,2025-05-12,0.86,,2.71,4,,,,,,,,,,
3528,Vb-465.BL635-BLDE-RMS,465.BL635,,2025-08,2025-08-07,3.82,,3.72,10.61,,,,,,,,,,
3529,Vb-465.BL635-BLNDE-RMS,465.BL635,,2025-08,2025-08-07,4.44,,3.9,4.02,,,,,,,,,,
3530,Vb-465.BL635-MDE-RMS,465.BL635,,2025-08,2025-08-07,0.83,,3.99,3.91,,,,,,,,,,
3531,Vb-465.BL635-MNDE-RMS,465.BL635,,2025-08,2025-08-07,2.59,,3.7,4.43,,,,,,,,,,
3532,Vb-465.BL635-BLDE-RMS,465.BL635,,2025-09,2025-09-02,2.06,,1.58,2.02,,,,,,,,,,
3533,Vb-465.BL635-BLNDE-RMS,465.BL635,,2025-09,2025-09-02,1.68,,3.91,3.93,,,,,,,,,,
3534,Vb-465.BL635-MDE-RMS,465.BL635,,2025-09,2025-09-02,1.19,,1.82,0.96,,,,,,,,,,
3535,Vb-465.BL635-MNDE-RMS,465.BL635,,2025-09,2025-09-02,4.41,,1.56,4.04,,,,,,,,,,
3536,Vb-465.BL635-BLDE-RMS,465.BL635,,2026-01,2026-01-14,4.62,,2.82,11.26,,,,,,,,,,
3537,Vb-465.BL635-BLNDE-RMS,465.BL635,,2026-01,2026-01-14,6.04,,3.8,5.24,,,,,,,,,,
3538,Vb-465.BL635-MDE-RMS,465.BL635,,2026-01,2026-01-14,1.55,,2.17,2.74,,,,,,,,,,
3539,Vb-465.BL635-MNDE-RMS,465.BL635,,2026-01,2026-01-14,3.63,,2.11,1.44,,,,,,,,,,
3540,Vb-465.BL635-BLDE-RMS,465.BL635,,2026-04,2026-04-19,3.67,,2.69,8.66,,,,,,,,,,
3541,Vb-465.BL635-BLNDE-RMS,465.BL635,,2026-04,2026-04-19,4.69,,6.69,4.68,,,,,,,,,,
3542,Vb-465.BL635-MDE-RMS,465.BL635,,2026-04,2026-04-19,2.13,,2.93,1.84,,,,,,,,,,
3543,Vb-465.BL635-MNDE-RMS,465.BL635,,2026-04,2026-04-19,2.16,,4.8,6.41,,,,,,,,,,
3544,Vb-466.BL580-BLDE-RMS,466.BL580,,2024-12,2024-12-25,7.4,,6.93,7.86,,,,,,,,,,
3545,Vb-466.BL580-BLNDE-RMS,466.BL580,,2024-12,2024-12-25,5.48,,5.39,5.69,,,,,,,,,,
3546,Vb-466.BL580-MDE-RMS,466.BL580,,2024-12,2024-12-25,2.35,,4.57,4.04,,,,,,,,,,
3547,Vb-466.BL580-MNDE-RMS,466.BL580,,2024-12,2024-12-25,2.04,,2.26,2.43,,,,,,,,,,
3548,Vb-466.BL580-BLDE-RMS,466.BL580,,2025-02,2025-02-13,6.74,,6.93,7.79,,,,,,,,,,
3549,Vb-466.BL580-BLNDE-RMS,466.BL580,,2025-02,2025-02-13,5.2,,5.56,5.47,,,,,,,,,,
3550,Vb-466.BL580-MDE-RMS,466.BL580,,2025-02,2025-02-13,1.87,,4.62,3.41,,,,,,,,,,
3551,Vb-466.BL580-MNDE-RMS,466.BL580,,2025-02,2025-02-13,2.78,,2.26,2.61,,,,,,,,,,
3552,Vb-466.BL580-BLDE-RMS,466.BL580,,2025-04,2025-04-10,7.36,,5.97,6.31,,,,,,,,,,
3553,Vb-466.BL580-BLNDE-RMS,466.BL580,,2025-04,2025-04-10,5.65,,5.6,5.4,,,,,,,,,,
3554,Vb-466.BL580-MDE-RMS,466.BL580,,2025-04,2025-04-10,2.61,,4.12,3.38,,,,,,,,,,
3555,Vb-466.BL580-MNDE-RMS,466.BL580,,2025-04,2025-04-10,1.7,,2.77,3.58,,,,,,,,,,
3556,Vb-466.BL580-BLDE-RMS,466.BL580,,2026-02,2026-02-04,8.64,,6.23,6.82,,,,,,,,,,
3557,Vb-466.BL580-BLNDE-RMS,466.BL580,,2026-02,2026-02-04,4.4,,5.01,5.83,,,,,,,,,,
3558,Vb-466.BL580-MDE-RMS,466.BL580,,2026-02,2026-02-04,2.49,,4.75,4.37,,,,,,,,,,
3559,Vb-466.BL580-MNDE-RMS,466.BL580,,2026-02,2026-02-04,3.15,,2.76,4.08,,,,,,,,,,
3560,Vb-466.BL585-BLDE-RMS,466.BL585,,2025-07,2025-07-29,9.46,,7.59,7.85,,,,,,,,,,
3561,Vb-466.BL585-BLNDE-RMS,466.BL585,,2025-07,2025-07-29,6.26,,6.12,6.14,,,,,,,,,,
3562,Vb-466.BL585-MDE-RMS,466.BL585,,2025-07,2025-07-29,1.19,,3.99,3.08,,,,,,,,,,
3563,Vb-466.BL585-MNDE-RMS,466.BL585,,2025-07,2025-07-29,3.03,,2.71,2.89,,,,,,,,,,
3564,Vb-466.BL585-BLDE-RMS,466.BL585,,2025-10,2025-10-07,5.73,,7.85,6.75,,,,,,,,,,
3565,Vb-466.BL585-BLNDE-RMS,466.BL585,,2025-10,2025-10-07,5.33,,5.76,6.91,,,,,,,,,,
3566,Vb-466.BL585-MDE-RMS,466.BL585,,2025-10,2025-10-07,1.59,,4.74,3.3,,,,,,,,,,
3567,Vb-466.BL585-MNDE-RMS,466.BL585,,2025-10,2025-10-07,3.24,,2.51,2.64,,,,,,,,,,
3568,Vb-466.BL585-BLDE-RMS,466.BL585,,2026-03,2026-03-29,6.94,,6.86,8.38,,,,,,,,,,
3569,Vb-466.BL585-BLNDE-RMS,466.BL585,,2026-03,2026-03-29,6.92,,7.23,6.13,,,,,,,,,,
3570,Vb-466.BL585-MDE-RMS,466.BL585,,2026-03,2026-03-29,3.11,,5.59,4.26,,,,,,,,,,
3571,Vb-466.BL585-MNDE-RMS,466.BL585,,2026-03,2026-03-29,4.25,,4.59,4.47,,,,,,,,,,
3572,Vb-466.BL585-BLDE-RMS,466.BL585,,2026-04,2026-04-23,9.91,,10.08,11.52,,,,,,,,,,
3573,Vb-466.BL585-BLNDE-RMS,466.BL585,,2026-04,2026-04-23,7.92,,8.7,10.66,,,,,,,,,,
3574,Vb-466.BL585-MDE-RMS,466.BL585,,2026-04,2026-04-23,4.78,,8.06,4.57,,,,,,,,,,
3575,Vb-466.BL585-MNDE-RMS,466.BL585,,2026-04,2026-04-23,8.69,,5.2,6.11,,,,,,,,,,
3576,Vb-466.BL630-BLDE-RMS,466.BL630,,2024-12,2024-12-25,4.21,,4.53,9.28,,,,,,,,,,
3577,Vb-466.BL630-BLNDE-RMS,466.BL630,,2024-12,2024-12-25,5.68,,6.42,6.46,,,,,,,,,,
3578,Vb-466.BL630-MDE-RMS,466.BL630,,2024-12,2024-12-25,4.31,,9.12,6.83,,,,,,,,,,
3579,Vb-466.BL630-MNDE-RMS,466.BL630,,2024-12,2024-12-25,7.22,,5.28,6.1,,,,,,,,,,
3580,Vb-466.BL630-BLDE-RMS,466.BL630,,2025-02,2025-02-13,7.44,,4.68,11.67,,,,,,,,,,
3581,Vb-466.BL630-BLNDE-RMS,466.BL630,,2025-02,2025-02-13,3.99,,8.49,6.34,,,,,,,,,,
3582,Vb-466.BL630-MDE-RMS,466.BL630,,2025-02,2025-02-13,4.58,,6.05,5.75,,,,,,,,,,
3583,Vb-466.BL630-MNDE-RMS,466.BL630,,2025-02,2025-02-13,7.3,,3.79,5.41,,,,,,,,,,
3584,Vb-466.BL630-BLDE-RMS,466.BL630,,2025-04,2025-04-08,4.45,,5.21,6.73,,,,,,,,,,
3585,Vb-466.BL630-BLNDE-RMS,466.BL630,,2025-04,2025-04-08,5.06,,5.09,6.46,,,,,,,,,,
3586,Vb-466.BL630-MDE-RMS,466.BL630,,2025-04,2025-04-08,3.03,,2.01,2.51,,,,,,,,,,
3587,Vb-466.BL630-MNDE-RMS,466.BL630,,2025-04,2025-04-08,1.92,,1.88,2.19,,,,,,,,,,
3588,Vb-466.BL630-BLDE-RMS,466.BL630,,2025-07,2025-07-29,7.07,,5.48,5.51,,,,,,,,,,
3589,Vb-466.BL630-BLNDE-RMS,466.BL630,,2025-07,2025-07-29,6.52,,8.02,6.57,,,,,,,,,,
3590,Vb-466.BL630-MDE-RMS,466.BL630,,2025-07,2025-07-29,2.51,,4.13,4.61,,,,,,,,,,
3591,Vb-466.BL630-MNDE-RMS,466.BL630,,2025-07,2025-07-29,5.12,,4.01,4.76,,,,,,,,,,
3592,Vb-466.BL630-BLDE-RMS,466.BL630,,2026-02,2026-02-04,6.41,,4.41,4.42,,,,,,,,,,
3593,Vb-466.BL630-BLNDE-RMS,466.BL630,,2026-02,2026-02-04,5.49,,5.64,5.46,,,,,,,,,,
3594,Vb-466.BL630-MDE-RMS,466.BL630,,2026-02,2026-02-04,1.82,,4.1,2.34,,,,,,,,,,
3595,Vb-466.BL630-MNDE-RMS,466.BL630,,2026-02,2026-02-04,1.9,,2.74,3.25,,,,,,,,,,
3596,Vb-466.BL630-BLDE-RMS,466.BL630,,2026-03,2026-03-29,6.33,,5.45,7.44,,,,,,,,,,
3597,Vb-466.BL630-BLNDE-RMS,466.BL630,,2026-03,2026-03-29,6.17,,6.67,6.18,,,,,,,,,,
3598,Vb-466.BL630-MDE-RMS,466.BL630,,2026-03,2026-03-29,2.43,,2.09,4.03,,,,,,,,,,
3599,Vb-466.BL630-MNDE-RMS,466.BL630,,2026-03,2026-03-29,1.49,,3.34,2.01,,,,,,,,,,
3600,Vb-466.BL630-BLDE-RMS,466.BL630,,2026-04,2026-04-23,5.77,,4.73,8.51,,,,,,,,,,
3601,Vb-466.BL630-BLNDE-RMS,466.BL630,,2026-04,2026-04-23,5.44,,5.95,7.71,,,,,,,,,,
3602,Vb-466.BL630-MDE-RMS,466.BL630,,2026-04,2026-04-23,1.75,,2.63,1.72,,,,,,,,,,
3603,Vb-466.BL630-MNDE-RMS,466.BL630,,2026-04,2026-04-23,2.23,,3.79,3.21,,,,,,,,,,
3604,Vb-466.BL635-BLDE-RMS,466.BL635,,2025-04,2025-04-04,3.53,,2.53,3.03,,,,,,,,,,
3605,Vb-466.BL635-BLNDE-RMS,466.BL635,,2025-04,2025-04-04,3.1,,2.56,3.07,,,,,,,,,,
3606,Vb-466.BL635-MDE-RMS,466.BL635,,2025-04,2025-04-04,1.59,,1.76,1.81,,,,,,,,,,
3607,Vb-466.BL635-MNDE-RMS,466.BL635,,2025-04,2025-04-04,1.14,,1.67,1.36,,,,,,,,,,
3608,Vb-466.BL635-BLDE-RMS,466.BL635,,2025-10,2025-10-07,3.57,,2.67,2.66,,,,,,,,,,
3609,Vb-466.BL635-BLNDE-RMS,466.BL635,,2025-10,2025-10-07,3.17,,2.44,3.66,,,,,,,,,,
3610,Vb-466.BL635-MDE-RMS,466.BL635,,2025-10,2025-10-07,1.06,,1.45,1.5,,,,,,,,,,
3611,Vb-466.BL635-MNDE-RMS,466.BL635,,2025-10,2025-10-07,2.28,,1.98,4.57,,,,,,,,,,
3612,Vb-531.BE220-MDE-RMS,531.BE220,,2024-12,2024-12-23,7.01,,5.46,5.67,,,,,,,,,,
3613,Vb-531.BE220-MNDE-RMS,531.BE220,,2024-12,2024-12-23,6.52,,6.85,9.94,,,,,,,,,,
3614,Vb-531.BE220-S1DE-RMS,531.BE220,,2024-12,2024-12-23,4.25,,3.38,6.51,,,,,,,,,,
3615,Vb-531.BE220-S2DE-RMS,531.BE220,,2024-12,2024-12-23,2.15,,5.36,5.02,,,,,,,,,,
3616,Vb-531.BE220-S2NDE-RMS,531.BE220,,2024-12,2024-12-23,3.84,,5.98,3.95,,,,,,,,,,
3617,Vb-531.BE220-MDE-RMS,531.BE220,,2025-02,2025-02-19,7.21,,7.18,6.69,,,,,,,,,,
3618,Vb-531.BE220-MNDE-RMS,531.BE220,,2025-02,2025-02-19,6.38,,8.89,11.74,,,,,,,,,,
3619,Vb-531.BE220-S1DE-RMS,531.BE220,,2025-02,2025-02-19,6.5,,4.11,7.1,,,,,,,,,,
3620,Vb-531.BE220-S2DE-RMS,531.BE220,,2025-02,2025-02-19,3.06,,6.48,5.33,,,,,,,,,,
3621,Vb-531.BE220-S2NDE-RMS,531.BE220,,2025-02,2025-02-19,8.63,,5.79,0,,,,,,,,,,
3622,Vb-531.BE220-MDE-RMS,531.BE220,,2025-05,2025-05-06,6.77,,6.06,5.7,,,,,,,,,,
3623,Vb-531.BE220-MNDE-RMS,531.BE220,,2025-05,2025-05-06,6.6,,7.13,10.56,,,,,,,,,,
3624,Vb-531.BE220-S1DE-RMS,531.BE220,,2025-05,2025-05-06,5.24,,3.46,5.4,,,,,,,,,,
3625,Vb-531.BE220-S2DE-RMS,531.BE220,,2025-05,2025-05-06,2.45,,4.78,4.74,,,,,,,,,,
3626,Vb-531.BE220-S2NDE-RMS,531.BE220,,2025-05,2025-05-06,3.33,,4.09,4.89,,,,,,,,,,
3627,Vb-531.BE220-MDE-RMS,531.BE220,,2025-06,2025-06-25,7.07,,5.97,5.26,,,,,,,,,,
3628,Vb-531.BE220-MNDE-RMS,531.BE220,,2025-06,2025-06-25,7.54,,8.43,11.4,,,,,,,,,,
3629,Vb-531.BE220-S1DE-RMS,531.BE220,,2025-06,2025-06-25,6.04,,4.32,5.82,,,,,,,,,,
3630,Vb-531.BE220-S2DE-RMS,531.BE220,,2025-06,2025-06-25,2.59,,12.78,5.91,,,,,,,,,,
3631,Vb-531.BE220-S2NDE-RMS,531.BE220,,2025-06,2025-06-25,6.3,,6.11,3.88,,,,,,,,,,
3632,Vb-531.BE220-MDE-RMS,531.BE220,,2025-08,2025-08-26,7.93,,7.08,6.59,,,,,,,,,,
3633,Vb-531.BE220-MNDE-RMS,531.BE220,,2025-08,2025-08-26,6.21,,8.02,9.56,,,,,,,,,,
3634,Vb-531.BE220-S1DE-RMS,531.BE220,,2025-08,2025-08-26,5,,4.33,6.67,,,,,,,,,,
3635,Vb-531.BE220-S2DE-RMS,531.BE220,,2025-08,2025-08-26,2.52,,5.09,5.2,,,,,,,,,,
3636,Vb-531.BE220-S2NDE-RMS,531.BE220,,2025-08,2025-08-26,4.84,,7.38,4.99,,,,,,,,,,
3637,Vb-531.BE220-BRDE-RMS,531.BE220,,2026-05,2026-05-13,4.78,,7.47,4.16,,,,,,,,,,
3638,Vb-531.BE220-BRNDE-RMS,531.BE220,,2026-05,2026-05-13,2.95,,6.64,5.11,,,,,,,,,,
3639,Vb-531.BE220-MDE-RMS,531.BE220,,2026-05,2026-05-13,9.06,,8.71,12.94,,,,,,,,,,
3640,Vb-531.BE220-MNDE-RMS,531.BE220,,2026-05,2026-05-13,9.53,,12.62,14.84,,,,,,,,,,
3641,Vb-531.BE220-S1DE-RMS,531.BE220,,2026-05,2026-05-13,6.58,6.31,,6.46,,,,,,,,,,
3642,Vb-531.BE220-S2DE-RMS,531.BE220,,2026-05,2026-05-13,4.39,6.6,,6.78,,,,,,,,,,
3643,Vb-531.BE220-S2NDE-RMS,531.BE220,,2026-05,2026-05-13,4.96,5.96,,5.86,,,,,,,,,,
3644,,531.FN242,Fan NDE,2026-04,2026-04-23,10.81,,7.955,8.103,,,,,,,,,,
3645,Vb-531.FN242-FNDE-RMS,531.FN242,,2026-04,2026-04-23,13.25,,3.537,5.431,,,,,,,,,,
3646,Vb-531.FN242-MDE-RMS,531.FN242,,2026-04,2026-04-23,7.838,,4.48,7.992,,,,,,,,,,
3647,Vb-531.FN242-MNDE-RMS,531.FN242,,2026-04,2026-04-23,8.431,,3.572,6.594,,,,,,,,,,
3648,,531.FN242,Fan NDE,2026-05,2026-05-13,7.83,,8.06,7.55,,,,,,,,,,
3649,Vb-531.FN242-FNDE-RMS,531.FN242,,2026-05,2026-05-13,9.94,,5.98,6.14,,,,,,,,,,
3650,Vb-531.FN242-MDE-RMS,531.FN242,,2026-05,2026-05-13,3.41,,7.01,8.36,,,,,,,,,,
3651,Vb-531.FN242-MNDE-RMS,531.FN242,,2026-05,2026-05-13,4.06,,2.88,7.48,,,,,,,,,,
3652,Vb-531.FN380-FDE-RMS,531.FN380,,2024-12,2024-12-16,0.61,,1.49,0.66,,,,,,,,,,
3653,Vb-531.FN380-FNDE-RMS,531.FN380,,2024-12,2024-12-16,1.1,,1.86,1.32,,,,,,,,,,
3654,Vb-531.FN380-MDE-RMS,531.FN380,,2024-12,2024-12-16,0.33,,1.38,0.84,,,,,,,,,,
3655,Vb-531.FN380-MNDE-RMS,531.FN380,,2024-12,2024-12-16,0.29,,0.95,0.71,,,,,,,,,,
3656,Vb-531.FN380-FDE-RMS,531.FN380,,2025-01,2025-01-06,0.78,,1.51,0.73,,,,,,,,,,
3657,Vb-531.FN380-FNDE-RMS,531.FN380,,2025-01,2025-01-06,3.34,,1.91,1.29,,,,,,,,,,
3658,Vb-531.FN380-MDE-RMS,531.FN380,,2025-01,2025-01-06,0.33,,1.5,0.91,,,,,,,,,,
3659,Vb-531.FN380-MNDE-RMS,531.FN380,,2025-01,2025-01-06,0.32,,1.33,0.69,,,,,,,,,,
3660,Vb-531.FN380-FDE-RMS,531.FN380,,2025-02,2025-02-18,0.69,,1.31,0.65,,,,,,,,,,
3661,Vb-531.FN380-FNDE-RMS,531.FN380,,2025-02,2025-02-18,0.99,,2.08,1.23,,,,,,,,,,
3662,Vb-531.FN380-MDE-RMS,531.FN380,,2025-02,2025-02-18,0.39,,1.31,0.84,,,,,,,,,,
3663,Vb-531.FN380-MNDE-RMS,531.FN380,,2025-02,2025-02-18,0.42,,1.23,0.61,,,,,,,,,,
3664,Vb-531.FN380-FDE-RMS,531.FN380,,2025-05,2025-05-12,1.7,,0.69,0.58,,,,,,,,,,
3665,Vb-531.FN380-FNDE-RMS,531.FN380,,2025-05,2025-05-12,1.86,,2.95,2.08,,,,,,,,,,
3666,Vb-531.FN380-MDE-RMS,531.FN380,,2025-05,2025-05-07,0.44,,1.28,0.83,,,,,,,,,,
3667,Vb-531.FN380-MNDE-RMS,531.FN380,,2025-05,2025-05-07,0.68,,1.29,0.91,,,,,,,,,,
3668,Vb-531.FN380-FDE-RMS,531.FN380,,2025-07,2025-07-14,1.06,,1.02,1.27,,,,,,,,,,
3669,Vb-531.FN380-FNDE-RMS,531.FN380,,2025-07,2025-07-14,0.97,,2.42,0.89,,,,,,,,,,
3670,Vb-531.FN380-MDE-RMS,531.FN380,,2025-07,2025-07-14,0.36,,0.9,0.55,,,,,,,,,,
3671,Vb-531.FN380-MNDE-RMS,531.FN380,,2025-07,2025-07-14,0.37,,1.05,0.7,,,,,,,,,,
3672,Vb-531.FN380-FDE-RMS,531.FN380,,2025-08,2025-08-26,2.19,,2,1.78,,,,,,,,,,
3673,Vb-531.FN380-FNDE-RMS,531.FN380,,2025-08,2025-08-26,1.96,,1.62,1.66,,,,,,,,,,
3674,Vb-531.FN380-MDE-RMS,531.FN380,,2025-08,2025-08-26,0.58,,1.18,0.84,,,,,,,,,,
3675,Vb-531.FN380-MNDE-RMS,531.FN380,,2025-08,2025-08-26,0.62,,0.98,0.94,,,,,,,,,,
3676,Vb-531.FN380-MDE-RMS,531.FN380,,2025-09,2025-09-28,0.47,,0.85,0.67,,,,,,,,,,
3677,Vb-531.FN380-MNDE-RMS,531.FN380,,2025-09,2025-09-28,0.45,,0.89,1.01,,,,,,,,,,
3678,Vb-531.FN380-FDE-RMS,531.FN380,,2025-10,2025-10-06,0.72,,0.68,0.75,,,,,,,,,,
3679,Vb-531.FN380-FNDE-RMS,531.FN380,,2025-10,2025-10-06,0.51,,0.73,0.55,,,,,,,,,,
3680,Vb-531.FN380-FDE-RMS,531.FN380,,2026-04,2026-04-23,10.76,,1.607,1.839,,,,,,,,,,
3681,Vb-531.FN380-FNDE-RMS,531.FN380,,2026-04,2026-04-23,3.641,,0.705,1.659,,,,,,,,,,
3682,Vb-531.FN380-MDE-RMS,531.FN380,,2026-04,2026-04-23,1.097,,1.369,0.66,,,,,,,,,,
3683,Vb-531.FN380-MNDE-RMS,531.FN380,,2026-04,2026-04-23,0.822,,0.729,0.467,,,,,,,,,,
3684,Vb-531.FN380-FDE-RMS,531.FN380,,2026-05,2026-05-13,9.82,,1.85,0.99,,,,,,,,,,
3685,Vb-531.FN380-FNDE-RMS,531.FN380,,2026-05,2026-05-13,2.85,,1.49,1.1,,,,,,,,,,
3686,Vb-531.FN380-MDE-RMS,531.FN380,,2026-05,2026-05-13,0.78,,1.4,0.63,,,,,,,,,,
3687,Vb-531.FN380-MNDE-RMS,531.FN380,,2026-05,2026-05-13,0.89,,1.77,1.05,,,,,,,,,,
3688,Vb-531.FN530-FDE-RMS,531.FN530,,2024-12,2024-12-23,1.19,,1.17,1.77,,,,,,,,,,
3689,Vb-531.FN530-FNDE-RMS,531.FN530,,2024-12,2024-12-23,1.21,,1.02,0.97,,,,,,,,,,
3690,Vb-531.FN530-MDE-RMS,531.FN530,,2024-12,2024-12-23,0.69,,1.61,1.79,,,,,,,,,,
3691,Vb-531.FN530-MNDE-RMS,531.FN530,,2024-12,2024-12-23,1.08,,1.21,1.1,,,,,,,,,,
3692,Vb-531.FN530-FDE-RMS,531.FN530,,2025-01,2025-01-06,1.19,,0.88,0.97,,,,,,,,,,
3693,Vb-531.FN530-FNDE-RMS,531.FN530,,2025-01,2025-01-06,1.4,,1.1,0.89,,,,,,,,,,
3694,Vb-531.FN530-MDE-RMS,531.FN530,,2025-01,2025-01-06,0.96,,1.57,2.06,,,,,,,,,,
3695,Vb-531.FN530-MNDE-RMS,531.FN530,,2025-01,2025-01-06,0.87,,1.12,1.13,,,,,,,,,,
3696,Vb-531.FN530-FDE-RMS,531.FN530,,2025-02,2025-02-19,1.17,,0.73,1.04,,,,,,,,,,
3697,Vb-531.FN530-FNDE-RMS,531.FN530,,2025-02,2025-02-19,1.47,,0.75,0.78,,,,,,,,,,
3698,Vb-531.FN530-MDE-RMS,531.FN530,,2025-02,2025-02-19,0.66,,1.37,1.03,,,,,,,,,,
3699,Vb-531.FN530-MNDE-RMS,531.FN530,,2025-02,2025-02-19,1,,0.94,1.28,,,,,,,,,,
3700,Vb-531.FN530-FDE-RMS,531.FN530,,2025-05,2025-05-09,1.38,,0.97,1.2,,,,,,,,,,
3701,Vb-531.FN530-FNDE-RMS,531.FN530,,2025-05,2025-05-09,1.22,,1.21,0.76,,,,,,,,,,
3702,Vb-531.FN530-MDE-RMS,531.FN530,,2025-05,2025-05-09,1.67,,1.8,1.43,,,,,,,,,,
3703,Vb-531.FN530-MNDE-RMS,531.FN530,,2025-05,2025-05-09,1.17,,1.37,1.27,,,,,,,,,,
3704,Vb-531.FN530-FDE-RMS,531.FN530,,2025-07,2025-07-30,1.3,,0.99,1.97,,,,,,,,,,
3705,Vb-531.FN530-FNDE-RMS,531.FN530,,2025-07,2025-07-30,0.9,,1.13,1.1,,,,,,,,,,
3706,Vb-531.FN530-MDE-RMS,531.FN530,,2025-07,2025-07-30,1.17,,0.98,1.05,,,,,,,,,,
3707,Vb-531.FN530-MNDE-RMS,531.FN530,,2025-07,2025-07-30,0.81,,0.89,0.83,,,,,,,,,,
3708,Vb-531.FN530-FDE-RMS,531.FN530,,2025-08,2025-08-26,0.83,,0.85,1.19,,,,,,,,,,
3709,Vb-531.FN530-FNDE-RMS,531.FN530,,2025-08,2025-08-26,1.09,,1.11,0.82,,,,,,,,,,
3710,Vb-531.FN530-MDE-RMS,531.FN530,,2025-08,2025-08-26,1.02,,1.38,1.38,,,,,,,,,,
3711,Vb-531.FN530-MNDE-RMS,531.FN530,,2025-08,2025-08-26,0.83,,1.14,1,,,,,,,,,,
3712,Vb-531.FN530-FDE-RMS,531.FN530,,2025-09,2025-09-28,0.79,,0.71,1.3,,,,,,,,,,
3713,Vb-531.FN530-FNDE-RMS,531.FN530,,2025-09,2025-09-28,1.05,,0.95,0.98,,,,,,,,,,
3714,Vb-531.FN530-MDE-RMS,531.FN530,,2025-09,2025-09-28,1.34,,1.37,1.31,,,,,,,,,,
3715,Vb-531.FN530-MNDE-RMS,531.FN530,,2025-09,2025-09-28,1.12,,0.99,0.98,,,,,,,,,,
3716,Vb-531.FN530-FDE-RMS,531.FN530,,2026-04,2026-04-23,2.53,,1.27,1.157,,,,,,,,,,
3717,Vb-531.FN530-FNDE-RMS,531.FN530,,2026-04,2026-04-23,1.676,,1.507,1.43,,,,,,,,,,
3718,Vb-531.FN530-MDE-RMS,531.FN530,,2026-04,2026-04-23,2.263,,2.018,1.816,,,,,,,,,,
3719,Vb-531.FN530-MNDE-RMS,531.FN530,,2026-04,2026-04-23,1.401,,1.57,1.213,,,,,,,,,,
3720,Vb-531.FN530-FDE-RMS,531.FN530,,2026-05,2026-05-13,2.78,,1.84,0.83,,,,,,,,,,
3721,Vb-531.FN530-FNDE-RMS,531.FN530,,2026-05,2026-05-13,1.66,,1.59,1.41,,,,,,,,,,
3722,Vb-531.FN530-MDE-RMS,531.FN530,,2026-05,2026-05-13,2.5,,2.06,1.87,,,,,,,,,,
3723,Vb-531.FN530-MNDE-RMS,531.FN530,,2026-05,2026-05-13,1.22,,1.58,1.08,,,,,,,,,,
3724,Vb-531.MD140-MDE-RMS,531.MD140,,2024-12,2024-12-23,0.43,,1.42,1.9,,,,,,,,,,
3725,Vb-531.MD140-MNDE-RMS,531.MD140,,2024-12,2024-12-23,1,,0.69,0.9,,,,,,,,,,
3726,Vb-531.MD140-S1DE-RMS,531.MD140,,2024-12,2024-12-23,3.3,,3.65,6.23,,,,,,,,,,
3727,Vb-531.MD140-S1NDE-RMS,531.MD140,,2024-12,2024-12-23,4.12,,4.44,4.86,,,,,,,,,,
3728,Vb-531.MD140-S2DE-RMS,531.MD140,,2024-12,2024-12-23,3.2,,2.61,2.11,,,,,,,,,,
3729,Vb-531.MD140-S2NDE-RMS,531.MD140,,2024-12,2024-12-23,4.12,,1.9,2.96,,,,,,,,,,
3730,Vb-531.MD140-S3DE-RMS,531.MD140,,2024-12,2024-12-23,1.81,,2.3,2.43,,,,,,,,,,
3731,Vb-531.MD140-S3NDE-RMS,531.MD140,,2024-12,2024-12-23,4.88,,2.62,1.99,,,,,,,,,,
3732,Vb-531.MD140-S4DE-RMS,531.MD140,,2024-12,2024-12-23,2.94,,2.95,2.14,,,,,,,,,,
3733,Vb-531.MD140-S4NDE-RMS,531.MD140,,2024-12,2024-12-23,2.49,,1.96,2.53,,,,,,,,,,
3734,Vb-531.MD140-MDE-RMS,531.MD140,,2025-01,2025-01-06,0.51,,1.3,1.35,,,,,,,,,,
3735,Vb-531.MD140-MNDE-RMS,531.MD140,,2025-01,2025-01-06,0.74,,0.72,0.75,,,,,,,,,,
3736,Vb-531.MD140-S1DE-RMS,531.MD140,,2025-01,2025-01-06,3.94,,3.84,5.11,,,,,,,,,,
3737,Vb-531.MD140-S1NDE-RMS,531.MD140,,2025-01,2025-01-06,3.89,,4.95,3.55,,,,,,,,,,
3738,Vb-531.MD140-S2DE-RMS,531.MD140,,2025-01,2025-01-06,3.27,,2.65,2.51,,,,,,,,,,
3739,Vb-531.MD140-S2NDE-RMS,531.MD140,,2025-01,2025-01-06,3.49,,1.71,2.63,,,,,,,,,,
3740,Vb-531.MD140-S3DE-RMS,531.MD140,,2025-01,2025-01-06,1.95,,2.36,2.54,,,,,,,,,,
3741,Vb-531.MD140-S3NDE-RMS,531.MD140,,2025-01,2025-01-06,4.45,,3.29,2.26,,,,,,,,,,
3742,Vb-531.MD140-S4DE-RMS,531.MD140,,2025-01,2025-01-06,3.24,,2.67,1.98,,,,,,,,,,
3743,Vb-531.MD140-S4NDE-RMS,531.MD140,,2025-01,2025-01-06,2.54,,2.21,3.29,,,,,,,,,,
3744,Vb-531.MD140-MDE-RMS,531.MD140,,2025-02,2025-02-18,0.6,,1.44,1.75,,,,,,,,,,
3745,Vb-531.MD140-MNDE-RMS,531.MD140,,2025-02,2025-02-18,0.63,,0.78,0.71,,,,,,,,,,
3746,Vb-531.MD140-S1DE-RMS,531.MD140,,2025-02,2025-02-18,3.38,,5.73,5.79,,,,,,,,,,
3747,Vb-531.MD140-S1NDE-RMS,531.MD140,,2025-02,2025-02-18,5.13,,4.72,2.74,,,,,,,,,,
3748,Vb-531.MD140-S2DE-RMS,531.MD140,,2025-02,2025-02-18,2.9,,2.88,2.81,,,,,,,,,,
3749,Vb-531.MD140-S2NDE-RMS,531.MD140,,2025-02,2025-02-18,3.65,,1.82,3.21,,,,,,,,,,
3750,Vb-531.MD140-S3DE-RMS,531.MD140,,2025-02,2025-02-18,1.91,,2.29,3.09,,,,,,,,,,
3751,Vb-531.MD140-S3NDE-RMS,531.MD140,,2025-02,2025-02-18,4.72,,2.52,2.63,,,,,,,,,,
3752,Vb-531.MD140-S4DE-RMS,531.MD140,,2025-02,2025-02-18,3.4,,2.95,2.31,,,,,,,,,,
3753,Vb-531.MD140-S4NDE-RMS,531.MD140,,2025-02,2025-02-18,2.73,,1.91,2.95,,,,,,,,,,
3754,Vb-531.MD140-MDE-RMS,531.MD140,,2025-05,2025-05-20,1.27,,1.07,1.07,,,,,,,,,,
3755,Vb-531.MD140-MNDE-RMS,531.MD140,,2025-05,2025-05-20,1.1,,0.86,0.71,,,,,,,,,,
3756,Vb-531.MD140-S1DE-RMS,531.MD140,,2025-05,2025-05-20,9.46,,6.43,7.47,,,,,,,,,,
3757,Vb-531.MD140-S1NDE-RMS,531.MD140,,2025-05,2025-05-20,9.03,,8.17,5.23,,,,,,,,,,
3758,Vb-531.MD140-S2DE-RMS,531.MD140,,2025-05,2025-05-20,2.78,,2.72,3,,,,,,,,,,
3759,Vb-531.MD140-S2NDE-RMS,531.MD140,,2025-05,2025-05-20,4.63,,2.36,2.79,,,,,,,,,,
3760,Vb-531.MD140-S3DE-RMS,531.MD140,,2025-05,2025-05-20,4.35,,2.92,4.57,,,,,,,,,,
3761,Vb-531.MD140-S3NDE-RMS,531.MD140,,2025-05,2025-05-20,8.82,,2.82,2.03,,,,,,,,,,
3762,Vb-531.MD140-S4DE-RMS,531.MD140,,2025-05,2025-05-20,4.64,,2.7,3.47,,,,,,,,,,
3763,Vb-531.MD140-S4NDE-RMS,531.MD140,,2025-05,2025-05-20,4.19,,2.94,2.8,,,,,,,,,,
3764,Vb-531.MD140-MDE-RMS,531.MD140,,2025-08,2025-08-01,0.77,,1.24,1.13,2025-08-26,0.76,,1.34,1.3,,,,,
3765,Vb-531.MD140-MNDE-RMS,531.MD140,,2025-08,2025-08-01,0.7,,0.76,0.62,2025-08-26,0.8,,0.7,0.73,,,,,
3766,Vb-531.MD140-S1DE-RMS,531.MD140,,2025-08,2025-08-01,5.24,,6.72,4.95,2025-08-28,4.78,,8.01,7.82,,,,,
3767,Vb-531.MD140-S1NDE-RMS,531.MD140,,2025-08,2025-08-01,4.32,,6.41,2.91,2025-08-28,4.24,,7.19,3.17,,,,,
3768,Vb-531.MD140-S2DE-RMS,531.MD140,,2025-08,2025-08-01,3.54,,3.36,3.17,2025-08-28,3.62,,3.38,3.18,,,,,
3769,Vb-531.MD140-S2NDE-RMS,531.MD140,,2025-08,2025-08-01,4.22,,2.45,3.16,2025-08-28,4.48,,2.32,4.36,,,,,
3770,Vb-531.MD140-S3DE-RMS,531.MD140,,2025-08,2025-08-01,3.16,,3.34,5.01,2025-08-28,3.06,,3.67,4.53,,,,,
3771,Vb-531.MD140-S3NDE-RMS,531.MD140,,2025-08,2025-08-01,5.67,,2.41,2.63,2025-08-28,4.24,,2.55,2.71,,,,,
3772,Vb-531.MD140-S4DE-RMS,531.MD140,,2025-08,2025-08-01,3.94,,3.86,4.26,2025-08-28,3.92,,3.87,4.53,,,,,
3773,Vb-531.MD140-S4NDE-RMS,531.MD140,,2025-08,2025-08-01,2.91,,2.78,4.94,2025-08-28,2.95,,2.61,3.61,,,,,
3774,Vb-531.MD140-TGB-RMS,531.MD140,,2025-08,2025-08-01,,,,5.97,,,,,,,,,,
3775,Vb-531.MD140-MDE-RMS,531.MD140,,2025-10,2025-10-15,0.83,,1.59,1.47,,,,,,,,,,
3776,Vb-531.MD140-MNDE-RMS,531.MD140,,2025-10,2025-10-15,0.85,,0.85,0.74,,,,,,,,,,
3777,Vb-531.MD140-S1DE-RMS,531.MD140,,2025-10,2025-10-15,4.67,,7.46,6.62,,,,,,,,,,
3778,Vb-531.MD140-S1NDE-RMS,531.MD140,,2025-10,2025-10-15,7.41,,7.38,4.68,,,,,,,,,,
3779,Vb-531.MD140-S2DE-RMS,531.MD140,,2025-10,2025-10-15,3.43,,3.79,4.5,,,,,,,,,,
3780,Vb-531.MD140-S2NDE-RMS,531.MD140,,2025-10,2025-10-15,4.46,,2.62,3.04,,,,,,,,,,
3781,Vb-531.MD140-S3DE-RMS,531.MD140,,2025-10,2025-10-15,3.91,,3.59,5.05,,,,,,,,,,
3782,Vb-531.MD140-S3NDE-RMS,531.MD140,,2025-10,2025-10-15,4.2,,2.77,2.81,,,,,,,,,,
3783,Vb-531.MD140-S4DE-RMS,531.MD140,,2025-10,2025-10-15,4.18,,4.15,4.65,,,,,,,,,,
3784,Vb-531.MD140-S4NDE-RMS,531.MD140,,2025-10,2025-10-15,2.34,,3.13,3.39,,,,,,,,,,
3785,Vb-531.MD140-TGB-RMS,531.MD140,,2025-10,2025-10-15,,,,5.87,,,,,,,,,,
3786,Vb-531.MD140-MDE-RMS,531.MD140,,2026-04,2026-04-27,3.228,,1.416,0.633,,,,,,,,,,
3787,Vb-531.MD140-MNDE-RMS,531.MD140,,2026-04,2026-04-27,1.462,,0.823,0.696,,,,,,,,,,
3788,Vb-531.MD140-S1DE-RMS,531.MD140,,2026-04,2026-04-27,6.51,,4.096,4.356,,,,,,,,,,
3789,Vb-531.MD140-S1NDE-RMS,531.MD140,,2026-04,2026-04-27,5.264,,1.989,2.599,,,,,,,,,,
3790,Vb-531.MD140-S2DE-RMS,531.MD140,,2026-04,2026-04-27,2.766,,3.575,2.625,,,,,,,,,,
3791,Vb-531.MD140-S2NDE-RMS,531.MD140,,2026-04,2026-04-27,1.86,,1.964,2.333,,,,,,,,,,
3792,Vb-531.MD140-S3DE-RMS,531.MD140,,2026-04,2026-04-27,2.646,,2.932,2.449,,,,,,,,,,
3793,Vb-531.MD140-S3NDE-RMS,531.MD140,,2026-04,2026-04-27,3.882,,3.007,1.624,,,,,,,,,,
3794,Vb-531.MD140-S4DE-RMS,531.MD140,,2026-04,2026-04-27,2.098,,3.687,2.335,,,,,,,,,,
3795,Vb-531.MD140-S4NDE-RMS,531.MD140,,2026-04,2026-04-27,1.778,,1.941,2.03,,,,,,,,,,
3796,Vb-531.MD140-MDE-RMS,531.MD140,,2026-05,2026-05-13,1.37,,1.51,0.48,,,,,,,,,,
3797,Vb-531.MD140-S1DE-RMS,531.MD140,,2026-05,2026-05-13,4.77,4.97,,4.3,,,,,,,,,,
3798,Vb-531.MD140-S1NDE-RMS,531.MD140,,2026-05,2026-05-13,4.07,2.38,,3.16,,,,,,,,,,
3799,Vb-531.MD140-S2DE-RMS,531.MD140,,2026-05,2026-05-13,2.65,3.69,,2.52,,,,,,,,,,
3800,Vb-531.MD140-S2NDE-RMS,531.MD140,,2026-05,2026-05-13,2.02,1.98,,2.45,,,,,,,,,,
3801,Vb-531.MD140-S3DE-RMS,531.MD140,,2026-05,2026-05-13,3.82,1.97,,1.57,,,,,,,,,,
3802,Vb-531.MD140-S3NDE-RMS,531.MD140,,2026-05,2026-05-13,2.45,2.86,,2.55,,,,,,,,,,
3803,Vb-531.MD140-S4DE-RMS,531.MD140,,2026-05,2026-05-13,2.34,3.42,,2.33,,,,,,,,,,
3804,Vb-531.MD140-S4NDE-RMS,531.MD140,,2026-05,2026-05-13,0.92,,1,0.6,,,,,,,,,,
3805,Vb-531.MD140-MDE-RMS,531.MD140,,2026-06,2026-06-04,0.892,,1.039,0.66,,,,,,,,,,
3806,Vb-531.MD140-MNDE-RMS,531.MD140,,2026-06,2026-06-04,1.084,,1.541,0.566,,,,,,,,,,
3807,Vb-531.MD140-S1DE-RMS,531.MD140,,2026-06,2026-06-04,4.231,,3.124,3.762,,,,,,,,,,
3808,Vb-531.MD140-S1NDE-RMS,531.MD140,,2026-06,2026-06-04,5.051,,2.333,3.158,,,,,,,,,,
3809,Vb-531.MD140-S2DE-RMS,531.MD140,,2026-06,2026-06-04,2.745,,3.594,2.317,,,,,,,,,,
3810,Vb-531.MD140-S2NDE-RMS,531.MD140,,2026-06,2026-06-04,2.088,,1.913,2.177,,,,,,,,,,
3811,Vb-531.MD140-S3DE-RMS,531.MD140,,2026-06,2026-06-04,2.664,,2.809,2.455,,,,,,,,,,
3812,Vb-531.MD140-S3NDE-RMS,531.MD140,,2026-06,2026-06-04,3.753,,2.493,1.751,,,,,,,,,,
3813,Vb-531.MD140-S4DE-RMS,531.MD140,,2026-06,2026-06-04,2.192,,3.522,2.369,,,,,,,,,,
3814,Vb-531.MD140-S4NDE-RMS,531.MD140,,2026-06,2026-06-04,2.327,,2.183,2.28,,,,,,,,,,
3815,Vb-531.MD302-MDE-RMS,531.MD302,,2024-12,2024-12-23,0.46,,2.23,1.11,,,,,,,,,,
3816,Vb-531.MD302-MNDE-RMS,531.MD302,,2024-12,2024-12-23,0.89,,2.56,1.41,,,,,,,,,,
3817,Vb-531.MD302-S1DE-RMS,531.MD302,,2024-12,2024-12-23,0.45,,2.47,1.11,,,,,,,,,,
3818,Vb-531.MD302-S1NDE-RMS,531.MD302,,2024-12,2024-12-23,0.48,,2.99,1.08,,,,,,,,,,
3819,Vb-531.MD302-S2DE-RMS,531.MD302,,2024-12,2024-12-23,0.94,,1.58,1.19,,,,,,,,,,
3820,Vb-531.MD302-S2NDE-RMS,531.MD302,,2024-12,2024-12-23,0.49,,2.44,2.1,,,,,,,,,,
3821,Vb-531.MD302-MDE-RMS,531.MD302,,2025-02,2025-02-19,0.46,,2.13,1.22,,,,,,,,,,
3822,Vb-531.MD302-MNDE-RMS,531.MD302,,2025-02,2025-02-19,0.58,,2.4,1.52,,,,,,,,,,
3823,Vb-531.MD302-S1DE-RMS,531.MD302,,2025-02,2025-02-19,0.59,,3.17,1.18,,,,,,,,,,
3824,Vb-531.MD302-S1NDE-RMS,531.MD302,,2025-02,2025-02-19,0.47,,1.03,0.94,,,,,,,,,,
3825,Vb-531.MD302-S2DE-RMS,531.MD302,,2025-02,2025-02-19,1.31,,2.72,1.49,,,,,,,,,,
3826,Vb-531.MD302-S2NDE-RMS,531.MD302,,2025-02,2025-02-19,0.45,,1.23,0.79,,,,,,,,,,
3827,Vb-531.MD302-MDE-RMS,531.MD302,,2025-04,2025-04-23,0.49,,1.9,1.25,,,,,,,,,,
3828,Vb-531.MD302-MNDE-RMS,531.MD302,,2025-04,2025-04-23,0.79,,2.24,1.14,,,,,,,,,,
3829,Vb-531.MD302-S1DE-RMS,531.MD302,,2025-04,2025-04-23,0.54,,1.09,1.09,,,,,,,,,,
3830,Vb-531.MD302-S1NDE-RMS,531.MD302,,2025-04,2025-04-23,0.42,,2.59,1.02,,,,,,,,,,
3831,Vb-531.MD302-S2DE-RMS,531.MD302,,2025-04,2025-04-23,0.5,,1.79,0.93,,,,,,,,,,
3832,Vb-531.MD302-S2NDE-RMS,531.MD302,,2025-04,2025-04-23,0.48,,1.95,0.95,,,,,,,,,,
3833,Vb-531.MD302-MDE-RMS,531.MD302,,2025-06,2025-06-25,0.55,,1.22,1.4,,,,,,,,,,
3834,Vb-531.MD302-MNDE-RMS,531.MD302,,2025-06,2025-06-25,1,,2.02,1.26,,,,,,,,,,
3835,Vb-531.MD302-S1DE-RMS,531.MD302,,2025-06,2025-06-25,0.61,,1.03,0.69,,,,,,,,,,
3836,Vb-531.MD302-S1NDE-RMS,531.MD302,,2025-06,2025-06-25,0.7,,1.47,1.09,,,,,,,,,,
3837,Vb-531.MD302-S2DE-RMS,531.MD302,,2025-06,2025-06-25,1.19,,1.06,1.05,,,,,,,,,,
3838,Vb-531.MD302-S2NDE-RMS,531.MD302,,2025-06,2025-06-25,0.56,,1.28,0.93,,,,,,,,,,
3839,Vb-531.MD302-MDE-RMS,531.MD302,,2025-08,2025-08-26,1.05,,1.64,1.1,,,,,,,,,,
3840,Vb-531.MD302-MNDE-RMS,531.MD302,,2025-08,2025-08-26,0.76,,1.85,1.38,,,,,,,,,,
3841,Vb-531.MD302-S1DE-RMS,531.MD302,,2025-08,2025-08-26,0.8,,1.14,1.09,,,,,,,,,,
3842,Vb-531.MD302-S1NDE-RMS,531.MD302,,2025-08,2025-08-26,0.53,,1.03,0.99,,,,,,,,,,
3843,Vb-531.MD302-S2DE-RMS,531.MD302,,2025-08,2025-08-26,0.75,,1.11,0.8,,,,,,,,,,
3844,Vb-531.MD302-S2NDE-RMS,531.MD302,,2025-08,2025-08-26,0.52,,2.09,1.01,,,,,,,,,,
3845,Vb-531.MD302-MDE-RMS,531.MD302,,2026-04,2026-04-23,0.792,,1.082,0.644,,,,,,,,,,
3846,Vb-531.MD302-MNDE-RMS,531.MD302,,2026-04,2026-04-23,0.664,,2.006,1.069,,,,,,,,,,
3847,Vb-531.MD302-S1DE-RMS,531.MD302,,2026-04,2026-04-23,0.643,,1.471,0.585,,,,,,,,,,
3848,Vb-531.MD302-S1NDE-RMS,531.MD302,,2026-04,2026-04-23,0.707,,0.578,0.883,,,,,,,,,,
3849,Vb-531.MD302-S2DE-RMS,531.MD302,,2026-04,2026-04-23,0.633,,0.926,0.624,,,,,,,,,,
3850,Vb-531.MD302-S2NDE-RMS,531.MD302,,2026-04,2026-04-23,0.611,,1.139,0.709,,,,,,,,,,
3851,Vb-531.MD302-MDE-RMS,531.MD302,,2026-05,2026-05-13,0.8,,1.58,2.35,,,,,,,,,,
3852,Vb-531.MD302-MNDE-RMS,531.MD302,,2026-05,2026-05-13,1.6,,2.21,2.28,,,,,,,,,,
3853,Vb-531.MD302-S1DE-RMS,531.MD302,,2026-05,2026-05-13,0.8,1.18,,1.71,,,,,,,,,,
3854,Vb-531.MD302-S1NDE-RMS,531.MD302,,2026-05,2026-05-13,0.74,2.08,,1.52,,,,,,,,,,
3855,Vb-531.MD302-S2DE-RMS,531.MD302,,2026-05,2026-05-13,0.88,1.74,,1.65,,,,,,,,,,
3856,Vb-531.MD302-S2NDE-RMS,531.MD302,,2026-05,2026-05-13,0.72,1.4,,1.52,,,,,,,,,,
3857,,532.BE220,Shaft 1 inboard  DE,2024-12,2024-12-22,4.89,,2.33,4.98,,,,,,,,,,
3858,,532.BE220,Shaft 2  inboard  DE,2024-12,2024-12-22,3.87,,3.07,3.22,,,,,,,,,,
3859,,532.BE220,Shaft 2  outboard NDE,2024-12,2024-12-22,6.51,,3.64,3.07,,,,,,,,,,
3860,Vb-532.BE220-MDE-RMS,532.BE220,,2024-12,2024-12-22,3.16,,4.19,10.2,,,,,,,,,,
3861,Vb-532.BE220-MNDE-RMS,532.BE220,,2024-12,2024-12-22,2.99,,5.92,13.93,,,,,,,,,,
3862,,532.BE220,Shaft 1 inboard  DE,2025-02,2025-02-19,5.23,,2.42,5.75,,,,,,,,,,
3863,,532.BE220,Shaft 2  inboard  DE,2025-02,2025-02-19,2.27,,4.45,3.21,,,,,,,,,,
3864,,532.BE220,Shaft 2  outboard NDE,2025-02,2025-02-19,3.1,,4.98,3.65,,,,,,,,,,
3865,Vb-532.BE220-MDE-RMS,532.BE220,,2025-02,2025-02-19,4.74,,4.06,5.87,,,,,,,,,,
3866,Vb-532.BE220-MNDE-RMS,532.BE220,,2025-02,2025-02-19,5.8,,6.74,13.81,,,,,,,,,,
3867,,532.BE220,Shaft 1 inboard  DE,2025-04,2025-04-23,6.05,,2.57,5.62,,,,,,,,,,
3868,,532.BE220,Shaft 2  inboard  DE,2025-04,2025-04-23,5.93,,1.97,3.76,,,,,,,,,,
3869,,532.BE220,Shaft 2  outboard NDE,2025-04,2025-04-23,3.8,,4.71,3.75,,,,,,,,,,
3870,Vb-532.BE220-MDE-RMS,532.BE220,,2025-04,2025-04-23,5.01,,5.35,6.14,,,,,,,,,,
3871,Vb-532.BE220-MNDE-RMS,532.BE220,,2025-04,2025-04-23,4.67,,6.58,12.91,,,,,,,,,,
3872,,532.BE220,Shaft 1 inboard  DE,2025-06,2025-06-25,6.67,,2.92,6.58,,,,,,,,,,
3873,,532.BE220,Shaft 2  inboard  DE,2025-06,2025-06-25,2.14,,5.02,4.77,,,,,,,,,,
3874,,532.BE220,Shaft 2  outboard NDE,2025-06,2025-06-25,3.5,,5.42,3.95,,,,,,,,,,
3875,Vb-532.BE220-MDE-RMS,532.BE220,,2025-06,2025-06-25,7.46,,4.69,6.29,,,,,,,,,,
3876,Vb-532.BE220-MNDE-RMS,532.BE220,,2025-06,2025-06-25,5.45,,7.26,11.44,,,,,,,,,,
3877,,532.BE220,Shaft 1 inboard  DE,2025-08,2025-08-26,6.05,,2.98,5.22,,,,,,,,,,
3878,,532.BE220,Shaft 2  inboard  DE,2025-08,2025-08-26,5.57,,2.58,4.32,,,,,,,,,,
3879,,532.BE220,Shaft 2  outboard NDE,2025-08,2025-08-26,4.88,,4.82,4.45,,,,,,,,,,
3880,Vb-532.BE220-MDE-RMS,532.BE220,,2025-08,2025-08-26,6.2,,5.81,5.65,,,,,,,,,,
3881,Vb-532.BE220-MNDE-RMS,532.BE220,,2025-08,2025-08-26,5.89,,8.26,11.74,,,,,,,,,,
3882,,532.BE220,Bearing DE,2026-04,2026-04-23,3.978,,8.631,3.873,,,,,,,,,,
3883,,532.BE220,Bearing NDE,2026-04,2026-04-23,2.65,,8.794,4.033,,,,,,,,,,
3884,,532.BE220,Shaft 1 inboard  DE,2026-04,2026-04-23,5.916,,3.924,6.146,,,,,,,,,,
3885,,532.BE220,Shaft 2  inboard  DE,2026-04,2026-04-23,7.378,,2.868,4.664,,,,,,,,,,
3886,,532.BE220,Shaft 2  outboard NDE,2026-04,2026-04-23,3.215,,4.221,4.629,,,,,,,,,,
3887,Vb-532.BE220-MDE-RMS,532.BE220,,2026-04,2026-04-23,8.63,,7.287,12.21,,,,,,,,,,
3888,Vb-532.BE220-MNDE-RMS,532.BE220,,2026-04,2026-04-23,9.814,,6.166,16.34,,,,,,,,,,
3889,,532.FN242,Fan NDE,2026-03,2026-03-17,12.1,,9.381,8.589,,,,,,,,,,
3890,Vb-532.FN242-FNDE-RMS,532.FN242,,2026-03,2026-03-17,10.93,,7.301,8.882,,,,,,,,,,
3891,Vb-532.FN242-MDE-RMS,532.FN242,,2026-03,2026-03-17,13.2,,8.579,10.69,,,,,,,,,,
3892,Vb-532.FN242-MNDE-RMS,532.FN242,,2026-03,2026-03-17,10.75,,8.237,9.65,,,,,,,,,,
3893,,532.FN242,Fan NDE,2026-05,2026-05-13,20.71,,9.98,5.68,,,,,,,,,,
3894,Vb-532.FN242-FNDE-RMS,532.FN242,,2026-05,2026-05-13,17.38,,6.8,6.86,,,,,,,,,,
3895,Vb-532.FN242-MDE-RMS,532.FN242,,2026-05,2026-05-13,16.34,,7.44,4.5,,,,,,,,,,
3896,Vb-532.FN242-MNDE-RMS,532.FN242,,2026-05,2026-05-13,24.07,,9.75,6.83,,,,,,,,,,
3897,Vb-532.FN380-FDE-RMS,532.FN380,,2024-12,2024-12-22,0.4,,0.4,0.31,,,,,,,,,,
3898,Vb-532.FN380-FNDE-RMS,532.FN380,,2024-12,2024-12-22,0.91,,0.73,0.52,,,,,,,,,,
3899,Vb-532.FN380-MDE-RMS,532.FN380,,2024-12,2024-12-22,0.3,,0.41,0.41,,,,,,,,,,
3900,Vb-532.FN380-MNDE-RMS,532.FN380,,2024-12,2024-12-22,0.38,,0.24,0.39,,,,,,,,,,
3901,Vb-532.FN380-FDE-RMS,532.FN380,,2025-01,2025-01-06,0.32,,0.4,0.25,,,,,,,,,,
3902,Vb-532.FN380-FNDE-RMS,532.FN380,,2025-01,2025-01-06,1.32,,0.63,0.4,,,,,,,,,,
3903,Vb-532.FN380-MDE-RMS,532.FN380,,2025-01,2025-01-06,0.26,,0.42,0.4,,,,,,,,,,
3904,Vb-532.FN380-MNDE-RMS,532.FN380,,2025-01,2025-01-06,0.51,,0.45,0.5,,,,,,,,,,
3905,Vb-532.FN380-FDE-RMS,532.FN380,,2025-02,2025-02-18,0.35,,0.37,0.38,,,,,,,,,,
3906,Vb-532.FN380-FNDE-RMS,532.FN380,,2025-02,2025-02-18,1.88,,0.77,0.47,,,,,,,,,,
3907,Vb-532.FN380-MDE-RMS,532.FN380,,2025-02,2025-02-18,0.29,,0.55,0.43,,,,,,,,,,
3908,Vb-532.FN380-MNDE-RMS,532.FN380,,2025-02,2025-02-18,0.3,,0.48,0.51,,,,,,,,,,
3909,Vb-532.FN380-FDE-RMS,532.FN380,,2025-05,2025-05-07,0.99,,0.38,0.26,,,,,,,,,,
3910,Vb-532.FN380-FNDE-RMS,532.FN380,,2025-05,2025-05-07,1.1,,0.77,0.69,,,,,,,,,,
3911,Vb-532.FN380-MDE-RMS,532.FN380,,2025-05,2025-05-07,0.43,,0.41,0.35,,,,,,,,,,
3912,Vb-532.FN380-MNDE-RMS,532.FN380,,2025-05,2025-05-07,0.48,,0.48,0.74,,,,,,,,,,
3913,Vb-532.FN380-FDE-RMS,532.FN380,,2025-07,2025-07-30,1.18,,0.38,0.38,,,,,,,,,,
3914,Vb-532.FN380-FNDE-RMS,532.FN380,,2025-07,2025-07-30,0.91,,0.81,0.79,,,,,,,,,,
3915,Vb-532.FN380-MDE-RMS,532.FN380,,2025-07,2025-07-30,0.48,,0.4,0.39,,,,,,,,,,
3916,Vb-532.FN380-MNDE-RMS,532.FN380,,2025-07,2025-07-30,0.59,,0.45,0.61,,,,,,,,,,
3917,Vb-532.FN380-FDE-RMS,532.FN380,,2025-08,2025-08-24,0.37,,0.36,0.41,,,,,,,,,,
3918,Vb-532.FN380-FNDE-RMS,532.FN380,,2025-08,2025-08-24,0.99,,0.75,0.79,,,,,,,,,,
3919,Vb-532.FN380-MDE-RMS,532.FN380,,2025-08,2025-08-24,0.26,,0.41,0.37,,,,,,,,,,
3920,Vb-532.FN380-MNDE-RMS,532.FN380,,2025-08,2025-08-24,0.34,,0.43,0.62,,,,,,,,,,
3921,Vb-532.FN380-FNDE-RMS,532.FN380,,2025-09,2025-09-28,0.35,,,0.33,,,,,,,,,,
3922,Vb-532.FN380-FDE-RMS,532.FN380,,2025-10,2025-10-01,0.42,,0.43,0.5,,,,,,,,,,
3923,Vb-532.FN380-FNDE-RMS,532.FN380,,2025-10,2025-10-01,,,0.81,,,,,,,,,,,
3924,Vb-532.FN380-MDE-RMS,532.FN380,,2025-10,2025-10-01,0.73,,0.52,0.48,,,,,,,,,,
3925,Vb-532.FN380-MNDE-RMS,532.FN380,,2025-10,2025-10-01,0.62,,0.49,0.78,,,,,,,,,,
3926,Vb-532.FN380-FDE-RMS,532.FN380,,2026-04,2026-04-27,1.882,,0.596,0.356,,,,,,,,,,
3927,Vb-532.FN380-FNDE-RMS,532.FN380,,2026-04,2026-04-27,1.882,,0.948,0.979,,,,,,,,,,
3928,Vb-532.FN380-MDE-RMS,532.FN380,,2026-04,2026-04-27,0.646,,0.56,0.608,,,,,,,,,,
3929,Vb-532.FN380-MNDE-RMS,532.FN380,,2026-04,2026-04-27,0.827,,0.607,0.929,,,,,,,,,,
3930,Vb-532.FN380-FDE-RMS,532.FN380,,2026-05,2026-05-13,1.66,,0.7,0.44,,,,,,,,,,
3931,Vb-532.FN380-FNDE-RMS,532.FN380,,2026-05,2026-05-13,1.72,,1.12,0.54,,,,,,,,,,
3932,Vb-532.FN380-MDE-RMS,532.FN380,,2026-05,2026-05-13,0.61,,0.56,0.67,,,,,,,,,,
3933,Vb-532.FN380-MNDE-RMS,532.FN380,,2026-05,2026-05-13,0.72,,0.59,0.95,,,,,,,,,,
3934,Vb-532.FN530-FDE-RMS,532.FN530,,2024-12,2024-12-22,0.77,,1.66,1.1,,,,,,,,,,
3935,Vb-532.FN530-FNDE-RMS,532.FN530,,2024-12,2024-12-22,1.2,,1.42,1.44,,,,,,,,,,
3936,Vb-532.FN530-MDE-RMS,532.FN530,,2024-12,2024-12-22,0.62,,0.94,0.91,,,,,,,,,,
3937,Vb-532.FN530-MNDE-RMS,532.FN530,,2024-12,2024-12-22,0.52,,1.29,0.81,,,,,,,,,,
3938,Vb-532.FN530-FDE-RMS,532.FN530,,2025-01,2025-01-06,1.01,,1.72,1.04,,,,,,,,,,
3939,Vb-532.FN530-FNDE-RMS,532.FN530,,2025-01,2025-01-06,1.33,,1.6,1.62,,,,,,,,,,
3940,Vb-532.FN530-MDE-RMS,532.FN530,,2025-01,2025-01-06,0.67,,0.9,0.71,,,,,,,,,,
3941,Vb-532.FN530-MNDE-RMS,532.FN530,,2025-01,2025-01-06,0.6,,1.09,0.86,,,,,,,,,,
3942,Vb-532.FN530-FDE-RMS,532.FN530,,2025-02,2025-02-18,0.63,,1.61,1.16,,,,,,,,,,
3943,Vb-532.FN530-FNDE-RMS,532.FN530,,2025-02,2025-02-18,0.95,,1.59,1.47,,,,,,,,,,
3944,Vb-532.FN530-MDE-RMS,532.FN530,,2025-02,2025-02-18,0.76,,0.74,0.71,,,,,,,,,,
3945,Vb-532.FN530-MNDE-RMS,532.FN530,,2025-02,2025-02-18,0.62,,0.83,0.8,,,,,,,,,,
3946,Vb-532.FN530-FDE-RMS,532.FN530,,2025-05,2025-05-09,0.75,,1.46,1.03,,,,,,,,,,
3947,Vb-532.FN530-FNDE-RMS,532.FN530,,2025-05,2025-05-09,1.15,,3.36,3.49,,,,,,,,,,
3948,Vb-532.FN530-MDE-RMS,532.FN530,,2025-05,2025-05-09,0.62,,0.73,0.82,,,,,,,,,,
3949,Vb-532.FN530-MNDE-RMS,532.FN530,,2025-05,2025-05-09,0.61,,0.58,0.74,,,,,,,,,,
3950,Vb-532.FN530-FDE-RMS,532.FN530,,2025-07,2025-07-30,1.13,,1.22,0.87,,,,,,,,,,
3951,Vb-532.FN530-FNDE-RMS,532.FN530,,2025-07,2025-07-30,1.21,,2.89,3.43,,,,,,,,,,
3952,Vb-532.FN530-MDE-RMS,532.FN530,,2025-07,2025-07-30,0.83,,0.76,0.86,,,,,,,,,,
3953,Vb-532.FN530-MNDE-RMS,532.FN530,,2025-07,2025-07-30,0.59,,0.65,0.69,,,,,,,,,,
3954,Vb-532.FN530-FDE-RMS,532.FN530,,2025-09,2025-09-28,1.59,,1.7,1.15,,,,,,,,,,
3955,Vb-532.FN530-FNDE-RMS,532.FN530,,2025-09,2025-09-28,2.19,,3.18,4.22,,,,,,,,,,
3956,Vb-532.FN530-MDE-RMS,532.FN530,,2025-09,2025-09-28,1.6,,2.15,1.71,,,,,,,,,,
3957,Vb-532.FN530-MNDE-RMS,532.FN530,,2025-09,2025-09-28,1.58,,1.36,1.34,,,,,,,,,,
3958,Vb-532.FN530-FDE-RMS,532.FN530,,2026-04,2026-04-23,3.594,,3.284,1.561,,,,,,,,,,
3959,Vb-532.FN530-FNDE-RMS,532.FN530,,2026-04,2026-04-23,3.745,,3.199,3.1,,,,,,,,,,
3960,Vb-532.FN530-MDE-RMS,532.FN530,,2026-04,2026-04-23,3.385,,3.61,3.253,,,,,,,,,,
3961,Vb-532.FN530-MNDE-RMS,532.FN530,,2026-04,2026-04-23,1.84,,2.079,2.842,,,,,,,,,,
3962,Vb-532.FN530-FDE-RMS,532.FN530,,2026-05,2026-05-13,4.39,,2.46,2.21,,,,,,,,,,
3963,Vb-532.FN530-FNDE-RMS,532.FN530,,2026-05,2026-05-13,3.73,,3.29,4.27,,,,,,,,,,
3964,Vb-532.FN530-MDE-RMS,532.FN530,,2026-05,2026-05-13,4.54,,2.85,2.07,,,,,,,,,,
3965,Vb-532.FN530-MNDE-RMS,532.FN530,,2026-05,2026-05-13,2.79,,1.81,2.02,,,,,,,,,,
3966,Vb-532.MD140-MDE-RMS,532.MD140,,2024-12,2024-12-22,0.88,,1.41,1.45,,,,,,,,,,
3967,Vb-532.MD140-MNDE-RMS,532.MD140,,2024-12,2024-12-22,1.27,,0.86,0.64,,,,,,,,,,
3968,Vb-532.MD140-S1DE-RMS,532.MD140,,2024-12,2024-12-22,3.05,,6.22,5.14,,,,,,,,,,
3969,Vb-532.MD140-S1NDE-RMS,532.MD140,,2024-12,2024-12-22,3.58,,2.77,3.05,,,,,,,,,,
3970,Vb-532.MD140-S2DE-RMS,532.MD140,,2024-12,2024-12-22,2.22,,3.12,2.72,,,,,,,,,,
3971,Vb-532.MD140-S2NDE-RMS,532.MD140,,2024-12,2024-12-22,3.05,,1.67,2.78,,,,,,,,,,
3972,Vb-532.MD140-S3DE-RMS,532.MD140,,2024-12,2024-12-22,2.07,,2.84,3.03,,,,,,,,,,
3973,Vb-532.MD140-S3NDE-RMS,532.MD140,,2024-12,2024-12-22,3.85,,2.12,2.08,,,,,,,,,,
3974,Vb-532.MD140-S4DE-RMS,532.MD140,,2024-12,2024-12-22,3.26,,3.32,2.75,,,,,,,,,,
3975,Vb-532.MD140-S4NDE-RMS,532.MD140,,2024-12,2024-12-22,2.38,,2.1,2.9,,,,,,,,,,
3976,Vb-532.MD140-MDE-RMS,532.MD140,,2025-01,2025-01-06,0.9,,1.23,1.48,,,,,,,,,,
3977,Vb-532.MD140-MNDE-RMS,532.MD140,,2025-01,2025-01-06,0.66,,0.84,0.67,,,,,,,,,,
3978,Vb-532.MD140-S1DE-RMS,532.MD140,,2025-01,2025-01-06,3.65,,6.45,5.42,,,,,,,,,,
3979,Vb-532.MD140-S1NDE-RMS,532.MD140,,2025-01,2025-01-06,3.51,,3.44,3.13,,,,,,,,,,
3980,Vb-532.MD140-S2DE-RMS,532.MD140,,2025-01,2025-01-06,2.69,,3.21,2.5,,,,,,,,,,
3981,Vb-532.MD140-S2NDE-RMS,532.MD140,,2025-01,2025-01-06,3.01,,1.64,2.49,,,,,,,,,,
3982,Vb-532.MD140-S3DE-RMS,532.MD140,,2025-01,2025-01-06,2.44,,2.87,3.13,,,,,,,,,,
3983,Vb-532.MD140-S3NDE-RMS,532.MD140,,2025-01,2025-01-06,4.07,,2.05,2.2,,,,,,,,,,
3984,Vb-532.MD140-S4DE-RMS,532.MD140,,2025-01,2025-01-06,3.51,,3.14,2.92,,,,,,,,,,
3985,Vb-532.MD140-S4NDE-RMS,532.MD140,,2025-01,2025-01-06,2.45,,1.93,3.17,,,,,,,,,,
3986,Vb-532.MD140-MDE-RMS,532.MD140,,2025-02,2025-02-18,1.1,,1.37,1.55,,,,,,,,,,
3987,Vb-532.MD140-MNDE-RMS,532.MD140,,2025-02,2025-02-18,0.79,,0.93,0.89,,,,,,,,,,
3988,Vb-532.MD140-S1DE-RMS,532.MD140,,2025-02,2025-02-18,3.8,,6,5.71,,,,,,,,,,
3989,Vb-532.MD140-S1NDE-RMS,532.MD140,,2025-02,2025-02-18,4.29,,3.18,3.56,,,,,,,,,,
3990,Vb-532.MD140-S2DE-RMS,532.MD140,,2025-02,2025-02-18,3.08,,3.16,2.85,,,,,,,,,,
3991,Vb-532.MD140-S2NDE-RMS,532.MD140,,2025-02,2025-02-18,3.17,,2.02,3.32,,,,,,,,,,
3992,Vb-532.MD140-S3DE-RMS,532.MD140,,2025-02,2025-02-18,3.08,,2.96,3.12,,,,,,,,,,
3993,Vb-532.MD140-S3NDE-RMS,532.MD140,,2025-02,2025-02-18,4.34,,2.14,2.12,,,,,,,,,,
3994,Vb-532.MD140-S4DE-RMS,532.MD140,,2025-02,2025-02-18,3.6,,3.09,3.15,,,,,,,,,,
3995,Vb-532.MD140-S4NDE-RMS,532.MD140,,2025-02,2025-02-18,2.2,,2.23,3.03,,,,,,,,,,
3996,Vb-532.MD140-MDE-RMS,532.MD140,,2025-05,2025-05-20,1.05,,1.41,1.41,,,,,,,,,,
3997,Vb-532.MD140-MNDE-RMS,532.MD140,,2025-05,2025-05-20,1.03,,0.9,0.85,,,,,,,,,,
3998,Vb-532.MD140-S1DE-RMS,532.MD140,,2025-05,2025-05-20,3.41,,6.22,5.61,,,,,,,,,,
3999,Vb-532.MD140-S1NDE-RMS,532.MD140,,2025-05,2025-05-20,4.51,,3.71,2.64,,,,,,,,,,
4000,Vb-532.MD140-S2DE-RMS,532.MD140,,2025-05,2025-05-20,3.48,,3.08,2.51,,,,,,,,,,
4001,Vb-532.MD140-S2NDE-RMS,532.MD140,,2025-05,2025-05-20,3.14,,1.76,3.34,,,,,,,,,,
4002,Vb-532.MD140-S3DE-RMS,532.MD140,,2025-05,2025-05-20,2.58,,2.88,2.83,,,,,,,,,,
4003,Vb-532.MD140-S3NDE-RMS,532.MD140,,2025-05,2025-05-20,3.03,,2.17,2.03,,,,,,,,,,
4004,Vb-532.MD140-S4DE-RMS,532.MD140,,2025-05,2025-05-20,3.83,,2.93,3.27,,,,,,,,,,
4005,Vb-532.MD140-S4NDE-RMS,532.MD140,,2025-05,2025-05-20,2.37,,1.94,3.09,,,,,,,,,,
4006,Vb-532.MD140-MDE-RMS,532.MD140,,2025-07,2025-07-30,1.02,,1.72,1.61,,,,,,,,,,
4007,Vb-532.MD140-MNDE-RMS,532.MD140,,2025-07,2025-07-30,0.98,,0.97,0.92,,,,,,,,,,
4008,Vb-532.MD140-S1DE-RMS,532.MD140,,2025-07,2025-07-30,3.61,,5.58,5.58,,,,,,,,,,
4009,Vb-532.MD140-S1NDE-RMS,532.MD140,,2025-07,2025-07-30,4.55,,3.54,2.17,,,,,,,,,,
4010,Vb-532.MD140-S2DE-RMS,532.MD140,,2025-07,2025-07-30,3.82,,3.05,2.04,,,,,,,,,,
4011,Vb-532.MD140-S2NDE-RMS,532.MD140,,2025-07,2025-07-30,2.57,,1.89,3.27,,,,,,,,,,
4012,Vb-532.MD140-S3DE-RMS,532.MD140,,2025-07,2025-07-30,3.71,,2.98,2.71,,,,,,,,,,
4013,Vb-532.MD140-S3NDE-RMS,532.MD140,,2025-07,2025-07-30,4.09,,1.96,2.05,,,,,,,,,,
4014,Vb-532.MD140-S4DE-RMS,532.MD140,,2025-07,2025-07-30,3.85,,3.01,3.29,,,,,,,,,,
4015,Vb-532.MD140-S4NDE-RMS,532.MD140,,2025-07,2025-07-30,2.16,,2.35,3.19,,,,,,,,,,
4016,Vb-532.MD140-MDE-RMS,532.MD140,,2025-08,2025-08-24,0.92,,0.91,0.7,,,,,,,,,,
4017,Vb-532.MD140-MNDE-RMS,532.MD140,,2025-08,2025-08-24,0.88,,0.87,0.79,,,,,,,,,,
4018,Vb-532.MD140-S1DE-RMS,532.MD140,,2025-08,2025-08-24,2.76,,6.33,5.44,,,,,,,,,,
4019,Vb-532.MD140-S1NDE-RMS,532.MD140,,2025-08,2025-08-24,4.91,,3.57,3.52,,,,,,,,,,
4020,Vb-532.MD140-S2DE-RMS,532.MD140,,2025-08,2025-08-24,3.8,,2.94,2.64,,,,,,,,,,
4021,Vb-532.MD140-S2NDE-RMS,532.MD140,,2025-08,2025-08-24,2.55,,1.86,2.71,,,,,,,,,,
4022,Vb-532.MD140-S3DE-RMS,532.MD140,,2025-08,2025-08-24,3.61,,2.52,2.52,,,,,,,,,,
4023,Vb-532.MD140-S3NDE-RMS,532.MD140,,2025-08,2025-08-24,3.74,,2.33,2.17,,,,,,,,,,
4024,Vb-532.MD140-S4DE-RMS,532.MD140,,2025-08,2025-08-24,3.84,,2.59,2.65,,,,,,,,,,
4025,Vb-532.MD140-S4NDE-RMS,532.MD140,,2025-08,2025-08-24,2.29,,2.92,3.17,,,,,,,,,,
4026,Vb-532.MD140-MDE-RMS,532.MD140,,2025-09,2025-09-28,0.93,,0.9,0.7,,,,,,,,,,
4027,Vb-532.MD140-MNDE-RMS,532.MD140,,2025-09,2025-09-28,0.74,,0.88,0.7,,,,,,,,,,
4028,Vb-532.MD140-S1DE-RMS,532.MD140,,2025-09,2025-09-28,4.03,,3.67,6.67,,,,,,,,,,
4029,Vb-532.MD140-S1NDE-RMS,532.MD140,,2025-09,2025-09-28,5.58,,3.38,2.22,,,,,,,,,,
4030,Vb-532.MD140-S2DE-RMS,532.MD140,,2025-09,2025-09-28,3.32,,2.82,2.11,,,,,,,,,,
4031,Vb-532.MD140-S2NDE-RMS,532.MD140,,2025-09,2025-09-28,3.07,,1.93,2.35,,,,,,,,,,
4032,Vb-532.MD140-S3DE-RMS,532.MD140,,2025-09,2025-09-28,3.07,,2.89,3.11,,,,,,,,,,
4033,Vb-532.MD140-S3NDE-RMS,532.MD140,,2025-09,2025-09-28,3.33,,2.37,2.35,,,,,,,,,,
4034,Vb-532.MD140-S4DE-RMS,532.MD140,,2025-09,2025-09-28,3.72,,3.05,3.05,,,,,,,,,,
4035,Vb-532.MD140-S4NDE-RMS,532.MD140,,2025-09,2025-09-28,2.67,,2.3,3.13,,,,,,,,,,
4036,Vb-532.MD140-MDE-RMS,532.MD140,,2026-04,2026-04-23,1.799,,2.227,1.429,,,,,,,,,,
4037,Vb-532.MD140-MNDE-RMS,532.MD140,,2026-04,2026-04-23,1.114,,1.331,0.81,,,,,,,,,,
4038,Vb-532.MD140-S1DE-RMS,532.MD140,,2026-04,2026-04-23,8.714,,9.064,11.22,,,,,,,,,,
4039,Vb-532.MD140-S1NDE-RMS,532.MD140,,2026-04,2026-04-23,6.685,,8.921,8.096,,,,,,,,,,
4040,Vb-532.MD140-S2DE-RMS,532.MD140,,2026-04,2026-04-23,5.686,,5.019,4.797,,,,,,,,,,
4041,Vb-532.MD140-S2NDE-RMS,532.MD140,,2026-04,2026-04-23,4.41,,3.726,4.075,,,,,,,,,,
4042,Vb-532.MD140-S3DE-RMS,532.MD140,,2026-04,2026-04-23,5.612,,4.623,4.892,,,,,,,,,,
4043,Vb-532.MD140-S3NDE-RMS,532.MD140,,2026-04,2026-04-23,5.814,,3.746,3.406,,,,,,,,,,
4044,Vb-532.MD140-S4DE-RMS,532.MD140,,2026-04,2026-04-23,5.826,,5.502,5.057,,,,,,,,,,
4045,Vb-532.MD140-S4NDE-RMS,532.MD140,,2026-04,2026-04-23,4.135,,4.156,5.255,,,,,,,,,,
4046,Vb-532.MD140-MDE-RMS,532.MD140,,2026-05,2026-05-13,1.62,,2.47,1.08,,,,,,,,,,
4047,Vb-532.MD140-MNDE-RMS,532.MD140,,2026-05,2026-05-13,1.46,,1.58,1.91,,,,,,,,,,
4048,Vb-532.MD140-S1DE-RMS,532.MD140,,2026-05,2026-05-13,8.61,7.28,,14.37,,,,,,,,,,
4049,Vb-532.MD140-S1NDE-RMS,532.MD140,,2026-05,2026-05-13,5.69,6.28,,6.52,,,,,,,,,,
4050,Vb-532.MD140-S2NDE-RMS,532.MD140,,2026-05,2026-05-13,4.89,4.01,,5.58,,,,,,,,,,
4051,Vb-532.MD140-S3NDE-RMS,532.MD140,,2026-05,2026-05-13,5.9,5.72,,4.13,,,,,,,,,,
4052,Vb-532.MD140-S4NDE-RMS,532.MD140,,2026-05,2026-05-13,3.53,3.74,,5.27,,,,,,,,,,
4053,Vb-532.MD140-MDE-RMS,532.MD140,,2026-06,2026-06-09,2.625,,1.507,1.053,,,,,,,,,,
4054,Vb-532.MD140-MNDE-RMS,532.MD140,,2026-06,2026-06-09,2.454,,2.416,1.601,,,,,,,,,,
4055,Vb-532.MD140-S1DE-RMS,532.MD140,,2026-06,2026-06-09,8.659,,6.567,14.94,,,,,,,,,,
4056,Vb-532.MD140-S1NDE-RMS,532.MD140,,2026-06,2026-06-09,7.773,,7.824,7.425,,,,,,,,,,
4057,Vb-532.MD140-S2NDE-RMS,532.MD140,,2026-06,2026-06-09,4.445,,4.803,5.129,,,,,,,,,,
4058,Vb-532.MD140-S3NDE-RMS,532.MD140,,2026-06,2026-06-09,6.017,,4.094,4.683,,,,,,,,,,
4059,Vb-532.MD140-S4NDE-RMS,532.MD140,,2026-06,2026-06-09,3.876,,4.426,5.368,,,,,,,,,,
4060,Vb-532.MD302-MDE-RMS,532.MD302,,2024-12,2024-12-22,0.52,,1.33,1.27,,,,,,,,,,
4061,Vb-532.MD302-MNDE-RMS,532.MD302,,2024-12,2024-12-22,0.77,,2.15,1.25,,,,,,,,,,
4062,Vb-532.MD302-S1DE-RMS,532.MD302,,2024-12,2024-12-22,0.6,,1.39,1,,,,,,,,,,
4063,Vb-532.MD302-S1NDE-RMS,532.MD302,,2024-12,2024-12-22,0.48,,1.38,0.91,,,,,,,,,,
4064,Vb-532.MD302-S2DE-RMS,532.MD302,,2024-12,2024-12-22,0.51,,1.3,0.96,,,,,,,,,,
4065,Vb-532.MD302-S2NDE-RMS,532.MD302,,2024-12,2024-12-22,0.43,,1.18,2.04,,,,,,,,,,
4066,Vb-532.MD302-MDE-RMS,532.MD302,,2025-02,2025-02-19,0.59,,1.6,1.5,,,,,,,,,,
4067,Vb-532.MD302-MNDE-RMS,532.MD302,,2025-02,2025-02-19,0.48,,1.44,1.52,,,,,,,,,,
4068,Vb-532.MD302-S1DE-RMS,532.MD302,,2025-02,2025-02-19,0.51,,1.37,1.38,,,,,,,,,,
4069,Vb-532.MD302-S1NDE-RMS,532.MD302,,2025-02,2025-02-19,0.47,,1.22,0.9,,,,,,,,,,
4070,Vb-532.MD302-S2DE-RMS,532.MD302,,2025-02,2025-02-19,0.45,,1.6,1.13,,,,,,,,,,
4071,Vb-532.MD302-S2NDE-RMS,532.MD302,,2025-02,2025-02-19,0.55,,1.28,1.05,,,,,,,,,,
4072,Vb-532.MD302-MDE-RMS,532.MD302,,2025-04,2025-04-23,0.55,,1.72,1.05,,,,,,,,,,
4073,Vb-532.MD302-MNDE-RMS,532.MD302,,2025-04,2025-04-23,0.67,,1.93,1.37,,,,,,,,,,
4074,Vb-532.MD302-S1DE-RMS,532.MD302,,2025-04,2025-04-23,0.48,,1.66,1.21,,,,,,,,,,
4075,Vb-532.MD302-S1NDE-RMS,532.MD302,,2025-04,2025-04-23,0.6,,1.81,0.73,,,,,,,,,,
4076,Vb-532.MD302-S2DE-RMS,532.MD302,,2025-04,2025-04-23,0.49,,0.89,0.72,,,,,,,,,,
4077,Vb-532.MD302-S2NDE-RMS,532.MD302,,2025-04,2025-04-23,0.45,,1.03,1.26,,,,,,,,,,
4078,Vb-532.MD302-MDE-RMS,532.MD302,,2025-06,2025-06-25,0.63,,1.53,1.02,,,,,,,,,,
4079,Vb-532.MD302-MNDE-RMS,532.MD302,,2025-06,2025-06-25,0.81,,1.37,1.48,,,,,,,,,,
4080,Vb-532.MD302-S1DE-RMS,532.MD302,,2025-06,2025-06-25,0.57,,0.81,1.34,,,,,,,,,,
4081,Vb-532.MD302-S1NDE-RMS,532.MD302,,2025-06,2025-06-25,0.75,,1.07,0.79,,,,,,,,,,
4082,Vb-532.MD302-S2DE-RMS,532.MD302,,2025-06,2025-06-25,0.57,,1.24,0.99,,,,,,,,,,
4083,Vb-532.MD302-S2NDE-RMS,532.MD302,,2025-06,2025-06-25,0.77,,1.28,0.72,,,,,,,,,,
4084,,532.MD302,Fan DE,2025-08,2025-08-26,1.03,,1.49,1.02,,,,,,,,,,
4085,,532.MD302,Fan NDE,2025-08,2025-08-26,1.33,,3.7,2.83,,,,,,,,,,
4086,Vb-532.MD302-MDE-RMS,532.MD302,,2025-08,2025-08-10,1.05,,1.64,1.1,2025-08-19,0.68,,1.09,1.2,2025-08-22,0.68,,1.09,1.2
4087,Vb-532.MD302-MNDE-RMS,532.MD302,,2025-08,2025-08-10,0.76,,1.85,1.38,2025-08-19,1.61,,1.8,1.02,2025-08-22,1.61,,1.8,1.02
4088,Vb-532.MD302-S1DE-RMS,532.MD302,,2025-08,2025-08-19,0.74,,1.04,0.71,2025-08-22,0.74,,1.04,0.71,2025-08-26,0.8,,1.14,1.09
4089,Vb-532.MD302-S1NDE-RMS,532.MD302,,2025-08,2025-08-19,0.65,,0.92,0.65,2025-08-22,0.65,,0.92,0.65,2025-08-26,0.53,,1.03,0.99
4090,Vb-532.MD302-S2DE-RMS,532.MD302,,2025-08,2025-08-19,0.7,,0.58,1.08,2025-08-22,0.7,,0.58,1.08,2025-08-26,0.75,,1.11,0.8
4091,Vb-532.MD302-S2NDE-RMS,532.MD302,,2025-08,2025-08-19,0.51,,1.28,1.29,2025-08-22,0.51,,1.28,1.29,2025-08-26,0.52,,2.09,1.01
4092,Vb-532.MD302-MDE-RMS,532.MD302,,2026-04,2026-04-23,0.69,,1.438,1.654,,,,,,,,,,
4093,Vb-532.MD302-MNDE-RMS,532.MD302,,2026-04,2026-04-23,0.849,,2.315,1.323,,,,,,,,,,
4094,Vb-532.MD302-S1DE-RMS,532.MD302,,2026-04,2026-04-23,0.784,,1.769,1.072,,,,,,,,,,
4095,Vb-532.MD302-S1NDE-RMS,532.MD302,,2026-04,2026-04-23,0.91,,1.216,1.043,,,,,,,,,,
4096,Vb-532.MD302-S2DE-RMS,532.MD302,,2026-04,2026-04-23,0.855,,1.301,1.373,,,,,,,,,,
4097,Vb-532.MD302-S2NDE-RMS,532.MD302,,2026-04,2026-04-23,0.785,,1.161,1.268,,,,,,,,,,
4098,Vb-532.MD302-MDE-RMS,532.MD302,,2026-05,2026-05-13,0.85,,1.09,1.63,,,,,,,,,,
4099,Vb-532.MD302-MNDE-RMS,532.MD302,,2026-05,2026-05-13,0.84,,2.65,1.58,,,,,,,,,,
4100,Vb-532.MD302-S1DE-RMS,532.MD302,,2026-05,2026-05-13,0.94,1.95,,1.66,,,,,,,,,,
4101,Vb-532.MD302-S1NDE-RMS,532.MD302,,2026-05,2026-05-13,5.48,1.89,,1.46,,,,,,,,,,
4102,Vb-532.MD302-S2DE-RMS,532.MD302,,2026-05,2026-05-13,1.07,1.65,,1.48,,,,,,,,,,
4103,Vb-532.MD302-S2NDE-RMS,532.MD302,,2026-05,2026-05-13,0.88,4.17,,1.68,,,,,,,,,,
4104,Vb-533.BE220-MDE-RMS,533.BE220,,2024-12,2024-12-16,3.89,,5.22,4.9,,,,,,,,,,
4105,Vb-533.BE220-MNDE-RMS,533.BE220,,2024-12,2024-12-16,3.17,,4.81,8.64,,,,,,,,,,
4106,Vb-533.BE220-S1DE-RMS,533.BE220,,2024-12,2024-12-16,3.54,,3.96,3.83,,,,,,,,,,
4107,Vb-533.BE220-S2DE-RMS,533.BE220,,2024-12,2024-12-16,3.97,,3.26,2.84,,,,,,,,,,
4108,Vb-533.BE220-S2NDE-RMS,533.BE220,,2024-12,2024-12-16,4.36,,4.09,2.43,,,,,,,,,,
4109,Vb-533.BE220-MDE-RMS,533.BE220,,2025-02,2025-02-17,4.32,,5.32,5.61,,,,,,,,,,
4110,Vb-533.BE220-MNDE-RMS,533.BE220,,2025-02,2025-02-17,4.14,,6,7.91,,,,,,,,,,
4111,Vb-533.BE220-S1DE-RMS,533.BE220,,2025-02,2025-02-17,3.45,,2.51,3.67,,,,,,,,,,
4112,Vb-533.BE220-S2DE-RMS,533.BE220,,2025-02,2025-02-17,2,,3.59,3.18,,,,,,,,,,
4113,Vb-533.BE220-S2NDE-RMS,533.BE220,,2025-02,2025-02-17,3.06,,4.48,2.78,,,,,,,,,,
4114,Vb-533.BE220-MDE-RMS,533.BE220,,2025-04,2025-04-29,3.66,,5.43,4.75,,,,,,,,,,
4115,Vb-533.BE220-MNDE-RMS,533.BE220,,2025-04,2025-04-29,4.03,,5.05,7.93,,,,,,,,,,
4116,Vb-533.BE220-S1DE-RMS,533.BE220,,2025-04,2025-04-29,3.72,,2.18,2.92,,,,,,,,,,
4117,Vb-533.BE220-S2DE-RMS,533.BE220,,2025-04,2025-04-29,2.09,,3.31,2.75,,,,,,,,,,
4118,Vb-533.BE220-S2NDE-RMS,533.BE220,,2025-04,2025-04-29,3.66,,4.15,2.67,,,,,,,,,,
4119,Vb-533.BE220-MDE-RMS,533.BE220,,2025-06,2025-06-30,4.88,,4.49,4.56,,,,,,,,,,
4120,Vb-533.BE220-MNDE-RMS,533.BE220,,2025-06,2025-06-30,3.47,,6.8,7.63,,,,,,,,,,
4121,Vb-533.BE220-S1DE-RMS,533.BE220,,2025-06,2025-06-30,4.05,,2.49,3.27,,,,,,,,,,
4122,Vb-533.BE220-S2DE-RMS,533.BE220,,2025-06,2025-06-30,1.74,,3.2,2.44,,,,,,,,,,
4123,Vb-533.BE220-S2NDE-RMS,533.BE220,,2025-06,2025-06-30,3.77,,4.21,3.54,,,,,,,,,,
4124,Vb-533.BE220-MDE-RMS,533.BE220,,2025-08,2025-08-28,4.65,,4.47,4.73,,,,,,,,,,
4125,Vb-533.BE220-MNDE-RMS,533.BE220,,2025-08,2025-08-28,3.81,,5.87,5.17,,,,,,,,,,
4126,Vb-533.BE220-S1DE-RMS,533.BE220,,2025-08,2025-08-28,4.17,,2.27,2.53,,,,,,,,,,
4127,Vb-533.BE220-S2DE-RMS,533.BE220,,2025-08,2025-08-28,2.12,,3.15,2.34,,,,,,,,,,
4128,Vb-533.BE220-S2NDE-RMS,533.BE220,,2025-08,2025-08-28,5.92,,3.58,2.38,,,,,,,,,,
4129,Vb-533.BE220-MDE-RMS,533.BE220,,2026-04,2026-04-22,9.932,,7.228,11.84,,,,,,,,,,
4130,Vb-533.BE220-MNDE-RMS,533.BE220,,2026-04,2026-04-22,5.966,,7.243,16.08,,,,,,,,,,
4131,Vb-533.BE220-S1DE-RMS,533.BE220,,2026-04,2026-04-22,5.093,,3.292,7.022,,,,,,,,,,
4132,Vb-533.BE220-S2DE-RMS,533.BE220,,2026-04,2026-04-22,4.188,,6.834,5.307,,,,,,,,,,
4133,Vb-533.BE220-BRDE-RMS,533.BE220,,2026-05,2026-05-11,3.46,,3.44,2,,,,,,,,,,
4134,Vb-533.BE220-BRNDE-RMS,533.BE220,,2026-05,2026-05-11,2.99,,2.78,4.31,,,,,,,,,,
4135,Vb-533.BE220-MDE-RMS,533.BE220,,2026-05,2026-05-11,9.41,,9.02,9.96,,,,,,,,,,
4136,Vb-533.BE220-MNDE-RMS,533.BE220,,2026-05,2026-05-11,6.43,,7.38,16.24,,,,,,,,,,
4137,Vb-533.BE220-S1DE-RMS,533.BE220,,2026-05,2026-05-11,5.09,5.56,,8.52,,,,,,,,,,
4138,Vb-533.BE220-S1NDE-RMS,533.BE220,,2026-05,2026-05-11,4.3,10.22,,5.64,,,,,,,,,,
4139,Vb-533.BE220-S2DE-RMS,533.BE220,,2026-05,2026-05-11,5.6,5.14,,4.56,,,,,,,,,,
4140,Vb-533.BE220-S2NDE-RMS,533.BE220,,2026-05,2026-05-11,5.32,4.27,,7.66,,,,,,,,,,
4141,Vb-533.FN350-FDE-RMS,533.FN350,,2024-12,2024-12-17,2.98,,4.3,1.86,2024-12-30,0.69,,0.98,0.53,,,,,
4142,Vb-533.FN350-FNDE-RMS,533.FN350,,2024-12,2024-12-17,2.66,,3.66,2.07,2024-12-30,0.59,,0.85,0.78,,,,,
4143,Vb-533.FN350-MDE-RMS,533.FN350,,2024-12,2024-12-17,0.91,,1.49,0.78,2024-12-30,0.68,,0.83,0.55,,,,,
4144,Vb-533.FN350-MNDE-RMS,533.FN350,,2024-12,2024-12-17,0.46,,0.86,1.13,2024-12-30,0.39,,0.62,0.59,,,,,
4145,Vb-533.FN350-FDE-RMS,533.FN350,,2025-01,2025-01-10,0.87,,1.05,0.62,,,,,,,,,,
4146,Vb-533.FN350-FNDE-RMS,533.FN350,,2025-01,2025-01-10,0.44,,0.83,0.87,,,,,,,,,,
4147,Vb-533.FN350-MDE-RMS,533.FN350,,2025-01,2025-01-10,0.27,,0.84,0.58,,,,,,,,,,
4148,Vb-533.FN350-MNDE-RMS,533.FN350,,2025-01,2025-01-10,0.61,,0.62,0.7,,,,,,,,,,
4149,Vb-533.FN350-FDE-RMS,533.FN350,,2025-02,2025-02-17,0.69,,1.04,0.56,,,,,,,,,,
4150,Vb-533.FN350-FNDE-RMS,533.FN350,,2025-02,2025-02-17,0.83,,0.63,0.66,,,,,,,,,,
4151,Vb-533.FN350-MDE-RMS,533.FN350,,2025-02,2025-02-17,0.35,,0.84,0.6,,,,,,,,,,
4152,Vb-533.FN350-MNDE-RMS,533.FN350,,2025-02,2025-02-17,0.32,,0.64,0.55,,,,,,,,,,
4153,Vb-533.FN350-FDE-RMS,533.FN350,,2025-05,2025-05-08,1.13,,0.87,0.84,2025-05-13,0.62,,0.94,0.62,,,,,
4154,Vb-533.FN350-FNDE-RMS,533.FN350,,2025-05,2025-05-08,0.67,,0.53,0.4,2025-05-13,1.53,,0.98,0.75,,,,,
4155,Vb-533.FN350-MDE-RMS,533.FN350,,2025-05,2025-05-08,0.44,,0.83,0.55,2025-05-13,0.29,,0.92,0.64,,,,,
4156,Vb-533.FN350-MNDE-RMS,533.FN350,,2025-05,2025-05-08,0.45,,0.66,0.48,2025-05-13,0.27,,0.79,0.57,,,,,
4157,Vb-533.FN350-FDE-RMS,533.FN350,,2025-10,2025-10-01,1.16,,0.87,0.31,,,,,,,,,,
4158,Vb-533.FN350-FNDE-RMS,533.FN350,,2025-10,2025-10-01,0.78,,0.5,0.85,,,,,,,,,,
4159,Vb-533.FN350-MDE-RMS,533.FN350,,2025-10,2025-10-01,0.45,,0.71,0.5,,,,,,,,,,
4160,Vb-533.FN350-MNDE-RMS,533.FN350,,2025-10,2025-10-01,0.61,,0.76,0.49,,,,,,,,,,
4161,Vb-533.FN350-FDE-RMS,533.FN350,,2026-04,2026-04-22,2.052,,2.06,0.885,,,,,,,,,,
4162,Vb-533.FN350-FNDE-RMS,533.FN350,,2026-04,2026-04-22,1.989,,2.045,0.732,,,,,,,,,,
4163,Vb-533.FN350-MDE-RMS,533.FN350,,2026-04,2026-04-22,0.58,,1.096,0.599,,,,,,,,,,
4164,Vb-533.FN350-MNDE-RMS,533.FN350,,2026-04,2026-04-22,0.713,,0.85,0.713,,,,,,,,,,
4165,Vb-533.FN350-FDE-RMS,533.FN350,,2026-05,2026-05-11,1.91,,2.32,0.85,,,,,,,,,,
4166,Vb-533.FN350-FNDE-RMS,533.FN350,,2026-05,2026-05-11,1.43,,1.22,0.76,,,,,,,,,,
4167,Vb-533.FN350-MDE-RMS,533.FN350,,2026-05,2026-05-11,0.59,,1.01,0.57,,,,,,,,,,
4168,Vb-533.FN350-MNDE-RMS,533.FN350,,2026-05,2026-05-11,0.65,,1.38,0.78,,,,,,,,,,
4169,,533.FN364,Fan NDE,2026-04,2026-04-22,4.295,,4.578,4.21,,,,,,,,,,
4170,Vb-533.FN364-FNDE-RMS,533.FN364,,2026-04,2026-04-22,5.379,,5.115,4.29,,,,,,,,,,
4171,Vb-533.FN364-MDE-RMS,533.FN364,,2026-04,2026-04-22,7.311,,9.186,6.79,,,,,,,,,,
4172,Vb-533.FN364-MNDE-RMS,533.FN364,,2026-04,2026-04-22,4.893,,8.879,6.034,,,,,,,,,,
4173,,533.FN364,Fan NDE,2026-05,2026-05-11,26.95,,13.69,17.31,,,,,,,,,,
4174,Vb-533.FN364-FNDE-RMS,533.FN364,,2026-05,2026-05-11,13.44,,17.24,10.76,,,,,,,,,,
4175,Vb-533.FN364-MDE-RMS,533.FN364,,2026-05,2026-05-11,6.79,,12.19,13.44,,,,,,,,,,
4176,Vb-533.FN364-MNDE-RMS,533.FN364,,2026-05,2026-05-11,3.76,,11.59,15.59,,,,,,,,,,
4177,Vb-533.FN530-FDE-RMS,533.FN530,,2024-12,2024-12-16,2.55,,5.71,2.88,,,,,,,,,,
4178,Vb-533.FN530-FNDE-RMS,533.FN530,,2024-12,2024-12-16,2.7,,9.41,4.79,,,,,,,,,,
4179,Vb-533.FN530-MDE-RMS,533.FN530,,2024-12,2024-12-16,2.37,,1.89,3.2,,,,,,,,,,
4180,Vb-533.FN530-MNDE-RMS,533.FN530,,2024-12,2024-12-16,2.11,,4.07,3.18,,,,,,,,,,
4181,Vb-533.FN530-FDE-RMS,533.FN530,,2025-01,2025-01-10,1.97,,8.76,10.9,,,,,,,,,,
4182,Vb-533.FN530-FNDE-RMS,533.FN530,,2025-01,2025-01-10,1.82,,16.75,16,,,,,,,,,,
4183,Vb-533.FN530-MDE-RMS,533.FN530,,2025-01,2025-01-10,1.37,,1.27,2.7,,,,,,,,,,
4184,Vb-533.FN530-MNDE-RMS,533.FN530,,2025-01,2025-01-10,2.35,,6.85,1.75,,,,,,,,,,
4185,Vb-533.FN530-FDE-RMS,533.FN530,,2025-02,2025-02-17,1.68,,4.64,1.99,,,,,,,,,,
4186,Vb-533.FN530-FNDE-RMS,533.FN530,,2025-02,2025-02-17,1.44,,8.09,3.88,,,,,,,,,,
4187,Vb-533.FN530-MDE-RMS,533.FN530,,2025-02,2025-02-17,1.84,,1.54,2.46,,,,,,,,,,
4188,Vb-533.FN530-MNDE-RMS,533.FN530,,2025-02,2025-02-17,1.6,,3.93,2.71,,,,,,,,,,
4189,Vb-533.FN530-FDE-RMS,533.FN530,,2025-05,2025-05-13,1.51,,7.27,2.71,,,,,,,,,,
4190,Vb-533.FN530-FNDE-RMS,533.FN530,,2025-05,2025-05-13,1.92,,11.42,4.53,,,,,,,,,,
4191,Vb-533.FN530-MDE-RMS,533.FN530,,2025-05,2025-05-13,1.83,,1.52,2.72,,,,,,,,,,
4192,Vb-533.FN530-MNDE-RMS,533.FN530,,2025-05,2025-05-13,1.34,,5.12,2.92,,,,,,,,,,
4193,Vb-533.FN530-FDE-RMS,533.FN530,,2025-07,2025-07-30,3.11,,11.61,8.14,,,,,,,,,,
4194,Vb-533.FN530-FNDE-RMS,533.FN530,,2025-07,2025-07-30,4.86,,16.45,10.5,,,,,,,,,,
4195,Vb-533.FN530-MDE-RMS,533.FN530,,2025-07,2025-07-30,2.76,,5.48,6.55,,,,,,,,,,
4196,Vb-533.FN530-MNDE-RMS,533.FN530,,2025-07,2025-07-30,2.99,,3.62,2.54,,,,,,,,,,
4197,Vb-533.FN530-FDE-RMS,533.FN530,,2025-09,2025-09-18,1.65,,1.54,1.55,,,,,,,,,,
4198,Vb-533.FN530-FNDE-RMS,533.FN530,,2025-09,2025-09-18,2.53,,2.3,2.19,,,,,,,,,,
4199,Vb-533.FN530-MDE-RMS,533.FN530,,2025-09,2025-09-18,2.42,,1.88,1.43,,,,,,,,,,
4200,Vb-533.FN530-MNDE-RMS,533.FN530,,2025-09,2025-09-18,1.39,,1.68,1.61,,,,,,,,,,
4201,Vb-533.FN530-FDE-RMS,533.FN530,,2026-04,2026-04-22,7.586,,6.988,6.581,,,,,,,,,,
4202,Vb-533.FN530-FNDE-RMS,533.FN530,,2026-04,2026-04-22,9.34,,10.8,10.5,,,,,,,,,,
4203,Vb-533.FN530-MDE-RMS,533.FN530,,2026-04,2026-04-22,5.627,,1.981,5.778,,,,,,,,,,
4204,Vb-533.FN530-MNDE-RMS,533.FN530,,2026-04,2026-04-22,6.224,,3.875,5.43,,,,,,,,,,
4205,Vb-533.FN530-FDE-RMS,533.FN530,,2026-05,2026-05-11,3.54,,7.11,6.05,,,,,,,,,,
4206,Vb-533.FN530-FNDE-RMS,533.FN530,,2026-05,2026-05-11,7.12,,11.43,8.02,,,,,,,,,,
4207,Vb-533.FN530-MDE-RMS,533.FN530,,2026-05,2026-05-11,4.55,,2.61,4.71,,,,,,,,,,
4208,Vb-533.FN530-MNDE-RMS,533.FN530,,2026-05,2026-05-11,5.57,,3.66,4.58,,,,,,,,,,
4209,Vb-533.MD140-MDE-RMS,533.MD140,,2024-12,2024-12-17,0.41,,0.76,0.7,,,,,,,,,,
4210,Vb-533.MD140-MNDE-RMS,533.MD140,,2024-12,2024-12-17,1,,0.7,0.36,,,,,,,,,,
4211,Vb-533.MD140-S1DE-RMS,533.MD140,,2024-12,2024-12-17,2.94,,2.58,1.94,,,,,,,,,,
4212,Vb-533.MD140-S1NDE-RMS,533.MD140,,2024-12,2024-12-17,2.22,,2.21,1.92,,,,,,,,,,
4213,Vb-533.MD140-S2DE-RMS,533.MD140,,2024-12,2024-12-17,1.82,,1.57,1.24,,,,,,,,,,
4214,Vb-533.MD140-S2NDE-RMS,533.MD140,,2024-12,2024-12-17,1.91,,1.26,1.49,,,,,,,,,,
4215,Vb-533.MD140-S3DE-RMS,533.MD140,,2024-12,2024-12-17,1.54,,1.34,1.39,,,,,,,,,,
4216,Vb-533.MD140-S3NDE-RMS,533.MD140,,2024-12,2024-12-17,1.96,,1.3,1.09,,,,,,,,,,
4217,Vb-533.MD140-S4DE-RMS,533.MD140,,2024-12,2024-12-17,1.57,,1.76,1.09,,,,,,,,,,
4218,Vb-533.MD140-S4NDE-RMS,533.MD140,,2024-12,2024-12-17,1.74,,1.42,1.37,,,,,,,,,,
4219,Vb-533.MD140-MDE-RMS,533.MD140,,2025-01,2025-01-14,0.42,,0.68,0.63,,,,,,,,,,
4220,Vb-533.MD140-MNDE-RMS,533.MD140,,2025-01,2025-01-14,1.16,,0.61,0.54,,,,,,,,,,
4221,Vb-533.MD140-S1DE-RMS,533.MD140,,2025-01,2025-01-14,3.12,,2.93,2.11,,,,,,,,,,
4222,Vb-533.MD140-S1NDE-RMS,533.MD140,,2025-01,2025-01-14,3.37,,2.17,1.89,,,,,,,,,,
4223,Vb-533.MD140-S2DE-RMS,533.MD140,,2025-01,2025-01-14,1.65,,1.69,1.47,,,,,,,,,,
4224,Vb-533.MD140-S2NDE-RMS,533.MD140,,2025-01,2025-01-14,1.88,,1.25,1.07,,,,,,,,,,
4225,Vb-533.MD140-S3DE-RMS,533.MD140,,2025-01,2025-01-14,1.61,,1.35,1.34,,,,,,,,,,
4226,Vb-533.MD140-S3NDE-RMS,533.MD140,,2025-01,2025-01-14,2.09,,1.36,1.25,,,,,,,,,,
4227,Vb-533.MD140-S4DE-RMS,533.MD140,,2025-01,2025-01-14,1.77,,1.9,1.18,,,,,,,,,,
4228,Vb-533.MD140-S4NDE-RMS,533.MD140,,2025-01,2025-01-14,0.8,,1.42,0.64,,,,,,,,,,
4229,Vb-533.MD140-MDE-RMS,533.MD140,,2025-02,2025-02-17,0.45,,0.62,0.53,,,,,,,,,,
4230,Vb-533.MD140-MNDE-RMS,533.MD140,,2025-02,2025-02-17,0.45,,0.61,0.49,,,,,,,,,,
4231,Vb-533.MD140-S1DE-RMS,533.MD140,,2025-02,2025-02-17,3.03,,2.56,1.85,,,,,,,,,,
4232,Vb-533.MD140-S1NDE-RMS,533.MD140,,2025-02,2025-02-17,2.32,,2.11,1.77,,,,,,,,,,
4233,Vb-533.MD140-S2DE-RMS,533.MD140,,2025-02,2025-02-17,1.7,,1.7,1.29,,,,,,,,,,
4234,Vb-533.MD140-S2NDE-RMS,533.MD140,,2025-02,2025-02-17,1.88,,1.44,1.45,,,,,,,,,,
4235,Vb-533.MD140-S3DE-RMS,533.MD140,,2025-02,2025-02-17,1.71,,1.37,1.34,,,,,,,,,,
4236,Vb-533.MD140-S3NDE-RMS,533.MD140,,2025-02,2025-02-17,2.32,,1.3,1.19,,,,,,,,,,
4237,Vb-533.MD140-S4DE-RMS,533.MD140,,2025-02,2025-02-17,2.09,,1.92,1.22,,,,,,,,,,
4238,Vb-533.MD140-S4NDE-RMS,533.MD140,,2025-02,2025-02-17,1.63,,1.48,1.48,,,,,,,,,,
4239,Vb-533.MD140-MDE-RMS,533.MD140,,2025-05,2025-05-08,0.41,,0.75,0.7,2025-05-13,0.41,,0.72,0.69,,,,,
4240,Vb-533.MD140-MNDE-RMS,533.MD140,,2025-05,2025-05-08,0.49,,0.61,0.56,2025-05-13,0.4,,0.58,0.53,,,,,
4241,Vb-533.MD140-S1DE-RMS,533.MD140,,2025-05,2025-05-08,2.61,,2.5,2.8,2025-05-13,2.47,,2.35,1.76,,,,,
4242,Vb-533.MD140-S1NDE-RMS,533.MD140,,2025-05,2025-05-08,2.86,,4.26,3.16,2025-05-13,2.03,,2.27,2.25,,,,,
4243,Vb-533.MD140-S2DE-RMS,533.MD140,,2025-05,2025-05-08,2.31,,1.79,1.27,2025-05-13,1.88,,1.6,1.12,,,,,
4244,Vb-533.MD140-S2NDE-RMS,533.MD140,,2025-05,2025-05-08,2,,1.52,2.24,2025-05-13,1.98,,1.54,1.62,,,,,
4245,Vb-533.MD140-S3DE-RMS,533.MD140,,2025-05,2025-05-08,2.15,,1.64,1.92,2025-05-13,1.61,,1.5,1.49,,,,,
4246,Vb-533.MD140-S3NDE-RMS,533.MD140,,2025-05,2025-05-08,2.91,,1.49,1.52,2025-05-13,2.26,,1.29,1.31,,,,,
4247,Vb-533.MD140-S4DE-RMS,533.MD140,,2025-05,2025-05-08,2.61,,1.56,1.47,2025-05-13,1.94,,1.67,1.22,,,,,
4248,Vb-533.MD140-S4NDE-RMS,533.MD140,,2025-05,2025-05-08,1.51,,1.53,1.63,2025-05-13,1.55,,1.27,1.44,,,,,
4249,Vb-533.MD140-MDE-RMS,533.MD140,,2025-09,2025-09-18,0.43,,0.87,0.89,,,,,,,,,,
4250,Vb-533.MD140-S1DE-RMS,533.MD140,,2025-09,2025-09-18,1.99,,1.99,2.33,,,,,,,,,,
4251,Vb-533.MD140-S1NDE-RMS,533.MD140,,2025-09,2025-09-18,1.94,,2.15,1.68,,,,,,,,,,
4252,Vb-533.MD140-S2DE-RMS,533.MD140,,2025-09,2025-09-18,2.22,,1.88,1.41,,,,,,,,,,
4253,Vb-533.MD140-S2NDE-RMS,533.MD140,,2025-09,2025-09-18,1.63,,1.47,1.91,,,,,,,,,,
4254,Vb-533.MD140-S3DE-RMS,533.MD140,,2025-09,2025-09-18,1.96,,1.75,1.53,,,,,,,,,,
4255,Vb-533.MD140-S3NDE-RMS,533.MD140,,2025-09,2025-09-18,2.9,,1.81,1.74,,,,,,,,,,
4256,Vb-533.MD140-S4DE-RMS,533.MD140,,2025-09,2025-09-18,2.49,,1.88,1.41,,,,,,,,,,
4257,Vb-533.MD140-S4NDE-RMS,533.MD140,,2025-09,2025-09-18,1.5,,1.8,1.77,,,,,,,,,,
4258,Vb-533.MD140-MNDE-RMS,533.MD140,,2025-10,2025-10-01,0.48,,0.72,0.57,,,,,,,,,,
4259,Vb-533.MD140-MDE-RMS,533.MD140,,2026-04,2026-04-22,3.55,,1.784,1.396,,,,,,,,,,
4260,Vb-533.MD140-MNDE-RMS,533.MD140,,2026-04,2026-04-22,1.522,,1.222,0.977,,,,,,,,,,
4261,Vb-533.MD140-S1DE-RMS,533.MD140,,2026-04,2026-04-22,6.95,,9.714,11.1,,,,,,,,,,
4262,Vb-533.MD140-S1NDE-RMS,533.MD140,,2026-04,2026-04-22,5.014,,4.895,7.658,,,,,,,,,,
4263,Vb-533.MD140-S2DE-RMS,533.MD140,,2026-04,2026-04-22,5.248,,3.996,4.183,,,,,,,,,,
4264,Vb-533.MD140-S2NDE-RMS,533.MD140,,2026-04,2026-04-22,4.149,,3.545,4.22,,,,,,,,,,
4265,Vb-533.MD140-S3DE-RMS,533.MD140,,2026-04,2026-04-22,6.182,,5.281,5.187,,,,,,,,,,
4266,Vb-533.MD140-S3NDE-RMS,533.MD140,,2026-04,2026-04-22,5.091,,4.516,4.28,,,,,,,,,,
4267,Vb-533.MD140-S4DE-RMS,533.MD140,,2026-04,2026-04-22,6.268,,5.75,4.956,,,,,,,,,,
4268,Vb-533.MD140-S4NDE-RMS,533.MD140,,2026-04,2026-04-22,3.992,,4.681,4.3,,,,,,,,,,
4269,Vb-533.MD140-MDE-RMS,533.MD140,,2026-05,2026-05-11,1,,1.79,0.86,,,,,,,,,,
4270,Vb-533.MD140-MNDE-RMS,533.MD140,,2026-05,2026-05-11,0.97,,1.45,0.75,,,,,,,,,,
4271,Vb-533.MD140-S1DE-RMS,533.MD140,,2026-05,2026-05-11,8.96,4.85,,17,,,,,,,,,,
4272,Vb-533.MD140-S1NDE-RMS,533.MD140,,2026-05,2026-05-11,6.09,7.11,,8.22,,,,,,,,,,
4273,Vb-533.MD140-S2DE-RMS,533.MD140,,2026-05,2026-05-11,6.92,5.2,,4.23,,,,,,,,,,
4274,Vb-533.MD140-S2NDE-RMS,533.MD140,,2026-05,2026-05-11,4.43,4.34,,4.35,,,,,,,,,,
4275,Vb-533.MD140-S3DE-RMS,533.MD140,,2026-05,2026-05-11,6.01,6.13,,6.16,,,,,,,,,,
4276,Vb-533.MD140-S3NDE-RMS,533.MD140,,2026-05,2026-05-11,5.59,4.71,,5.16,,,,,,,,,,
4277,Vb-533.MD140-S4DE-RMS,533.MD140,,2026-05,2026-05-11,6.41,6.67,,5.64,,,,,,,,,,
4278,Vb-533.MD140-S4NDE-RMS,533.MD140,,2026-05,2026-05-11,4.45,4.86,,4.99,,,,,,,,,,
4279,Vb-533.MD302-MDE-RMS,533.MD302,,2024-12,2024-12-11,1.71,,10.32,6.42,2024-12-24,0.55,,2.47,1.08,2024-12-25,1.26,,7.39,3.74
4280,Vb-533.MD302-MNDE-RMS,533.MD302,,2024-12,2024-12-11,4.77,,13.2,7.49,2024-12-24,,,2.02,1.65,2024-12-25,,,8.69,4.32
4281,Vb-533.MD302-S1DE-RMS,533.MD302,,2024-12,2024-12-11,1.57,,11.07,6.74,2024-12-24,0.49,,1.85,1.33,2024-12-25,1.38,,6.89,4.39
4282,Vb-533.MD302-S1NDE-RMS,533.MD302,,2024-12,2024-12-11,1.36,,12.93,5.93,2024-12-24,0.43,,1.85,0.97,2024-12-25,1.13,,6.17,3.39
4283,Vb-533.MD302-S2DE-RMS,533.MD302,,2024-12,2024-12-11,4.21,,12.62,5.69,2024-12-24,0.54,,1.38,1.29,2024-12-25,1.86,,6.64,3.38
4284,Vb-533.MD302-S2NDE-RMS,533.MD302,,2024-12,2024-12-11,1.03,,12.31,6.01,2024-12-24,0.64,,2.46,1.03,2024-12-25,0.86,,7.22,3.48
4285,Vb-533.MD302-MDE-RMS,533.MD302,,2025-01,2025-01-10,0.93,,3.48,2.22,2025-01-15,1.12,,2.67,1.85,,,,,
4286,Vb-533.MD302-MNDE-RMS,533.MD302,,2025-01,2025-01-10,1.76,,3.29,3.41,2025-01-15,0.89,,3.07,2.72,,,,,
4287,Vb-533.MD302-S1DE-RMS,533.MD302,,2025-01,2025-01-10,1.04,,2.63,1.86,2025-01-15,1.33,,2.63,2,,,,,
4288,Vb-533.MD302-S1NDE-RMS,533.MD302,,2025-01,2025-01-10,0.9,,2.45,1.52,2025-01-15,0.88,,2.51,2.23,,,,,
4289,Vb-533.MD302-S2DE-RMS,533.MD302,,2025-01,2025-01-10,1.06,,2.59,1.95,2025-01-15,1.86,,2.55,2.32,,,,,
4290,Vb-533.MD302-S2NDE-RMS,533.MD302,,2025-01,2025-01-10,0.69,,3.63,1.59,2025-01-15,0.65,,2.64,2.24,,,,,
4291,Vb-533.MD302-MDE-RMS,533.MD302,,2025-02,2025-02-17,1.18,,7.82,1.59,,,,,,,,,,
4292,Vb-533.MD302-MNDE-RMS,533.MD302,,2025-02,2025-02-17,1.55,,4.72,2.09,,,,,,,,,,
4293,Vb-533.MD302-S1DE-RMS,533.MD302,,2025-02,2025-02-17,1.01,,7.85,2.52,,,,,,,,,,
4294,Vb-533.MD302-S1NDE-RMS,533.MD302,,2025-02,2025-02-17,0.99,,8.59,1.4,,,,,,,,,,
4295,Vb-533.MD302-S2DE-RMS,533.MD302,,2025-02,2025-02-17,1,,7.55,0.84,,,,,,,,,,
4296,Vb-533.MD302-S2NDE-RMS,533.MD302,,2025-02,2025-02-17,0.81,,8,0.97,,,,,,,,,,
4297,Vb-533.MD302-MDE-RMS,533.MD302,,2025-05,2025-05-13,0.94,,3.06,1.57,,,,,,,,,,
4298,Vb-533.MD302-MNDE-RMS,533.MD302,,2025-05,2025-05-13,1.03,,2.17,2.38,,,,,,,,,,
4299,Vb-533.MD302-S1DE-RMS,533.MD302,,2025-05,2025-05-13,1.17,,1.94,0.66,,,,,,,,,,
4300,Vb-533.MD302-S1NDE-RMS,533.MD302,,2025-05,2025-05-13,1.92,,2.81,0.93,,,,,,,,,,
4301,Vb-533.MD302-S2DE-RMS,533.MD302,,2025-05,2025-05-13,2.48,,3.21,0.99,,,,,,,,,,
4302,Vb-533.MD302-S2NDE-RMS,533.MD302,,2025-05,2025-05-13,1.88,,2.3,0.8,,,,,,,,,,
4303,Vb-533.MD302-MDE-RMS,533.MD302,,2025-06,2025-06-30,,,3.58,1.45,,,,,,,,,,
4304,Vb-533.MD302-MNDE-RMS,533.MD302,,2025-06,2025-06-30,1.19,,3.6,1.88,,,,,,,,,,
4305,Vb-533.MD302-S1DE-RMS,533.MD302,,2025-06,2025-06-30,1.16,,2.46,3.84,,,,,,,,,,
4306,Vb-533.MD302-S1NDE-RMS,533.MD302,,2025-06,2025-06-30,1.18,,1.83,3.88,,,,,,,,,,
4307,Vb-533.MD302-S2DE-RMS,533.MD302,,2025-06,2025-06-30,0.95,,2.31,3.87,,,,,,,,,,
4308,Vb-533.MD302-S2NDE-RMS,533.MD302,,2025-06,2025-06-30,0.91,,2.75,4.37,,,,,,,,,,
4309,Vb-533.MD302-MDE-RMS,533.MD302,,2025-08,2025-08-28,2.43,,3.82,4.04,,,,,,,,,,
4310,Vb-533.MD302-MNDE-RMS,533.MD302,,2025-08,2025-08-28,2.24,,4.56,5.04,,,,,,,,,,
4311,Vb-533.MD302-S1DE-RMS,533.MD302,,2025-08,2025-08-28,1.18,,4.19,3.64,,,,,,,,,,
4312,Vb-533.MD302-S1NDE-RMS,533.MD302,,2025-08,2025-08-28,1.9,,3.88,3.82,,,,,,,,,,
4313,Vb-533.MD302-S2DE-RMS,533.MD302,,2025-08,2025-08-28,1.07,,2.94,3.26,,,,,,,,,,
4314,Vb-533.MD302-S2NDE-RMS,533.MD302,,2025-08,2025-08-28,0.76,,3.65,3.3,,,,,,,,,,
4315,Vb-533.MD302-MDE-RMS,533.MD302,,2026-04,2026-04-22,1.919,,3.59,5.237,,,,,,,,,,
4316,Vb-533.MD302-MNDE-RMS,533.MD302,,2026-04,2026-04-22,2.725,,4.293,5.043,,,,,,,,,,
4317,Vb-533.MD302-S1DE-RMS,533.MD302,,2026-04,2026-04-22,1.742,,3.577,3.241,,,,,,,,,,
4318,Vb-533.MD302-S1NDE-RMS,533.MD302,,2026-04,2026-04-22,1.444,,4.393,3.24,,,,,,,,,,
4319,Vb-533.MD302-S2DE-RMS,533.MD302,,2026-04,2026-04-22,1.826,,3.826,2.476,,,,,,,,,,
4320,Vb-533.MD302-S2NDE-RMS,533.MD302,,2026-04,2026-04-22,1.53,,4.274,2.581,,,,,,,,,,
4321,Vb-533.MD302-MDE-RMS,533.MD302,,2026-05,2026-05-11,2.09,,2.25,2.62,,,,,,,,,,
4322,Vb-533.MD302-MNDE-RMS,533.MD302,,2026-05,2026-05-11,2,,2.94,3.59,,,,,,,,,,
4323,Vb-533.MD302-S1DE-RMS,533.MD302,,2026-05,2026-05-11,2.45,2.63,,3.64,,,,,,,,,,
4324,Vb-533.MD302-S1NDE-RMS,533.MD302,,2026-05,2026-05-11,1.46,2.5,,3.42,,,,,,,,,,
4325,Vb-533.MD302-S2DE-RMS,533.MD302,,2026-05,2026-05-11,1.75,2.28,,3.29,,,,,,,,,,
4326,Vb-533.MD302-S2NDE-RMS,533.MD302,,2026-05,2026-05-11,1.48,1.96,,3.38,,,,,,,,,,
4327,Vb-533.MD302-S3DE-RMS,533.MD302,,2026-05,2026-05-11,1.48,,5.13,3.89,,,,,,,,,,
4328,Vb-533.MD302-S3NDE-RMS,533.MD302,,2026-05,2026-05-11,1.57,,5.17,2.85,,,,,,,,,,
4329,,534.BE220,Shaft 1 inboard  DE,2024-12,2024-12-16,3.8,,2.58,3.69,,,,,,,,,,
4330,,534.BE220,Shaft 2  inboard  DE,2024-12,2024-12-16,2.94,,4.63,3.87,,,,,,,,,,
4331,,534.BE220,Shaft 2  outboard NDE,2024-12,2024-12-16,3.21,,2.85,2.68,,,,,,,,,,
4332,Vb-534.BE220-MDE-RMS,534.BE220,,2024-12,2024-12-16,5.06,,7.11,5.26,,,,,,,,,,
4333,Vb-534.BE220-MNDE-RMS,534.BE220,,2024-12,2024-12-16,5.59,,5.35,5.82,,,,,,,,,,
4334,,534.BE220,Shaft 1 inboard  DE,2025-02,2025-02-17,4.14,,3.63,3.19,,,,,,,,,,
4335,,534.BE220,Shaft 2  inboard  DE,2025-02,2025-02-17,2.77,,3.71,3.11,,,,,,,,,,
4336,,534.BE220,Shaft 2  outboard NDE,2025-02,2025-02-17,3.57,,2.86,2.42,,,,,,,,,,
4337,Vb-534.BE220-MDE-RMS,534.BE220,,2025-02,2025-02-17,5.04,,5.98,6.1,,,,,,,,,,
4338,Vb-534.BE220-MNDE-RMS,534.BE220,,2025-02,2025-02-17,5.46,,8.28,8.09,,,,,,,,,,
4339,Vb-534.BE220-S1-RMS,534.BE220,,2025-02,2025-02-17,4.14,,,,,,,,,,,,,
4340,,534.BE220,Shaft 1 inboard  DE,2025-04,2025-04-28,,,4.34,3.34,,,,,,,,,,
4341,,534.BE220,Shaft 2  inboard  DE,2025-04,2025-04-28,4.18,,3.88,2.36,,,,,,,,,,
4342,,534.BE220,Shaft 2  outboard NDE,2025-04,2025-04-28,4.73,,3.47,2.82,,,,,,,,,,
4343,Vb-534.BE220-MDE-RMS,534.BE220,,2025-04,2025-04-28,3.58,,5.75,6.84,,,,,,,,,,
4344,Vb-534.BE220-MNDE-RMS,534.BE220,,2025-04,2025-04-28,4.09,,5.86,5.84,,,,,,,,,,
4345,,534.BE220,Shaft 1 inboard  DE,2025-07,2025-07-01,3.88,,2.37,2.46,,,,,,,,,,
4346,,534.BE220,Shaft 2  inboard  DE,2025-07,2025-07-01,2.46,,3.5,2.13,,,,,,,,,,
4347,,534.BE220,Shaft 2  outboard NDE,2025-07,2025-07-01,4.21,,3.68,2.93,,,,,,,,,,
4348,Vb-534.BE220-MDE-RMS,534.BE220,,2025-07,2025-07-01,4.44,,5.93,5.68,,,,,,,,,,
4349,Vb-534.BE220-MNDE-RMS,534.BE220,,2025-07,2025-07-01,4.49,,7.22,7.24,,,,,,,,,,
4350,,534.BE220,Shaft 1 inboard  DE,2025-08,2025-08-28,3.93,,2.01,2.95,,,,,,,,,,
4351,,534.BE220,Shaft 2  inboard  DE,2025-08,2025-08-28,2.81,,2.34,2.17,,,,,,,,,,
4352,,534.BE220,Shaft 2  outboard NDE,2025-08,2025-08-28,3.84,,3.19,2.45,,,,,,,,,,
4353,Vb-534.BE220-MDE-RMS,534.BE220,,2025-08,2025-08-28,5.19,,5.79,5,,,,,,,,,,
4354,Vb-534.BE220-MNDE-RMS,534.BE220,,2025-08,2025-08-28,3.33,,6.24,6.94,,,,,,,,,,
4355,,534.BE220,Shaft 1 inboard  DE,2026-04,2026-04-27,7.661,,7.757,4.871,,,,,,,,,,
4356,,534.BE220,Shaft 2  inboard  DE,2026-04,2026-04-27,5.283,,8.161,4.176,,,,,,,,,,
4357,,534.BE220,Shaft 2  outboard NDE,2026-04,2026-04-27,,,54.26,,,,,,,,,,,
4358,Vb-534.BE220-MDE-RMS,534.BE220,,2026-04,2026-04-27,4.996,,10.56,14.15,,,,,,,,,,
4359,Vb-534.BE220-MNDE-RMS,534.BE220,,2026-04,2026-04-27,10.17,,10.11,14.94,,,,,,,,,,
4360,Vb-534.FN350-FDE-RMS,534.FN350,,2024-12,2024-12-17,0.86,,1.84,1.29,,,,,,,,,,
4361,Vb-534.FN350-FNDE-RMS,534.FN350,,2024-12,2024-12-17,0.48,,1.5,0.64,,,,,,,,,,
4362,Vb-534.FN350-MDE-RMS,534.FN350,,2024-12,2024-12-17,0.46,,0.99,0.68,,,,,,,,,,
4363,Vb-534.FN350-MNDE-RMS,534.FN350,,2024-12,2024-12-17,0.51,,1,1.13,,,,,,,,,,
4364,Vb-534.FN350-FDE-RMS,534.FN350,,2025-01,2025-01-07,,,1.39,,2025-01-10,0.95,,1.82,0.67,,,,,
4365,Vb-534.FN350-FNDE-RMS,534.FN350,,2025-01,2025-01-10,0.46,,1.57,1.07,,,,,,,,,,
4366,Vb-534.FN350-MDE-RMS,534.FN350,,2025-01,2025-01-07,0.42,,0.83,0.59,2025-01-10,0.37,,0.99,0.63,,,,,
4367,Vb-534.FN350-MNDE-RMS,534.FN350,,2025-01,2025-01-07,0.52,,0.79,0.5,2025-01-10,0.46,,0.94,0.47,,,,,
4368,Vb-534.FN350-FDE-RMS,534.FN350,,2025-02,2025-02-26,1.58,,1.38,0.59,,,,,,,,,,
4369,Vb-534.FN350-FNDE-RMS,534.FN350,,2025-02,2025-02-25,0.62,,2.5,1.35,,,,,,,,,,
4370,Vb-534.FN350-MDE-RMS,534.FN350,,2025-02,2025-02-25,0.29,,0.92,0.81,,,,,,,,,,
4371,Vb-534.FN350-MNDE-RMS,534.FN350,,2025-02,2025-02-25,0.26,,0.7,0.62,,,,,,,,,,
4372,Vb-534.FN350-FDE-RMS,534.FN350,,2025-05,2025-05-13,1.14,,1.91,1.59,,,,,,,,,,
4373,Vb-534.FN350-FNDE-RMS,534.FN350,,2025-05,2025-05-13,0.75,,2.08,1.25,,,,,,,,,,
4374,Vb-534.FN350-MDE-RMS,534.FN350,,2025-05,2025-05-13,0.4,,0.86,0.7,,,,,,,,,,
4375,Vb-534.FN350-MNDE-RMS,534.FN350,,2025-05,2025-05-13,0.33,,0.67,0.47,,,,,,,,,,
4376,Vb-534.FN350-FDE-RMS,534.FN350,,2025-07,2025-07-31,2.15,,1.94,1.47,,,,,,,,,,
4377,Vb-534.FN350-FNDE-RMS,534.FN350,,2025-07,2025-07-31,0.91,,1.89,2.01,,,,,,,,,,
4378,Vb-534.FN350-MDE-RMS,534.FN350,,2025-07,2025-07-31,0.6,,0.76,0.64,,,,,,,,,,
4379,Vb-534.FN350-MNDE-RMS,534.FN350,,2025-07,2025-07-31,0.63,,0.65,0.46,,,,,,,,,,
4380,Vb-534.FN350-FDE-RMS,534.FN350,,2025-10,2025-10-01,1.09,,2.27,1.66,,,,,,,,,,
4381,Vb-534.FN350-FNDE-RMS,534.FN350,,2025-10,2025-10-01,0.47,,1.9,0.39,,,,,,,,,,
4382,Vb-534.FN350-MDE-RMS,534.FN350,,2025-10,2025-10-01,0.66,,0.94,0.78,,,,,,,,,,
4383,Vb-534.FN350-MNDE-RMS,534.FN350,,2025-10,2025-10-01,0.66,,0.79,0.44,,,,,,,,,,
4384,Vb-534.FN350-FDE-RMS,534.FN350,,2026-04,2026-04-27,5.847,,4.02,1.757,,,,,,,,,,
4385,Vb-534.FN350-FNDE-RMS,534.FN350,,2026-04,2026-04-27,1.038,,1.779,0.645,,,,,,,,,,
4386,Vb-534.FN350-MDE-RMS,534.FN350,,2026-04,2026-04-27,1.31,,1.654,1.571,,,,,,,,,,
4387,Vb-534.FN350-MNDE-RMS,534.FN350,,2026-04,2026-04-27,1.894,,0.906,1.044,,,,,,,,,,
4388,Vb-534.FN350-FDE-RMS,534.FN350,,2026-05,2026-05-13,4.39,,3.03,1.58,,,,,,,,,,
4389,Vb-534.FN350-FNDE-RMS,534.FN350,,2026-05,2026-05-13,1.04,,1.78,0.65,,,,,,,,,,
4390,Vb-534.FN350-MDE-RMS,534.FN350,,2026-05,2026-05-13,1.35,,1.69,1.12,,,,,,,,,,
4391,Vb-534.FN350-MNDE-RMS,534.FN350,,2026-05,2026-05-13,0.89,,2.06,0.54,,,,,,,,,,
4392,,534.FN364,Fan NDE,2026-04,2026-04-27,17.51,,10.93,5.442,,,,,,,,,,
4393,Vb-534.FN364-FNDE-RMS,534.FN364,,2026-04,2026-04-27,14.21,,10.99,5.668,,,,,,,,,,
4394,Vb-534.FN364-MDE-RMS,534.FN364,,2026-04,2026-04-27,11.73,,8.124,8.586,,,,,,,,,,
4395,Vb-534.FN364-MNDE-RMS,534.FN364,,2026-04,2026-04-27,17.91,,16.47,12.42,,,,,,,,,,
4396,Vb-534.FN530-FDE-RMS,534.FN530,,2024-12,2024-12-16,3.8,,3.39,3.48,,,,,,,,,,
4397,Vb-534.FN530-FNDE-RMS,534.FN530,,2024-12,2024-12-16,4.13,,7.94,9.43,,,,,,,,,,
4398,Vb-534.FN530-MDE-RMS,534.FN530,,2024-12,2024-12-16,3.34,,2.54,5.44,,,,,,,,,,
4399,Vb-534.FN530-MNDE-RMS,534.FN530,,2024-12,2024-12-16,3.59,,6.09,3.34,,,,,,,,,,
4400,Vb-534.FN530-FDE-RMS,534.FN530,,2025-01,2025-01-10,3.94,,9.7,3.98,,,,,,,,,,
4401,Vb-534.FN530-FNDE-RMS,534.FN530,,2025-01,2025-01-10,4.15,,14.85,10.23,,,,,,,,,,
4402,Vb-534.FN530-MDE-RMS,534.FN530,,2025-01,2025-01-10,1.83,,2.93,4.77,,,,,,,,,,
4403,Vb-534.FN530-MNDE-RMS,534.FN530,,2025-01,2025-01-10,2.83,,5.88,2.34,,,,,,,,,,
4404,Vb-534.FN530-FDE-RMS,534.FN530,,2025-02,2025-02-17,2.13,,5.73,4.08,,,,,,,,,,
4405,Vb-534.FN530-FNDE-RMS,534.FN530,,2025-02,2025-02-17,2.1,,8.21,5.76,,,,,,,,,,
4406,Vb-534.FN530-MDE-RMS,534.FN530,,2025-02,2025-02-17,1.86,,3.59,2.86,,,,,,,,,,
4407,Vb-534.FN530-MNDE-RMS,534.FN530,,2025-02,2025-02-17,1.33,,3.2,2.16,,,,,,,,,,
4408,Vb-534.FN530-FDE-RMS,534.FN530,,2025-05,2025-05-13,1.7,,2.37,1.98,,,,,,,,,,
4409,Vb-534.FN530-FNDE-RMS,534.FN530,,2025-05,2025-05-13,1.27,,1.06,0.89,,,,,,,,,,
4410,Vb-534.FN530-MDE-RMS,534.FN530,,2025-05,2025-05-13,2.41,,2.65,2.62,,,,,,,,,,
4411,Vb-534.FN530-MNDE-RMS,534.FN530,,2025-05,2025-05-13,1.26,,1.02,1.26,,,,,,,,,,
4412,Vb-534.FN530-FDE-RMS,534.FN530,,2025-07,2025-07-30,1.77,,1.45,1.35,,,,,,,,,,
4413,Vb-534.FN530-FNDE-RMS,534.FN530,,2025-07,2025-07-30,1.82,,2.11,2.68,,,,,,,,,,
4414,Vb-534.FN530-MDE-RMS,534.FN530,,2025-07,2025-07-30,1.82,,1.68,1.89,,,,,,,,,,
4415,Vb-534.FN530-MNDE-RMS,534.FN530,,2025-07,2025-07-30,1.29,,2.26,1.94,,,,,,,,,,
4416,Vb-534.FN530-FDE-RMS,534.FN530,,2025-09,2025-09-29,1.44,,1.37,1.63,,,,,,,,,,
4417,Vb-534.FN530-FNDE-RMS,534.FN530,,2025-09,2025-09-29,1.46,,1.38,2.27,,,,,,,,,,
4418,Vb-534.FN530-MDE-RMS,534.FN530,,2025-09,2025-09-29,1.87,,1.32,1.91,,,,,,,,,,
4419,Vb-534.FN530-MNDE-RMS,534.FN530,,2025-09,2025-09-29,1.68,,1.76,1.82,,,,,,,,,,
4420,Vb-534.FN530-FDE-RMS,534.FN530,,2026-04,2026-04-27,6.834,,5.365,9.957,,,,,,,,,,
4421,Vb-534.FN530-FNDE-RMS,534.FN530,,2026-04,2026-04-27,10.7,,14.8,16.69,,,,,,,,,,
4422,Vb-534.FN530-MDE-RMS,534.FN530,,2026-04,2026-04-27,5.866,,6.604,10.08,,,,,,,,,,
4423,Vb-534.FN530-MNDE-RMS,534.FN530,,2026-04,2026-04-27,4.927,,4.893,9.95,,,,,,,,,,
4424,Vb-534.FN530-FDE-RMS,534.FN530,,2026-05,2026-05-13,4.84,,12.17,10.22,,,,,,,,,,
4425,Vb-534.FN530-FNDE-RMS,534.FN530,,2026-05,2026-05-13,5.51,,7.28,7.22,,,,,,,,,,
4426,Vb-534.FN530-MDE-RMS,534.FN530,,2026-05,2026-05-13,7.59,,10.82,6.53,,,,,,,,,,
4427,Vb-534.FN530-MNDE-RMS,534.FN530,,2026-05,2026-05-13,5.47,,8.73,8.27,,,,,,,,,,
4428,Vb-534.MD140-MDE-RMS,534.MD140,,2024-12,2024-12-17,0.43,,0.88,0.87,,,,,,,,,,
4429,Vb-534.MD140-MNDE-RMS,534.MD140,,2024-12,2024-12-17,0.78,,0.95,0.55,,,,,,,,,,
4430,Vb-534.MD140-S1DE-RMS,534.MD140,,2024-12,2024-12-17,1.75,,2.02,2.42,,,,,,,,,,
4431,Vb-534.MD140-S1NDE-RMS,534.MD140,,2024-12,2024-12-17,1.72,,1.72,2.51,,,,,,,,,,
4432,Vb-534.MD140-S2DE-RMS,534.MD140,,2024-12,2024-12-17,0.9,,1.06,1.18,,,,,,,,,,
4433,Vb-534.MD140-S2NDE-RMS,534.MD140,,2024-12,2024-12-17,1.63,,1.38,1.34,,,,,,,,,,
4434,Vb-534.MD140-S3DE-RMS,534.MD140,,2024-12,2024-12-17,1.03,,1.26,1.07,,,,,,,,,,
4435,Vb-534.MD140-S3NDE-RMS,534.MD140,,2024-12,2024-12-17,1.06,,1.23,1.43,,,,,,,,,,
4436,Vb-534.MD140-S4DE-RMS,534.MD140,,2024-12,2024-12-17,1.33,,1.35,1.07,,,,,,,,,,
4437,Vb-534.MD140-S4NDE-RMS,534.MD140,,2024-12,2024-12-17,1.18,,1.54,1.02,,,,,,,,,,
4438,Vb-534.MD140-MDE-RMS,534.MD140,,2025-01,2025-01-14,0.38,,0.79,0.91,,,,,,,,,,
4439,Vb-534.MD140-MNDE-RMS,534.MD140,,2025-01,2025-01-14,0.39,,0.65,0.65,,,,,,,,,,
4440,Vb-534.MD140-S1DE-RMS,534.MD140,,2025-01,2025-01-14,2.05,,2.04,2.21,,,,,,,,,,
4441,Vb-534.MD140-S1NDE-RMS,534.MD140,,2025-01,2025-01-14,1.91,,1.76,2.42,,,,,,,,,,
4442,Vb-534.MD140-S2DE-RMS,534.MD140,,2025-01,2025-01-14,1.01,,1.22,1.29,,,,,,,,,,
4443,Vb-534.MD140-S2NDE-RMS,534.MD140,,2025-01,2025-01-14,1.59,,1.39,1.63,,,,,,,,,,
4444,Vb-534.MD140-S3DE-RMS,534.MD140,,2025-01,2025-01-14,0.96,,1.24,1.18,,,,,,,,,,
4445,Vb-534.MD140-S3NDE-RMS,534.MD140,,2025-01,2025-01-14,1.18,,1.35,1.64,,,,,,,,,,
4446,Vb-534.MD140-S4DE-RMS,534.MD140,,2025-01,2025-01-14,1.23,,1.25,1.16,,,,,,,,,,
4447,Vb-534.MD140-S4NDE-RMS,534.MD140,,2025-01,2025-01-14,1.3,,1.36,0.92,,,,,,,,,,
4448,Vb-534.MD140-MDE-RMS,534.MD140,,2025-02,2025-02-26,0.87,,0.78,0.57,,,,,,,,,,
4449,Vb-534.MD140-MNDE-RMS,534.MD140,,2025-02,2025-02-17,,,,0.59,2025-02-26,0.57,,0.85,,,,,,
4450,Vb-534.MD140-S1DE-RMS,534.MD140,,2025-02,2025-02-26,1.66,,1.56,2.42,,,,,,,,,,
4451,Vb-534.MD140-S1NDE-RMS,534.MD140,,2025-02,2025-02-26,1.56,,1.43,2.1,,,,,,,,,,
4452,Vb-534.MD140-S2DE-RMS,534.MD140,,2025-02,2025-02-26,0.9,,1.15,1.21,,,,,,,,,,
4453,Vb-534.MD140-S2NDE-RMS,534.MD140,,2025-02,2025-02-26,1.47,,1.41,1.6,,,,,,,,,,
4454,Vb-534.MD140-S3DE-RMS,534.MD140,,2025-02,2025-02-26,0.91,,1.21,1.18,,,,,,,,,,
4455,Vb-534.MD140-S3NDE-RMS,534.MD140,,2025-02,2025-02-26,1.56,,1.47,1.48,,,,,,,,,,
4456,Vb-534.MD140-S4DE-RMS,534.MD140,,2025-02,2025-02-26,1.14,,1.23,1.16,,,,,,,,,,
4457,Vb-534.MD140-S4NDE-RMS,534.MD140,,2025-02,2025-02-26,1.17,,1.36,0.98,,,,,,,,,,
4458,Vb-534.MD140-MDE-RMS,534.MD140,,2025-05,2025-05-13,0.35,,0.66,0.68,,,,,,,,,,
4459,Vb-534.MD140-MNDE-RMS,534.MD140,,2025-05,2025-05-13,0.31,,0.6,0.58,,,,,,,,,,
4460,Vb-534.MD140-S1DE-RMS,534.MD140,,2025-05,2025-05-13,1.9,,1.84,2.09,,,,,,,,,,
4461,Vb-534.MD140-S1NDE-RMS,534.MD140,,2025-05,2025-05-13,1.7,,1.62,2.2,,,,,,,,,,
4462,Vb-534.MD140-S2DE-RMS,534.MD140,,2025-05,2025-05-13,0.91,,1.02,0.98,,,,,,,,,,
4463,Vb-534.MD140-S2NDE-RMS,534.MD140,,2025-05,2025-05-13,1.26,,1.39,0.94,,,,,,,,,,
4464,Vb-534.MD140-S3DE-RMS,534.MD140,,2025-05,2025-05-13,0.87,,1.1,0.93,,,,,,,,,,
4465,Vb-534.MD140-S3NDE-RMS,534.MD140,,2025-05,2025-05-13,1.22,,1.17,1.34,,,,,,,,,,
4466,Vb-534.MD140-S4DE-RMS,534.MD140,,2025-05,2025-05-13,0.99,,1.18,0.92,,,,,,,,,,
4467,Vb-534.MD140-S4NDE-RMS,534.MD140,,2025-05,2025-05-13,1.01,,1.33,0.85,,,,,,,,,,
4468,Vb-534.MD140-MDE-RMS,534.MD140,,2025-07,2025-07-31,0.38,,0.82,0.75,,,,,,,,,,
4469,Vb-534.MD140-MNDE-RMS,534.MD140,,2025-07,2025-07-31,0.34,,0.6,0.54,,,,,,,,,,
4470,Vb-534.MD140-S1DE-RMS,534.MD140,,2025-07,2025-07-31,1.86,,1.86,1.85,,,,,,,,,,
4471,Vb-534.MD140-S1NDE-RMS,534.MD140,,2025-07,2025-07-31,1.67,,1.65,1.9,,,,,,,,,,
4472,Vb-534.MD140-S2DE-RMS,534.MD140,,2025-07,2025-07-31,0.82,,1.07,1.29,,,,,,,,,,
4473,Vb-534.MD140-S2NDE-RMS,534.MD140,,2025-07,2025-07-31,1.3,,1.49,1.05,,,,,,,,,,
4474,Vb-534.MD140-S3DE-RMS,534.MD140,,2025-07,2025-07-31,0.88,,1.12,0.85,,,,,,,,,,
4475,Vb-534.MD140-S3NDE-RMS,534.MD140,,2025-07,2025-07-31,1.45,,1.31,1.47,,,,,,,,,,
4476,Vb-534.MD140-S4DE-RMS,534.MD140,,2025-07,2025-07-31,1.11,,1.06,0.94,,,,,,,,,,
4477,Vb-534.MD140-S4NDE-RMS,534.MD140,,2025-07,2025-07-31,1.11,,1.28,0.96,,,,,,,,,,
4478,Vb-534.MD140-MDE-RMS,534.MD140,,2025-10,2025-10-01,0.3,,0.75,0.64,,,,,,,,,,
4479,Vb-534.MD140-MNDE-RMS,534.MD140,,2025-10,2025-10-01,0.34,,0.56,0.5,,,,,,,,,,
4480,Vb-534.MD140-S1DE-RMS,534.MD140,,2025-10,2025-10-01,1.8,,1.81,2.12,,,,,,,,,,
4481,Vb-534.MD140-S1NDE-RMS,534.MD140,,2025-10,2025-10-01,1.88,,1.94,2.25,,,,,,,,,,
4482,Vb-534.MD140-S2DE-RMS,534.MD140,,2025-10,2025-10-01,0.87,,1.03,1.38,,,,,,,,,,
4483,Vb-534.MD140-S2NDE-RMS,534.MD140,,2025-10,2025-10-01,1.19,,1.48,1.11,,,,,,,,,,
4484,Vb-534.MD140-S3DE-RMS,534.MD140,,2025-10,2025-10-01,0.93,,1.1,0.78,,,,,,,,,,
4485,Vb-534.MD140-S3NDE-RMS,534.MD140,,2025-10,2025-10-01,1.49,,1.28,1.5,,,,,,,,,,
4486,Vb-534.MD140-S4DE-RMS,534.MD140,,2025-10,2025-10-01,1.12,,1.07,1.58,,,,,,,,,,
4487,Vb-534.MD140-S4NDE-RMS,534.MD140,,2025-10,2025-10-01,1.14,,1.37,0.91,,,,,,,,,,
4488,Vb-534.MD140-MDE-RMS,534.MD140,,2026-04,2026-04-27,1.522,,2.092,1.856,,,,,,,,,,
4489,Vb-534.MD140-MNDE-RMS,534.MD140,,2026-04,2026-04-27,2.039,,1.454,0.897,,,,,,,,,,
4490,Vb-534.MD140-S1DE-RMS,534.MD140,,2026-04,2026-04-27,8.954,,5.6,11.41,,,,,,,,,,
4491,Vb-534.MD140-S1NDE-RMS,534.MD140,,2026-04,2026-04-27,7.728,,7.07,9.967,,,,,,,,,,
4492,Vb-534.MD140-S2DE-RMS,534.MD140,,2026-04,2026-04-27,5.087,,3.82,6.821,,,,,,,,,,
4493,Vb-534.MD140-S2NDE-RMS,534.MD140,,2026-04,2026-04-27,3.133,,4.638,5.859,,,,,,,,,,
4494,Vb-534.MD140-S3DE-RMS,534.MD140,,2026-04,2026-04-27,2.95,,3.635,4.156,,,,,,,,,,
4495,Vb-534.MD140-S3NDE-RMS,534.MD140,,2026-04,2026-04-27,5.491,,4.266,4.546,,,,,,,,,,
4496,Vb-534.MD140-S4DE-RMS,534.MD140,,2026-04,2026-04-27,5.206,,3.871,5.848,,,,,,,,,,
4497,Vb-534.MD140-S4NDE-RMS,534.MD140,,2026-04,2026-04-27,3.362,,4.431,4.221,,,,,,,,,,
4498,Vb-534.MD140-MDE-RMS,534.MD140,,2026-05,2026-05-13,1.42,,2.05,1.24,,,,,,,,,,
4499,Vb-534.MD140-MNDE-RMS,534.MD140,,2026-05,2026-05-13,1.06,,1.3,0.86,,,,,,,,,,
4500,Vb-534.MD140-S1DE-RMS,534.MD140,,2026-05,2026-05-13,6.06,5.65,,12.55,,,,,,,,,,
4501,Vb-534.MD140-S1NDE-RMS,534.MD140,,2026-05,2026-05-13,6.04,6.42,,12.72,,,,,,,,,,
4502,Vb-534.MD140-S2DE-RMS,534.MD140,,2026-05,2026-05-13,5.09,3.82,,6.82,,,,,,,,,,
4503,Vb-534.MD140-S2NDE-RMS,534.MD140,,2026-05,2026-05-13,3.94,5.09,,6.27,,,,,,,,,,
4504,Vb-534.MD140-S3DE-RMS,534.MD140,,2026-05,2026-05-13,2.95,3.64,,4.16,,,,,,,,,,
4505,Vb-534.MD140-S3NDE-RMS,534.MD140,,2026-05,2026-05-13,5.48,4.66,,4.89,,,,,,,,,,
4506,Vb-534.MD140-S4DE-RMS,534.MD140,,2026-05,2026-05-13,5.21,3.87,,5.85,,,,,,,,,,
4507,Vb-534.MD140-S4NDE-RMS,534.MD140,,2026-05,2026-05-13,3.94,4.6,,4.5,,,,,,,,,,
4508,Vb-534.MD140-MDE-RMS,534.MD140,,2026-06,2026-06-04,1.458,,1.42,1.035,,,,,,,,,,
4509,Vb-534.MD140-MNDE-RMS,534.MD140,,2026-06,2026-06-04,1.417,,2.047,2.878,,,,,,,,,,
4510,Vb-534.MD140-S1DE-RMS,534.MD140,,2026-06,2026-06-04,8.628,,5.63,13.14,,,,,,,,,,
4511,Vb-534.MD140-S1NDE-RMS,534.MD140,,2026-06,2026-06-04,9.54,,6.442,13.45,,,,,,,,,,
4512,Vb-534.MD140-S2NDE-RMS,534.MD140,,2026-06,2026-06-04,3.821,,5.186,6.087,,,,,,,,,,
4513,Vb-534.MD140-S3NDE-RMS,534.MD140,,2026-06,2026-06-04,5.66,,4.829,4.802,,,,,,,,,,
4514,Vb-534.MD140-S4NDE-RMS,534.MD140,,2026-06,2026-06-04,3.457,,4.781,4.257,,,,,,,,,,
4515,Vb-534.MD302-MDE-RMS,534.MD302,,2024-12,2024-12-16,1.54,,5.06,4.62,,,,,,,,,,
4516,Vb-534.MD302-MNDE-RMS,534.MD302,,2024-12,2024-12-16,2.66,,4.35,6.07,,,,,,,,,,
4517,Vb-534.MD302-S1DE-RMS,534.MD302,,2024-12,2024-12-16,1.55,,3.74,2.66,,,,,,,,,,
4518,Vb-534.MD302-S1NDE-RMS,534.MD302,,2024-12,2024-12-16,1.21,,3.85,3.01,,,,,,,,,,
4519,Vb-534.MD302-S2DE-RMS,534.MD302,,2024-12,2024-12-16,0.81,,3.36,2.36,,,,,,,,,,
4520,Vb-534.MD302-S2NDE-RMS,534.MD302,,2024-12,2024-12-16,0.72,,3.86,2.61,,,,,,,,,,
4521,Vb-534.MD302-MDE-RMS,534.MD302,,2025-01,2025-01-15,1.29,,6.13,4.5,,,,,,,,,,
4522,Vb-534.MD302-MNDE-RMS,534.MD302,,2025-01,2025-01-15,1.37,,5.91,5.14,,,,,,,,,,
4523,Vb-534.MD302-S1DE-RMS,534.MD302,,2025-01,2025-01-15,1.29,,2.58,4.23,,,,,,,,,,
4524,Vb-534.MD302-S1NDE-RMS,534.MD302,,2025-01,2025-01-15,2.09,,3.72,3.96,,,,,,,,,,
4525,Vb-534.MD302-S2DE-RMS,534.MD302,,2025-01,2025-01-15,0.96,,2.86,4.02,,,,,,,,,,
4526,Vb-534.MD302-S2NDE-RMS,534.MD302,,2025-01,2025-01-15,0.99,,2.56,4.64,,,,,,,,,,
4527,Vb-534.MD302-MDE-RMS,534.MD302,,2025-02,2025-02-17,1.39,,7.04,3.85,,,,,,,,,,
4528,Vb-534.MD302-MNDE-RMS,534.MD302,,2025-02,2025-02-17,1.05,,13.36,5.31,2025-02-17,1.05,,,,,,,,
4529,Vb-534.MD302-S1DE-RMS,534.MD302,,2025-02,2025-02-17,1.21,,5.58,4.46,,,,,,,,,,
4530,Vb-534.MD302-S1NDE-RMS,534.MD302,,2025-02,2025-02-17,1.42,,6.01,5.53,,,,,,,,,,
4531,Vb-534.MD302-S2DE-RMS,534.MD302,,2025-02,2025-02-17,0.78,,7.07,2.88,,,,,,,,,,
4532,Vb-534.MD302-S2NDE-RMS,534.MD302,,2025-02,2025-02-17,0.7,,3.98,3.5,,,,,,,,,,
4533,Vb-534.MD302-MDE-RMS,534.MD302,,2025-04,2025-04-28,2.04,,5.6,12.84,,,,,,,,,,
4534,Vb-534.MD302-MNDE-RMS,534.MD302,,2025-04,2025-04-28,,,8.07,12.91,,,,,,,,,,
4535,Vb-534.MD302-S1DE-RMS,534.MD302,,2025-04,2025-04-28,1.04,,5.64,11.11,,,,,,,,,,
4536,Vb-534.MD302-S1NDE-RMS,534.MD302,,2025-04,2025-04-28,1.3,,5.91,10.4,,,,,,,,,,
4537,Vb-534.MD302-S2DE-RMS,534.MD302,,2025-04,2025-04-28,0.81,,3.51,9.54,,,,,,,,,,
4538,Vb-534.MD302-S2NDE-RMS,534.MD302,,2025-04,2025-04-28,0.7,,3.27,9.81,,,,,,,,,,
4539,Vb-534.MD302-MDE-RMS,534.MD302,,2025-07,2025-07-01,0.99,,5.57,5.17,,,,,,,,,,
4540,Vb-534.MD302-MNDE-RMS,534.MD302,,2025-07,2025-07-01,1.58,,7.33,7.63,,,,,,,,,,
4541,Vb-534.MD302-S1DE-RMS,534.MD302,,2025-07,2025-07-01,1.29,,2.84,4.02,,,,,,,,,,
4542,Vb-534.MD302-S1NDE-RMS,534.MD302,,2025-07,2025-07-01,1.86,,2.58,4.19,,,,,,,,,,
4543,Vb-534.MD302-S2DE-RMS,534.MD302,,2025-07,2025-07-01,0.8,,2.05,3.56,,,,,,,,,,
4544,Vb-534.MD302-S2NDE-RMS,534.MD302,,2025-07,2025-07-01,0.95,,2.18,4.07,,,,,,,,,,
4545,Vb-534.MD302-MDE-RMS,534.MD302,,2025-08,2025-08-28,1.65,,4.94,5.27,,,,,,,,,,
4546,Vb-534.MD302-MNDE-RMS,534.MD302,,2025-08,2025-08-28,3.57,,5.05,6.06,,,,,,,,,,
4547,Vb-534.MD302-S1DE-RMS,534.MD302,,2025-08,2025-08-28,2,,2.66,4.19,,,,,,,,,,
4548,Vb-534.MD302-S1NDE-RMS,534.MD302,,2025-08,2025-08-28,1.86,,1.96,4.84,,,,,,,,,,
4549,Vb-534.MD302-S2DE-RMS,534.MD302,,2025-08,2025-08-28,0.94,,2.02,3.91,,,,,,,,,,
4550,Vb-534.MD302-S2NDE-RMS,534.MD302,,2025-08,2025-08-28,0.96,,3.1,3.83,,,,,,,,,,
4551,Vb-534.MD302-MDE-RMS,534.MD302,,2026-04,2026-04-27,2.497,,6.673,24.1,,,,,,,,,,
4552,Vb-534.MD302-MNDE-RMS,534.MD302,,2026-04,2026-04-27,4.956,,,7.401,,,,,,,,,,
4553,Vb-534.MD302-S1DE-RMS,534.MD302,,2026-04,2026-04-27,2.016,,23.78,8.958,,,,,,,,,,
4554,Vb-534.MD302-S1NDE-RMS,534.MD302,,2026-04,2026-04-27,5.592,,23.48,9.28,,,,,,,,,,
4555,Vb-534.MD302-S2DE-RMS,534.MD302,,2026-04,2026-04-27,9.315,,23.09,3.674,,,,,,,,,,
4556,Vb-534.MD302-S2NDE-RMS,534.MD302,,2026-04,2026-04-27,4.866,,3.846,22.49,,,,,,,,,,
4557,Vb-611.BL300-BLDE-RMS,611.BL300,,2024-12,2024-12-16,4.15,,3.53,4.44,,,,,,,,,,
4558,Vb-611.BL300-BLNDE-RMS,611.BL300,,2024-12,2024-12-16,3.33,,4.35,4.83,,,,,,,,,,
4559,Vb-611.BL300-MDE-RMS,611.BL300,,2024-12,2024-12-16,7.9,,6.29,5.12,,,,,,,,,,
4560,Vb-611.BL300-MNDE-RMS,611.BL300,,2024-12,2024-12-16,2.76,,4.39,6.71,,,,,,,,,,
4561,Vb-611.BL300-BLDE-RMS,611.BL300,,2025-09,2025-09-10,5.32,,5.57,5.68,,,,,,,,,,
4562,Vb-611.BL300-BLNDE-RMS,611.BL300,,2025-09,2025-09-10,5.08,,5.94,6.77,,,,,,,,,,
4563,Vb-611.BL300-MDE-RMS,611.BL300,,2025-09,2025-09-10,11.86,,4.55,4.78,,,,,,,,,,
4564,Vb-611.BL300-MNDE-RMS,611.BL300,,2025-09,2025-09-10,2.8,,5.87,4.5,,,,,,,,,,
4565,Vb-612.BL300-BLDE-RMS,612.BL300,,2024-12,2024-12-16,6.16,,4.15,6.24,,,,,,,,,,
4566,Vb-612.BL300-BLNDE-RMS,612.BL300,,2024-12,2024-12-16,5.88,,8.23,6.79,,,,,,,,,,
4567,Vb-612.BL300-MDE-RMS,612.BL300,,2024-12,2024-12-16,8.34,,8.5,2.71,,,,,,,,,,
4568,Vb-612.BL300-MNDE-RMS,612.BL300,,2024-12,2024-12-16,10.8,,3.82,5.32,,,,,,,,,,
4569,Vb-612.BL300-BLDE-RMS,612.BL300,,2025-01,2025-01-02,5.52,,4.51,6.47,,,,,,,,,,
4570,Vb-612.BL300-BLNDE-RMS,612.BL300,,2025-01,2025-01-02,5.45,,7.99,7.68,,,,,,,,,,
4571,Vb-612.BL300-MDE-RMS,612.BL300,,2025-01,2025-01-02,8.55,,9.25,3.02,,,,,,,,,,
4572,Vb-612.BL300-MNDE-RMS,612.BL300,,2025-01,2025-01-02,8.23,,3.23,7.71,,,,,,,,,,
4573,Vb-612.BL300-BLDE-RMS,612.BL300,,2025-02,2025-02-19,6.5,,4.12,4.19,,,,,,,,,,
4574,Vb-612.BL300-BLNDE-RMS,612.BL300,,2025-02,2025-02-19,5.8,,8.19,8.57,,,,,,,,,,
4575,Vb-612.BL300-MDE-RMS,612.BL300,,2025-02,2025-02-19,7.57,,7.14,2.65,,,,,,,,,,
4576,Vb-612.BL300-MNDE-RMS,612.BL300,,2025-02,2025-02-19,8.38,,3.37,4.86,,,,,,,,,,
4577,Vb-612.BL300-BLDE-RMS,612.BL300,,2025-07,2025-07-31,4.9,,4.19,4.4,,,,,,,,,,
4578,Vb-612.BL300-BLNDE-RMS,612.BL300,,2025-07,2025-07-31,5.79,,6.19,5.21,2025-07-31,5.79,,,,,,,,
4579,Vb-612.BL300-MDE-RMS,612.BL300,,2025-07,2025-07-31,7.72,,8.14,5.71,,,,,,,,,,
4580,Vb-612.BL300-MNDE-RMS,612.BL300,,2025-07,2025-07-31,6.47,,4.47,4.97,,,,,,,,,,
4581,Vb-612.BL300-BLDE-RMS,612.BL300,,2025-09,2025-09-10,5.7,,4.71,7.09,,,,,,,,,,
4582,Vb-612.BL300-BLNDE-RMS,612.BL300,,2025-09,2025-09-10,,,7.07,9.5,,,,,,,,,,
4583,Vb-612.BL300-MDE-RMS,612.BL300,,2025-09,2025-09-10,7.3,,8.23,5.75,,,,,,,,,,
4584,Vb-612.BL300-MNDE-RMS,612.BL300,,2025-09,2025-09-10,3.07,,4.84,4.56,,,,,,,,,,
4585,Vb-612.BL300-BLDE-RMS,612.BL300,,2026-04,2026-04-27,8.336,,24.13,11.04,,,,,,,,,,
4586,Vb-612.BL300-BLNDE-RMS,612.BL300,,2026-04,2026-04-27,6.512,,11.77,9.519,,,,,,,,,,
4587,Vb-612.BL300-MDE-RMS,612.BL300,,2026-04,2026-04-27,5.317,,15.49,5.168,,,,,,,,,,
4588,Vb-612.BL300-MNDE-RMS,612.BL300,,2026-04,2026-04-27,5.892,,5.923,8.234,,,,,,,,,,
4589,Vb-612.BL300-BLDE-RMS,612.BL300,,2026-05,2026-05-13,7.99,,8.68,12.2,,,,,,,,,,
4590,Vb-612.BL300-BLNDE-RMS,612.BL300,,2026-05,2026-05-13,5.44,,10.33,9.69,,,,,,,,,,
4591,Vb-612.BL300-MDE-RMS,612.BL300,,2026-05,2026-05-13,6.4,,12.7,6.52,,,,,,,,,,
4592,Vb-612.BL300-MNDE-RMS,612.BL300,,2026-05,2026-05-13,6.69,,6.68,9.26,,,,,,,,,,
4593,Vb-613.BL300-BLDE-RMS,613.BL300,,2025-02,2025-02-17,9.77,,5.07,8.46,,,,,,,,,,
4594,Vb-613.BL300-BLNDE-RMS,613.BL300,,2025-02,2025-02-17,5.93,,11.89,11.68,,,,,,,,,,
4595,Vb-613.BL300-MDE-RMS,613.BL300,,2025-02,2025-02-17,20.23,,17.71,3.59,,,,,,,,,,
4596,Vb-613.BL300-MNDE-RMS,613.BL300,,2025-02,2025-02-17,8.73,,4.04,11.24,,,,,,,,,,
4597,Vb-613.BL300-BLDE-RMS,613.BL300,,2025-03,2025-03-18,8.04,,5.22,7.65,,,,,,,,,,
4598,Vb-613.BL300-BLNDE-RMS,613.BL300,,2025-03,2025-03-18,7.61,,6.9,8.5,,,,,,,,,,
4599,Vb-613.BL300-MDE-RMS,613.BL300,,2025-03,2025-03-18,16.93,,13.49,3.96,,,,,,,,,,
4600,Vb-613.BL300-MNDE-RMS,613.BL300,,2025-03,2025-03-18,16.78,,2.06,5.71,,,,,,,,,,
4601,Vb-613.BL300-BLDE-RMS,613.BL300,,2025-07,2025-07-30,13.81,,6.33,4.39,,,,,,,,,,
4602,Vb-613.BL300-BLNDE-RMS,613.BL300,,2025-07,2025-07-30,5.05,,9.32,8.3,,,,,,,,,,
4603,Vb-613.BL300-MDE-RMS,613.BL300,,2025-07,2025-07-30,1.99,,8.81,5.86,,,,,,,,,,
4604,Vb-613.BL300-MNDE-RMS,613.BL300,,2025-07,2025-07-30,5.89,,5.4,4.72,,,,,,,,,,
4605,Vb-613.BL300-BLDE-RMS,613.BL300,,2025-09,2025-09-10,2.5,,2.16,4.38,,,,,,,,,,
4606,Vb-613.BL300-BLNDE-RMS,613.BL300,,2025-09,2025-09-10,3.14,,2.43,2.55,,,,,,,,,,
4607,Vb-613.BL300-MDE-RMS,613.BL300,,2025-09,2025-09-10,5.65,,5.63,4.76,,,,,,,,,,
4608,Vb-613.BL300-MNDE-RMS,613.BL300,,2025-09,2025-09-10,2.7,,3.8,4.92,,,,,,,,,,
4609,Vb-613.BL300-BLDE-RMS,613.BL300,,2026-04,2026-04-27,9.421,,7.224,15.56,,,,,,,,,,
4610,Vb-613.BL300-BLNDE-RMS,613.BL300,,2026-04,2026-04-27,10.9,,9.381,9.312,,,,,,,,,,
4611,Vb-613.BL300-MDE-RMS,613.BL300,,2026-04,2026-04-27,4.293,,9.665,8.039,,,,,,,,,,
4612,Vb-613.BL300-MNDE-RMS,613.BL300,,2026-04,2026-04-27,4.24,,6.905,7.493,,,,,,,,,,
4613,Vb-613.BL300-BLDE-RMS,613.BL300,,2026-05,2026-05-13,11.48,,14.23,19.57,,,,,,,,,,
4614,Vb-613.BL300-BLNDE-RMS,613.BL300,,2026-05,2026-05-13,7.99,,11.98,12.85,,,,,,,,,,
4615,Vb-613.BL300-MDE-RMS,613.BL300,,2026-05,2026-05-13,2.88,,10.38,8.78,,,,,,,,,,
4616,Vb-613.BL300-MNDE-RMS,613.BL300,,2026-05,2026-05-13,4.68,,8.88,6.55,,,,,,,,,,
4617,Vb-614.BL300-BLDE-RMS,614.BL300,,2024-12,2024-12-17,3.5,,3.54,4.7,,,,,,,,,,
4618,Vb-614.BL300-MDE-RMS,614.BL300,,2024-12,2024-12-17,8.2,,3.03,6.8,,,,,,,,,,
4619,Vb-614.BL300-MNDE-RMS,614.BL300,,2024-12,2024-12-17,9.45,,4.62,5.97,,,,,,,,,,
4620,Vb-614.BL300-BLDE-RMS,614.BL300,,2025-01,2025-01-07,3.72,,3.81,5.12,,,,,,,,,,
4621,Vb-614.BL300-BLNDE-RMS,614.BL300,,2025-01,2025-01-07,3.45,,3.95,1.65,,,,,,,,,,
4622,Vb-614.BL300-MDE-RMS,614.BL300,,2025-01,2025-01-07,7.7,,4.16,5.07,,,,,,,,,,
4623,Vb-614.BL300-MNDE-RMS,614.BL300,,2025-01,2025-01-07,8.33,,4.54,6.03,,,,,,,,,,
4624,Vb-614.BL300-BLDE-RMS,614.BL300,,2025-02,2025-02-17,4.04,,3.41,5.07,,,,,,,,,,
4625,Vb-614.BL300-BLNDE-RMS,614.BL300,,2025-02,2025-02-17,2.91,,4.26,4,,,,,,,,,,
4626,Vb-614.BL300-MDE-RMS,614.BL300,,2025-02,2025-02-17,8.91,,2.73,5,,,,,,,,,,
4627,Vb-614.BL300-MNDE-RMS,614.BL300,,2025-02,2025-02-17,2.35,,2.73,2.43,,,,,,,,,,
4628,Vb-614.BL300-BLDE-RMS,614.BL300,,2025-09,2025-09-10,4.05,,5.08,4.63,,,,,,,,,,
4629,Vb-614.BL300-BLNDE-RMS,614.BL300,,2025-09,2025-09-10,4.09,,5.23,3.4,,,,,,,,,,
4630,Vb-614.BL300-MDE-RMS,614.BL300,,2025-09,2025-09-10,8.38,,1.86,6.08,,,,,,,,,,
4631,Vb-614.BL300-MNDE-RMS,614.BL300,,2025-09,2025-09-10,2.08,,5.06,2.62,,,,,,,,,,
4632,Vb-614.BL300-BLDE-RMS,614.BL300,,2026-04,2026-04-27,6.922,,10.01,10.52,,,,,,,,,,
4633,Vb-614.BL300-BLNDE-RMS,614.BL300,,2026-04,2026-04-27,7.812,,7.91,9.876,,,,,,,,,,
4634,Vb-614.BL300-MDE-RMS,614.BL300,,2026-04,2026-04-27,4.989,,2.716,15.77,,,,,,,,,,
4635,Vb-614.BL300-MNDE-RMS,614.BL300,,2026-04,2026-04-27,5.251,,6.319,3.558,,,,,,,,,,
4636,Vb-614.BL300-BLDE-RMS,614.BL300,,2026-05,2026-05-13,9.19,,10.86,11.84,,,,,,,,,,
4637,Vb-614.BL300-BLNDE-RMS,614.BL300,,2026-05,2026-05-13,8.88,,8.65,9.99,,,,,,,,,,
4638,Vb-614.BL300-MDE-RMS,614.BL300,,2026-05,2026-05-13,5.55,,3.84,11.41,,,,,,,,,,
4639,Vb-614.BL300-MNDE-RMS,614.BL300,,2026-05,2026-05-13,6.39,,6.14,4.62,,,,,,,,,,
4640,,641.BE050,Shaft 1 inboard  DE,2024-12,2024-12-16,2.92,,2.33,3.56,,,,,,,,,,
4641,,641.BE050,Shaft 2  inboard  DE,2024-12,2024-12-16,1.69,,2.11,3.6,,,,,,,,,,
4642,,641.BE050,Shaft 2  outboard NDE,2024-12,2024-12-16,2.16,,2.77,3.15,,,,,,,,,,
4643,Vb-641.BE050-MDE-RMS,641.BE050,,2024-12,2024-12-16,3.09,,2.93,2.8,,,,,,,,,,
4644,Vb-641.BE050-MNDE-RMS,641.BE050,,2024-12,2024-12-16,3.46,,3.83,3.25,,,,,,,,,,
4645,,641.BE050,Shaft 1 inboard  DE,2025-02,2025-02-20,2.78,,3.06,5.5,,,,,,,,,,
4646,,641.BE050,Shaft 2  inboard  DE,2025-02,2025-02-20,1.93,,2.16,4.96,,,,,,,,,,
4647,,641.BE050,Shaft 2  outboard NDE,2025-02,2025-02-20,3.01,,2.94,4.31,,,,,,,,,,
4648,Vb-641.BE050-MDE-RMS,641.BE050,,2025-02,2025-02-20,3.69,,4.19,5.07,,,,,,,,,,
4649,Vb-641.BE050-MNDE-RMS,641.BE050,,2025-02,2025-02-20,4.45,,5.25,3.64,,,,,,,,,,
4650,Vb-641.BE050-MDE-RMS,641.BE050,,2025-04,2025-04-27,3.43,,3.84,4.59,,,,,,,,,,
4651,Vb-641.BE050-MNDE-RMS,641.BE050,,2025-04,2025-04-27,4.48,,4.31,4.83,,,,,,,,,,
4652,Vb-641.BE050-S1-RMS,641.BE050,,2025-04,2025-04-27,3.75,,2.51,6.24,,,,,,,,,,
4653,Vb-641.BE050-S3-RMS,641.BE050,,2025-04,2025-04-27,2.42,,3,5.05,,,,,,,,,,
4654,Vb-641.BE050-MDE-RMS,641.BE050,,2025-06,2025-06-26,4.34,,4.33,4.16,,,,,,,,,,
4655,Vb-641.BE050-MNDE-RMS,641.BE050,,2025-06,2025-06-26,5.7,,6.17,4.53,,,,,,,,,,
4656,Vb-641.BE050-S1-RMS,641.BE050,,2025-06,2025-06-26,4.31,,3.02,5.25,,,,,,,,,,
4657,Vb-641.BE050-S3-RMS,641.BE050,,2025-06,2025-06-26,3.23,,4,4.04,,,,,,,,,,
4658,,641.BE050,Shaft 1 inboard  DE,2025-08,2025-08-24,3.79,,2.84,4.81,,,,,,,,,,
4659,,641.BE050,Shaft 2  inboard  DE,2025-08,2025-08-24,2.3,,2.84,5.24,,,,,,,,,,
4660,,641.BE050,Shaft 2  outboard NDE,2025-08,2025-08-24,3.3,,3.55,4.65,,,,,,,,,,
4661,Vb-641.BE050-MDE-RMS,641.BE050,,2025-08,2025-08-24,4.79,,4.34,5.36,,,,,,,,,,
4662,Vb-641.BE050-MNDE-RMS,641.BE050,,2025-08,2025-08-24,5.23,,6.54,5.77,,,,,,,,,,
4663,Vb-641.FN.952-FDE-RMS,641.FN952,,2024-12,2024-12-16,7.17,,4.22,5.59,,,,,,,,,,
4664,Vb-641.FN.952-FNDE-RMS,641.FN952,,2024-12,2024-12-16,7.08,,7.28,4.46,,,,,,,,,,
4665,Vb-641.FN.952-MDE-RMS,641.FN952,,2024-12,2024-12-16,4.91,,11.12,7.23,,,,,,,,,,
4666,Vb-641.FN.952-MNDE-RMS,641.FN952,,2024-12,2024-12-16,6.08,,5.57,4.75,,,,,,,,,,
4667,Vb-641.FN.952-FDE-RMS,641.FN952,,2025-01,2025-01-02,4.03,,3.47,5.19,,,,,,,,,,
4668,Vb-641.FN.952-FNDE-RMS,641.FN952,,2025-01,2025-01-02,3.75,,5.48,3.39,,,,,,,,,,
4669,Vb-641.FN.952-MDE-RMS,641.FN952,,2025-01,2025-01-02,3.29,,8.56,5.52,2025-01-02,3.29,,,,,,,,
4670,Vb-641.FN.952-MNDE-RMS,641.FN952,,2025-01,2025-01-02,3.62,,3.96,4.44,,,,,,,,,,
4671,Vb-641.FN.952-FDE-RMS,641.FN952,,2025-02,2025-02-20,4.68,,3,5.02,,,,,,,,,,
4672,Vb-641.FN.952-FNDE-RMS,641.FN952,,2025-02,2025-02-20,5.23,,6.21,2.61,,,,,,,,,,
4673,Vb-641.FN.952-MDE-RMS,641.FN952,,2025-02,2025-02-20,,,7.93,2.62,,,,,,,,,,
4674,Vb-641.FN.952-MNDE-RMS,641.FN952,,2025-02,2025-02-20,6.29,,7.41,2.85,,,,,,,,,,
4675,Vb-641.FN.952-FDE-RMS,641.FN952,,2025-05,2025-05-06,4.27,,4.68,5.39,,,,,,,,,,
4676,Vb-641.FN.952-FNDE-RMS,641.FN952,,2025-05,2025-05-06,4.66,,6.02,14.87,,,,,,,,,,
4677,Vb-641.FN.952-MDE-RMS,641.FN952,,2025-05,2025-05-06,,,9.24,6.68,,,,,,,,,,
4678,Vb-641.FN.952-MNDE-RMS,641.FN952,,2025-05,2025-05-06,4.15,,4.09,5.11,,,,,,,,,,
4679,Vb-641.FN.952-FDE-RMS,641.FN952,,2025-07,2025-07-31,8.58,,4.44,8.53,,,,,,,,,,
4680,Vb-641.FN.952-FNDE-RMS,641.FN952,,2025-07,2025-07-31,8.64,,6.45,5.23,,,,,,,,,,
4681,Vb-641.FN.952-MDE-RMS,641.FN952,,2025-07,2025-07-31,,,8.37,3.73,,,,,,,,,,
4682,Vb-641.FN.952-MNDE-RMS,641.FN952,,2025-07,2025-07-31,5.06,,7,4.09,,,,,,,,,,
4683,Vb-641.FN.952-FDE-RMS,641.FN952,,2025-09,2025-09-10,11.36,,4.64,9.77,,,,,,,,,,
4684,Vb-641.FN.952-FNDE-RMS,641.FN952,,2025-09,2025-09-10,9.91,,9.52,7.91,,,,,,,,,,
4685,Vb-641.FN.952-MDE-RMS,641.FN952,,2025-09,2025-09-10,,,7.26,8.41,,,,,,,,,,
4686,Vb-641.FN.952-MNDE-RMS,641.FN952,,2025-09,2025-09-10,4.95,,4.68,5.17,,,,,,,,,,
4687,Vb-641.FN.952-FDE-RMS,641.FN952,,2026-04,2026-04-27,4.622,,4.13,6.685,,,,,,,,,,
4688,Vb-641.FN.952-FNDE-RMS,641.FN952,,2026-04,2026-04-27,5.54,,3.997,2.946,,,,,,,,,,
4689,Vb-641.FN.952-MDE-RMS,641.FN952,,2026-04,2026-04-27,10.08,,2.621,3.752,,,,,,,,,,
4690,Vb-641.FN.952-MNDE-RMS,641.FN952,,2026-04,2026-04-27,12.3,,5.437,3.38,,,,,,,,,,
4691,Vb-641.FN.952-FDE-RMS,641.FN952,,2026-05,2026-05-13,3.94,,5.68,7.82,,,,,,,,,,
4692,Vb-641.FN.952-FNDE-RMS,641.FN952,,2026-05,2026-05-13,4.82,,4.07,4.24,,,,,,,,,,
4693,Vb-641.FN.952-MDE-RMS,641.FN952,,2026-05,2026-05-13,5.37,,6.15,6.36,,,,,,,,,,
4694,Vb-641.FN.952-MNDE-RMS,641.FN952,,2026-05,2026-05-13,8.4,,7.67,4.31,,,,,,,,,,
4695,,642.BE050,Shaft 1 inboard  DE,2024-12,2024-12-16,4.56,,2.59,4.66,,,,,,,,,,
4696,,642.BE050,Shaft 2  inboard  DE,2024-12,2024-12-16,1.87,,2.79,4.16,,,,,,,,,,
4697,,642.BE050,Shaft 2  outboard NDE,2024-12,2024-12-16,2.97,,3.77,4.21,,,,,,,,,,
4698,Vb-642.BE050-MDE-RMS,642.BE050,,2024-12,2024-12-16,5.47,,3.97,4.76,,,,,,,,,,
4699,Vb-642.BE050-MNDE-RMS,642.BE050,,2024-12,2024-12-16,5.34,,4.6,4.69,,,,,,,,,,
4700,,642.BE050,Shaft 1 inboard  DE,2025-02,2025-02-20,3.6,,1.98,2.98,,,,,,,,,,
4701,,642.BE050,Shaft 2  inboard  DE,2025-02,2025-02-20,1.5,,2.22,2.96,,,,,,,,,,
4702,,642.BE050,Shaft 2  outboard NDE,2025-02,2025-02-20,3.34,,2.98,3.26,,,,,,,,,,
4703,Vb-642.BE050-MDE-RMS,642.BE050,,2025-02,2025-02-20,4.75,,3.9,2.55,,,,,,,,,,
4704,Vb-642.BE050-MNDE-RMS,642.BE050,,2025-02,2025-02-20,4.07,,4.93,3.36,,,,,,,,,,
4705,Vb-642.BE050-MDE-RMS,642.BE050,,2025-04,2025-04-27,6.61,,3.53,4.09,,,,,,,,,,
4706,Vb-642.BE050-MNDE-RMS,642.BE050,,2025-04,2025-04-27,5.53,,3.72,3.81,,,,,,,,,,
4707,Vb-642.BE050-S1-RMS,642.BE050,,2025-04,2025-04-27,4.32,,1.88,3.86,,,,,,,,,,
4708,Vb-642.BE050-S3-RMS,642.BE050,,2025-04,2025-04-27,2.82,,3.5,3.85,,,,,,,,,,
4709,Vb-642.BE050-MDE-RMS,642.BE050,,2025-06,2025-06-26,3.56,,3.29,4.11,,,,,,,,,,
4710,Vb-642.BE050-MNDE-RMS,642.BE050,,2025-06,2025-06-26,5.46,,4.44,5.96,,,,,,,,,,
4711,Vb-642.BE050-S1-RMS,642.BE050,,2025-06,2025-06-26,4.38,,2.22,5.21,,,,,,,,,,
4712,Vb-642.BE050-S3-RMS,642.BE050,,2025-06,2025-06-26,3.52,,3.7,3.78,,,,,,,,,,
4713,,642.BE050,Shaft 1 inboard  DE,2025-08,2025-08-24,3.88,,2,4.23,,,,,,,,,,
4714,,642.BE050,Shaft 2  inboard  DE,2025-08,2025-08-24,1.91,,2.91,3.92,,,,,,,,,,
4715,,642.BE050,Shaft 2  outboard NDE,2025-08,2025-08-24,2.85,,3.16,4.61,,,,,,,,,,
4716,Vb-642.BE050-MDE-RMS,642.BE050,,2025-08,2025-08-24,4.28,,3.34,3.57,,,,,,,,,,
4717,Vb-642.BE050-MNDE-RMS,642.BE050,,2025-08,2025-08-24,6.38,,5.53,4.31,,,,,,,,,,
4718,Vb-642.FN.952-FDE-RMS,642.FN952,,2024-12,2024-12-16,1.63,,2.88,3.84,,,,,,,,,,
4719,Vb-642.FN.952-FNDE-RMS,642.FN952,,2024-12,2024-12-16,1.99,,3.68,2.03,,,,,,,,,,
4720,Vb-642.FN.952-MDE-RMS,642.FN952,,2024-12,2024-12-16,1.88,,5.66,4.81,,,,,,,,,,
4721,Vb-642.FN.952-MNDE-RMS,642.FN952,,2024-12,2024-12-16,2.19,,3.08,3.73,,,,,,,,,,
4722,Vb-642.FN.952-FDE-RMS,642.FN952,,2025-01,2025-01-02,4.99,,8.3,15.19,,,,,,,,,,
4723,Vb-642.FN.952-FNDE-RMS,642.FN952,,2025-01,2025-01-02,4.72,,17.18,6.95,,,,,,,,,,
4724,Vb-642.FN.952-MDE-RMS,642.FN952,,2025-01,2025-01-02,4.81,,23.13,4.61,2025-01-02,4.81,,,,,,,,
4725,Vb-642.FN.952-MNDE-RMS,642.FN952,,2025-01,2025-01-02,6.96,,10.09,21.74,,,,,,,,,,
4726,Vb-642.FN.952-FDE-RMS,642.FN952,,2025-02,2025-02-20,1.48,,2.02,2.18,,,,,,,,,,
4727,Vb-642.FN.952-FNDE-RMS,642.FN952,,2025-02,2025-02-20,1.27,,1.42,1.35,,,,,,,,,,
4728,Vb-642.FN.952-MDE-RMS,642.FN952,,2025-02,2025-02-20,,,2.81,1.49,,,,,,,,,,
4729,Vb-642.FN.952-MNDE-RMS,642.FN952,,2025-02,2025-02-20,1.24,,1.28,1.54,,,,,,,,,,
4730,Vb-642.FN.952-FDE-RMS,642.FN952,,2025-05,2025-05-07,1.55,,1.81,1.92,,,,,,,,,,
4731,Vb-642.FN.952-FNDE-RMS,642.FN952,,2025-05,2025-05-07,1.51,,1.07,1.17,,,,,,,,,,
4732,Vb-642.FN.952-MDE-RMS,642.FN952,,2025-05,2025-05-07,1.21,,2.13,1.61,,,,,,,,,,
4733,Vb-642.FN.952-MNDE-RMS,642.FN952,,2025-05,2025-05-07,1.43,,0.9,1.54,,,,,,,,,,
4734,Vb-642.FN.952-FDE-RMS,642.FN952,,2025-07,2025-07-31,1.23,,1.53,2.42,,,,,,,,,,
4735,Vb-642.FN.952-FNDE-RMS,642.FN952,,2025-07,2025-07-31,1.76,,1.39,1.07,,,,,,,,,,
4736,Vb-642.FN.952-MDE-RMS,642.FN952,,2025-07,2025-07-05,1.21,,,,2025-07-31,,,1.66,2.93,,,,,
4737,Vb-642.FN.952-MNDE-RMS,642.FN952,,2025-07,2025-07-31,1.72,,1.42,1.96,,,,,,,,,,
4738,Vb-642.FN.952-FDE-RMS,642.FN952,,2025-09,2025-09-10,1.99,,2.01,2.14,,,,,,,,,,
4739,Vb-642.FN.952-FNDE-RMS,642.FN952,,2025-09,2025-09-10,1.91,,1.43,1.29,,,,,,,,,,
4740,Vb-642.FN.952-MDE-RMS,642.FN952,,2025-09,2025-09-10,,,2.38,1.81,,,,,,,,,,
4741,Vb-642.FN.952-MNDE-RMS,642.FN952,,2025-09,2025-09-10,1.48,,1.04,1.7,,,,,,,,,,
4742,Vb-642.FN.952-FDE-RMS,642.FN952,,2026-04,2026-04-27,3.351,,2.813,2.225,,,,,,,,,,
4743,Vb-642.FN.952-FNDE-RMS,642.FN952,,2026-04,2026-04-27,3.28,,3.217,1.907,,,,,,,,,,
4744,Vb-642.FN.952-MDE-RMS,642.FN952,,2026-04,2026-04-27,2.291,,4.388,3.517,,,,,,,,,,
4745,Vb-642.FN.952-MNDE-RMS,642.FN952,,2026-04,2026-04-27,3.575,,4.594,2.784,,,,,,,,,,
4746,Vb-642.FN.952-FDE-RMS,642.FN952,,2026-05,2026-05-13,3.81,,4.24,5.08,,,,,,,,,,
4747,Vb-642.FN.952-FNDE-RMS,642.FN952,,2026-05,2026-05-13,5.03,,5.36,3.01,,,,,,,,,,
4748,Vb-642.FN.952-MDE-RMS,642.FN952,,2026-05,2026-05-13,2.88,,9.7,5.05,,,,,,,,,,
4749,Vb-642.FN.952-MNDE-RMS,642.FN952,,2026-05,2026-05-13,5.81,,11.19,4.94,,,,,,,,,,
4750,,643.BE050,Shaft 1 inboard  DE,2024-12,2024-12-22,3.82,,2.74,3.77,,,,,,,,,,
4751,,643.BE050,Shaft 2  inboard  DE,2024-12,2024-12-22,2.14,,3.11,3.89,,,,,,,,,,
4752,,643.BE050,Shaft 2  outboard NDE,2024-12,2024-12-22,3.16,,3.85,3.79,,,,,,,,,,
4753,Vb-643.BE050-MDE-RMS,643.BE050,,2024-12,2024-12-22,4.49,,4.5,3.61,,,,,,,,,,
4754,Vb-643.BE050-MNDE-RMS,643.BE050,,2024-12,2024-12-22,4.7,,4.55,3.92,,,,,,,,,,
4755,,643.BE050,Shaft 1 inboard  DE,2025-02,2025-02-20,4.18,,2.59,3.58,,,,,,,,,,
4756,,643.BE050,Shaft 2  inboard  DE,2025-02,2025-02-20,1.59,,3.17,2.94,,,,,,,,,,
4757,,643.BE050,Shaft 2  outboard NDE,2025-02,2025-02-20,2.07,,3.95,2.97,,,,,,,,,,
4758,Vb-643.BE050-MDE-RMS,643.BE050,,2025-02,2025-02-20,4.21,,2.77,3.18,,,,,,,,,,
4759,Vb-643.BE050-MNDE-RMS,643.BE050,,2025-02,2025-02-20,4.32,,4.23,2.97,,,,,,,,,,
4760,Vb-643.BE050-MDE-RMS,643.BE050,,2025-04,2025-04-27,4.13,,1.93,1.93,,,,,,,,,,
4761,Vb-643.BE050-MNDE-RMS,643.BE050,,2025-04,2025-04-27,3.88,,3.32,3.22,,,,,,,,,,
4762,Vb-643.BE050-S1-RMS,643.BE050,,2025-04,2025-04-27,3.96,,1.82,2.47,,,,,,,,,,
4763,Vb-643.BE050-S3-RMS,643.BE050,,2025-04,2025-04-27,2.48,,3.4,6.87,,,,,,,,,,
4764,,643.BE050,Shaft 1 inboard  DE,2025-06,2025-06-26,4.01,,1.93,3.11,,,,,,,,,,
4765,,643.BE050,Shaft 2  inboard  DE,2025-06,2025-06-26,1.93,,3.13,3.28,,,,,,,,,,
4766,,643.BE050,Shaft 2  outboard NDE,2025-06,2025-06-26,,,3.09,3.42,,,,,,,,,,
4767,Vb-643.BE050-MDE-RMS,643.BE050,,2025-06,2025-06-26,4.37,,2.57,2.57,,,,,,,,,,
4768,Vb-643.BE050-MNDE-RMS,643.BE050,,2025-06,2025-06-26,4.64,,3.52,3.58,,,,,,,,,,
4769,,643.BE050,Shaft 1 inboard  DE,2025-08,2025-08-24,3.65,,2.71,3.52,,,,,,,,,,
4770,,643.BE050,Shaft 2  inboard  DE,2025-08,2025-08-24,2.32,,3.14,3.44,,,,,,,,,,
4771,,643.BE050,Shaft 2  outboard NDE,2025-08,2025-08-24,3.5,,3.74,3.43,,,,,,,,,,
4772,Vb-643.BE050-MDE-RMS,643.BE050,,2025-08,2025-08-24,3.95,,3.59,3.81,,,,,,,,,,
4773,Vb-643.BE050-MNDE-RMS,643.BE050,,2025-08,2025-08-24,4.32,,4.5,3.7,,,,,,,,,,
4774,Vb-643.FN.952-FDE-RMS,643.FN952,,2024-12,2024-12-16,6.79,,3.9,4.03,,,,,,,,,,
4775,Vb-643.FN.952-FNDE-RMS,643.FN952,,2024-12,2024-12-16,7.12,,6.18,3.26,,,,,,,,,,
4776,Vb-643.FN.952-MDE-RMS,643.FN952,,2024-12,2024-12-16,2.78,,7.05,4.54,,,,,,,,,,
4777,Vb-643.FN.952-MNDE-RMS,643.FN952,,2024-12,2024-12-16,3.07,,3.09,5.97,,,,,,,,,,
4778,Vb-643.FN.952-FDE-RMS,643.FN952,,2025-01,2025-01-02,7.93,,3.79,4.11,,,,,,,,,,
4779,Vb-643.FN.952-FNDE-RMS,643.FN952,,2025-01,2025-01-02,8.21,,6.93,3.28,,,,,,,,,,
4780,Vb-643.FN.952-MDE-RMS,643.FN952,,2025-01,2025-01-02,2.92,,7.11,3.13,2025-01-02,2.92,,,,,,,,
4781,Vb-643.FN.952-MNDE-RMS,643.FN952,,2025-01,2025-01-02,3.42,,3.29,6.29,,,,,,,,,,
4782,Vb-643.FN.952-FDE-RMS,643.FN952,,2025-02,2025-02-20,3.85,,3.53,2.71,,,,,,,,,,
4783,Vb-643.FN.952-FNDE-RMS,643.FN952,,2025-02,2025-02-20,3.96,,2.93,3.04,,,,,,,,,,
4784,Vb-643.FN.952-MDE-RMS,643.FN952,,2025-02,2025-02-20,,,3,3.58,,,,,,,,,,
4785,Vb-643.FN.952-MNDE-RMS,643.FN952,,2025-02,2025-02-20,3.63,,2.5,3.97,,,,,,,,,,
4786,Vb-643.FN.952-FDE-RMS,643.FN952,,2025-05,2025-05-07,9.48,,4.37,6.46,,,,,,,,,,
4787,Vb-643.FN.952-FNDE-RMS,643.FN952,,2025-05,2025-05-07,11.39,,8,3.1,,,,,,,,,,
4788,Vb-643.FN.952-MDE-RMS,643.FN952,,2025-05,2025-05-07,,,8.09,3.36,,,,,,,,,,
4789,Vb-643.FN.952-MNDE-RMS,643.FN952,,2025-05,2025-05-07,4.58,,4.78,6.37,,,,,,,,,,
4790,Vb-643.FN.952-FDE-RMS,643.FN952,,2025-07,2025-07-31,22.37,,6,10.73,,,,,,,,,,
4791,Vb-643.FN.952-FNDE-RMS,643.FN952,,2025-07,2025-07-31,25.68,,10.06,10.01,,,,,,,,,,
4792,Vb-643.FN.952-MDE-RMS,643.FN952,,2025-07,2025-07-31,,,13.39,4.31,,,,,,,,,,
4793,Vb-643.FN.952-MNDE-RMS,643.FN952,,2025-07,2025-07-31,10.83,,7.74,3.95,,,,,,,,,,
4794,Vb-643.FN.952-FDE-RMS,643.FN952,,2025-09,2025-09-10,11.43,,4.83,8.69,,,,,,,,,,
4795,Vb-643.FN.952-FNDE-RMS,643.FN952,,2025-09,2025-09-10,11.39,,7.75,7.39,,,,,,,,,,
4796,Vb-643.FN.952-MDE-RMS,643.FN952,,2025-09,2025-09-10,,,9.18,5.18,,,,,,,,,,
4797,Vb-643.FN.952-MNDE-RMS,643.FN952,,2025-09,2025-09-10,7.4,,3.97,6.66,,,,,,,,,,
4798,Vb-643.FN.952-FDE-RMS,643.FN952,,2026-04,2026-04-27,8.821,,4.573,4.123,,,,,,,,,,
4799,Vb-643.FN.952-FNDE-RMS,643.FN952,,2026-04,2026-04-27,9.18,,4.528,2.561,,,,,,,,,,
4800,Vb-643.FN.952-MDE-RMS,643.FN952,,2026-04,2026-04-27,4.963,,4.354,4.574,,,,,,,,,,
4801,Vb-643.FN.952-MNDE-RMS,643.FN952,,2026-04,2026-04-27,4.515,,4.443,2.761,,,,,,,,,,
4802,Vb-643.FN.952-FDE-RMS,643.FN952,,2026-05,2026-05-13,6.27,,5.16,4.22,,,,,,,,,,
4803,Vb-643.FN.952-FNDE-RMS,643.FN952,,2026-05,2026-05-13,6.4,,4.41,2.57,,,,,,,,,,
4804,Vb-643.FN.952-MDE-RMS,643.FN952,,2026-05,2026-05-13,5.77,,4.55,4.93,,,,,,,,,,
4805,Vb-643.FN.952-MNDE-RMS,643.FN952,,2026-05,2026-05-13,4.99,,4.5,3.22,,,,,,,,,,
4806,,644.BE050,Shaft 1 inboard  DE,2024-12,2024-12-17,4.53,,3.44,5.54,,,,,,,,,,
4807,,644.BE050,Shaft 2  inboard  DE,2024-12,2024-12-17,2.13,,2.92,5.65,,,,,,,,,,
4808,,644.BE050,Shaft 2  outboard NDE,2024-12,2024-12-17,4.22,,4.69,4.03,,,,,,,,,,
4809,Vb-644.BE050-MDE-RMS,644.BE050,,2024-12,2024-12-17,4.98,,3.92,3.95,,,,,,,,,,
4810,Vb-644.BE050-MNDE-RMS,644.BE050,,2024-12,2024-12-17,4.46,,5.2,4.82,,,,,,,,,,
4811,,644.BE050,Shaft 1 inboard  DE,2025-02,2025-02-23,4.74,,2.94,4.54,,,,,,,,,,
4812,,644.BE050,Shaft 2  inboard  DE,2025-02,2025-02-23,2.23,,3.15,4.3,,,,,,,,,,
4813,,644.BE050,Shaft 2  outboard NDE,2025-02,2025-02-23,3.67,,4.89,4.62,,,,,,,,,,
4814,Vb-644.BE050-MDE-RMS,644.BE050,,2025-02,2025-02-23,5.19,,3.56,3.97,,,,,,,,,,
4815,Vb-644.BE050-MNDE-RMS,644.BE050,,2025-02,2025-02-23,4.9,,5.02,3.98,,,,,,,,,,
4816,,644.BE050,Shaft 1 inboard  DE,2025-04,2025-04-24,4.79,,3.08,6.09,,,,,,,,,,
4817,,644.BE050,Shaft 2  inboard  DE,2025-04,2025-04-24,2.69,,3.32,4.72,,,,,,,,,,
4818,,644.BE050,Shaft 2  outboard NDE,2025-04,2025-04-24,5.27,,6.03,3.99,,,,,,,,,,
4819,Vb-644.BE050-MDE-RMS,644.BE050,,2025-04,2025-04-24,6.03,,4.47,5.77,,,,,,,,,,
4820,Vb-644.BE050-MNDE-RMS,644.BE050,,2025-04,2025-04-24,6.29,,4.65,4.45,,,,,,,,,,
4821,Vb-644.BE050-MDE-RMS,644.BE050,,2025-06,2025-06-26,3.65,,3.67,2.79,,,,,,,,,,
4822,Vb-644.BE050-MNDE-RMS,644.BE050,,2025-06,2025-06-26,4.13,,3.17,4.76,,,,,,,,,,
4823,Vb-644.BE050-S1-RMS,644.BE050,,2025-06,2025-06-26,2.85,,2.28,2.35,,,,,,,,,,
4824,Vb-644.BE050-S3-RMS,644.BE050,,2025-06,2025-06-26,2.91,,3.82,3.31,,,,,,,,,,
4825,,644.BE050,Shaft 1 inboard  DE,2025-08,2025-08-20,4.85,,2.88,5.85,,,,,,,,,,
4826,,644.BE050,Shaft 2  inboard  DE,2025-08,2025-08-20,2.27,,3.74,5.9,,,,,,,,,,
4827,,644.BE050,Shaft 2  outboard NDE,2025-08,2025-08-20,3.8,,5.06,4.91,,,,,,,,,,
4828,Vb-644.BE050-MDE-RMS,644.BE050,,2025-08,2025-08-20,5.4,,4.09,5.04,,,,,,,,,,
4829,Vb-644.BE050-MNDE-RMS,644.BE050,,2025-08,2025-08-20,5.59,,5.49,4.78,,,,,,,,,,
4830,Vb-644.FN.952-FDE-RMS,644.FN952,,2024-12,2024-12-17,3.01,,2.4,3.21,,,,,,,,,,
4831,Vb-644.FN.952-FNDE-RMS,644.FN952,,2024-12,2024-12-17,2.82,,4.45,3.34,,,,,,,,,,
4832,Vb-644.FN.952-MDE-RMS,644.FN952,,2024-12,2024-12-17,2.66,,4.18,1.91,,,,,,,,,,
4833,Vb-644.FN.952-MNDE-RMS,644.FN952,,2024-12,2024-12-17,4.59,,1.24,2.74,,,,,,,,,,
4834,Vb-644.FN.952-FDE-RMS,644.FN952,,2025-01,2025-01-07,1.82,,1.92,1.85,,,,,,,,,,
4835,Vb-644.FN.952-FNDE-RMS,644.FN952,,2025-01,2025-01-07,2.09,,3.19,3.13,,,,,,,,,,
4836,Vb-644.FN.952-MDE-RMS,644.FN952,,2025-01,2025-01-07,2.47,,2.85,2.15,2025-01-07,2.47,,,,,,,,
4837,Vb-644.FN.952-MNDE-RMS,644.FN952,,2025-01,2025-01-07,2.16,,1.89,2.57,,,,,,,,,,
4838,Vb-644.FN.952-FDE-RMS,644.FN952,,2025-02,2025-02-23,2.21,,2.71,2.15,,,,,,,,,,
4839,Vb-644.FN.952-FNDE-RMS,644.FN952,,2025-02,2025-02-23,2.24,,2.96,3.28,,,,,,,,,,
4840,Vb-644.FN.952-MDE-RMS,644.FN952,,2025-02,2025-02-23,,,3.39,2.7,,,,,,,,,,
4841,Vb-644.FN.952-MNDE-RMS,644.FN952,,2025-02,2025-02-23,2.41,,2.19,2.55,,,,,,,,,,
4842,Vb-644.FN.952-FDE-RMS,644.FN952,,2025-05,2025-05-11,1.92,,3.93,4.63,,,,,,,,,,
4843,Vb-644.FN.952-FNDE-RMS,644.FN952,,2025-05,2025-05-11,1.88,,2.11,2.98,,,,,,,,,,
4844,Vb-644.FN.952-MDE-RMS,644.FN952,,2025-05,2025-05-06,2.31,,5.74,3.72,,,,,,,,,,
4845,Vb-644.FN.952-MNDE-RMS,644.FN952,,2025-05,2025-05-06,3.59,,2.82,3.61,,,,,,,,,,
4846,Vb-644.FN.952-FDE-RMS,644.FN952,,2025-07,2025-07-30,2.7,,5.08,5.39,,,,,,,,,,
4847,Vb-644.FN.952-FNDE-RMS,644.FN952,,2025-07,2025-07-30,3.19,,2.94,4.3,,,,,,,,,,
4848,Vb-644.FN.952-MDE-RMS,644.FN952,,2025-07,2025-07-30,3.44,,4.56,3.35,2025-07-30,3.44,,,,,,,,
4849,Vb-644.FN.952-MNDE-RMS,644.FN952,,2025-07,2025-07-30,4.01,,3.75,3.79,,,,,,,,,,
4850,Vb-644.FN.952-FDE-RMS,644.FN952,,2025-09,2025-09-15,3.09,,5.69,6.25,,,,,,,,,,
4851,Vb-644.FN.952-FNDE-RMS,644.FN952,,2025-09,2025-09-15,3.09,,2.63,3.12,,,,,,,,,,
4852,Vb-644.FN.952-MDE-RMS,644.FN952,,2025-09,2025-09-15,,,5.8,3.81,,,,,,,,,,
4853,Vb-644.FN.952-MNDE-RMS,644.FN952,,2025-09,2025-09-15,4.78,,2.06,4.52,,,,,,,,,,
4854,Vb-644.FN.952-FDE-RMS,644.FN952,,2026-04,2026-04-27,9.214,,5.053,4.836,,,,,,,,,,
4855,Vb-644.FN.952-FNDE-RMS,644.FN952,,2026-04,2026-04-27,7.586,,4.579,7.333,,,,,,,,,,
4856,Vb-644.FN.952-MDE-RMS,644.FN952,,2026-04,2026-04-27,6.932,,13.88,7.316,,,,,,,,,,
4857,Vb-644.FN.952-MNDE-RMS,644.FN952,,2026-04,2026-04-27,4.057,,22.9,14.98,,,,,,,,,,
4858,Vb-644.FN.952-FDE-RMS,644.FN952,,2026-05,2026-05-13,14.47,,8.31,9.2,,,,,,,,,,
4859,Vb-644.FN.952-FNDE-RMS,644.FN952,,2026-05,2026-05-13,7.57,,11.84,12.28,,,,,,,,,,
4860,Vb-644.FN.952-MDE-RMS,644.FN952,,2026-05,2026-05-13,7.46,,10.88,21.38,,,,,,,,,,
4861,Vb-644.FN.952-MNDE-RMS,644.FN952,,2026-05,2026-05-13,10.52,,23.84,10.81,,,,,,,,,,
4862,,645.BE050,Shaft 1 inboard  DE,2024-12,2024-12-17,2.83,,2.66,2.77,,,,,,,,,,
4863,,645.BE050,Shaft 2  inboard  DE,2024-12,2024-12-17,2.22,,2.25,2.92,,,,,,,,,,
4864,,645.BE050,Shaft 2  outboard NDE,2024-12,2024-12-17,3.03,,2.76,3.21,,,,,,,,,,
4865,Vb-645.BE050-MDE-RMS,645.BE050,,2024-12,2024-12-17,3.08,,3.71,3.27,,,,,,,,,,
4866,Vb-645.BE050-MNDE-RMS,645.BE050,,2024-12,2024-12-17,3.26,,4.62,2.98,,,,,,,,,,
4867,,645.BE050,Shaft 1 inboard  DE,2025-02,2025-02-23,2.99,,2.63,2.95,,,,,,,,,,
4868,,645.BE050,Shaft 2  inboard  DE,2025-02,2025-02-23,2.4,,2.45,3.16,,,,,,,,,,
4869,,645.BE050,Shaft 2  outboard NDE,2025-02,2025-02-23,2.85,,2.97,3.23,,,,,,,,,,
4870,Vb-645.BE050-MDE-RMS,645.BE050,,2025-02,2025-02-23,3.25,,3.35,3.13,,,,,,,,,,
4871,Vb-645.BE050-MNDE-RMS,645.BE050,,2025-02,2025-02-23,2.97,,4.93,3.25,,,,,,,,,,
4872,,645.BE050,Shaft 1 inboard  DE,2025-04,2025-04-24,,,2.67,3.28,,,,,,,,,,
4873,,645.BE050,Shaft 2  inboard  DE,2025-04,2025-04-24,2.29,,2.22,3.21,,,,,,,,,,
4874,,645.BE050,Shaft 2  outboard NDE,2025-04,2025-04-24,2.91,,3.18,3.62,,,,,,,,,,
4875,Vb-645.BE050-MDE-RMS,645.BE050,,2025-04,2025-04-24,3.57,,3.51,3.3,,,,,,,,,,
4876,Vb-645.BE050-MNDE-RMS,645.BE050,,2025-04,2025-04-24,3.4,,4.49,4.11,,,,,,,,,,
4877,Vb-645.BE050-MDE-RMS,645.BE050,,2025-06,2025-06-26,3.36,,3.37,2.66,,,,,,,,,,
4878,Vb-645.BE050-MNDE-RMS,645.BE050,,2025-06,2025-06-26,3.11,,4.54,3.51,,,,,,,,,,
4879,Vb-645.BE050-S1-RMS,645.BE050,,2025-06,2025-06-26,2.9,,2.49,3.01,,,,,,,,,,
4880,Vb-645.BE050-S3-RMS,645.BE050,,2025-06,2025-06-26,3.14,,3.03,3.31,,,,,,,,,,
4881,,645.BE050,Shaft 1 inboard  DE,2025-08,2025-08-20,3.04,,2.86,3.23,,,,,,,,,,
4882,,645.BE050,Shaft 2  inboard  DE,2025-08,2025-08-20,2.52,,2.71,2.81,,,,,,,,,,
4883,,645.BE050,Shaft 2  outboard NDE,2025-08,2025-08-20,3.36,,3.45,3.3,,,,,,,,,,
4884,Vb-645.BE050-MDE-RMS,645.BE050,,2025-08,2025-08-20,3.04,,3.84,3.6,,,,,,,,,,
4885,Vb-645.BE050-MNDE-RMS,645.BE050,,2025-08,2025-08-20,3.43,,4.09,4.24,,,,,,,,,,
4886,,645.BL585,BL DE,2025-05,2025-05-12,7.15,,4.57,7.17,,,,,,,,,,
4887,,645.BL585,BL NDE,2025-05,2025-05-12,4.1,,4.74,4.62,,,,,,,,,,
4888,,645.BL585,Motor DE,2025-05,2025-05-12,3.04,,2.44,6.22,,,,,,,,,,
4889,,645.BL585,Motor NDE,2025-05,2025-05-12,2.49,,4.09,2.57,,,,,,,,,,
4890,,645.BL585,BL DE,2025-07,2025-07-08,7.47,,4.66,10.1,,,,,,,,,,
4891,,645.BL585,BL NDE,2025-07,2025-07-08,5.25,,3.88,4.01,,,,,,,,,,
4892,,645.BL585,Motor DE,2025-07,2025-07-08,2.27,,2.91,1.5,,,,,,,,,,
4893,,645.BL585,Motor NDE,2025-07,2025-07-08,9.31,,1.72,2.39,,,,,,,,,,
4894,,645.BL585,BL DE,2025-08,2025-08-07,7.47,,4.66,10.1,,,,,,,,,,
4895,,645.BL585,BL NDE,2025-08,2025-08-07,5.25,,3.88,4.01,,,,,,,,,,
4896,,645.BL585,Motor DE,2025-08,2025-08-07,2.27,,2.91,1.5,,,,,,,,,,
4897,,645.BL585,Motor NDE,2025-08,2025-08-07,9.31,,1.72,2.39,,,,,,,,,,
4898,Vb-645.FN.952-FDE-RMS,645.FN952,,2024-12,2024-12-17,2.84,,3.62,5.03,,,,,,,,,,
4899,Vb-645.FN.952-FNDE-RMS,645.FN952,,2024-12,2024-12-17,2.87,,1.74,3.85,,,,,,,,,,
4900,Vb-645.FN.952-MDE-RMS,645.FN952,,2024-12,2024-12-17,3.53,,5.22,3.94,,,,,,,,,,
4901,Vb-645.FN.952-MNDE-RMS,645.FN952,,2024-12,2024-12-17,3.82,,2.94,3.47,,,,,,,,,,
4902,Vb-645.FN.952-FDE-RMS,645.FN952,,2025-01,2025-01-07,2.7,,3.44,4.5,,,,,,,,,,
4903,Vb-645.FN.952-FNDE-RMS,645.FN952,,2025-01,2025-01-07,3.13,,1.84,3.21,,,,,,,,,,
4904,Vb-645.FN.952-MDE-RMS,645.FN952,,2025-01,2025-01-07,5.63,,4.92,3.72,2025-01-07,5.63,,,,,,,,
4905,Vb-645.FN.952-MNDE-RMS,645.FN952,,2025-01,2025-01-07,4.34,,2.86,6.33,,,,,,,,,,
4906,Vb-645.FN.952-FDE-RMS,645.FN952,,2025-02,2025-02-23,6.58,,3.69,3.22,,,,,,,,,,
4907,Vb-645.FN.952-FNDE-RMS,645.FN952,,2025-02,2025-02-23,6.84,,4.38,4.04,,,,,,,,,,
4908,Vb-645.FN.952-MDE-RMS,645.FN952,,2025-02,2025-02-23,,,5.74,3.85,,,,,,,,,,
4909,Vb-645.FN.952-MNDE-RMS,645.FN952,,2025-02,2025-02-23,5.7,,5.51,7.24,,,,,,,,,,
4910,Vb-645.FN.952-FDE-RMS,645.FN952,,2025-05,2025-05-06,3.57,,3.51,2.74,,,,,,,,,,
4911,Vb-645.FN.952-FNDE-RMS,645.FN952,,2025-05,2025-05-06,3.67,,3.77,3.48,,,,,,,,,,
4912,Vb-645.FN.952-MDE-RMS,645.FN952,,2025-05,2025-05-06,10.05,,6.04,5.42,2025-05-06,10.05,,,,,,,,
4913,Vb-645.FN.952-MNDE-RMS,645.FN952,,2025-05,2025-05-06,8.71,,4.56,6.81,,,,,,,,,,
4914,Vb-645.FN.952-MDE-RMS,645.FN952,,2025-06,2025-06-05,10.05,,,,,,,,,,,,,
4915,Vb-645.FN.952-FDE-RMS,645.FN952,,2025-07,2025-07-30,5.91,,3.7,3.82,,,,,,,,,,
4916,Vb-645.FN.952-FNDE-RMS,645.FN952,,2025-07,2025-07-30,6.3,,2.28,3.67,,,,,,,,,,
4917,Vb-645.FN.952-MDE-RMS,645.FN952,,2025-07,2025-07-30,,,3.83,3.29,,,,,,,,,,
4918,Vb-645.FN.952-MNDE-RMS,645.FN952,,2025-07,2025-07-30,2.54,,3.69,3.91,,,,,,,,,,
4919,Vb-645.FN.952-FDE-RMS,645.FN952,,2025-09,2025-09-15,3.93,,3.1,2.96,,,,,,,,,,
4920,Vb-645.FN.952-FNDE-RMS,645.FN952,,2025-09,2025-09-15,4.69,,2.27,3.53,,,,,,,,,,
4921,Vb-645.FN.952-MDE-RMS,645.FN952,,2025-09,2025-09-15,,,2.76,2.39,,,,,,,,,,
4922,Vb-645.FN.952-MNDE-RMS,645.FN952,,2025-09,2025-09-15,3.19,,2.88,2.76,,,,,,,,,,
4923,Vb-645.FN.952-FDE-RMS,645.FN952,,2026-04,2026-04-27,3.453,,4.306,2.563,,,,,,,,,,
4924,Vb-645.FN.952-FNDE-RMS,645.FN952,,2026-04,2026-04-27,3.971,,3.081,2.606,,,,,,,,,,
4925,Vb-645.FN.952-MDE-RMS,645.FN952,,2026-04,2026-04-27,1.932,,4.923,4.332,,,,,,,,,,
4926,Vb-645.FN.952-MNDE-RMS,645.FN952,,2026-04,2026-04-27,1.616,,4.816,3.303,,,,,,,,,,
4927,Vb-645.FN.952-FDE-RMS,645.FN952,,2026-05,2026-05-13,8.97,,9.36,5.25,,,,,,,,,,
4928,Vb-645.FN.952-FNDE-RMS,645.FN952,,2026-05,2026-05-13,7.44,,7.2,3.02,,,,,,,,,,
4929,Vb-645.FN.952-MDE-RMS,645.FN952,,2026-05,2026-05-13,3.82,,11.58,10.17,,,,,,,,,,
4930,Vb-645.FN.952-MNDE-RMS,645.FN952,,2026-05,2026-05-13,8.31,,15.37,6.4,,,,,,,,,,
4931,,646.BE050,Shaft 1 inboard  DE,2024-12,2024-12-17,6.64,,3.33,3.64,,,,,,,,,,
4932,,646.BE050,Shaft 2  inboard  DE,2024-12,2024-12-17,2.54,,4.34,4.03,,,,,,,,,,
4933,,646.BE050,Shaft 2  outboard NDE,2024-12,2024-12-17,3.7,,6.88,3.76,,,,,,,,,,
4934,Vb-646.BE050-MDE-RMS,646.BE050,,2024-12,2024-12-17,6.87,,3.62,3.98,,,,,,,,,,
4935,Vb-646.BE050-MNDE-RMS,646.BE050,,2024-12,2024-12-17,6.73,,6.01,4.44,,,,,,,,,,
4936,,646.BE050,Shaft 1 inboard  DE,2025-02,2025-02-23,5.27,,2.84,3.23,,,,,,,,,,
4937,,646.BE050,Shaft 2  inboard  DE,2025-02,2025-02-23,2.08,,3.03,3.3,,,,,,,,,,
4938,,646.BE050,Shaft 2  outboard NDE,2025-02,2025-02-23,2.95,,5.33,3.65,,,,,,,,,,
4939,Vb-646.BE050-MDE-RMS,646.BE050,,2025-02,2025-02-23,5.97,,3.59,3.52,,,,,,,,,,
4940,Vb-646.BE050-MNDE-RMS,646.BE050,,2025-02,2025-02-23,5.8,,4.62,4.07,,,,,,,,,,
4941,,646.BE050,Shaft 1 inboard  DE,2025-04,2025-04-24,5.04,,3.31,4.47,,,,,,,,,,
4942,,646.BE050,Shaft 2  inboard  DE,2025-04,2025-04-24,2.48,,3.37,4.23,,,,,,,,,,
4943,,646.BE050,Shaft 2  outboard NDE,2025-04,2025-04-24,,,4.53,3.65,,,,,,,,,,
4944,Vb-646.BE050-MDE-RMS,646.BE050,,2025-04,2025-04-24,5.9,,4.54,4.11,,,,,,,,,,
4945,Vb-646.BE050-MNDE-RMS,646.BE050,,2025-04,2025-04-24,4.29,,4.63,5.48,,,,,,,,,,
4946,Vb-646.BE050-MDE-RMS,646.BE050,,2025-06,2025-06-26,6.44,,3.4,3.84,,,,,,,,,,
4947,Vb-646.BE050-MNDE-RMS,646.BE050,,2025-06,2025-06-26,6.98,,3.88,4.68,,,,,,,,,,
4948,Vb-646.BE050-S1-RMS,646.BE050,,2025-06,2025-06-26,7.15,,2.8,4.06,,,,,,,,,,
4949,Vb-646.BE050-S3-RMS,646.BE050,,2025-06,2025-06-26,3.14,,6.33,3.64,,,,,,,,,,
4950,,646.BE050,Shaft 1 inboard  DE,2025-08,2025-08-20,6.79,,2.74,3.48,,,,,,,,,,
4951,,646.BE050,Shaft 2  inboard  DE,2025-08,2025-08-20,3.05,,3.65,3.36,,,,,,,,,,
4952,,646.BE050,Shaft 2  outboard NDE,2025-08,2025-08-20,4.29,,6.78,4.58,,,,,,,,,,
4953,Vb-646.BE050-MDE-RMS,646.BE050,,2025-08,2025-08-20,6.19,,5.96,4.9,,,,,,,,,,
4954,Vb-646.BE050-MNDE-RMS,646.BE050,,2025-08,2025-08-20,5.96,,5.89,4.65,,,,,,,,,,
4955,Vb-646.FN.952-FDE-RMS,646.FN952,,2024-12,2024-12-17,7.14,,8.43,3.28,,,,,,,,,,
4956,Vb-646.FN.952-FNDE-RMS,646.FN952,,2024-12,2024-12-17,7.61,,7.23,5.4,,,,,,,,,,
4957,Vb-646.FN.952-MDE-RMS,646.FN952,,2024-12,2024-12-17,8.4,,4.58,5.4,,,,,,,,,,
4958,Vb-646.FN.952-MNDE-RMS,646.FN952,,2024-12,2024-12-17,9.83,,7.2,7.83,,,,,,,,,,
4959,Vb-646.FN.952-FDE-RMS,646.FN952,,2025-01,2025-01-07,9.48,,8.56,3.7,,,,,,,,,,
4960,Vb-646.FN.952-FNDE-RMS,646.FN952,,2025-01,2025-01-07,9.69,,8.48,4.92,,,,,,,,,,
4961,Vb-646.FN.952-MDE-RMS,646.FN952,,2025-01,2025-01-07,11.98,,5.9,5.83,2025-01-07,11.98,,,,,,,,
4962,Vb-646.FN.952-MNDE-RMS,646.FN952,,2025-01,2025-01-07,13.14,,8.08,9.4,,,,,,,,,,
4963,Vb-646.FN.952-FDE-RMS,646.FN952,,2025-02,2025-02-23,1.93,,6.38,2.11,,,,,,,,,,
4964,Vb-646.FN.952-FNDE-RMS,646.FN952,,2025-02,2025-02-23,2.58,,4.19,1.83,,,,,,,,,,
4965,Vb-646.FN.952-MDE-RMS,646.FN952,,2025-02,2025-02-23,,,3.24,1.49,,,,,,,,,,
4966,Vb-646.FN.952-MNDE-RMS,646.FN952,,2025-02,2025-02-23,5.56,,5.87,11.36,,,,,,,,,,
4967,Vb-646.FN.952-FDE-RMS,646.FN952,,2025-05,2025-05-06,3.85,,5.23,2.45,,,,,,,,,,
4968,Vb-646.FN.952-FNDE-RMS,646.FN952,,2025-05,2025-05-06,4.63,,7.88,2.58,,,,,,,,,,
4969,Vb-646.FN.952-MDE-RMS,646.FN952,,2025-05,2025-05-06,,,4.45,3.03,,,,,,,,,,
4970,Vb-646.FN.952-MNDE-RMS,646.FN952,,2025-05,2025-05-06,6.71,,3.36,9.7,,,,,,,,,,
4971,Vb-646.FN.952-FDE-RMS,646.FN952,,2025-07,2025-07-30,3.85,,5.22,2.56,,,,,,,,,,
4972,Vb-646.FN.952-FNDE-RMS,646.FN952,,2025-07,2025-07-30,2.73,,7.25,3.52,,,,,,,,,,
4973,Vb-646.FN.952-MDE-RMS,646.FN952,,2025-07,2025-07-30,,,2.49,4.78,,,,,,,,,,
4974,Vb-646.FN.952-MNDE-RMS,646.FN952,,2025-07,2025-07-30,6.8,,3.88,7.91,,,,,,,,,,
4975,Vb-646.FN.952-FDE-RMS,646.FN952,,2025-09,2025-09-15,2.86,,4.42,1.53,,,,,,,,,,
4976,Vb-646.FN.952-FNDE-RMS,646.FN952,,2025-09,2025-09-15,2.87,,4.77,3.3,,,,,,,,,,
4977,Vb-646.FN.952-MDE-RMS,646.FN952,,2025-09,2025-09-15,,,3.33,5.3,,,,,,,,,,
4978,Vb-646.FN.952-MNDE-RMS,646.FN952,,2025-09,2025-09-15,6.96,,3.2,7.26,,,,,,,,,,
4979,Vb-646.FN.952-FDE-RMS,646.FN952,,2026-04,2026-04-27,5.453,,3.746,2.406,,,,,,,,,,
4980,Vb-646.FN.952-FNDE-RMS,646.FN952,,2026-04,2026-04-27,5.728,,2.994,3.072,,,,,,,,,,
4981,Vb-646.FN.952-MDE-RMS,646.FN952,,2026-04,2026-04-27,5.829,,2.333,3.157,,,,,,,,,,
4982,Vb-646.FN.952-MNDE-RMS,646.FN952,,2026-04,2026-04-27,3.845,,4.733,3.331,,,,,,,,,,
4983,Vb-646.FN.952-FDE-RMS,646.FN952,,2026-05,2026-05-13,6.59,,3.7,3.08,,,,,,,,,,
4984,Vb-646.FN.952-FNDE-RMS,646.FN952,,2026-05,2026-05-13,4.92,,2.91,2.52,,,,,,,,,,
4985,Vb-646.FN.952-MDE-RMS,646.FN952,,2026-05,2026-05-13,7.16,,2.5,2.94,,,,,,,,,,
4986,Vb-646.FN.952-MNDE-RMS,646.FN952,,2026-05,2026-05-13,4.93,,5.48,3.81,,,,,,,,,,
4987,Vb-741.CP110-CDE-RMS,741.CP110,,2024-12,2024-12-15,2.47,,2.5,3.26,,,,,,,,,,
4988,Vb-741.CP110-CNDE-RMS,741.CP110,,2024-12,2024-12-15,3.14,,2.64,3.51,,,,,,,,,,
4989,Vb-741.CP110-MDE-RMS,741.CP110,,2024-12,2024-12-15,2.74,,2,3.24,,,,,,,,,,
4990,Vb-741.CP110-MNDE-RMS,741.CP110,,2024-12,2024-12-15,1.72,,2.44,1.56,,,,,,,,,,
4991,Vb-741.CP110-CDE-RMS,741.CP110,,2025-01,2025-01-27,1.9,,2.39,3.29,,,,,,,,,,
4992,Vb-741.CP110-CNDE-RMS,741.CP110,,2025-01,2025-01-27,3.34,,2.62,3.02,,,,,,,,,,
4993,Vb-741.CP110-MDE-RMS,741.CP110,,2025-01,2025-01-27,3.49,,2.77,3.28,,,,,,,,,,
4994,Vb-741.CP110-MNDE-RMS,741.CP110,,2025-01,2025-01-27,3.14,,2.45,1.8,,,,,,,,,,
4995,Vb-741.CP110-CDE-RMS,741.CP110,,2025-02,2025-02-04,3.38,,6.6,6.5,,,,,,,,,,
4996,Vb-741.CP110-CNDE-RMS,741.CP110,,2025-02,2025-02-04,5.49,,5.89,4.95,,,,,,,,,,
4997,Vb-741.CP110-MDE-RMS,741.CP110,,2025-02,2025-02-04,4.25,,2.85,4.61,,,,,,,,,,
4998,Vb-741.CP110-MNDE-RMS,741.CP110,,2025-02,2025-02-04,4.89,,2.17,3.81,,,,,,,,,,
4999,Vb-741.CP110-CDE-RMS,741.CP110,,2025-07,2025-07-08,2.51,,3.62,3.92,,,,,,,,,,
5000,Vb-741.CP110-CNDE-RMS,741.CP110,,2025-07,2025-07-08,3.28,,3.52,3.69,,,,,,,,,,
5001,Vb-741.CP110-MDE-RMS,741.CP110,,2025-07,2025-07-08,2.8,,2.36,2.81,,,,,,,,,,
5002,Vb-741.CP110-MNDE-RMS,741.CP110,,2025-07,2025-07-08,2.43,,2.8,1.4,,,,,,,,,,
5003,Vb-741.CP110-CDE-RMS,741.CP110,,2025-08,2025-08-07,2.51,,3.62,3.92,,,,,,,,,,
5004,Vb-741.CP110-CNDE-RMS,741.CP110,,2025-08,2025-08-07,3.28,,3.52,3.69,,,,,,,,,,
5005,Vb-741.CP110-MDE-RMS,741.CP110,,2025-08,2025-08-07,2.8,,2.36,2.81,,,,,,,,,,
5006,Vb-741.CP110-MNDE-RMS,741.CP110,,2025-08,2025-08-07,2.43,,2.8,1.4,,,,,,,,,,
5007,Vb-741.CP110-CDE-RMS,741.CP110,,2026-02,2026-02-15,3.87,,6.76,3.14,,,,,,,,,,
5008,Vb-741.CP110-CNDE-RMS,741.CP110,,2026-02,2026-02-15,4.12,,3.59,3.58,,,,,,,,,,
5009,Vb-741.CP110-MDE-RMS,741.CP110,,2026-02,2026-02-15,7.61,,3.71,3.3,,,,,,,,,,
5010,Vb-741.CP110-MNDE-RMS,741.CP110,,2026-02,2026-02-15,3.18,,1.76,1.94,,,,,,,,,,
5011,Vb-741.CP110-CDE-RMS,741.CP110,,2026-03,2026-03-24,3.43,,6.04,3.23,,,,,,,,,,
5012,Vb-741.CP110-CNDE-RMS,741.CP110,,2026-03,2026-03-24,3.94,,3.86,3.59,,,,,,,,,,
5013,Vb-741.CP110-MDE-RMS,741.CP110,,2026-03,2026-03-24,5.54,,3.64,3.28,,,,,,,,,,
5014,Vb-741.CP110-MNDE-RMS,741.CP110,,2026-03,2026-03-24,5.04,,1.68,2.18,,,,,,,,,,
5015,Vb-741.CP110-CDE-RMS,741.CP110,,2026-04,2026-04-26,2.58,,6.21,3.52,,,,,,,,,,
5016,Vb-741.CP110-CNDE-RMS,741.CP110,,2026-04,2026-04-26,4.1,,3.92,3.59,,,,,,,,,,
5017,Vb-741.CP110-MDE-RMS,741.CP110,,2026-04,2026-04-26,3.95,,3.91,4.08,,,,,,,,,,
5018,Vb-741.CP110-MNDE-RMS,741.CP110,,2026-04,2026-04-26,3.27,,3.04,1.63,,,,,,,,,,
5019,Vb-741.CP111-CDE-RMS,741.CP111,,2024-12,2024-12-15,2.79,,4.22,9.44,,,,,,,,,,
5020,Vb-741.CP111-CNDE-RMS,741.CP111,,2024-12,2024-12-15,3.61,,3.3,4.59,,,,,,,,,,
5021,Vb-741.CP111-MDE-RMS,741.CP111,,2024-12,2024-12-15,4.29,,2.36,1.59,,,,,,,,,,
5022,Vb-741.CP111-MNDE-RMS,741.CP111,,2024-12,2024-12-15,2.23,,4.72,1.63,,,,,,,,,,
5023,Vb-741.CP111-CDE-RMS,741.CP111,,2025-01,2025-01-19,3.43,,3.52,4.27,2025-01-23,3.91,,3.22,4.59,2025-01-27,2.93,,3.32,4.34
5024,Vb-741.CP111-CNDE-RMS,741.CP111,,2025-01,2025-01-19,5.12,,4.2,5.1,2025-01-23,5.58,,3.62,4.55,2025-01-27,5.15,,3.65,5.18
5025,Vb-741.CP111-MDE-RMS,741.CP111,,2025-01,2025-01-19,,,5.63,1.52,2025-01-23,2.02,,4.15,1.39,2025-01-27,3.68,,4.35,1.92
5026,Vb-741.CP111-MNDE-RMS,741.CP111,,2025-01,2025-01-19,2.83,,6.85,1.38,2025-01-23,2.08,,3.14,1.56,2025-01-27,2.33,,3.42,1.57
5027,Vb-741.CP111-CDE-RMS,741.CP111,,2025-02,2025-02-04,3.78,,3,3.9,,,,,,,,,,
5028,Vb-741.CP111-CNDE-RMS,741.CP111,,2025-02,2025-02-04,5.23,,6.87,5.24,,,,,,,,,,
5029,Vb-741.CP111-MDE-RMS,741.CP111,,2025-02,2025-02-04,3.52,,3.6,1.52,,,,,,,,,,
5030,Vb-741.CP111-MNDE-RMS,741.CP111,,2025-02,2025-02-04,4.11,,2.6,1.97,,,,,,,,,,
5031,Vb-741.CP111-CDE-RMS,741.CP111,,2025-05,2025-05-12,3.48,,4.46,5.35,,,,,,,,,,
5032,Vb-741.CP111-CNDE-RMS,741.CP111,,2025-05,2025-05-12,4.82,,3.33,4.91,,,,,,,,,,
5033,Vb-741.CP111-MDE-RMS,741.CP111,,2025-05,2025-05-12,3.94,,6.24,2.65,,,,,,,,,,
5034,Vb-741.CP111-MNDE-RMS,741.CP111,,2025-05,2025-05-12,4.98,,2.62,2.11,,,,,,,,,,
5035,Vb-741.CP111-CDE-RMS,741.CP111,,2025-08,2025-08-07,3.29,,4.32,3.99,,,,,,,,,,
5036,Vb-741.CP111-CNDE-RMS,741.CP111,,2025-08,2025-08-07,3.95,,3.91,4.42,,,,,,,,,,
5037,Vb-741.CP111-MDE-RMS,741.CP111,,2025-08,2025-08-07,5.19,,2.48,2.6,,,,,,,,,,
5038,Vb-741.CP111-MNDE-RMS,741.CP111,,2025-08,2025-08-07,2.72,,8.72,1.84,,,,,,,,,,
5039,Vb-741.CP111-CDE-RMS,741.CP111,,2025-09,2025-09-03,3.4,,3.03,3.96,2025-09-24,3.3,,4.23,6.42,,,,,
5040,Vb-741.CP111-CNDE-RMS,741.CP111,,2025-09,2025-09-03,4.97,,3.54,4.3,2025-09-24,4.07,,3.48,4.14,,,,,
5041,Vb-741.CP111-MDE-RMS,741.CP111,,2025-09,2025-09-03,4.44,,2.92,2.08,2025-09-24,2.73,,3.45,2.54,,,,,
5042,Vb-741.CP111-MNDE-RMS,741.CP111,,2025-09,2025-09-03,2.42,,8.08,2.34,2025-09-24,2.6,,3.83,3.29,,,,,
5043,Vb-741.CP111-CNDE-RMS,741.CP111,,2026-01,2026-01-21,4.5,,,,,,,,,,,,,
5044,Vb-741.CP111-CDE-RMS,741.CP111,,2026-02,2026-02-15,3.87,,2.53,2.63,,,,,,,,,,
5045,Vb-741.CP111-CNDE-RMS,741.CP111,,2026-02,2026-02-15,,,4.03,6.04,,,,,,,,,,
5046,Vb-741.CP111-MDE-RMS,741.CP111,,2026-02,2026-02-15,3.69,,2.82,1.82,,,,,,,,,,
5047,Vb-741.CP111-MNDE-RMS,741.CP111,,2026-02,2026-02-15,2.37,,2.44,7.04,,,,,,,,,,
5048,Vb-741.CP111-CDE-RMS,741.CP111,,2026-03,2026-03-24,3.05,,2.89,2.47,,,,,,,,,,
5049,Vb-741.CP111-CNDE-RMS,741.CP111,,2026-03,2026-03-24,5.82,,4.64,5.24,,,,,,,,,,
5050,Vb-741.CP111-MDE-RMS,741.CP111,,2026-03,2026-03-24,4.82,,2.47,2.73,,,,,,,,,,
5051,Vb-741.CP111-MNDE-RMS,741.CP111,,2026-03,2026-03-24,2.39,,3.66,3.82,,,,,,,,,,
5052,Vb-741.CP112-CDE-RMS,741.CP112,,2024-12,2024-12-15,4.52,,3.77,4.68,,,,,,,,,,
5053,Vb-741.CP112-CNDE-RMS,741.CP112,,2024-12,2024-12-15,5.04,,4.66,3.82,,,,,,,,,,
5054,Vb-741.CP112-MDE-RMS,741.CP112,,2024-12,2024-12-15,3.47,,3.23,3.71,,,,,,,,,,
5055,Vb-741.CP112-MNDE-RMS,741.CP112,,2024-12,2024-12-15,3.82,,2.38,2.73,,,,,,,,,,
5056,Vb-741.CP112-CDE-RMS,741.CP112,,2025-02,2025-02-04,5.61,,6.02,4.37,,,,,,,,,,
5057,Vb-741.CP112-CNDE-RMS,741.CP112,,2025-02,2025-02-04,5.44,,4.29,5.34,,,,,,,,,,
5058,Vb-741.CP112-MDE-RMS,741.CP112,,2025-02,2025-02-04,3.43,,4.02,3.46,,,,,,,,,,
5059,Vb-741.CP112-MNDE-RMS,741.CP112,,2025-02,2025-02-04,3.93,,6.15,2.12,,,,,,,,,,
5060,Vb-741.CP112-CDE-RMS,741.CP112,,2025-05,2025-05-12,5.14,,8.63,5.66,,,,,,,,,,
5061,Vb-741.CP112-CNDE-RMS,741.CP112,,2025-05,2025-05-12,7.17,,7.79,5.07,,,,,,,,,,
5062,Vb-741.CP112-MDE-RMS,741.CP112,,2025-05,2025-05-12,4.12,,4.14,4.53,,,,,,,,,,
5063,Vb-741.CP112-MNDE-RMS,741.CP112,,2025-05,2025-05-12,4.41,,5.79,2.56,,,,,,,,,,
5064,Vb-741.CP112-CDE-RMS,741.CP112,,2025-07,2025-07-08,4.54,,4.56,4.21,,,,,,,,,,
5065,Vb-741.CP112-CNDE-RMS,741.CP112,,2025-07,2025-07-08,6.02,,3.26,3.64,,,,,,,,,,
5066,Vb-741.CP112-MDE-RMS,741.CP112,,2025-07,2025-07-08,3.87,,3.76,2.78,,,,,,,,,,
5067,Vb-741.CP112-MNDE-RMS,741.CP112,,2025-07,2025-07-08,3.5,,2.4,1.47,,,,,,,,,,
5068,Vb-741.CP112-CDE-RMS,741.CP112,,2025-09,2025-09-03,4.64,,3.68,4.2,,,,,,,,,,
5069,Vb-741.CP112-CNDE-RMS,741.CP112,,2025-09,2025-09-03,5.65,,3.7,1.94,,,,,,,,,,
5070,Vb-741.CP112-MDE-RMS,741.CP112,,2025-09,2025-09-03,4.02,,3.88,3.34,,,,,,,,,,
5071,Vb-741.CP112-MNDE-RMS,741.CP112,,2025-09,2025-09-03,3.94,,6.38,1.87,,,,,,,,,,
5072,Vb-741.CP112-CDE-RMS,741.CP112,,2026-02,2026-02-15,5.25,,5.94,4.09,,,,,,,,,,
5073,Vb-741.CP112-CNDE-RMS,741.CP112,,2026-02,2026-02-15,6.5,,2.91,4.49,,,,,,,,,,
5074,Vb-741.CP112-MDE-RMS,741.CP112,,2026-02,2026-02-15,4.48,,3.52,3.02,,,,,,,,,,
5075,Vb-741.CP112-MNDE-RMS,741.CP112,,2026-02,2026-02-15,4.96,,2.76,2.11,,,,,,,,,,
5076,Vb-741.CP112-CDE-RMS,741.CP112,,2026-03,2026-03-24,5.17,,4.68,4,,,,,,,,,,
5077,Vb-741.CP112-CNDE-RMS,741.CP112,,2026-03,2026-03-24,5.95,,3.84,4.5,,,,,,,,,,
5078,Vb-741.CP112-MDE-RMS,741.CP112,,2026-03,2026-03-24,4.07,,3.55,3.01,,,,,,,,,,
5079,Vb-741.CP112-MNDE-RMS,741.CP112,,2026-03,2026-03-24,4.46,,5.15,2.26,,,,,,,,,,
5080,Vb-741.CP112-CDE-RMS,741.CP112,,2026-04,2026-04-26,4.55,,4.35,5.85,,,,,,,,,,
5081,Vb-741.CP112-CNDE-RMS,741.CP112,,2026-04,2026-04-26,3.58,,4.86,4.99,,,,,,,,,,
5082,Vb-741.CP112-MDE-RMS,741.CP112,,2026-04,2026-04-26,4.98,,3.19,2.63,,,,,,,,,,
5083,Vb-741.CP112-MNDE-RMS,741.CP112,,2026-04,2026-04-26,4.69,,4.34,2.06,,,,,,,,,,
5084,Vb-741.CP113-CDE-RMS,741.CP113,,2024-12,2024-12-15,3.75,,6.18,6.03,,,,,,,,,,
5085,Vb-741.CP113-CNDE-RMS,741.CP113,,2024-12,2024-12-15,4.09,,8.04,,,,,,,,,,,
5086,Vb-741.CP113-MDE-RMS,741.CP113,,2024-12,2024-12-15,5.6,,2.9,3.29,,,,,,,,,,
5087,Vb-741.CP113-MNDE-RMS,741.CP113,,2024-12,2024-12-15,5.75,,5.78,2.7,,,,,,,,,,
5088,Vb-741.CP113-CDE-RMS,741.CP113,,2025-01,2025-01-27,3.5,,2.74,5.1,,,,,,,,,,
5089,Vb-741.CP113-CNDE-RMS,741.CP113,,2025-01,2025-01-27,,,7.78,2.98,,,,,,,,,,
5090,Vb-741.CP113-MDE-RMS,741.CP113,,2025-01,2025-01-27,5.93,,3.41,6.97,,,,,,,,,,
5091,Vb-741.CP113-MNDE-RMS,741.CP113,,2025-01,2025-01-27,7,,6.35,2.7,,,,,,,,,,
5092,Vb-741.CP113-CDE-RMS,741.CP113,,2025-02,2025-02-04,3.54,,7.81,5.43,,,,,,,,,,
5093,Vb-741.CP113-CNDE-RMS,741.CP113,,2025-02,2025-02-04,5.28,,5.33,3.73,,,,,,,,,,
5094,Vb-741.CP113-MDE-RMS,741.CP113,,2025-02,2025-02-04,9.64,,3.05,6.86,,,,,,,,,,
5095,Vb-741.CP113-MNDE-RMS,741.CP113,,2025-02,2025-02-04,6.06,,6.63,2.37,,,,,,,,,,
5096,Vb-741.CP113-CDE-RMS,741.CP113,,2025-05,2025-05-12,4.87,,6.99,5.38,,,,,,,,,,
5097,Vb-741.CP113-CNDE-RMS,741.CP113,,2025-05,2025-05-12,6.2,,7.42,10.99,,,,,,,,,,
5098,Vb-741.CP113-MDE-RMS,741.CP113,,2025-05,2025-05-12,11.34,,6,7.27,,,,,,,,,,
5099,Vb-741.CP113-MNDE-RMS,741.CP113,,2025-05,2025-05-12,5.71,,6.95,3.48,,,,,,,,,,
5100,Vb-741.CP113-CDE-RMS,741.CP113,,2025-07,2025-07-08,4.94,,6.18,6.32,,,,,,,,,,
5101,Vb-741.CP113-CNDE-RMS,741.CP113,,2025-07,2025-07-08,7.11,,5.5,4.75,,,,,,,,,,
5102,Vb-741.CP113-MDE-RMS,741.CP113,,2025-07,2025-07-08,6.33,,5.42,7.9,,,,,,,,,,
5103,Vb-741.CP113-MNDE-RMS,741.CP113,,2025-07,2025-07-08,4.09,,3.77,2.24,,,,,,,,,,
5104,Vb-741.CP113-CDE-RMS,741.CP113,,2025-09,2025-09-03,4.81,,5.83,6.48,2025-09-24,2.84,,6.71,6.73,,,,,
5105,Vb-741.CP113-CNDE-RMS,741.CP113,,2025-09,2025-09-03,8.38,,5.96,5.39,2025-09-24,8.31,,6.86,6.05,,,,,
5106,Vb-741.CP113-MDE-RMS,741.CP113,,2025-09,2025-09-03,6.28,,5.39,8.27,2025-09-24,7.52,,5.86,8.98,,,,,
5107,Vb-741.CP113-MNDE-RMS,741.CP113,,2025-09,2025-09-03,4.41,,4.17,2.9,2025-09-24,4.04,,4.61,2.44,,,,,
5108,Vb-741.CP113-CDE-RMS,741.CP113,,2026-02,2026-02-15,3.74,,3.35,5.34,,,,,,,,,,
5109,Vb-741.CP113-CNDE-RMS,741.CP113,,2026-02,2026-02-15,4.27,,2.43,6.7,,,,,,,,,,
5110,Vb-741.CP113-MDE-RMS,741.CP113,,2026-02,2026-02-15,3.72,,2.12,2.32,,,,,,,,,,
5111,Vb-741.CP113-MNDE-RMS,741.CP113,,2026-02,2026-02-15,1.79,,3.37,1.94,,,,,,,,,,
5112,Vb-741.CP113-CDE-RMS,741.CP113,,2026-03,2026-03-24,2.41,,4.09,3.97,,,,,,,,,,
5113,Vb-741.CP113-CNDE-RMS,741.CP113,,2026-03,2026-03-24,3.97,,2.73,4.7,,,,,,,,,,
5114,Vb-741.CP113-MDE-RMS,741.CP113,,2026-03,2026-03-24,3.04,,2.48,2.71,,,,,,,,,,
5115,Vb-741.CP113-MNDE-RMS,741.CP113,,2026-03,2026-03-24,2.64,,3.1,1.6,,,,,,,,,,
5116,Vb-741.CP113-CDE-RMS,741.CP113,,2026-04,2026-04-26,3.09,,4.43,4.26,,,,,,,,,,
5117,Vb-741.CP113-CNDE-RMS,741.CP113,,2026-04,2026-04-26,2.87,,2.05,3.82,,,,,,,,,,
5118,Vb-741.CP113-MDE-RMS,741.CP113,,2026-04,2026-04-26,2.49,,2.13,1.91,,,,,,,,,,
5119,Vb-741.CP113-MNDE-RMS,741.CP113,,2026-04,2026-04-26,1.67,,4.58,3.77,,,,,,,,,,
5120,Vb-742.CP110-CDE-RMS,742.CP110,,2024-12,2024-12-16,1.19,,1.35,2.59,,,,,,,,,,
5121,Vb-742.CP110-CNDE-RMS,742.CP110,,2024-12,2024-12-16,1.64,,1.58,2.7,,,,,,,,,,
5122,Vb-742.CP110-MDE-RMS,742.CP110,,2024-12,2024-12-16,0.99,,1.43,1.64,,,,,,,,,,
5123,Vb-742.CP110-MNDE-RMS,742.CP110,,2024-12,2024-12-16,1.03,,1.17,2.44,,,,,,,,,,
5124,Vb-742.CP110-CDE-RMS,742.CP110,,2025-01,2025-01-02,1.15,,1.13,2.34,,,,,,,,,,
5125,Vb-742.CP110-CNDE-RMS,742.CP110,,2025-01,2025-01-02,1.29,,2.03,2.66,,,,,,,,,,
5126,Vb-742.CP110-MDE-RMS,742.CP110,,2025-01,2025-01-02,1.06,,1.16,1.25,,,,,,,,,,
5127,Vb-742.CP110-MNDE-RMS,742.CP110,,2025-01,2025-01-02,1.05,,1.3,1.44,,,,,,,,,,
5128,Vb-742.CP110-CDE-RMS,742.CP110,,2025-02,2025-02-06,1.32,,1.53,2.28,,,,,,,,,,
5129,Vb-742.CP110-CNDE-RMS,742.CP110,,2025-02,2025-02-06,1.42,,2.16,3.23,,,,,,,,,,
5130,Vb-742.CP110-MDE-RMS,742.CP110,,2025-02,2025-02-06,0.99,,1.28,1.22,,,,,,,,,,
5131,Vb-742.CP110-MNDE-RMS,742.CP110,,2025-02,2025-02-06,1.69,,1.26,1.37,,,,,,,,,,
5132,Vb-742.CP110-CNDE-RMS,742.CP110,,2025-05,2025-05-06,2.06,,2.52,1.22,,,,,,,,,,
5133,Vb-742.CP110-CDE-RMS,742.CP110,,2025-07,2025-07-31,1.45,,1.3,1.59,,,,,,,,,,
5134,Vb-742.CP110-CNDE-RMS,742.CP110,,2025-07,2025-07-31,1.84,,1.89,3.11,,,,,,,,,,
5135,Vb-742.CP110-MDE-RMS,742.CP110,,2025-07,2025-07-31,1.13,,1.04,0.72,,,,,,,,,,
5136,Vb-742.CP110-MNDE-RMS,742.CP110,,2025-07,2025-07-31,1.04,,1,1.35,,,,,,,,,,
5137,Vb-742.CP110-CDE-RMS,742.CP110,,2025-08,2025-08-24,1.62,,1.6,1.81,,,,,,,,,,
5138,Vb-742.CP110-CNDE-RMS,742.CP110,,2025-08,2025-08-24,3.12,,1.64,2.37,,,,,,,,,,
5139,Vb-742.CP110-MDE-RMS,742.CP110,,2025-08,2025-08-24,1.81,,1.22,1.68,,,,,,,,,,
5140,Vb-742.CP110-MNDE-RMS,742.CP110,,2025-08,2025-08-24,1.83,,1.26,1.27,,,,,,,,,,
5141,Vb-742.CP110-CDE-RMS,742.CP110,,2026-04,2026-04-22,1.953,,1.378,3.348,,,,,,,,,,
5142,Vb-742.CP110-CNDE-RMS,742.CP110,,2026-04,2026-04-22,3.444,,2.34,2.55,,,,,,,,,,
5143,Vb-742.CP110-MDE-RMS,742.CP110,,2026-04,2026-04-22,2.043,,1.292,2.435,,,,,,,,,,
5144,Vb-742.CP110-MNDE-RMS,742.CP110,,2026-04,2026-04-22,1.14,,0.968,1.426,,,,,,,,,,
5145,Vb-742.CP110-CDE-RMS,742.CP110,,2026-05,2026-05-11,3.23,,2.31,2.19,,,,,,,,,,
5146,Vb-742.CP110-CNDE-RMS,742.CP110,,2026-05,2026-05-11,2.53,,2.37,3.61,,,,,,,,,,
5147,Vb-742.CP110-MDE-RMS,742.CP110,,2026-05,2026-05-11,1.38,,1.27,2.3,,,,,,,,,,
5148,Vb-742.CP110-MNDE-RMS,742.CP110,,2026-05,2026-05-11,1.67,,1.07,1.94,,,,,,,,,,
5149,Vb-742.CP111-CDE-RMS,742.CP111,,2025-02,2025-02-06,5.49,,2.71,6.3,,,,,,,,,,
5150,Vb-742.CP111-CNDE-RMS,742.CP111,,2025-02,2025-02-06,3.84,,4.49,6.74,,,,,,,,,,
5151,Vb-742.CP111-MDE-RMS,742.CP111,,2025-02,2025-02-06,3.57,,2.36,3.33,,,,,,,,,,
5152,Vb-742.CP111-MNDE-RMS,742.CP111,,2025-02,2025-02-06,2.64,,2.26,1.73,,,,,,,,,,
5153,Vb-742.CP111-CNDE-RMS,742.CP111,,2025-04,2025-04-22,6.92,,4.56,6.58,,,,,,,,,,
5154,Vb-742.CP111-CDE-RMS,742.CP111,,2025-05,2025-05-06,6.6,,5.07,6.73,,,,,,,,,,
5155,Vb-742.CP111-MDE-RMS,742.CP111,,2025-05,2025-05-06,4.87,,2.42,5.94,,,,,,,,,,
5156,Vb-742.CP111-MNDE-RMS,742.CP111,,2025-05,2025-05-06,3.65,,2.52,3.83,,,,,,,,,,
5157,Vb-742.CP111-CDE-RMS,742.CP111,,2025-07,2025-07-31,4.26,,1.41,2.56,,,,,,,,,,
5158,Vb-742.CP111-CNDE-RMS,742.CP111,,2025-07,2025-07-31,4.66,,3.65,4.86,,,,,,,,,,
5159,Vb-742.CP111-MDE-RMS,742.CP111,,2025-07,2025-07-31,1.67,,0.75,1.85,,,,,,,,,,
5160,Vb-742.CP111-MNDE-RMS,742.CP111,,2025-07,2025-07-31,1.18,,0.79,0.73,,,,,,,,,,
5161,Vb-742.CP111-CDE-RMS,742.CP111,,2026-01,2026-01-04,4.71,,1.48,3.87,,,,,,,,,,
5162,Vb-742.CP111-CNDE-RMS,742.CP111,,2026-01,2026-01-04,4.9,,4.05,5.28,,,,,,,,,,
5163,Vb-742.CP111-MDE-RMS,742.CP111,,2026-01,2026-01-04,1.94,,1.49,1.81,,,,,,,,,,
5164,Vb-742.CP111-MNDE-RMS,742.CP111,,2026-01,2026-01-04,,,1.09,0.81,,,,,,,,,,
5165,Vb-742.CP111-CDE-RMS,742.CP111,,2026-04,2026-04-01,4.71,,1.48,3.87,2026-04-22,5.062,,3.621,7.396,,,,,
5166,Vb-742.CP111-CNDE-RMS,742.CP111,,2026-04,2026-04-01,4.9,,4.05,5.28,2026-04-22,6.046,,5.315,7.014,,,,,
5167,Vb-742.CP111-MDE-RMS,742.CP111,,2026-04,2026-04-01,1.94,,1.49,1.81,2026-04-22,2.91,,2.026,3.089,,,,,
5168,Vb-742.CP111-MNDE-RMS,742.CP111,,2026-04,2026-04-01,,,1.09,0.81,2026-04-22,1.997,,1.433,2.461,,,,,
5169,Vb-742.CP112-CDE-RMS,742.CP112,,2024-12,2024-12-16,2.72,,2.5,5.27,,,,,,,,,,
5170,Vb-742.CP112-CNDE-RMS,742.CP112,,2024-12,2024-12-16,9.35,,4.43,8.14,,,,,,,,,,
5171,Vb-742.CP112-MDE-RMS,742.CP112,,2024-12,2024-12-16,3.27,,1.54,1.3,,,,,,,,,,
5172,Vb-742.CP112-MNDE-RMS,742.CP112,,2024-12,2024-12-16,1.11,,1.02,0.88,,,,,,,,,,
5173,Vb-742.CP112-CDE-RMS,742.CP112,,2025-05,2025-05-06,5.26,,1.41,3.99,,,,,,,,,,
5174,Vb-742.CP112-CNDE-RMS,742.CP112,,2025-05,2025-05-06,6.35,,2.97,3.71,,,,,,,,,,
5175,Vb-742.CP112-MDE-RMS,742.CP112,,2025-05,2025-05-06,3.04,,1.7,1.97,,,,,,,,,,
5176,Vb-742.CP112-MNDE-RMS,742.CP112,,2025-05,2025-05-06,2.08,,0.86,0.89,,,,,,,,,,
5177,Vb-742.CP112-CDE-RMS,742.CP112,,2025-06,2025-06-25,6.76,,2.79,3.84,,,,,,,,,,
5178,Vb-742.CP112-CNDE-RMS,742.CP112,,2025-06,2025-06-25,7.37,,3.31,4.21,,,,,,,,,,
5179,Vb-742.CP112-MDE-RMS,742.CP112,,2025-06,2025-06-25,3.01,,1.23,3.9,,,,,,,,,,
5180,Vb-742.CP112-MNDE-RMS,742.CP112,,2025-06,2025-06-25,2.19,,0.98,1.5,,,,,,,,,,
5181,Vb-742.CP112-CDE-RMS,742.CP112,,2025-09,2025-09-28,2.17,,2.44,5.95,,,,,,,,,,
5182,Vb-742.CP112-CNDE-RMS,742.CP112,,2025-09,2025-09-28,4.42,,2.8,7.03,,,,,,,,,,
5183,Vb-742.CP112-MDE-RMS,742.CP112,,2025-09,2025-09-28,2.07,,1.59,5.82,,,,,,,,,,
5184,Vb-742.CP112-MNDE-RMS,742.CP112,,2025-09,2025-09-28,2.56,,1.23,1.07,,,,,,,,,,
5185,Vb-742.CP112-CDE-RMS,742.CP112,,2026-01,2026-01-04,5.19,,3.12,5.46,,,,,,,,,,
5186,Vb-742.CP112-CNDE-RMS,742.CP112,,2026-01,2026-01-04,4.8,,5.22,8.45,,,,,,,,,,
5187,Vb-742.CP112-MDE-RMS,742.CP112,,2026-01,2026-01-04,6.31,,3.91,3.44,,,,,,,,,,
5188,Vb-742.CP112-MNDE-RMS,742.CP112,,2026-01,2026-01-04,3.07,,2.72,1.38,,,,,,,,,,
5189,Vb-742.CP112-CDE-RMS,742.CP112,,2026-04,2026-04-01,5.19,,3.12,5.46,,,,,,,,,,
5190,Vb-742.CP112-CNDE-RMS,742.CP112,,2026-04,2026-04-01,4.8,,5.22,8.45,,,,,,,,,,
5191,Vb-742.CP112-MDE-RMS,742.CP112,,2026-04,2026-04-01,6.31,,3.91,3.44,,,,,,,,,,
5192,Vb-742.CP112-MNDE-RMS,742.CP112,,2026-04,2026-04-01,3.07,,2.72,1.38,,,,,,,,,,
5193,Vb-742.CP112-CDE-RMS,742.CP112,,2026-05,2026-05-11,4.12,,1.7,7.18,,,,,,,,,,
5194,Vb-742.CP112-CNDE-RMS,742.CP112,,2026-05,2026-05-11,4.64,,4.73,6.33,,,,,,,,,,
5195,Vb-742.CP112-MDE-RMS,742.CP112,,2026-05,2026-05-11,2.64,,1.2,3.23,,,,,,,,,,
5196,Vb-742.CP112-MNDE-RMS,742.CP112,,2026-05,2026-05-11,2.8,,0.81,2.04,,,,,,,,,,
5197,Vb-742.CP113-CDE-RMS,742.CP113,,2024-12,2024-12-16,1.7,,1.13,1.05,,,,,,,,,,
5198,Vb-742.CP113-CNDE-RMS,742.CP113,,2024-12,2024-12-16,1.43,,2.18,1.46,,,,,,,,,,
5199,Vb-742.CP113-MDE-RMS,742.CP113,,2024-12,2024-12-16,0.92,,2.41,1.82,,,,,,,,,,
5200,Vb-742.CP113-MNDE-RMS,742.CP113,,2024-12,2024-12-16,1.28,,2.09,2.41,,,,,,,,,,
5201,Vb-742.CP113-CDE-RMS,742.CP113,,2025-01,2025-01-02,2.2,,1.56,0.84,,,,,,,,,,
5202,Vb-742.CP113-CNDE-RMS,742.CP113,,2025-01,2025-01-02,2.37,,2.45,1.7,,,,,,,,,,
5203,Vb-742.CP113-MDE-RMS,742.CP113,,2025-01,2025-01-02,0.94,,2.04,1.59,,,,,,,,,,
5204,Vb-742.CP113-MNDE-RMS,742.CP113,,2025-01,2025-01-02,1.66,,1.92,2.21,,,,,,,,,,
5205,Vb-742.CP113-CDE-RMS,742.CP113,,2025-02,2025-02-06,1.75,,1.13,1.2,,,,,,,,,,
5206,Vb-742.CP113-CNDE-RMS,742.CP113,,2025-02,2025-02-06,2.24,,2.42,1.29,,,,,,,,,,
5207,Vb-742.CP113-MDE-RMS,742.CP113,,2025-02,2025-02-06,1.17,,2.09,1.71,,,,,,,,,,
5208,Vb-742.CP113-MNDE-RMS,742.CP113,,2025-02,2025-02-06,1.12,,2.08,2.13,,,,,,,,,,
5209,Vb-742.CP113-CDE-RMS,742.CP113,,2025-05,2025-05-06,1.98,,1.8,1.12,,,,,,,,,,
5210,Vb-742.CP113-CNDE-RMS,742.CP113,,2025-05,2025-05-06,1.36,,2.29,1.51,,,,,,,,,,
5211,Vb-742.CP113-MDE-RMS,742.CP113,,2025-05,2025-05-06,1.05,,1.81,1.57,,,,,,,,,,
5212,Vb-742.CP113-MNDE-RMS,742.CP113,,2025-05,2025-05-06,1.08,,1.96,2.05,,,,,,,,,,
5213,Vb-742.CP113-CDE-RMS,742.CP113,,2025-06,2025-06-25,1.7,,,,,,,,,,,,,
5214,Vb-742.CP113-CDE-RMS,742.CP113,,2025-07,2025-07-31,,,2.21,0.61,,,,,,,,,,
5215,Vb-742.CP113-CNDE-RMS,742.CP113,,2025-07,2025-07-31,1.84,,0.81,0.74,,,,,,,,,,
5216,Vb-742.CP113-MDE-RMS,742.CP113,,2025-07,2025-07-31,1.49,,2.2,1.65,,,,,,,,,,
5217,Vb-742.CP113-MNDE-RMS,742.CP113,,2025-07,2025-07-31,1.38,,2.06,1.96,,,,,,,,,,
5218,Vb-742.CP113-CDE-RMS,742.CP113,,2025-08,2025-08-24,1.33,,2.11,1.8,,,,,,,,,,
5219,Vb-742.CP113-CNDE-RMS,742.CP113,,2025-08,2025-08-24,2.04,,1.15,0.92,,,,,,,,,,
5220,Vb-742.CP113-MDE-RMS,742.CP113,,2025-08,2025-08-24,1.1,,1.91,1.64,,,,,,,,,,
5221,Vb-742.CP113-MNDE-RMS,742.CP113,,2025-08,2025-08-24,0.95,,1.83,2,,,,,,,,,,
5222,Vb-742.CP113-CDE-RMS,742.CP113,,2025-09,2025-09-28,1.04,,2.33,1.82,,,,,,,,,,
5223,Vb-742.CP113-CNDE-RMS,742.CP113,,2025-09,2025-09-28,2.23,,1,0.81,,,,,,,,,,
5224,Vb-742.CP113-MDE-RMS,742.CP113,,2025-09,2025-09-28,1.04,,2.29,1.59,,,,,,,,,,
5225,Vb-742.CP113-MNDE-RMS,742.CP113,,2025-09,2025-09-28,1.81,,2.15,2.21,,,,,,,,,,
5226,Vb-742.CP113-CDE-RMS,742.CP113,,2026-01,2026-01-04,0.73,,2.78,1.9,,,,,,,,,,
5227,Vb-742.CP113-CNDE-RMS,742.CP113,,2026-01,2026-01-04,1.59,,1.5,0.94,,,,,,,,,,
5228,Vb-742.CP113-MDE-RMS,742.CP113,,2026-01,2026-01-04,1.93,,2.61,2.01,,,,,,,,,,
5229,Vb-742.CP113-MNDE-RMS,742.CP113,,2026-01,2026-01-04,1.13,,2.07,2.36,,,,,,,,,,
5230,Vb-742.CP113-CDE-RMS,742.CP113,,2026-04,2026-04-01,0.73,,2.78,1.9,,,,,,,,,,
5231,Vb-742.CP113-CNDE-RMS,742.CP113,,2026-04,2026-04-01,1.59,,1.5,0.94,,,,,,,,,,
5232,Vb-742.CP113-MDE-RMS,742.CP113,,2026-04,2026-04-01,1.93,,2.61,2.01,,,,,,,,,,
5233,Vb-742.CP113-MNDE-RMS,742.CP113,,2026-04,2026-04-01,1.13,,2.07,2.36,,,,,,,,,,
5234,Vb-742.CP113-CDE-RMS,742.CP113,,2026-05,2026-05-11,5.03,,4.9,3.05,,,,,,,,,,
5235,Vb-742.CP113-CNDE-RMS,742.CP113,,2026-05,2026-05-11,2.66,,2.56,1.26,,,,,,,,,,
5236,Vb-742.CP113-MDE-RMS,742.CP113,,2026-05,2026-05-11,1.28,,1.74,2.84,,,,,,,,,,
5237,Vb-742.CP113-MNDE-RMS,742.CP113,,2026-05,2026-05-11,2.14,,4.31,2.88,,,,,,,,,,
5238,Vb-743.CP110-CDE-RMS,743.CP110,,2024-12,2024-12-25,1.55,,1.86,1.73,,,,,,,,,,
5239,Vb-743.CP110-CNDE-RMS,743.CP110,,2024-12,2024-12-25,2.06,,1.98,2.58,,,,,,,,,,
5240,Vb-743.CP110-MDE-RMS,743.CP110,,2024-12,2024-12-25,2.2,,1.73,2.4,,,,,,,,,,
5241,Vb-743.CP110-MNDE-RMS,743.CP110,,2024-12,2024-12-25,2.12,,1.48,1.36,,,,,,,,,,
5242,Vb-743.CP110-CDE-RMS,743.CP110,,2025-05,2025-05-18,1.44,,1.02,1.26,,,,,,,,,,
5243,Vb-743.CP110-CNDE-RMS,743.CP110,,2025-05,2025-05-18,2.23,,1.87,2.61,,,,,,,,,,
5244,Vb-743.CP110-MDE-RMS,743.CP110,,2025-05,2025-05-18,1.14,,0.57,0.73,,,,,,,,,,
5245,Vb-743.CP110-MNDE-RMS,743.CP110,,2025-05,2025-05-18,,,0.66,0.61,,,,,,,,,,
5246,Vb-743.CP110-CDE-RMS,743.CP110,,2025-07,2025-07-28,2.61,,1.98,1.92,,,,,,,,,,
5247,Vb-743.CP110-CNDE-RMS,743.CP110,,2025-07,2025-07-28,3.67,,1.84,2.33,,,,,,,,,,
5248,Vb-743.CP110-MDE-RMS,743.CP110,,2025-07,2025-07-28,1.84,,0.68,1.52,,,,,,,,,,
5249,Vb-743.CP110-MNDE-RMS,743.CP110,,2025-07,2025-07-28,1.6,,0.54,1.12,,,,,,,,,,
5250,Vb-743.CP110-CDE-RMS,743.CP110,,2025-09,2025-09-07,1.33,,1.25,1.28,,,,,,,,,,
5251,Vb-743.CP110-CNDE-RMS,743.CP110,,2025-09,2025-09-07,3.22,,1.39,1.93,,,,,,,,,,
5252,Vb-743.CP110-MDE-RMS,743.CP110,,2025-09,2025-09-07,2.05,,0.75,0.8,,,,,,,,,,
5253,Vb-743.CP110-MNDE-RMS,743.CP110,,2025-09,2025-09-07,1.84,,0.6,1.14,,,,,,,,,,
5254,Vb-743.CP110-CDE-RMS,743.CP110,,2026-02,2026-02-04,3.64,,1.05,1.42,,,,,,,,,,
5255,Vb-743.CP110-CNDE-RMS,743.CP110,,2026-02,2026-02-04,3.04,,1.35,2.07,,,,,,,,,,
5256,Vb-743.CP110-MDE-RMS,743.CP110,,2026-02,2026-02-04,1.66,,0.57,0.62,,,,,,,,,,
5257,Vb-743.CP110-MNDE-RMS,743.CP110,,2026-02,2026-02-04,1.53,,0.84,0.88,,,,,,,,,,
5258,Vb-743.CP110-CDE-RMS,743.CP110,,2026-03,2026-03-30,1.06,,1.08,1.32,,,,,,,,,,
5259,Vb-743.CP110-CNDE-RMS,743.CP110,,2026-03,2026-03-30,2.57,,1.32,1.84,,,,,,,,,,
5260,Vb-743.CP110-MDE-RMS,743.CP110,,2026-03,2026-03-30,1.61,,0.56,0.47,,,,,,,,,,
5261,Vb-743.CP110-MNDE-RMS,743.CP110,,2026-03,2026-03-30,1.9,,0.45,0.44,,,,,,,,,,
5262,Vb-743.CP111-CDE-RMS,743.CP111,,2025-04,2025-04-10,3.52,,3.33,2.3,,,,,,,,,,
5263,Vb-743.CP111-CNDE-RMS,743.CP111,,2025-04,2025-04-10,3.29,,3.16,3.03,,,,,,,,,,
5264,Vb-743.CP111-MDE-RMS,743.CP111,,2025-04,2025-04-10,3.53,,1.88,2.56,,,,,,,,,,
5265,Vb-743.CP111-MNDE-RMS,743.CP111,,2025-04,2025-04-10,2.28,,2.98,1.8,,,,,,,,,,
5266,Vb-743.CP111-CDE-RMS,743.CP111,,2025-07,2025-07-08,3.51,,3.83,3.05,,,,,,,,,,
5267,Vb-743.CP111-CNDE-RMS,743.CP111,,2025-07,2025-07-08,5.09,,5.05,5.73,,,,,,,,,,
5268,Vb-743.CP111-MDE-RMS,743.CP111,,2025-07,2025-07-08,3.77,,2.38,3.57,,,,,,,,,,
5269,Vb-743.CP111-MNDE-RMS,743.CP111,,2025-07,2025-07-08,3.47,,2.95,2.46,,,,,,,,,,
5270,Vb-743.CP111-CDE-RMS,743.CP111,,2025-09,2025-09-07,2.71,,3.34,2.13,,,,,,,,,,
5271,Vb-743.CP111-CNDE-RMS,743.CP111,,2025-09,2025-09-07,3.11,,5.12,5.03,,,,,,,,,,
5272,Vb-743.CP111-MDE-RMS,743.CP111,,2025-09,2025-09-07,3.06,,3.33,3.18,,,,,,,,,,
5273,Vb-743.CP111-MNDE-RMS,743.CP111,,2025-09,2025-09-07,5.22,,5.53,4.72,,,,,,,,,,
5274,Vb-743.CP111-CDE-RMS,743.CP111,,2026-02,2026-02-04,3.78,,2.79,3.15,,,,,,,,,,
5275,Vb-743.CP111-CNDE-RMS,743.CP111,,2026-02,2026-02-04,5.86,,9.7,3.31,,,,,,,,,,
5276,Vb-743.CP111-MDE-RMS,743.CP111,,2026-02,2026-02-04,2.88,,3.31,2.22,,,,,,,,,,
5277,Vb-743.CP111-MNDE-RMS,743.CP111,,2026-02,2026-02-04,3.11,,1.87,3.9,,,,,,,,,,
5278,Vb-743.CP111-CDE-RMS,743.CP111,,2026-04,2026-04-19,6.89,,5.89,4.89,,,,,,,,,,
5279,Vb-743.CP111-CNDE-RMS,743.CP111,,2026-04,2026-04-19,9.58,,,,,,,,,,,,,
5280,Vb-743.CP111-MDE-RMS,743.CP111,,2026-04,2026-04-19,5,,4.22,4.16,,,,,,,,,,
5281,Vb-743.CP111-MNDE-RMS,743.CP111,,2026-04,2026-04-19,3.74,,5.61,5.96,,,,,,,,,,
5282,Vb-743.CP112-CDE-RMS,743.CP112,,2024-12,2024-12-25,1.28,,0.9,1.18,,,,,,,,,,
5283,Vb-743.CP112-CNDE-RMS,743.CP112,,2024-12,2024-12-25,1.79,,1.24,1.41,,,,,,,,,,
5284,Vb-743.CP112-MDE-RMS,743.CP112,,2024-12,2024-12-25,1.31,,0.65,0.67,,,,,,,,,,
5285,Vb-743.CP112-MNDE-RMS,743.CP112,,2024-12,2024-12-25,1.56,,0.63,1.19,,,,,,,,,,
5286,Vb-743.CP112-CDE-RMS,743.CP112,,2025-01,2025-01-12,1.68,,3.27,1.8,,,,,,,,,,
5287,Vb-743.CP112-CNDE-RMS,743.CP112,,2025-01,2025-01-12,2.2,,1.27,1.88,,,,,,,,,,
5288,Vb-743.CP112-MDE-RMS,743.CP112,,2025-01,2025-01-12,1.23,,0.71,1.25,,,,,,,,,,
5289,Vb-743.CP112-MNDE-RMS,743.CP112,,2025-01,2025-01-12,2.1,,1.09,1.11,,,,,,,,,,
5290,Vb-743.CP112-CDE-RMS,743.CP112,,2025-02,2025-02-13,1.18,,0.93,1.02,,,,,,,,,,
5291,Vb-743.CP112-CNDE-RMS,743.CP112,,2025-02,2025-02-13,1.6,,1.1,1.56,,,,,,,,,,
5292,Vb-743.CP112-MDE-RMS,743.CP112,,2025-02,2025-02-13,1.31,,0.64,1.04,,,,,,,,,,
5293,Vb-743.CP112-MNDE-RMS,743.CP112,,2025-02,2025-02-13,1.31,,1.1,1.16,,,,,,,,,,
5294,Vb-743.CP112-CDE-RMS,743.CP112,,2025-04,2025-04-10,1.6,,1.09,1.69,,,,,,,,,,
5295,Vb-743.CP112-CNDE-RMS,743.CP112,,2025-04,2025-04-10,2.01,,1.17,2.26,,,,,,,,,,
5296,Vb-743.CP112-MDE-RMS,743.CP112,,2025-04,2025-04-10,1.4,,0.6,1.1,,,,,,,,,,
5297,Vb-743.CP112-MNDE-RMS,743.CP112,,2025-04,2025-04-10,1.51,,1.01,1.41,,,,,,,,,,
5298,Vb-743.CP112-CDE-RMS,743.CP112,,2025-07,2025-07-28,1.52,,0.87,1.25,,,,,,,,,,
5299,Vb-743.CP112-CNDE-RMS,743.CP112,,2025-07,2025-07-28,1.64,,1.79,2.33,,,,,,,,,,
5300,Vb-743.CP112-MDE-RMS,743.CP112,,2025-07,2025-07-28,2.12,,0.62,0.88,,,,,,,,,,
5301,Vb-743.CP112-MNDE-RMS,743.CP112,,2025-07,2025-07-28,2.07,,0.52,1.79,,,,,,,,,,
5302,Vb-743.CP112-CDE-RMS,743.CP112,,2025-09,2025-09-07,1.13,,0.77,1.34,,,,,,,,,,
5303,Vb-743.CP112-CNDE-RMS,743.CP112,,2025-09,2025-09-07,2.56,,1.71,2.86,,,,,,,,,,
5304,Vb-743.CP112-MDE-RMS,743.CP112,,2025-09,2025-09-07,1.37,,0.68,1.11,,,,,,,,,,
5305,Vb-743.CP112-MNDE-RMS,743.CP112,,2025-09,2025-09-07,1.68,,0.59,0.99,,,,,,,,,,
5306,Vb-743.CP112-CDE-RMS,743.CP112,,2026-01,2026-01-22,2.63,,0.88,1.14,,,,,,,,,,
5307,Vb-743.CP112-CNDE-RMS,743.CP112,,2026-01,2026-01-22,2.38,,1.32,1.5,,,,,,,,,,
5308,Vb-743.CP112-MDE-RMS,743.CP112,,2026-01,2026-01-22,1.15,,0.53,0.48,,,,,,,,,,
5309,Vb-743.CP112-MNDE-RMS,743.CP112,,2026-02,2026-02-04,2.85,,1.13,1.01,,,,,,,,,,
5310,Vb-743.CP112-CDE-RMS,743.CP112,,2026-03,2026-03-30,1.76,,1.28,1.21,,,,,,,,,,
5311,Vb-743.CP112-CNDE-RMS,743.CP112,,2026-03,2026-03-30,2.08,,1.67,2.01,,,,,,,,,,
5312,Vb-743.CP112-MDE-RMS,743.CP112,,2026-03,2026-03-30,1.2,,0.61,0.53,,,,,,,,,,
5313,Vb-743.CP112-MNDE-RMS,743.CP112,,2026-03,2026-03-30,1.35,,0.6,0.61,,,,,,,,,,
5314,Vb-743.CP112-CDE-RMS,743.CP112,,2026-04,2026-04-21,1.73,,1.56,1.56,,,,,,,,,,
5315,Vb-743.CP112-CNDE-RMS,743.CP112,,2026-04,2026-04-21,2.47,,1.99,2.17,,,,,,,,,,
5316,Vb-743.CP112-MDE-RMS,743.CP112,,2026-04,2026-04-21,1.39,,0.78,1.49,,,,,,,,,,
5317,Vb-743.CP112-MNDE-RMS,743.CP112,,2026-04,2026-04-21,1.53,,0.93,1.31,,,,,,,,,,
5318,Vb-743.CP113-CDE-RMS,743.CP113,,2024-12,2024-12-25,1.69,,1.36,1.08,,,,,,,,,,
5319,Vb-743.CP113-CNDE-RMS,743.CP113,,2024-12,2024-12-25,2.89,,1.61,1.58,,,,,,,,,,
5320,Vb-743.CP113-MDE-RMS,743.CP113,,2024-12,2024-12-25,2.46,,0.85,0.9,,,,,,,,,,
5321,Vb-743.CP113-MNDE-RMS,743.CP113,,2024-12,2024-12-25,2.59,,1.24,1.43,,,,,,,,,,
5322,Vb-743.CP113-CDE-RMS,743.CP113,,2025-01,2025-01-12,1.79,,1.3,1.47,,,,,,,,,,
5323,Vb-743.CP113-CNDE-RMS,743.CP113,,2025-01,2025-01-12,2.83,,1.48,2.06,,,,,,,,,,
5324,Vb-743.CP113-MDE-RMS,743.CP113,,2025-01,2025-01-12,2.33,,0.81,1.2,,,,,,,,,,
5325,Vb-743.CP113-MNDE-RMS,743.CP113,,2025-01,2025-01-12,2.19,,1.33,1.28,,,,,,,,,,
5326,Vb-743.CP113-CDE-RMS,743.CP113,,2025-02,2025-02-13,1.9,,1.23,1.45,,,,,,,,,,
5327,Vb-743.CP113-CNDE-RMS,743.CP113,,2025-02,2025-02-13,3.32,,1.6,1.6,,,,,,,,,,
5328,Vb-743.CP113-MDE-RMS,743.CP113,,2025-02,2025-02-13,2.71,,0.95,1.64,,,,,,,,,,
5329,Vb-743.CP113-MNDE-RMS,743.CP113,,2025-02,2025-02-13,2.39,,1.11,1.18,,,,,,,,,,
5330,Vb-743.CP113-CDE-RMS,743.CP113,,2025-04,2025-04-10,1.62,,1.72,1.45,,,,,,,,,,
5331,Vb-743.CP113-CNDE-RMS,743.CP113,,2025-04,2025-04-10,4.01,,1.66,1.8,,,,,,,,,,
5332,Vb-743.CP113-MDE-RMS,743.CP113,,2025-04,2025-04-10,2.36,,1.27,1.11,,,,,,,,,,
5333,Vb-743.CP113-MNDE-RMS,743.CP113,,2025-04,2025-04-10,2.43,,1.05,1.23,,,,,,,,,,
5334,Vb-743.CP113-CDE-RMS,743.CP113,,2025-05,2025-05-08,1.24,,2.11,1.97,,,,,,,,,,
5335,Vb-743.CP113-CNDE-RMS,743.CP113,,2025-05,2025-05-08,3.01,,3.22,2.8,,,,,,,,,,
5336,Vb-743.CP113-MDE-RMS,743.CP113,,2025-05,2025-05-08,2.25,,1.25,1.01,,,,,,,,,,
5337,Vb-743.CP113-MNDE-RMS,743.CP113,,2025-05,2025-05-08,3.14,,1.43,1.1,,,,,,,,,,
5338,Vb-743.CP113-CDE-RMS,743.CP113,,2025-09,2025-09-07,1.25,,1.57,1.46,,,,,,,,,,
5339,Vb-743.CP113-CNDE-RMS,743.CP113,,2025-09,2025-09-07,3.78,,2.2,2.26,,,,,,,,,,
5340,Vb-743.CP113-MDE-RMS,743.CP113,,2025-09,2025-09-07,1.89,,0.95,1.16,,,,,,,,,,
5341,Vb-743.CP113-MNDE-RMS,743.CP113,,2025-09,2025-09-07,1.98,,1.19,1.74,,,,,,,,,,
5342,Vb-743.CP113-CDE-RMS,743.CP113,,2026-02,2026-02-04,5.62,,2.13,2.76,,,,,,,,,,
5343,Vb-743.CP113-CNDE-RMS,743.CP113,,2026-02,2026-02-04,6.21,,4.03,3.86,,,,,,,,,,
5344,Vb-743.CP113-MDE-RMS,743.CP113,,2026-02,2026-02-04,4.57,,1.62,5.46,,,,,,,,,,
5345,Vb-743.CP113-MNDE-RMS,743.CP113,,2026-02,2026-02-04,5.49,,1.08,1.47,,,,,,,,,,
5346,Vb-743.CP113-CDE-RMS,743.CP113,,2026-03,2026-03-30,2.24,,1.89,1.86,,,,,,,,,,
5347,Vb-743.CP113-CNDE-RMS,743.CP113,,2026-03,2026-03-30,2.59,,3.19,3.7,,,,,,,,,,
5348,Vb-743.CP113-MDE-RMS,743.CP113,,2026-03,2026-03-30,1.77,,1.2,1.94,,,,,,,,,,
5349,Vb-743.CP113-MNDE-RMS,743.CP113,,2026-03,2026-03-30,1.59,,1.77,1.78,,,,,,,,,,
5350,Vb-743.CP113-CDE-RMS,743.CP113,,2026-04,2026-04-21,2.88,,2.23,2.63,,,,,,,,,,
5351,Vb-743.CP113-CNDE-RMS,743.CP113,,2026-04,2026-04-21,5.11,,3.93,5.02,,,,,,,,,,
5352,Vb-743.CP113-MDE-RMS,743.CP113,,2026-04,2026-04-21,3.26,,1.52,1.66,,,,,,,,,,
5353,Vb-743.CP113-MNDE-RMS,743.CP113,,2026-04,2026-04-21,3.5,,1.5,2.37,,,,,,,,,,
5354,,743.CP115,Compressor DE,2025-01,2025-01-12,0.75,,1.51,1.63,,,,,,,,,,
5355,,743.CP115,Compressor NDE,2025-01,2025-01-12,1.12,,1.55,1.84,,,,,,,,,,
5356,,743.CP115,Motor DE,2025-01,2025-01-12,1.09,,0.81,0.86,,,,,,,,,,
5357,,743.CP115,Motor NDE,2025-01,2025-01-12,0.99,,1.06,1.69,,,,,,,,,,
5358,,743.CP115,Compressor DE,2025-02,2025-02-13,1,,1.46,3.2,,,,,,,,,,
5359,,743.CP115,Compressor NDE,2025-02,2025-02-13,1.23,,1.34,2.28,,,,,,,,,,
5360,,743.CP115,Motor DE,2025-02,2025-02-13,0.86,,0.82,0.88,,,,,,,,,,
5361,,743.CP115,Motor NDE,2025-02,2025-02-13,0.95,,1.22,1.25,,,,,,,,,,
5362,,743.CP115,Compressor DE,2026-04,2026-04-21,5.7,,2.68,6.71,,,,,,,,,,
5363,,743.CP115,Compressor NDE,2026-04,2026-04-21,6.77,,5.88,6.61,,,,,,,,,,
5364,,743.CP115,Motor DE,2026-04,2026-04-21,3.49,,1.8,4.48,,,,,,,,,,
5365,,743.CP115,Motor NDE,2026-04,2026-04-21,3.81,,1.99,2.32,,,,,,,,,,
5366,Vb-744.CP110-CDE-RMS,744.CP110,,2024-12,2024-12-17,3.53,,1.64,2.92,,,,,,,,,,
5367,Vb-744.CP110-CNDE-RMS,744.CP110,,2024-12,2024-12-17,4.72,,3.75,4.07,,,,,,,,,,
5368,Vb-744.CP110-MDE-RMS,744.CP110,,2024-12,2024-12-17,2.56,,1.07,2.43,,,,,,,,,,
5369,Vb-744.CP110-MNDE-RMS,744.CP110,,2024-12,2024-12-17,1.69,,1.32,1.11,,,,,,,,,,
5370,Vb-744.CP110-CDE-RMS,744.CP110,,2025-01,2025-01-07,3.53,,2.49,3.93,,,,,,,,,,
5371,Vb-744.CP110-CNDE-RMS,744.CP110,,2025-01,2025-01-07,5.27,,4.01,4.01,,,,,,,,,,
5372,Vb-744.CP110-MDE-RMS,744.CP110,,2025-01,2025-01-07,2.21,,1.15,2.23,,,,,,,,,,
5373,Vb-744.CP110-MNDE-RMS,744.CP110,,2025-01,2025-01-07,1.74,,2.01,1.28,,,,,,,,,,
5374,Vb-744.CP110-CDE-RMS,744.CP110,,2025-02,2025-02-17,5.05,,1.26,4.17,,,,,,,,,,
5375,Vb-744.CP110-CNDE-RMS,744.CP110,,2025-02,2025-02-17,6.56,,2.22,5.14,,,,,,,,,,
5376,Vb-744.CP110-MDE-RMS,744.CP110,,2025-02,2025-02-17,2.23,,1.05,2.33,,,,,,,,,,
5377,Vb-744.CP110-MNDE-RMS,744.CP110,,2025-02,2025-02-17,1.35,,0.9,1.04,,,,,,,,,,
5378,Vb-744.CP110-CDE-RMS,744.CP110,,2025-05,2025-05-06,5.4,,1.83,3.69,2025-05-08,3.34,,1.34,4.7,,,,,
5379,Vb-744.CP110-CNDE-RMS,744.CP110,,2025-05,2025-05-06,6.6,,2.6,4.86,2025-05-08,7.45,,3.45,6.24,,,,,
5380,Vb-744.CP110-MDE-RMS,744.CP110,,2025-05,2025-05-06,2.18,,0.92,1.5,2025-05-08,1.84,,1,2.79,,,,,
5381,Vb-744.CP110-MNDE-RMS,744.CP110,,2025-05,2025-05-06,1.55,,0.88,1.06,2025-05-08,1.92,,1.06,0.92,,,,,
5382,Vb-744.CP110-CDE-RMS,744.CP110,,2025-09,2025-09-15,7.08,,1.59,5.05,,,,,,,,,,
5383,Vb-744.CP110-CNDE-RMS,744.CP110,,2025-09,2025-09-15,7.75,,3.45,7.19,,,,,,,,,,
5384,Vb-744.CP110-MDE-RMS,744.CP110,,2025-09,2025-09-15,2.11,,1.08,3.27,,,,,,,,,,
5385,Vb-744.CP110-MNDE-RMS,744.CP110,,2025-09,2025-09-15,2.08,,1.22,1.02,,,,,,,,,,
5386,Vb-744.CP110-CDE-RMS,744.CP110,,2026-03,2026-03-18,15.86,,13.35,11.87,,,,,,,,,,
5387,Vb-744.CP110-CNDE-RMS,744.CP110,,2026-03,2026-03-18,11.22,,8.187,11.31,,,,,,,,,,
5388,Vb-744.CP110-MDE-RMS,744.CP110,,2026-03,2026-03-18,5.655,,3.084,5.925,,,,,,,,,,
5389,Vb-744.CP110-MNDE-RMS,744.CP110,,2026-03,2026-03-18,5.946,,8.467,3.83,,,,,,,,,,
5390,Vb-744.CP110-CDE-RMS,744.CP110,,2026-05,2026-05-11,3.65,,5.53,6.48,,,,,,,,,,
5391,Vb-744.CP110-CNDE-RMS,744.CP110,,2026-05,2026-05-11,6.51,,7.93,11.29,,,,,,,,,,
5392,Vb-744.CP110-MDE-RMS,744.CP110,,2026-05,2026-05-11,4.1,,2.33,3.39,,,,,,,,,,
5393,Vb-744.CP110-MNDE-RMS,744.CP110,,2026-05,2026-05-11,6.24,,2.57,3.3,,,,,,,,,,
5394,Vb-744.CP111-CDE-RMS,744.CP111,,2025-05,2025-05-08,0.88,,2.07,0.86,,,,,,,,,,
5395,Vb-744.CP111-CNDE-RMS,744.CP111,,2025-05,2025-05-08,1.28,,2.61,1.82,,,,,,,,,,
5396,Vb-744.CP111-MDE-RMS,744.CP111,,2025-05,2025-05-08,1.03,,1.44,0.98,,,,,,,,,,
5397,Vb-744.CP111-MNDE-RMS,744.CP111,,2025-05,2025-05-08,1.16,,1.13,0.92,,,,,,,,,,
5398,Vb-744.CP111-CDE-RMS,744.CP111,,2025-08,2025-08-05,0.88,,2.07,0.86,,,,,,,,,,
5399,Vb-744.CP111-CNDE-RMS,744.CP111,,2025-08,2025-08-05,1.28,,2.61,1.82,,,,,,,,,,
5400,Vb-744.CP111-MDE-RMS,744.CP111,,2025-08,2025-08-05,1.03,,1.44,0.98,,,,,,,,,,
5401,Vb-744.CP111-MNDE-RMS,744.CP111,,2025-08,2025-08-05,1.16,,1.13,0.92,,,,,,,,,,
5402,Vb-744.CP111-CDE-RMS,744.CP111,,2026-02,2026-02-08,2.493,,3.237,2.483,,,,,,,,,,
5403,Vb-744.CP111-CNDE-RMS,744.CP111,,2026-02,2026-02-08,2.486,,4.269,5.105,,,,,,,,,,
5404,Vb-744.CP111-MDE-RMS,744.CP111,,2026-02,2026-02-08,1.191,,2.632,1.342,,,,,,,,,,
5405,Vb-744.CP111-MNDE-RMS,744.CP111,,2026-02,2026-02-08,1.46,,1.993,2.091,,,,,,,,,,
5406,Vb-744.CP111-CDE-RMS,744.CP111,,2026-05,2026-05-11,5.16,,5.07,6.77,,,,,,,,,,
5407,Vb-744.CP111-CNDE-RMS,744.CP111,,2026-05,2026-05-11,6.93,,10.07,12.83,,,,,,,,,,
5408,Vb-744.CP111-MDE-RMS,744.CP111,,2026-05,2026-05-11,5.54,,3.39,4.35,,,,,,,,,,
5409,Vb-744.CP111-MNDE-RMS,744.CP111,,2026-05,2026-05-11,4.78,,3.76,4.63,,,,,,,,,,
5410,Vb-744.CP112-CDE-RMS,744.CP112,,2024-12,2024-12-17,2.99,,2.53,1.35,,,,,,,,,,
5411,Vb-744.CP112-CNDE-RMS,744.CP112,,2024-12,2024-12-17,3.9,,3.58,3.5,,,,,,,,,,
5412,Vb-744.CP112-MDE-RMS,744.CP112,,2024-12,2024-12-17,2.71,,1.13,2.49,,,,,,,,,,
5413,Vb-744.CP112-MNDE-RMS,744.CP112,,2024-12,2024-12-17,2.56,,1.2,1.29,,,,,,,,,,
5414,Vb-744.CP112-CDE-RMS,744.CP112,,2025-01,2025-01-07,3.22,,1.58,2.82,,,,,,,,,,
5415,Vb-744.CP112-CNDE-RMS,744.CP112,,2025-01,2025-01-07,4.48,,3.8,3.82,,,,,,,,,,
5416,Vb-744.CP112-MDE-RMS,744.CP112,,2025-01,2025-01-07,2.44,,1.63,2.79,,,,,,,,,,
5417,Vb-744.CP112-MNDE-RMS,744.CP112,,2025-01,2025-01-07,2.4,,1.3,1.3,,,,,,,,,,
5418,Vb-744.CP112-CDE-RMS,744.CP112,,2025-02,2025-02-17,5.78,,2.03,3.15,,,,,,,,,,
5419,Vb-744.CP112-CNDE-RMS,744.CP112,,2025-02,2025-02-17,6.32,,4.37,3.99,,,,,,,,,,
5420,Vb-744.CP112-MDE-RMS,744.CP112,,2025-02,2025-02-17,3.85,,2.8,3.33,,,,,,,,,,
5421,Vb-744.CP112-MNDE-RMS,744.CP112,,2025-02,2025-02-17,2.86,,2.53,1.41,,,,,,,,,,
5422,Vb-744.CP112-CDE-RMS,744.CP112,,2025-05,2025-05-06,5.8,,1.5,3.57,2025-05-08,7.38,,2.36,4.14,,,,,
5423,Vb-744.CP112-CNDE-RMS,744.CP112,,2025-05,2025-05-06,6.93,,4.83,5.76,2025-05-08,9.74,,4.84,6.21,,,,,
5424,Vb-744.CP112-MDE-RMS,744.CP112,,2025-05,2025-05-06,2.43,,2.1,2.46,2025-05-08,3.39,,1.63,4.8,,,,,
5425,Vb-744.CP112-MNDE-RMS,744.CP112,,2025-05,2025-05-06,3.15,,1.22,1.46,2025-05-08,4.62,,2.98,2.52,,,,,
5426,Vb-744.CP112-CDE-RMS,744.CP112,,2025-09,2025-09-15,8.19,,3.43,3.96,,,,,,,,,,
5427,Vb-744.CP112-CNDE-RMS,744.CP112,,2025-09,2025-09-15,9.15,,5.67,7.08,,,,,,,,,,
5428,Vb-744.CP112-MDE-RMS,744.CP112,,2025-09,2025-09-15,3.62,,2.17,5.19,,,,,,,,,,
5429,Vb-744.CP112-MNDE-RMS,744.CP112,,2025-09,2025-09-15,4.84,,5.28,4.77,,,,,,,,,,
5430,Vb-744.CP112-CDE-RMS,744.CP112,,2026-01,2026-01-26,4.96,,2.75,3.37,,,,,,,,,,
5431,Vb-744.CP112-CNDE-RMS,744.CP112,,2026-01,2026-01-26,3.71,,5.38,5.16,,,,,,,,,,
5432,Vb-744.CP112-MDE-RMS,744.CP112,,2026-01,2026-01-26,2.76,,2.44,3.54,,,,,,,,,,
5433,Vb-744.CP112-MNDE-RMS,744.CP112,,2026-01,2026-01-26,3.02,,2.32,2.37,,,,,,,,,,
5434,Vb-744.CP113-CDE-RMS,744.CP113,,2024-12,2024-12-17,3.63,,3.36,3.02,,,,,,,,,,
5435,Vb-744.CP113-CNDE-RMS,744.CP113,,2024-12,2024-12-17,7.1,,4.7,5.58,,,,,,,,,,
5436,Vb-744.CP113-MDE-RMS,744.CP113,,2024-12,2024-12-17,4.27,,1.72,3.88,,,,,,,,,,
5437,Vb-744.CP113-MNDE-RMS,744.CP113,,2024-12,2024-12-17,4.12,,1.52,1.29,,,,,,,,,,
5438,Vb-744.CP113-CDE-RMS,744.CP113,,2025-01,2025-01-07,4.98,,1.95,4.35,,,,,,,,,,
5439,Vb-744.CP113-CNDE-RMS,744.CP113,,2025-01,2025-01-07,6.25,,5.3,7.6,,,,,,,,,,
5440,Vb-744.CP113-MDE-RMS,744.CP113,,2025-01,2025-01-07,4.16,,2.29,4.4,,,,,,,,,,
5441,Vb-744.CP113-MNDE-RMS,744.CP113,,2025-01,2025-01-07,4.12,,2.51,1.32,,,,,,,,,,
5442,Vb-744.CP113-CDE-RMS,744.CP113,,2025-02,2025-02-17,8.25,,2.22,8.59,,,,,,,,,,
5443,Vb-744.CP113-CNDE-RMS,744.CP113,,2025-02,2025-02-17,9.58,,5.54,8.28,,,,,,,,,,
5444,Vb-744.CP113-MDE-RMS,744.CP113,,2025-02,2025-02-17,4.34,,2.21,4.16,,,,,,,,,,
5445,Vb-744.CP113-MNDE-RMS,744.CP113,,2025-02,2025-02-17,4.06,,3.72,1.99,,,,,,,,,,
5446,Vb-744.CP113-CDE-RMS,744.CP113,,2025-05,2025-05-06,3.14,,2.53,1.94,2025-05-08,7.8,,3.51,4.27,,,,,
5447,Vb-744.CP113-CNDE-RMS,744.CP113,,2025-05,2025-05-06,5.62,,3.92,4.98,2025-05-08,8.12,,6.21,7.2,,,,,
5448,Vb-744.CP113-MDE-RMS,744.CP113,,2025-05,2025-05-06,4.89,,2.17,3.26,2025-05-08,6.51,,3.21,3.61,,,,,
5449,Vb-744.CP113-MNDE-RMS,744.CP113,,2025-05,2025-05-06,4.01,,1.87,1.11,2025-05-08,4.53,,1.95,1.84,,,,,
5450,Vb-744.CP113-CDE-RMS,744.CP113,,2025-09,2025-09-15,7.79,,2.88,3.89,,,,,,,,,,
5451,Vb-744.CP113-CNDE-RMS,744.CP113,,2025-09,2025-09-15,8.48,,2.61,7.81,,,,,,,,,,
5452,Vb-744.CP113-MDE-RMS,744.CP113,,2025-09,2025-09-15,5.01,,1.84,3.89,,,,,,,,,,
5453,Vb-744.CP113-MNDE-RMS,744.CP113,,2025-09,2025-09-15,4.05,,1.56,1.5,,,,,,,,,,
5454,Vb-744.CP113-CDE-RMS,744.CP113,,2026-01,2026-01-26,4.92,,2.65,5.34,,,,,,,,,,
5455,Vb-744.CP113-CNDE-RMS,744.CP113,,2026-01,2026-01-26,4.62,,5.96,8.85,,,,,,,,,,
5456,Vb-744.CP113-MDE-RMS,744.CP113,,2026-01,2026-01-26,4.22,,1.97,4.96,,,,,,,,,,
5457,Vb-744.CP113-MNDE-RMS,744.CP113,,2026-01,2026-01-26,3.94,,1.64,1.43,,,,,,,,,,
5458,Vb-744.CP113-CDE-RMS,744.CP113,,2026-05,2026-05-11,2.54,,0.99,3.61,,,,,,,,,,
5459,Vb-744.CP113-CNDE-RMS,744.CP113,,2026-05,2026-05-11,2.03,,4.08,4.35,,,,,,,,,,
5460,Vb-744.CP113-MDE-RMS,744.CP113,,2026-05,2026-05-11,0.89,,1.13,1.24,,,,,,,,,,
5461,Vb-744.CP113-MNDE-RMS,744.CP113,,2026-05,2026-05-11,1.05,,1.46,1.28,,,,,,,,,,
5462,,761.WI210,Motor DE,2026-02,2026-02-22,5.37,,3.1,1.89,,,,,,,,,,
5463,,761.WI210,Motor NDE,2026-02,2026-02-22,2.39,,24.83,13.47,,,,,,,,,,
5464,,761.WI210,Motor DE,2026-04,2026-04-08,3.96,,3.27,5.27,,,,,,,,,,
5465,,761.WI210,Motor NDE,2026-04,2026-04-08,6.85,,1.92,8.43,,,,,,,,,,
5466,,761.WI211,Motor DE,2026-02,2026-02-14,1.86,,,1.99,2026-02-22,,,0.65,,,,,,
5467,,761.WI211,Motor NDE,2026-02,2026-02-22,0.91,,0.55,3.74,,,,,,,,,,
5468,,761.WI211,Motor DE,2026-04,2026-04-08,2.74,,3.39,2.21,,,,,,,,,,
5469,,761.WI211,Motor NDE,2026-04,2026-04-08,1.88,,0.86,1.71,,,,,,,,,,
5470,,761.WI212,Motor DE,2026-02,2026-02-22,5.91,,3.75,3.61,,,,,,,,,,
5471,,761.WI212,Motor NDE,2026-02,2026-02-22,5.41,,1.22,8.09,,,,,,,,,,
5472,,761.WI212,Motor DE,2026-04,2026-04-08,2.95,,3.11,4.34,,,,,,,,,,
5473,,761.WI212,Motor NDE,2026-04,2026-04-08,6.81,,1.83,8.88,,,,,,,,,,
5474,,761.WI213,Motor DE,2026-02,2026-02-22,14.89,,9.2,8.01,,,,,,,,,,
5475,,761.WI213,Motor NDE,2026-02,2026-02-22,10.41,,5.42,8.91,,,,,,,,,,
5476,,761.WI213,Motor DE,2026-04,2026-04-08,9.19,,3.74,3.5,,,,,,,,,,
5477,,761.WI213,Motor NDE,2026-04,2026-04-08,7.95,,0.78,5.4,,,,,,,,,,
5478,,761.WI214,Motor DE,2026-04,2026-04-08,4.97,,8.63,6.81,,,,,,,,,,
5479,,761.WI214,Motor NDE,2026-04,2026-04-08,5.64,,0.94,4.42,,,,,,,,,,
5480,,761.WI215,Motor DE,2026-02,2026-02-14,4.49,,9.66,3.06,,,,,,,,,,
5481,,761.WI215,Motor NDE,2026-02,2026-02-14,5.05,,2.85,5.83,,,,,,,,,,
5482,,761.WI216,Motor DE,2026-02,2026-02-22,8.36,,4.1,6.68,,,,,,,,,,
5483,,761.WI216,Motor NDE,2026-02,2026-02-22,8.24,,4.15,3.86,,,,,,,,,,
5484,,761.WI216,Motor DE,2026-04,2026-04-08,4.03,,2.89,6.56,,,,,,,,,,
5485,,761.WI216,Motor NDE,2026-04,2026-04-08,2.67,,6.07,7.02,,,,,,,,,,
5486,,762.WI210,Motor DE,2026-04,2026-04-08,6.09,,2.26,2.62,,,,,,,,,,
5487,,762.WI210,Motor NDE,2026-04,2026-04-08,4.89,,2,6.25,,,,,,,,,,
5488,,762.WI211,Motor DE,2026-02,2026-02-09,1.65,,0.61,0.89,,,,,,,,,,
5489,,762.WI211,Motor NDE,2026-02,2026-02-09,0.68,,0.53,1.19,,,,,,,,,,
5490,,762.WI211,Motor DE,2026-04,2026-04-08,4.1,,2.99,3.6,,,,,,,,,,
5491,,762.WI211,Motor NDE,2026-04,2026-04-08,2.65,,2.58,3,,,,,,,,,,
5492,,762.WI212,Motor DE,2026-02,2026-02-10,10.67,,17.17,4.5,,,,,,,,,,
5493,,762.WI212,Motor NDE,2026-02,2026-02-10,9.82,,3.19,3.66,,,,,,,,,,
5494,,762.WI212,Motor DE,2026-04,2026-04-08,6.49,,1.96,3.64,,,,,,,,,,
5495,,762.WI212,Motor NDE,2026-04,2026-04-08,2.56,,1.32,3.26,,,,,,,,,,
5496,,762.WI213,Motor DE,2026-01,2026-01-27,3.07,,3.95,3.23,,,,,,,,,,
5497,,762.WI213,Motor NDE,2026-01,2026-01-27,3.17,,5.39,3.79,,,,,,,,,,
5498,,762.WI214,Motor DE,2026-04,2026-04-08,8.56,,8.9,2.01,,,,,,,,,,
5499,,762.WI214,Motor NDE,2026-04,2026-04-08,8.06,,3.47,2.97,,,,,,,,,,
5500,,762.WI216,Motor DE,2026-01,2026-01-27,1.41,,2.16,2.05,,,,,,,,,,
5501,,762.WI216,Motor NDE,2026-01,2026-01-27,1.6,,1.87,2.21,,,,,,,,,,
5502,,762.WI216,Motor DE,2026-04,2026-04-08,5.01,,3.55,3.46,,,,,,,,,,
5503,,762.WI216,Motor NDE,2026-04,2026-04-08,5.9,,3.07,6.81,,,,,,,,,,
