#,VIB ID,Equipment ID,Point (unmatched only),Date,Horizontal (mm/s),Vertical (mm/s),Axial (mm/s),Gear (mm/s)
1,,351.BL115,BL DE,2024-12-15,8.42,5.28,3.79,
2,,351.BL115,BL DE,2025-01-27,3.53,4,3.23,
3,,351.BL115,BL NDE,2024-12-15,6.86,6.64,3.74,
4,,351.BL115,BL NDE,2025-01-27,5.42,5.61,2.68,
5,,351.BL115,Motor DE,2024-12-15,6.54,5.34,9.1,
6,,351.BL115,Motor DE,2025-01-27,5.12,6.25,3.8,
7,,351.BL115,Motor NDE,2024-12-15,5.76,4.09,10.96,
8,,351.BL115,Motor NDE,2025-01-27,6.85,6.44,3.35,
9,Vb-611.BL300-BLDE-RMS,611.BL300,,2024-12-16,3.53,4.44,4.15,
10,Vb-611.BL300-BLNDE-RMS,611.BL300,,2024-12-16,4.35,4.83,3.33,
11,Vb-611.BL300-MDE-RMS,611.BL300,,2024-12-16,6.29,5.12,7.9,
12,Vb-611.BL300-MNDE-RMS,611.BL300,,2024-12-16,4.39,6.71,2.76,
13,Vb-612.BL300-BLDE-RMS,612.BL300,,2024-12-16,4.15,6.24,6.16,
14,Vb-612.BL300-BLDE-RMS,612.BL300,,2025-01-02,4.51,6.47,5.52,
15,Vb-612.BL300-BLNDE-RMS,612.BL300,,2024-12-16,8.23,6.79,5.88,
16,Vb-612.BL300-BLNDE-RMS,612.BL300,,2025-01-02,7.99,7.68,5.45,
17,Vb-612.BL300-MDE-RMS,612.BL300,,2024-12-16,8.5,2.71,8.34,
18,Vb-612.BL300-MDE-RMS,612.BL300,,2025-01-02,9.25,3.02,8.55,
19,Vb-612.BL300-MNDE-RMS,612.BL300,,2024-12-16,3.82,5.32,10.8,
20,Vb-612.BL300-MNDE-RMS,612.BL300,,2025-01-02,3.23,7.71,8.23,
21,Vb-341.BL300-BLDE-RMS,341.BL300,,2024-12-15,4.54,3.51,3.76,
22,Vb-341.BL300-BLDE-RMS,341.BL300,,2025-01-27,3.9,3.37,3.93,
23,Vb-341.BL300-BLNDE-RMS,341.BL300,,2024-12-15,4.13,3.76,2.56,
24,Vb-341.BL300-BLNDE-RMS,341.BL300,,2025-01-27,3.46,2.63,3.96,
25,Vb-341.BL300-MDE-RMS,341.BL300,,2024-12-15,3.96,9.65,14.73,
26,Vb-341.BL300-MDE-RMS,341.BL300,,2025-01-27,3.45,8.03,16.9,
27,Vb-341.BL300-MNDE-RMS,341.BL300,,2024-12-15,5.71,2.48,15.45,
28,Vb-341.BL300-MNDE-RMS,341.BL300,,2025-01-27,6.82,2.95,13.58,
29,Vb-341.BL305-BLDE-RMS,341.BL305,,2024-12-15,4.04,4.18,3.13,
30,Vb-341.BL305-BLDE-RMS,341.BL305,,2025-01-27,4.19,,4.08,
31,Vb-341.BL305-BLNDE-RMS,341.BL305,,2024-12-15,5.74,3.93,3.39,
32,Vb-341.BL305-BLNDE-RMS,341.BL305,,2025-01-27,8,5.22,3.84,
33,Vb-341.BL305-MDE-RMS,341.BL305,,2024-12-15,2.52,5.5,7.47,
34,Vb-341.BL305-MDE-RMS,341.BL305,,2025-01-27,3.64,9.26,7.9,
35,Vb-341.BL305-MNDE-RMS,341.BL305,,2024-12-15,5.16,2.04,6.15,
36,Vb-341.BL305-MNDE-RMS,341.BL305,,2025-01-27,5.99,4.71,6.31,
37,Vb-341.BL310-BLDE-RMS,341.BL310,,2024-12-15,2.56,4.21,3.94,
38,Vb-341.BL310-BLDE-RMS,341.BL310,,2025-01-27,6.14,4.11,4.93,
39,Vb-341.BL310-BLNDE-RMS,341.BL310,,2024-12-15,4.66,,3.6,
40,Vb-341.BL310-BLNDE-RMS,341.BL310,,2025-01-27,5.13,3.85,6.26,
41,Vb-341.BL310-MDE-RMS,341.BL310,,2024-12-15,9.02,5.35,16.58,
42,Vb-341.BL310-MDE-RMS,341.BL310,,2025-01-27,4.84,12.83,19.79,
43,Vb-341.BL310-MNDE-RMS,341.BL310,,2024-12-15,5.82,5.38,16.9,
44,Vb-341.BL310-MNDE-RMS,341.BL310,,2025-01-27,7.45,7.94,26.23,
45,Vb-465.BL580-BLDE-RMS,465.BL580,,2024-12-15,10.64,7.87,7.27,
46,Vb-465.BL580-BLDE-RMS,465.BL580,,2025-01-27,7.39,7.06,4.31,
47,Vb-465.BL580-BLNDE-RMS,465.BL580,,2024-12-15,8.29,6.86,6.49,
48,Vb-465.BL580-BLNDE-RMS,465.BL580,,2025-01-27,6.38,6.19,5.7,
49,Vb-465.BL580-MDE-RMS,465.BL580,,2024-12-15,4.12,5.57,3.54,
50,Vb-465.BL580-MDE-RMS,465.BL580,,2025-01-27,3.97,3.37,4.02,
51,Vb-465.BL580-MNDE-RMS,465.BL580,,2024-12-15,4.42,4.11,6.36,
52,Vb-465.BL580-MNDE-RMS,465.BL580,,2025-01-27,4.08,4.36,1.44,
53,Vb-465.BL630-BLDE-RMS,465.BL630,,2024-12-15,2.49,3.75,4.14,
54,Vb-465.BL630-BLDE-RMS,465.BL630,,2025-01-27,3.3,6.01,3.62,
55,Vb-465.BL630-BLNDE-RMS,465.BL630,,2024-12-15,2.42,2.4,4.25,
56,Vb-465.BL630-BLNDE-RMS,465.BL630,,2025-01-27,3.48,2.82,3.45,
57,Vb-465.BL630-MDE-RMS,465.BL630,,2024-12-15,1.17,1.44,1.37,
58,Vb-465.BL630-MDE-RMS,465.BL630,,2025-01-27,1.79,1.59,1.63,
59,Vb-465.BL630-MNDE-RMS,465.BL630,,2024-12-15,2.09,3.32,2.46,
60,Vb-465.BL630-MNDE-RMS,465.BL630,,2025-01-27,2.57,3.18,1.55,
61,Vb-461.FN450-FDE-RMS,461.FN450,,2024-12-08,0.34,0.2,0.3,
62,Vb-461.FN450-FNDE-RMS,461.FN450,,2024-12-08,0.21,0.35,0.42,
63,Vb-461.FN450-MDE-RMS,461.FN450,,2024-12-08,0.27,0.17,0.49,
64,Vb-461.FN450-MNDE-RMS,461.FN450,,2024-12-08,0.26,0.21,0.15,
65,Vb-341.BE040-MDE-RMS,341.BE040,,2024-12-11,1.51,1.62,1.86,
66,Vb-341.BE040-MNDE-RMS,341.BE040,,2024-12-11,1.28,2.17,1.65,
67,,341.BE040,Shaft 1 inboard,2024-12-11,1.13,1.49,1.54,
68,,341.BE040,Shaft 2 inboard,2024-12-11,1.47,1.66,0.85,
69,Vb-341.BE040-S3DE-RMS,341.BE040,,2024-12-11,1.2,1.5,1.15,
70,Vb-342.BE041-MDE-RMS,342.BE041,,2024-12-11,2.56,2.31,2.02,
71,Vb-342.BE041-MNDE-RMS,342.BE041,,2024-12-11,3.28,2.4,2,
72,,342.BE041,Shaft 1 inboard,2024-12-11,2.11,2.2,1.53,
73,,342.BE041,Shaft 2 inboard,2024-12-11,1.75,2.15,1.55,
74,Vb-342.BE041-S3DE-RMS,342.BE041,,2024-12-11,1.74,2.52,2.68,
75,Vb-451.FN240-FDE-RMS,451.FN240,,2024-12-05,0.5,0.46,0.37,
76,Vb-451.FN240-FNDE-RMS,451.FN240,,2024-12-05,0.47,0.3,0.42,
77,Vb-451.FN240-MDE-RMS,451.FN240,,2024-12-05,0.75,0.75,0.39,
78,Vb-451.FN240-MNDE-RMS,451.FN240,,2024-12-05,0.38,0.3,0.4,
79,Vb-451.WI111-MDE-RMS,451.WI111,,2024-12-09,1.3,0.87,0.96,
80,Vb-451.WI111-MNDE-RMS,451.WI111,,2024-12-09,1.42,0.73,1.11,
81,Vb-451.WI111-PDE-RMS,451.WI111,,2024-12-09,0.64,1.69,1.01,
82,Vb-451.WI111-PNDE-RMS,451.WI111,,2024-12-09,0.61,0.85,0.66,
83,Vb-531.BE220-MDE-RMS,531.BE220,,2024-12-23,5.46,5.67,7.01,
84,Vb-531.BE220-MNDE-RMS,531.BE220,,2024-12-23,6.85,9.94,6.52,
85,Vb-531.BE220-S1DE-RMS,531.BE220,,2024-12-23,3.38,6.51,4.25,
86,Vb-531.BE220-S2DE-RMS,531.BE220,,2024-12-23,5.36,5.02,2.15,
87,Vb-531.BE220-S2NDE-RMS,531.BE220,,2024-12-23,5.98,3.95,3.84,
88,Vb-532.BE220-MDE-RMS,532.BE220,,2024-12-22,4.19,10.2,3.16,
89,Vb-532.BE220-MNDE-RMS,532.BE220,,2024-12-22,5.92,13.93,2.99,
90,,532.BE220,Shaft 1 inboard  DE,2024-12-22,2.33,4.98,4.89,
91,,532.BE220,Shaft 2  inboard  DE,2024-12-22,3.07,3.22,3.87,
92,,532.BE220,Shaft 2  outboard NDE,2024-12-22,3.64,3.07,6.51,
93,Vb-531.MD140-MDE-RMS,531.MD140,,2024-12-23,1.42,1.9,0.43,
94,Vb-531.MD140-MDE-RMS,531.MD140,,2025-01-06,1.3,1.35,0.51,
95,Vb-531.MD140-MNDE-RMS,531.MD140,,2024-12-23,0.69,0.9,1,
96,Vb-531.MD140-MNDE-RMS,531.MD140,,2025-01-06,0.72,0.75,0.74,
97,Vb-531.MD140-S1DE-RMS,531.MD140,,2024-12-23,3.65,6.23,3.3,
98,Vb-531.MD140-S1DE-RMS,531.MD140,,2025-01-06,3.84,5.11,3.94,
99,Vb-531.MD140-S1NDE-RMS,531.MD140,,2024-12-23,4.44,4.86,4.12,
100,Vb-531.MD140-S1NDE-RMS,531.MD140,,2025-01-06,4.95,3.55,3.89,
101,Vb-531.MD140-S2DE-RMS,531.MD140,,2024-12-23,2.61,2.11,3.2,
102,Vb-531.MD140-S2DE-RMS,531.MD140,,2025-01-06,2.65,2.51,3.27,
103,Vb-531.MD140-S2NDE-RMS,531.MD140,,2024-12-23,1.9,2.96,4.12,
104,Vb-531.MD140-S2NDE-RMS,531.MD140,,2025-01-06,1.71,2.63,3.49,
105,Vb-531.MD140-S3DE-RMS,531.MD140,,2024-12-23,2.3,2.43,1.81,
106,Vb-531.MD140-S3DE-RMS,531.MD140,,2025-01-06,2.36,2.54,1.95,
107,Vb-531.MD140-S3NDE-RMS,531.MD140,,2024-12-23,2.62,1.99,4.88,
108,Vb-531.MD140-S3NDE-RMS,531.MD140,,2025-01-06,3.29,2.26,4.45,
109,Vb-531.MD140-S4DE-RMS,531.MD140,,2024-12-23,2.95,2.14,2.94,
110,Vb-531.MD140-S4DE-RMS,531.MD140,,2025-01-06,2.67,1.98,3.24,
111,Vb-531.MD140-S4NDE-RMS,531.MD140,,2024-12-23,1.96,2.53,2.49,
112,Vb-531.MD140-S4NDE-RMS,531.MD140,,2025-01-06,2.21,3.29,2.54,
113,Vb-532.MD140-MDE-RMS,532.MD140,,2024-12-22,1.41,1.45,0.88,
114,Vb-532.MD140-MDE-RMS,532.MD140,,2025-01-06,1.23,1.48,0.9,
115,Vb-532.MD140-MNDE-RMS,532.MD140,,2024-12-22,0.86,0.64,1.27,
116,Vb-532.MD140-MNDE-RMS,532.MD140,,2025-01-06,0.84,0.67,0.66,
117,Vb-532.MD140-S1DE-RMS,532.MD140,,2024-12-22,6.22,5.14,3.05,
118,Vb-532.MD140-S1DE-RMS,532.MD140,,2025-01-06,6.45,5.42,3.65,
119,Vb-532.MD140-S1NDE-RMS,532.MD140,,2024-12-22,2.77,3.05,3.58,
120,Vb-532.MD140-S1NDE-RMS,532.MD140,,2025-01-06,3.44,3.13,3.51,
121,Vb-532.MD140-S2DE-RMS,532.MD140,,2024-12-22,3.12,2.72,2.22,
122,Vb-532.MD140-S2DE-RMS,532.MD140,,2025-01-06,3.21,2.5,2.69,
123,Vb-532.MD140-S2NDE-RMS,532.MD140,,2024-12-22,1.67,2.78,3.05,
124,Vb-532.MD140-S2NDE-RMS,532.MD140,,2025-01-06,1.64,2.49,3.01,
125,Vb-532.MD140-S3DE-RMS,532.MD140,,2024-12-22,2.84,3.03,2.07,
126,Vb-532.MD140-S3DE-RMS,532.MD140,,2025-01-06,2.87,3.13,2.44,
127,Vb-532.MD140-S3NDE-RMS,532.MD140,,2024-12-22,2.12,2.08,3.85,
128,Vb-532.MD140-S3NDE-RMS,532.MD140,,2025-01-06,2.05,2.2,4.07,
129,Vb-532.MD140-S4DE-RMS,532.MD140,,2024-12-22,3.32,2.75,3.26,
130,Vb-532.MD140-S4DE-RMS,532.MD140,,2025-01-06,3.14,2.92,3.51,
131,Vb-532.MD140-S4NDE-RMS,532.MD140,,2024-12-22,2.1,2.9,2.38,
132,Vb-532.MD140-S4NDE-RMS,532.MD140,,2025-01-06,1.93,3.17,2.45,
133,Vb-341.FN315-FDE-RMS,341.FN315,,2025-01-26,4.7,2.14,4.41,
134,Vb-341.FN315-FNDE-RMS,341.FN315,,2025-01-26,3.93,2.14,4.78,
135,Vb-341.FN315-MDE-RMS,341.FN315,,2025-01-26,3.93,2.76,,
136,Vb-341.FN315-MNDE-RMS,341.FN315,,2025-01-26,2.5,4.25,2.49,
137,Vb-341.FN316-FDE-RMS,341.FN316,,2024-12-09,7.71,4.31,3.27,
138,Vb-341.FN316-FDE-RMS,341.FN316,,2025-01-26,6.38,5.02,3.75,
139,Vb-341.FN316-FNDE-RMS,341.FN316,,2024-12-09,8.52,4.18,3.33,
140,Vb-341.FN316-FNDE-RMS,341.FN316,,2025-01-26,6.46,4.59,3.46,
141,Vb-341.FN316-MDE-RMS,341.FN316,,2024-12-09,1.96,8.55,5.07,
142,Vb-341.FN316-MDE-RMS,341.FN316,,2025-01-26,3.56,5.54,,
143,Vb-341.FN316-MNDE-RMS,341.FN316,,2024-12-09,4.65,10.44,4.93,
144,Vb-341.FN316-MNDE-RMS,341.FN316,,2025-01-26,4.16,8.7,3.34,
145,Vb-441.CR400-CRDE-RMS,441.CR400,,2024-12-03,1.36,0.22,0.5,
146,Vb-441.CR400-CRDE-RMS,441.CR400,,2024-12-05,1.27,1.85,0.55,
147,Vb-441.CR400-CRDE-RMS,441.CR400,,2025-01-28,1.4,1.7,1.01,
148,Vb-441.CR400-CRNDE-RMS,441.CR400,,2024-12-03,0.24,0.24,0.74,
149,Vb-441.CR400-CRNDE-RMS,441.CR400,,2024-12-05,1.09,0.97,0.68,
150,Vb-441.CR400-CRNDE-RMS,441.CR400,,2025-01-28,1.13,1.28,0.61,
151,Vb-441.CR400-MDE-RMS,441.CR400,,2024-12-03,0.87,1.32,0.94,
152,Vb-441.CR400-MDE-RMS,441.CR400,,2024-12-05,0.72,1.48,0.87,
153,Vb-441.CR400-MDE-RMS,441.CR400,,2025-01-28,0.8,1.78,1.21,
154,Vb-441.CR400-MNDE-RMS,441.CR400,,2024-12-03,0.71,0.28,0.23,
155,Vb-441.CR400-MNDE-RMS,441.CR400,,2024-12-05,1.14,0.9,0.81,
156,Vb-441.CR400-MNDE-RMS,441.CR400,,2025-01-28,0.86,0.86,1.22,
157,Vb-461.MD140-MDE-RMS,461.MD140,,2024-12-08,0.84,0.6,0.42,
158,Vb-461.MD140-MNDE-RMS,461.MD140,,2024-12-08,0.4,0.44,0.38,
159,Vb-461.MD140-PHSS-RMS,461.MD140,,2024-12-08,1.44,0.86,1.26,
160,Vb-461.MD140-RGT-RMS,461.MD140,,2024-12-08,1.51,1.31,1.55,
161,Vb-461.FN125-FDE-RMS,461.FN125,,2024-12-08,3.1,2.97,4.33,
162,Vb-461.FN125-FNDE-RMS,461.FN125,,2024-12-08,3.98,3.87,4.43,
163,Vb-331.WI210-MDE-RMS,331.WI210,,2024-12-09,2.9,2.05,1.64,
164,Vb-331.WI210-MNDE-RMS,331.WI210,,2024-12-09,1.52,1.16,0.37,
165,Vb-331.WI210-PDE-RMS,331.WI210,,2024-12-09,1.08,0.49,0.34,
166,Vb-331.WI210-PNDE-RMS,331.WI210,,2024-12-09,0.97,0.33,0.39,
167,Vb-441.FN300-FDE-RMS,441.FN300,,2024-12-03,1.75,2.06,1.95,
168,Vb-441.FN300-FDE-RMS,441.FN300,,2024-12-04,1.9,2.92,1.52,
169,Vb-441.FN300-FDE-RMS,441.FN300,,2025-01-22,3.4,3.77,1.72,
170,Vb-441.FN300-FDE-RMS,441.FN300,,2025-01-28,2.6,2.89,1.31,
171,Vb-441.FN300-FNDE-RMS,441.FN300,,2024-12-03,4.3,3.95,1.49,
172,Vb-441.FN300-FNDE-RMS,441.FN300,,2025-01-22,5.14,3.78,1.59,
173,Vb-441.FN300-FNDE-RMS,441.FN300,,2025-01-28,4.06,3.46,1.43,
174,Vb-441.FN300-MDE-RMS,441.FN300,,2024-12-03,3.21,4.17,2.38,
175,Vb-441.FN300-MDE-RMS,441.FN300,,2025-01-22,2.65,4.76,2.55,
176,Vb-441.FN300-MDE-RMS,441.FN300,,2025-01-28,2.09,2.99,1.78,
177,Vb-441.FN300-MNDE-RMS,441.FN300,,2024-12-03,1.6,1.79,2.51,
178,Vb-441.FN300-MNDE-RMS,441.FN300,,2025-01-22,5.89,6.44,3.01,
179,Vb-441.FN300-MNDE-RMS,441.FN300,,2025-01-28,1.88,2.29,1.83,
180,Vb-441.FN305-FDE-RMS,441.FN305,,2024-12-03,2.58,3.16,1.51,
181,Vb-441.FN305-FDE-RMS,441.FN305,,2025-01-22,2.78,2.22,1.15,
182,Vb-441.FN305-FDE-RMS,441.FN305,,2025-01-28,2.03,1.57,0.98,
183,Vb-441.FN305-FNDE-RMS,441.FN305,,2024-12-03,2.16,2.98,1.91,
184,Vb-441.FN305-FNDE-RMS,441.FN305,,2025-01-22,1.68,1.11,1.31,
185,Vb-441.FN305-FNDE-RMS,441.FN305,,2025-01-28,1.6,1.12,0.97,
186,Vb-441.FN305-MDE-RMS,441.FN305,,2024-12-03,2.59,2.05,1.78,
187,Vb-441.FN305-MDE-RMS,441.FN305,,2025-01-22,2.1,2.14,2.31,
188,Vb-441.FN305-MDE-RMS,441.FN305,,2025-01-28,2.09,2.76,1.91,
189,Vb-441.FN305-MNDE-RMS,441.FN305,,2024-12-03,2.07,2.14,1.76,
190,Vb-441.FN305-MNDE-RMS,441.FN305,,2025-01-22,1.35,1.26,1.02,
191,Vb-441.FN305-MNDE-RMS,441.FN305,,2025-01-28,1.35,1.88,0.96,
192,Vb-441.FN310-FDE-RMS,441.FN310,,2024-12-03,1.22,0.79,0.9,
193,Vb-441.FN310-FDE-RMS,441.FN310,,2025-01-22,1.33,0.96,1.07,
194,Vb-441.FN310-FDE-RMS,441.FN310,,2025-01-28,1.48,0.93,0.93,
195,Vb-441.FN310-FNDE-RMS,441.FN310,,2024-12-03,1.57,1.11,0.95,
196,Vb-441.FN310-FNDE-RMS,441.FN310,,2025-01-22,1.23,1.12,0.69,
197,Vb-441.FN310-FNDE-RMS,441.FN310,,2025-01-28,1.4,1.46,0.68,
198,Vb-441.FN310-MDE-RMS,441.FN310,,2024-12-03,2.56,2.71,1.67,
199,Vb-441.FN310-MDE-RMS,441.FN310,,2025-01-22,1.73,1.91,0.74,
200,Vb-441.FN310-MDE-RMS,441.FN310,,2025-01-28,2.02,1.33,0.65,
201,Vb-441.FN310-MNDE-RMS,441.FN310,,2024-12-03,1.24,1.35,0.83,
202,Vb-441.FN310-MNDE-RMS,441.FN310,,2025-01-22,1.02,0.9,0.6,
203,Vb-441.FN310-MNDE-RMS,441.FN310,,2025-01-28,1.22,0.99,0.41,
204,Vb-441.FN315-FDE-RMS,441.FN315,,2024-12-03,1.02,2.52,6.75,
205,Vb-441.FN315-FDE-RMS,441.FN315,,2025-01-22,1.4,0.84,1.18,
206,Vb-441.FN315-FDE-RMS,441.FN315,,2025-01-23,3.1,3.87,3.67,
207,Vb-441.FN315-FDE-RMS,441.FN315,,2025-01-28,2.45,1.08,1.75,
208,Vb-441.FN315-FNDE-RMS,441.FN315,,2024-12-03,2.54,3.67,7.12,
209,Vb-441.FN315-FNDE-RMS,441.FN315,,2025-01-22,1.41,1.23,1.12,
210,Vb-441.FN315-FNDE-RMS,441.FN315,,2025-01-23,3.83,2.61,3.63,
211,Vb-441.FN315-FNDE-RMS,441.FN315,,2025-01-28,4.65,3.59,1.79,
212,Vb-441.FN315-MDE-RMS,441.FN315,,2024-12-03,3.8,1.62,5.83,
213,Vb-441.FN315-MDE-RMS,441.FN315,,2025-01-22,0.49,1.21,0.76,
214,Vb-441.FN315-MDE-RMS,441.FN315,,2025-01-23,2.04,4.76,3.67,
215,Vb-441.FN315-MDE-RMS,441.FN315,,2025-01-28,3.37,2.23,3.78,
216,Vb-441.FN315-MNDE-RMS,441.FN315,,2024-12-03,3.14,3.04,4.98,
217,Vb-441.FN315-MNDE-RMS,441.FN315,,2025-01-22,1.24,1.8,1.18,
218,Vb-441.FN315-MNDE-RMS,441.FN315,,2025-01-23,5.12,3.75,3.24,
219,Vb-441.FN315-MNDE-RMS,441.FN315,,2025-01-28,4.5,3.55,1.47,
220,Vb-441.FN325-FDE-RMS,441.FN325,,2024-12-03,1,1.07,1.16,
221,Vb-441.FN325-FDE-RMS,441.FN325,,2025-01-22,1.64,1.81,1.97,
222,Vb-441.FN325-FDE-RMS,441.FN325,,2025-01-28,1.35,2.25,1.41,
223,Vb-441.FN325-FNDE-RMS,441.FN325,,2024-12-03,1.13,1.3,1.06,
224,Vb-441.FN325-FNDE-RMS,441.FN325,,2025-01-22,3.42,1.82,1.95,
225,Vb-441.FN325-FNDE-RMS,441.FN325,,2025-01-28,2.79,2.24,1.41,
226,Vb-441.FN325-MDE-RMS,441.FN325,,2024-12-03,1.93,1.75,1.81,
227,Vb-441.FN325-MDE-RMS,441.FN325,,2025-01-22,5.05,2.87,3.34,
228,Vb-441.FN325-MDE-RMS,441.FN325,,2025-01-28,4.19,2.94,3.37,
229,Vb-441.FN325-MNDE-RMS,441.FN325,,2024-12-03,1.78,1.75,1.2,
230,Vb-441.FN325-MNDE-RMS,441.FN325,,2025-01-22,2.87,2.7,2.32,
231,Vb-441.FN325-MNDE-RMS,441.FN325,,2025-01-28,2.15,1.62,1.44,
232,Vb-441.FN335-FDE-RMS,441.FN335,,2024-12-03,3.42,1.91,1.26,
233,Vb-441.FN335-FDE-RMS,441.FN335,,2025-01-23,1.45,0.82,1.26,
234,Vb-441.FN335-FDE-RMS,441.FN335,,2025-01-28,5.79,1.15,5.41,
235,Vb-441.FN335-FNDE-RMS,441.FN335,,2024-12-03,1.37,,0.6,
236,Vb-441.FN335-FNDE-RMS,441.FN335,,2025-01-23,1.35,1.17,1.38,
237,Vb-441.FN335-FNDE-RMS,441.FN335,,2025-01-28,4.3,1.85,5.52,
238,Vb-441.FN335-MDE-RMS,441.FN335,,2024-12-03,3.47,2.76,1.43,
239,Vb-441.FN335-MDE-RMS,441.FN335,,2025-01-23,1.16,1.06,1.13,
240,Vb-441.FN335-MDE-RMS,441.FN335,,2025-01-28,4.81,5.2,5.57,
241,Vb-441.FN335-MNDE-RMS,441.FN335,,2024-12-03,2.22,1.04,1.02,
242,Vb-441.FN335-MNDE-RMS,441.FN335,,2025-01-23,0.94,1.18,0.73,
243,Vb-441.FN335-MNDE-RMS,441.FN335,,2025-01-28,5.32,5.56,5.25,
244,Vb-441.FN340-FDE-RMS,441.FN340,,2024-12-03,0.6,0.21,0.6,
245,Vb-441.FN340-FDE-RMS,441.FN340,,2024-12-05,0.48,0.46,0.24,
246,Vb-441.FN340-FDE-RMS,441.FN340,,2025-01-22,0.62,0.55,0.66,
247,Vb-441.FN340-FDE-RMS,441.FN340,,2025-01-23,0.73,0.71,0.5,
248,Vb-441.FN340-FDE-RMS,441.FN340,,2025-01-28,0.92,0.56,0.4,
249,Vb-441.FN340-FNDE-RMS,441.FN340,,2024-12-03,0.65,0.82,0.4,
250,Vb-441.FN340-FNDE-RMS,441.FN340,,2024-12-05,0.59,0.53,0.3,
251,Vb-441.FN340-FNDE-RMS,441.FN340,,2025-01-22,0.71,0.77,0.51,
252,Vb-441.FN340-FNDE-RMS,441.FN340,,2025-01-23,0.82,0.74,0.7,
253,Vb-441.FN340-FNDE-RMS,441.FN340,,2025-01-28,0.79,0.68,0.42,
254,Vb-441.FN340-MDE-RMS,441.FN340,,2024-12-03,1.01,0.93,0.68,
255,Vb-441.FN340-MDE-RMS,441.FN340,,2024-12-05,0.78,0.76,0.45,
256,Vb-441.FN340-MDE-RMS,441.FN340,,2025-01-22,0.82,0.81,0.6,
257,Vb-441.FN340-MDE-RMS,441.FN340,,2025-01-23,0.8,0.72,0.67,
258,Vb-441.FN340-MDE-RMS,441.FN340,,2025-01-28,1.2,1.06,0.61,
259,Vb-441.FN340-MNDE-RMS,441.FN340,,2024-12-03,0.89,0.2,0.47,
260,Vb-441.FN340-MNDE-RMS,441.FN340,,2024-12-05,0.36,0.51,0.27,
261,Vb-441.FN340-MNDE-RMS,441.FN340,,2025-01-22,0.54,0.68,0.4,
262,Vb-441.FN340-MNDE-RMS,441.FN340,,2025-01-23,0.49,0.52,0.39,
263,Vb-441.FN340-MNDE-RMS,441.FN340,,2025-01-28,0.51,1.25,0.32,
264,Vb-441.FN345-FDE-RMS,441.FN345,,2024-12-03,1.68,1.57,1.04,
265,Vb-441.FN345-FDE-RMS,441.FN345,,2024-12-05,1.2,1.1,1.14,
266,Vb-441.FN345-FDE-RMS,441.FN345,,2025-01-22,2.99,0.64,0.91,
267,Vb-441.FN345-FDE-RMS,441.FN345,,2025-01-28,1.56,0.86,0.59,
268,Vb-441.FN345-FNDE-RMS,441.FN345,,2024-12-03,1.38,0.8,0.95,
269,Vb-441.FN345-FNDE-RMS,441.FN345,,2024-12-05,0.6,0.79,0.5,
270,Vb-441.FN345-FNDE-RMS,441.FN345,,2025-01-22,4.47,1.89,1.68,
271,Vb-441.FN345-FNDE-RMS,441.FN345,,2025-01-28,1.88,1.03,0.44,
272,Vb-441.FN345-MDE-RMS,441.FN345,,2024-12-03,1.73,1.58,0.25,
273,Vb-441.FN345-MDE-RMS,441.FN345,,2024-12-05,2.25,2.4,0.99,
274,Vb-441.FN345-MDE-RMS,441.FN345,,2025-01-22,3.96,3.64,0.97,
275,Vb-441.FN345-MDE-RMS,441.FN345,,2025-01-28,1.87,1.87,0.72,
276,Vb-441.FN345-MNDE-RMS,441.FN345,,2024-12-03,0.91,1.24,0.5,
277,Vb-441.FN345-MNDE-RMS,441.FN345,,2024-12-05,0.85,0.89,0.89,
278,Vb-441.FN345-MNDE-RMS,441.FN345,,2025-01-22,2.72,0.86,0.77,
279,Vb-441.FN345-MNDE-RMS,441.FN345,,2025-01-28,1.25,1.26,0.47,
280,Vb-441.FN350-FDE-RMS,441.FN350,,2024-12-03,0.84,0.36,0.22,
281,Vb-441.FN350-FDE-RMS,441.FN350,,2024-12-05,0.55,0.74,0.68,
282,Vb-441.FN350-FDE-RMS,441.FN350,,2025-01-22,1.58,1.27,0.67,
283,Vb-441.FN350-FDE-RMS,441.FN350,,2025-01-28,0.67,0.5,0.96,
284,Vb-441.FN350-FNDE-RMS,441.FN350,,2024-12-03,1.49,0.2,0.27,
285,Vb-441.FN350-FNDE-RMS,441.FN350,,2024-12-05,1.66,0.34,0.22,
286,Vb-441.FN350-FNDE-RMS,441.FN350,,2025-01-22,1.25,0.94,0.57,
287,Vb-441.FN350-FNDE-RMS,441.FN350,,2025-01-28,0.54,0.48,1.17,
288,Vb-441.FN350-MDE-RMS,441.FN350,,2024-12-03,0.22,1.08,0.46,
289,Vb-441.FN350-MDE-RMS,441.FN350,,2024-12-05,0.47,0.54,0.88,
290,Vb-441.FN350-MDE-RMS,441.FN350,,2025-01-22,2.14,1.53,0.72,
291,Vb-441.FN350-MDE-RMS,441.FN350,,2025-01-28,0.56,0.7,1.2,
292,Vb-441.FN350-MNDE-RMS,441.FN350,,2024-12-03,1.37,0.35,0.25,
293,Vb-441.FN350-MNDE-RMS,441.FN350,,2024-12-05,0.58,0.45,0.26,
294,Vb-441.FN350-MNDE-RMS,441.FN350,,2025-01-22,0.34,1.61,,
295,Vb-441.FN350-MNDE-RMS,441.FN350,,2025-01-28,0.53,0.8,0.75,
296,Vb-741.CP110-CDE-RMS,741.CP110,,2024-12-15,2.5,3.26,2.47,
297,Vb-741.CP110-CDE-RMS,741.CP110,,2025-01-27,2.39,3.29,1.9,
298,Vb-741.CP110-CNDE-RMS,741.CP110,,2024-12-15,2.64,3.51,3.14,
299,Vb-741.CP110-CNDE-RMS,741.CP110,,2025-01-27,2.62,3.02,3.34,
300,Vb-741.CP110-MDE-RMS,741.CP110,,2024-12-15,2,3.24,2.74,
301,Vb-741.CP110-MDE-RMS,741.CP110,,2025-01-27,2.77,3.28,3.49,
302,Vb-741.CP110-MNDE-RMS,741.CP110,,2024-12-15,2.44,1.56,1.72,
303,Vb-741.CP110-MNDE-RMS,741.CP110,,2025-01-27,2.45,1.8,3.14,
304,Vb-742.CP110-CDE-RMS,742.CP110,,2024-12-16,1.35,2.59,1.19,
305,Vb-742.CP110-CDE-RMS,742.CP110,,2025-01-02,1.13,2.34,1.15,
306,Vb-742.CP110-CNDE-RMS,742.CP110,,2024-12-16,1.58,2.7,1.64,
307,Vb-742.CP110-CNDE-RMS,742.CP110,,2025-01-02,2.03,2.66,1.29,
308,Vb-742.CP110-MDE-RMS,742.CP110,,2024-12-16,1.43,1.64,0.99,
309,Vb-742.CP110-MDE-RMS,742.CP110,,2025-01-02,1.16,1.25,1.06,
310,Vb-742.CP110-MNDE-RMS,742.CP110,,2024-12-16,1.17,2.44,1.03,
311,Vb-742.CP110-MNDE-RMS,742.CP110,,2025-01-02,1.3,1.44,1.05,
312,Vb-741.CP111-CDE-RMS,741.CP111,,2024-12-15,4.22,9.44,2.79,
313,Vb-741.CP111-CDE-RMS,741.CP111,,2025-01-19,3.52,4.27,3.43,
314,Vb-741.CP111-CDE-RMS,741.CP111,,2025-01-23,3.22,4.59,3.91,
315,Vb-741.CP111-CDE-RMS,741.CP111,,2025-01-27,3.32,4.34,2.93,
316,Vb-741.CP111-CNDE-RMS,741.CP111,,2024-12-15,3.3,4.59,3.61,
317,Vb-741.CP111-CNDE-RMS,741.CP111,,2025-01-19,4.2,5.1,5.12,
318,Vb-741.CP111-CNDE-RMS,741.CP111,,2025-01-23,3.62,4.55,5.58,
319,Vb-741.CP111-CNDE-RMS,741.CP111,,2025-01-27,3.65,5.18,5.15,
320,Vb-741.CP111-MDE-RMS,741.CP111,,2024-12-15,2.36,1.59,4.29,
321,Vb-741.CP111-MDE-RMS,741.CP111,,2025-01-19,5.63,1.52,,
322,Vb-741.CP111-MDE-RMS,741.CP111,,2025-01-23,4.15,1.39,2.02,
323,Vb-741.CP111-MDE-RMS,741.CP111,,2025-01-27,4.35,1.92,3.68,
324,Vb-741.CP111-MNDE-RMS,741.CP111,,2024-12-15,4.72,1.63,2.23,
325,Vb-741.CP111-MNDE-RMS,741.CP111,,2025-01-19,6.85,1.38,2.83,
326,Vb-741.CP111-MNDE-RMS,741.CP111,,2025-01-23,3.14,1.56,2.08,
327,Vb-741.CP111-MNDE-RMS,741.CP111,,2025-01-27,3.42,1.57,2.33,
328,Vb-741.CP112-CDE-RMS,741.CP112,,2024-12-15,3.77,4.68,4.52,
329,Vb-741.CP112-CNDE-RMS,741.CP112,,2024-12-15,4.66,3.82,5.04,
330,Vb-741.CP112-MDE-RMS,741.CP112,,2024-12-15,3.23,3.71,3.47,
331,Vb-741.CP112-MNDE-RMS,741.CP112,,2024-12-15,2.38,2.73,3.82,
332,Vb-742.CP112-CDE-RMS,742.CP112,,2024-12-16,2.5,5.27,2.72,
333,Vb-742.CP112-CNDE-RMS,742.CP112,,2024-12-16,4.43,8.14,9.35,
334,Vb-742.CP112-MDE-RMS,742.CP112,,2024-12-16,1.54,1.3,3.27,
335,Vb-742.CP112-MNDE-RMS,742.CP112,,2024-12-16,1.02,0.88,1.11,
336,Vb-741.CP113-CDE-RMS,741.CP113,,2024-12-15,6.18,6.03,3.75,
337,Vb-741.CP113-CDE-RMS,741.CP113,,2025-01-27,2.74,5.1,3.5,
338,Vb-741.CP113-CNDE-RMS,741.CP113,,2024-12-15,8.04,,4.09,
339,Vb-741.CP113-CNDE-RMS,741.CP113,,2025-01-27,7.78,2.98,,
340,Vb-741.CP113-MDE-RMS,741.CP113,,2024-12-15,2.9,3.29,5.6,
341,Vb-741.CP113-MDE-RMS,741.CP113,,2025-01-27,3.41,6.97,5.93,
342,Vb-741.CP113-MNDE-RMS,741.CP113,,2024-12-15,5.78,2.7,5.75,
343,Vb-741.CP113-MNDE-RMS,741.CP113,,2025-01-27,6.35,2.7,7,
344,Vb-742.CP113-CDE-RMS,742.CP113,,2024-12-16,1.13,1.05,1.7,
345,Vb-742.CP113-CDE-RMS,742.CP113,,2025-01-02,1.56,0.84,2.2,
346,Vb-742.CP113-CNDE-RMS,742.CP113,,2024-12-16,2.18,1.46,1.43,
347,Vb-742.CP113-CNDE-RMS,742.CP113,,2025-01-02,2.45,1.7,2.37,
348,Vb-742.CP113-MDE-RMS,742.CP113,,2024-12-16,2.41,1.82,0.92,
349,Vb-742.CP113-MDE-RMS,742.CP113,,2025-01-02,2.04,1.59,0.94,
350,Vb-742.CP113-MNDE-RMS,742.CP113,,2024-12-16,2.09,2.41,1.28,
351,Vb-742.CP113-MNDE-RMS,742.CP113,,2025-01-02,1.92,2.21,1.66,
352,Vb-331.CP280-CDE-RMS,331.CP280,,2024-12-15,3.79,2.98,2.81,
353,Vb-331.CP280-CDE-RMS,331.CP280,,2025-01-27,5.67,2.5,2.46,
354,Vb-331.CP280-CNDE-RMS,331.CP280,,2024-12-15,2.76,3.66,3.52,
355,Vb-331.CP280-CNDE-RMS,331.CP280,,2025-01-27,4.33,3.28,3.49,
356,Vb-331.CP280-MDE-RMS,331.CP280,,2024-12-15,3.76,5.57,2.55,
357,Vb-331.CP280-MDE-RMS,331.CP280,,2025-01-27,2.46,1.8,2.46,
358,Vb-331.CP280-MNDE-RMS,331.CP280,,2024-12-15,4.95,2.78,2.79,
359,Vb-331.CP280-MNDE-RMS,331.CP280,,2025-01-27,3.25,2.27,2.42,
360,Vb-331.CP281-CDE-RMS,331.CP281,,2024-12-15,4.03,4.68,3.14,
361,Vb-331.CP281-CNDE-RMS,331.CP281,,2024-12-15,4.72,4.83,5.43,
362,Vb-331.CP281-MDE-RMS,331.CP281,,2024-12-15,2.91,8.06,3.93,
363,Vb-331.CP281-MNDE-RMS,331.CP281,,2024-12-15,7.09,3.47,3.73,
364,,461.CP525,Compressor DE,2024-12-11,1.36,1.37,1.9,
365,,461.CP525,Compressor NDE,2024-12-11,2.39,2.23,1.1,
366,,461.CP525,Motor DE,2024-12-11,1.9,0.76,1.04,
367,,461.CP525,Motor NDE,2024-12-11,1.31,1.11,0.71,
368,Vb-461.CP526-CDE-RMS,461.CP526,,2024-12-11,2.14,3.26,2.04,
369,Vb-461.CP526-CNDE-RMS,461.CP526,,2024-12-11,2.56,1.78,2.14,
370,Vb-461.CP526-MDE-RMS,461.CP526,,2024-12-11,1.28,1.32,1.65,
371,Vb-461.CP526-MNDE-RMS,461.CP526,,2024-12-08,1.81,,,
372,Vb-461.CP526-MNDE-RMS,461.CP526,,2024-12-11,1.9,2.27,0.98,
373,Vb-331.FN400-FDE-RMS,331.FN400,,2024-12-05,0.52,0.32,0.24,
374,Vb-331.FN400-FDE-RMS,331.FN400,,2025-01-16,1.47,0.54,0.54,
375,Vb-331.FN400-FDE-RMS,331.FN400,,2025-01-17,1.96,0.67,0.59,
376,Vb-331.FN400-FDE-RMS,331.FN400,,2025-01-21,1.75,0.44,0.77,
377,Vb-331.FN400-FDE-RMS,331.FN400,,2025-01-22,3.04,0.52,1.14,
378,Vb-331.FN400-FDE-RMS,331.FN400,,2025-01-29,0.59,0.26,0.35,
379,Vb-331.FN400-FDE-RMS,331.FN400,,2025-01-30,0.46,0.11,0.17,
380,Vb-331.FN400-FNDE-RMS,331.FN400,,2024-12-05,0.48,0.41,0.51,
381,Vb-331.FN400-FNDE-RMS,331.FN400,,2025-01-16,1.6,0.51,0.91,
382,Vb-331.FN400-FNDE-RMS,331.FN400,,2025-01-17,6.11,1.64,1.83,
383,Vb-331.FN400-FNDE-RMS,331.FN400,,2025-01-21,4.78,0.53,,
384,Vb-331.FN400-FNDE-RMS,331.FN400,,2025-01-22,2.69,0.55,,
385,Vb-331.FN400-FNDE-RMS,331.FN400,,2025-01-28,0.59,,,
386,Vb-331.FN400-FNDE-RMS,331.FN400,,2025-01-29,0.58,0.43,,
387,Vb-331.FN400-FNDE-RMS,331.FN400,,2025-01-30,0.42,0.39,0.28,
388,Vb-331.FN400-MDE-RMS,331.FN400,,2024-12-05,0.26,0.58,1.06,
389,Vb-331.FN400-MDE-RMS,331.FN400,,2025-01-16,0.64,0.14,0.33,
390,Vb-331.FN400-MDE-RMS,331.FN400,,2025-01-22,1.29,0.28,0.3,
391,Vb-331.FN400-MDE-RMS,331.FN400,,2025-01-29,0.33,0.15,0.3,
392,Vb-331.FN400-MDE-RMS,331.FN400,,2025-01-30,0.77,0.59,0.16,
393,Vb-331.FN400-MNDE-RMS,331.FN400,,2024-12-05,1.07,0.22,0.22,
394,Vb-331.FN400-MNDE-RMS,331.FN400,,2025-01-16,0.37,0.31,0.2,
395,Vb-331.FN400-MNDE-RMS,331.FN400,,2025-01-22,1.3,0.24,0.27,
396,Vb-331.FN400-MNDE-RMS,331.FN400,,2025-01-29,0.3,0.11,0.17,
397,Vb-331.FN400-MNDE-RMS,331.FN400,,2025-01-30,0.56,0.14,0.15,
398,,331.FN400,Shaft 1 inboard,2024-12-05,1,0.66,1.56,
399,,331.FN400,Shaft 1 inboard,2025-01-30,0.36,0.27,0.22,
400,,331.FN400,Shaft 1 outboard,2024-12-05,1.22,1.1,1.76,
401,,331.FN400,Shaft 1 outboard,2025-01-30,0.28,0.27,0.35,
402,,331.FN400,Shaft 2 inboard,2024-12-05,0.51,0.82,1.01,
403,,331.FN400,Shaft 2 inboard,2025-01-30,0.31,0.7,0.39,
404,,331.FN400,Shaft 2 outboard,2024-12-05,2.83,0.64,1,
405,,331.FN400,Shaft 2 outboard,2025-01-30,0.29,0.26,0.79,
406,Vb-441.FN.590-FDE-RMS,441.FN590,,2024-12-04,0.66,,,
407,Vb-441.FN.590-FDE-RMS,441.FN590,,2024-12-05,1.69,0.99,0.62,
408,Vb-441.FN.590-FDE-RMS,441.FN590,,2024-12-06,1.92,1.11,0.72,
409,Vb-441.FN.590-FDE-RMS,441.FN590,,2024-12-07,1.8,0.53,0.55,
410,Vb-441.FN.590-FDE-RMS,441.FN590,,2024-12-08,1.65,0.57,0.42,
411,Vb-441.FN.590-FDE-RMS,441.FN590,,2024-12-09,1.74,0.53,0.54,
412,Vb-441.FN.590-FDE-RMS,441.FN590,,2024-12-15,0.64,0.21,0.32,
413,Vb-441.FN.590-FDE-RMS,441.FN590,,2024-12-17,0.66,0.31,0.28,
414,Vb-441.FN.590-FDE-RMS,441.FN590,,2024-12-22,0.68,0.21,0.24,
415,Vb-441.FN.590-FDE-RMS,441.FN590,,2025-01-20,0.24,0.34,0.26,
416,Vb-441.FN.590-FDE-RMS,441.FN590,,2025-01-27,9.11,3.36,0.9,
417,Vb-441.FN.590-FDE-RMS,441.FN590,,2025-01-28,0.44,0.3,0.21,
418,Vb-441.FN.590-FNDE-RMS,441.FN590,,2024-12-04,1.04,,,
419,Vb-441.FN.590-FNDE-RMS,441.FN590,,2024-12-05,3.96,2.33,1.2,
420,Vb-441.FN.590-FNDE-RMS,441.FN590,,2024-12-06,3.98,2.93,0.83,
421,Vb-441.FN.590-FNDE-RMS,441.FN590,,2024-12-07,4.11,3.34,0.62,
422,Vb-441.FN.590-FNDE-RMS,441.FN590,,2024-12-08,3.72,2.92,1.16,
423,Vb-441.FN.590-FNDE-RMS,441.FN590,,2024-12-09,3.89,2.02,0.99,
424,Vb-441.FN.590-FNDE-RMS,441.FN590,,2024-12-15,1.58,1.16,0.27,
425,Vb-441.FN.590-FNDE-RMS,441.FN590,,2024-12-17,1.65,1.38,0.24,
426,Vb-441.FN.590-FNDE-RMS,441.FN590,,2024-12-22,1.38,0.94,0.24,
427,Vb-441.FN.590-FNDE-RMS,441.FN590,,2025-01-20,0.5,0.37,1.44,
428,Vb-441.FN.590-FNDE-RMS,441.FN590,,2025-01-27,3.56,3.36,1.59,
429,Vb-441.FN.590-FNDE-RMS,441.FN590,,2025-01-28,0.86,0.43,0.42,
430,Vb-441.FN.590-MDE-RMS,441.FN590,,2024-12-05,1.56,0.26,0.49,
431,Vb-441.FN.590-MDE-RMS,441.FN590,,2024-12-08,2.46,,1.01,
432,Vb-441.FN.590-MDE-RMS,441.FN590,,2024-12-09,2.31,1.03,0.52,
433,Vb-441.FN.590-MDE-RMS,441.FN590,,2024-12-15,0.73,0.47,0.43,
434,Vb-441.FN.590-MDE-RMS,441.FN590,,2024-12-17,0.78,0.48,0.42,
435,Vb-441.FN.590-MDE-RMS,441.FN590,,2025-01-27,0.5,0.37,0.6,
436,Vb-441.FN.590-MNDE-RMS,441.FN590,,2024-12-04,0.9,,,
437,Vb-441.FN.590-MNDE-RMS,441.FN590,,2024-12-05,1.62,0.22,0.43,
438,Vb-441.FN.590-MNDE-RMS,441.FN590,,2024-12-08,1.97,0.3,1.39,
439,Vb-441.FN.590-MNDE-RMS,441.FN590,,2024-12-09,2.12,0.26,0.37,
440,Vb-441.FN.590-MNDE-RMS,441.FN590,,2024-12-15,0.51,0.36,0.27,
441,Vb-441.FN.590-MNDE-RMS,441.FN590,,2024-12-17,0.54,0.39,0.29,
442,Vb-441.FN.590-MNDE-RMS,441.FN590,,2025-01-27,0.46,0.17,0.33,
443,Vb-441.FN.590-MNDE-RMS,441.FN590,,2025-01-28,0.19,,,
444,Vb-441.FN.590-S1DE-RMS,441.FN590,,2024-12-05,1.58,0.82,0.79,
445,Vb-441.FN.590-S1DE-RMS,441.FN590,,2024-12-08,2.06,0.55,1.01,
446,Vb-441.FN.590-S1DE-RMS,441.FN590,,2024-12-09,1.8,1.06,0.86,
447,Vb-441.FN.590-S1DE-RMS,441.FN590,,2024-12-15,0.6,0.48,0.41,
448,Vb-441.FN.590-S1DE-RMS,441.FN590,,2024-12-17,0.64,0.29,0.49,
449,Vb-441.FN.590-S1DE-RMS,441.FN590,,2025-01-27,0.52,0.33,0.36,
450,Vb-441.FN.590-S1NDE-RMS,441.FN590,,2024-12-05,1.58,0.5,0.48,
451,Vb-441.FN.590-S1NDE-RMS,441.FN590,,2024-12-08,1.81,1.43,0.39,
452,Vb-441.FN.590-S1NDE-RMS,441.FN590,,2024-12-09,1.75,1.19,0.47,
453,Vb-441.FN.590-S1NDE-RMS,441.FN590,,2024-12-15,0.61,0.5,0.39,
454,Vb-441.FN.590-S1NDE-RMS,441.FN590,,2024-12-17,0.61,0.46,0.33,
455,Vb-441.FN.590-S1NDE-RMS,441.FN590,,2025-01-27,0.47,0.59,0.42,
456,Vb-441.FN.590-S2DE-RMS,441.FN590,,2024-12-05,1.84,0.79,0.66,
457,Vb-441.FN.590-S2DE-RMS,441.FN590,,2024-12-08,1.93,1.46,0.74,
458,Vb-441.FN.590-S2DE-RMS,441.FN590,,2024-12-09,1.84,0.61,1.15,
459,Vb-441.FN.590-S2DE-RMS,441.FN590,,2024-12-15,0.78,0.62,0.64,
460,Vb-441.FN.590-S2DE-RMS,441.FN590,,2025-01-27,0.74,0.5,0.62,
461,Vb-441.FN.590-S2NDE-RMS,441.FN590,,2024-12-05,1.44,0.99,0.62,
462,Vb-441.FN.590-S2NDE-RMS,441.FN590,,2024-12-08,2.01,1.99,0.77,
463,Vb-441.FN.590-S2NDE-RMS,441.FN590,,2024-12-09,1.91,1.28,1.05,
464,Vb-441.FN.590-S2NDE-RMS,441.FN590,,2024-12-15,0.59,1.74,1.56,
465,Vb-441.FN.590-S2NDE-RMS,441.FN590,,2025-01-27,0.56,0.46,0.62,
466,Vb-461.PP513-MDE-RMS,461.PP513,,2024-12-08,0.77,0.47,0.3,
467,Vb-461.PP513-MNDE-RMS,461.PP513,,2024-12-08,0.88,0.31,0.15,
468,Vb-461.PP513-PDE-RMS,461.PP513,,2024-12-08,2.19,1.76,1.16,
469,Vb-461.PP513-PNDE-RMS,461.PP513,,2024-12-08,2.14,0.64,0.77,
470,Vb-331.FN110-FDE-RMS,331.FN110,,2024-12-05,1.69,0.99,2.2,
471,Vb-331.FN110-FDE-RMS,331.FN110,,2025-01-21,1,0.69,0.73,
472,Vb-331.FN110-FNDE-RMS,331.FN110,,2024-12-05,1.59,1.11,2.8,
473,Vb-331.FN110-FNDE-RMS,331.FN110,,2025-01-21,1.22,0.53,1.37,
474,Vb-331.FN110-MDE-RMS,331.FN110,,2024-12-05,1.46,2.01,1.5,
475,Vb-331.FN110-MDE-RMS,331.FN110,,2025-01-21,1.52,0.27,0.36,
476,Vb-331.FN110-MNDE-RMS,331.FN110,,2024-12-05,0.25,0.3,0.41,
477,Vb-331.FN110-MNDE-RMS,331.FN110,,2025-01-21,0.61,0.96,0.53,
478,Vb-431.MD140-MDE-RMS,431.MD140,,2024-12-09,0.36,0.25,0.33,
479,Vb-431.MD140-MNDE-RMS,431.MD140,,2024-12-09,0.52,0.16,0.22,
480,Vb-431.MD140-S1DE-RMS,431.MD140,,2024-12-09,0.56,0.3,0.33,
481,Vb-431.MD140-S1NDE-RMS,431.MD140,,2024-12-09,0.51,0.2,0.38,
482,Vb-431.MD140-S2DE-RMS,431.MD140,,2024-12-09,0.71,0.19,0.37,
483,Vb-431.MD140-S2NDE-RMS,431.MD140,,2024-12-09,0.41,0.33,0.42,
484,Vb-431.MD140-S3DE-RMS,431.MD140,,2024-12-09,0.36,0.41,0.67,
485,Vb-431.MD140-S3NDE-RMS,431.MD140,,2024-12-09,0.44,0.47,0.39,
486,Vb-431.MD140-S4DE-RMS,431.MD140,,2024-12-09,0.43,0.46,0.35,
487,Vb-431.MD140-S4NDE-RMS,431.MD140,,2024-12-09,0.36,0.35,0.47,
488,Vb-431.MD160-MDE-RMS,431.MD160,,2024-12-09,0.31,0.68,0.31,
489,Vb-431.MD160-MNDE-RMS,431.MD160,,2024-12-09,0.39,0.37,0.25,
490,Vb-431.MD160-S1DE-RMS,431.MD160,,2024-12-09,0.37,0.41,0.38,
491,Vb-431.MD160-S1NDE-RMS,431.MD160,,2024-12-09,0.3,0.35,0.35,
492,Vb-431.MD160-S2DE-RMS,431.MD160,,2024-12-09,0.35,0.33,0.39,
493,Vb-431.MD160-S2NDE-RMS,431.MD160,,2024-12-09,0.51,0.32,0.4,
494,Vb-431.MD160-S3DE-RMS,431.MD160,,2024-12-09,0.46,0.32,0.44,
495,Vb-431.MD160-S3NDE-RMS,431.MD160,,2024-12-09,0.54,0.77,0.54,
496,Vb-431.MD160-S4DE-RMS,431.MD160,,2024-12-09,0.42,0.73,0.35,
497,Vb-431.MD160-S4NDE-RMS,431.MD160,,2024-12-09,0.39,0.82,0.35,
498,Vb-431.FN171-FDE-RMS,431.FN171,,2024-12-09,0.96,0.8,1.38,
499,Vb-431.FN171-FNDE-RMS,431.FN171,,2024-12-09,1.21,1.13,1.37,
500,Vb-431.FN171-MDE-RMS,431.FN171,,2024-12-09,1.15,1.42,2.02,
501,Vb-431.FN171-MNDE-RMS,431.FN171,,2024-12-09,0.75,1.64,1.07,
502,Vb-431.FN176-FDE-RMS,431.FN176,,2024-12-02,0.6,0.64,0.46,
503,Vb-431.FN176-FDE-RMS,431.FN176,,2025-01-28,0.6,0.4,0.31,
504,Vb-431.FN176-FNDE-RMS,431.FN176,,2024-12-02,1.01,0.88,0.16,
505,Vb-431.FN176-FNDE-RMS,431.FN176,,2025-01-28,0.81,1.06,0.44,
506,Vb-431.FN176-MDE-RMS,431.FN176,,2024-12-02,0.24,0.17,0.64,
507,Vb-431.FN176-MDE-RMS,431.FN176,,2025-01-28,0.55,0.53,0.45,
508,Vb-431.FN176-MNDE-RMS,431.FN176,,2024-12-02,0.15,0.22,0.88,
509,Vb-431.FN176-MNDE-RMS,431.FN176,,2025-01-28,0.38,0.48,0.42,
510,Vb-461.FN400-FDE-RMS,461.FN400,,2024-12-08,1.56,1.33,0.89,
511,Vb-461.FN400-FNDE-RMS,461.FN400,,2024-12-08,1.25,0.74,1.09,
512,Vb-461.FN400-MDE-RMS,461.FN400,,2024-12-08,0.8,0.94,0.29,
513,Vb-461.FN400-MNDE-RMS,461.FN400,,2024-12-08,0.5,0.77,0.29,
514,Vb-641.BE050-MDE-RMS,641.BE050,,2024-12-16,2.93,2.8,3.09,
515,Vb-641.BE050-MNDE-RMS,641.BE050,,2024-12-16,3.83,3.25,3.46,
516,,641.BE050,Shaft 1 inboard  DE,2024-12-16,2.33,3.56,2.92,
517,,641.BE050,Shaft 2  inboard  DE,2024-12-16,2.11,3.6,1.69,
518,,641.BE050,Shaft 2  outboard NDE,2024-12-16,2.77,3.15,2.16,
519,Vb-642.BE050-MDE-RMS,642.BE050,,2024-12-16,3.97,4.76,5.47,
520,Vb-642.BE050-MNDE-RMS,642.BE050,,2024-12-16,4.6,4.69,5.34,
521,,642.BE050,Shaft 1 inboard  DE,2024-12-16,2.59,4.66,4.56,
522,,642.BE050,Shaft 2  inboard  DE,2024-12-16,2.79,4.16,1.87,
523,,642.BE050,Shaft 2  outboard NDE,2024-12-16,3.77,4.21,2.97,
524,Vb-643.BE050-MDE-RMS,643.BE050,,2024-12-22,4.5,3.61,4.49,
525,Vb-643.BE050-MNDE-RMS,643.BE050,,2024-12-22,4.55,3.92,4.7,
526,,643.BE050,Shaft 1 inboard  DE,2024-12-22,2.74,3.77,3.82,
527,,643.BE050,Shaft 2  inboard  DE,2024-12-22,3.11,3.89,2.14,
528,,643.BE050,Shaft 2  outboard NDE,2024-12-22,3.85,3.79,3.16,
529,Vb-644.BE050-MDE-RMS,644.BE050,,2024-12-17,3.92,3.95,4.98,
530,Vb-644.BE050-MNDE-RMS,644.BE050,,2024-12-17,5.2,4.82,4.46,
531,,644.BE050,Shaft 1 inboard  DE,2024-12-17,3.44,5.54,4.53,
532,,644.BE050,Shaft 2  inboard  DE,2024-12-17,2.92,5.65,2.13,
533,,644.BE050,Shaft 2  outboard NDE,2024-12-17,4.69,4.03,4.22,
534,Vb-645.BE050-MDE-RMS,645.BE050,,2024-12-17,3.71,3.27,3.08,
535,Vb-645.BE050-MNDE-RMS,645.BE050,,2024-12-17,4.62,2.98,3.26,
536,,645.BE050,Shaft 1 inboard  DE,2024-12-17,2.66,2.77,2.83,
537,,645.BE050,Shaft 2  inboard  DE,2024-12-17,2.25,2.92,2.22,
538,,645.BE050,Shaft 2  outboard NDE,2024-12-17,2.76,3.21,3.03,
539,Vb-646.BE050-MDE-RMS,646.BE050,,2024-12-17,3.62,3.98,6.87,
540,Vb-646.BE050-MNDE-RMS,646.BE050,,2024-12-17,6.01,4.44,6.73,
541,,646.BE050,Shaft 1 inboard  DE,2024-12-17,3.33,3.64,6.64,
542,,646.BE050,Shaft 2  inboard  DE,2024-12-17,4.34,4.03,2.54,
543,,646.BE050,Shaft 2  outboard NDE,2024-12-17,6.88,3.76,3.7,
544,Vb-641.FN.952-FDE-RMS,641.FN952,,2024-12-16,4.22,5.59,7.17,
545,Vb-641.FN.952-FDE-RMS,641.FN952,,2025-01-02,3.47,5.19,4.03,
546,Vb-641.FN.952-FNDE-RMS,641.FN952,,2024-12-16,7.28,4.46,7.08,
547,Vb-641.FN.952-FNDE-RMS,641.FN952,,2025-01-02,5.48,3.39,3.75,
548,Vb-641.FN.952-MDE-RMS,641.FN952,,2024-12-16,11.12,7.23,4.91,
549,Vb-641.FN.952-MDE-RMS,641.FN952,,2025-01-02,8.56,5.52,3.29,
550,Vb-641.FN.952-MNDE-RMS,641.FN952,,2024-12-16,5.57,4.75,6.08,
551,Vb-641.FN.952-MNDE-RMS,641.FN952,,2025-01-02,3.96,4.44,3.62,
552,Vb-642.FN.952-FDE-RMS,642.FN952,,2024-12-16,2.88,3.84,1.63,
553,Vb-642.FN.952-FDE-RMS,642.FN952,,2025-01-02,8.3,15.19,4.99,
554,Vb-642.FN.952-FNDE-RMS,642.FN952,,2024-12-16,3.68,2.03,1.99,
555,Vb-642.FN.952-FNDE-RMS,642.FN952,,2025-01-02,17.18,6.95,4.72,
556,Vb-642.FN.952-MDE-RMS,642.FN952,,2024-12-16,5.66,4.81,1.88,
557,Vb-642.FN.952-MDE-RMS,642.FN952,,2025-01-02,23.13,4.61,4.81,
558,Vb-642.FN.952-MNDE-RMS,642.FN952,,2024-12-16,3.08,3.73,2.19,
559,Vb-642.FN.952-MNDE-RMS,642.FN952,,2025-01-02,10.09,21.74,6.96,
560,Vb-643.FN.952-FDE-RMS,643.FN952,,2024-12-16,3.9,4.03,6.79,
561,Vb-643.FN.952-FDE-RMS,643.FN952,,2025-01-02,3.79,4.11,7.93,
562,Vb-643.FN.952-FNDE-RMS,643.FN952,,2024-12-16,6.18,3.26,7.12,
563,Vb-643.FN.952-FNDE-RMS,643.FN952,,2025-01-02,6.93,3.28,8.21,
564,Vb-643.FN.952-MDE-RMS,643.FN952,,2024-12-16,7.05,4.54,2.78,
565,Vb-643.FN.952-MDE-RMS,643.FN952,,2025-01-02,7.11,3.13,2.92,
566,Vb-643.FN.952-MNDE-RMS,643.FN952,,2024-12-16,3.09,5.97,3.07,
567,Vb-643.FN.952-MNDE-RMS,643.FN952,,2025-01-02,3.29,6.29,3.42,
568,Vb-644.FN.952-FDE-RMS,644.FN952,,2024-12-17,2.4,3.21,3.01,
569,Vb-644.FN.952-FDE-RMS,644.FN952,,2025-01-07,1.92,1.85,1.82,
570,Vb-644.FN.952-FNDE-RMS,644.FN952,,2024-12-17,4.45,3.34,2.82,
571,Vb-644.FN.952-FNDE-RMS,644.FN952,,2025-01-07,3.19,3.13,2.09,
572,Vb-644.FN.952-MDE-RMS,644.FN952,,2024-12-17,4.18,1.91,2.66,
573,Vb-644.FN.952-MDE-RMS,644.FN952,,2025-01-07,2.85,2.15,2.47,
574,Vb-644.FN.952-MNDE-RMS,644.FN952,,2024-12-17,1.24,2.74,4.59,
575,Vb-644.FN.952-MNDE-RMS,644.FN952,,2025-01-07,1.89,2.57,2.16,
576,Vb-645.FN.952-FDE-RMS,645.FN952,,2024-12-17,3.62,5.03,2.84,
577,Vb-645.FN.952-FDE-RMS,645.FN952,,2025-01-07,3.44,4.5,2.7,
578,Vb-645.FN.952-FNDE-RMS,645.FN952,,2024-12-17,1.74,3.85,2.87,
579,Vb-645.FN.952-FNDE-RMS,645.FN952,,2025-01-07,1.84,3.21,3.13,
580,Vb-645.FN.952-MDE-RMS,645.FN952,,2024-12-17,5.22,3.94,3.53,
581,Vb-645.FN.952-MDE-RMS,645.FN952,,2025-01-07,4.92,3.72,5.63,
582,Vb-645.FN.952-MNDE-RMS,645.FN952,,2024-12-17,2.94,3.47,3.82,
583,Vb-645.FN.952-MNDE-RMS,645.FN952,,2025-01-07,2.86,6.33,4.34,
584,Vb-646.FN.952-FDE-RMS,646.FN952,,2024-12-17,8.43,3.28,7.14,
585,Vb-646.FN.952-FDE-RMS,646.FN952,,2025-01-07,8.56,3.7,9.48,
586,Vb-646.FN.952-FNDE-RMS,646.FN952,,2024-12-17,7.23,5.4,7.61,
587,Vb-646.FN.952-FNDE-RMS,646.FN952,,2025-01-07,8.48,4.92,9.69,
588,Vb-646.FN.952-MDE-RMS,646.FN952,,2024-12-17,4.58,5.4,8.4,
589,Vb-646.FN.952-MDE-RMS,646.FN952,,2025-01-07,5.9,5.83,11.98,
590,Vb-646.FN.952-MNDE-RMS,646.FN952,,2024-12-17,7.2,7.83,9.83,
591,Vb-646.FN.952-MNDE-RMS,646.FN952,,2025-01-07,8.08,9.4,13.14,
592,Vb-431.FN560-MDE-RMS,431.FN560,,2024-12-09,1.18,1.23,2.3,
593,Vb-431.FN560-MNDE-RMS,431.FN560,,2024-12-09,2.02,1.58,2.4,
594,Vb-451.FN010-FDE-RMS,451.FN010,,2024-12-05,0.73,1.03,2.66,
595,Vb-451.FN010-FNDE-RMS,451.FN010,,2024-12-05,2.16,1.85,2.15,
596,Vb-451.FN010-MDE-RMS,451.FN010,,2024-12-05,2.05,1.81,0.99,
597,Vb-451.FN010-MNDE-RMS,451.FN010,,2024-12-05,1.03,0.39,1.13,
598,Vb-321.MD140-GBHSS0,321.MD140,,2024-12-08,,,,2.06
599,Vb-321.MD140-GBHSS0,321.MD140,,2025-01-29,,,,1.17
600,Vb-321.MD140-GBHSS1,321.MD140,,2024-12-08,,,,3.63
601,Vb-321.MD140-GBHSS1,321.MD140,,2025-01-29,,,,3.24
602,Vb-321.MD140-GBHSS6,321.MD140,,2024-12-08,,,,3.2
603,Vb-321.MD140-GBHSS6,321.MD140,,2025-01-29,,,,2.64
604,Vb-321.MD140-MDE-RMS,321.MD140,,2024-12-08,2.46,2.99,1.37,
605,Vb-321.MD140-MDE-RMS,321.MD140,,2025-01-29,1.77,2.62,1.09,
606,Vb-321.MD140-MNDE-RMS,321.MD140,,2024-12-08,1.48,1.68,1.89,
607,Vb-321.MD140-MNDE-RMS,321.MD140,,2025-01-29,1.12,1.77,1.28,
608,Vb-321.MD140-RG2,321.MD140,,2024-12-08,,,,2.03
609,Vb-321.MD140-RG2,321.MD140,,2025-01-29,,,,1.72
610,Vb-321.MD140-RG3,321.MD140,,2024-12-08,,,,1.82
611,Vb-321.MD140-RG3,321.MD140,,2025-01-29,,,,1.48
612,Vb-321.MD140-RG4,321.MD140,,2024-12-08,,,,2.36
613,Vb-321.MD140-RG4,321.MD140,,2025-01-29,,,,1.28
614,Vb-321.MD140-RG5,321.MD140,,2024-12-08,,,,1.61
615,Vb-321.MD140-RG5,321.MD140,,2025-01-29,,,,2.04
616,Vb-321.FN400-FDE-RMS,321.FN400,,2024-12-08,2.03,1.12,1.02,
617,Vb-321.FN400-FDE-RMS,321.FN400,,2025-01-24,1.27,0.61,0.91,
618,Vb-321.FN400-FDE-RMS,321.FN400,,2025-01-29,1.33,0.78,0.85,
619,Vb-321.FN400-FNDE-RMS,321.FN400,,2024-12-08,1.96,1.02,1.21,
620,Vb-321.FN400-FNDE-RMS,321.FN400,,2025-01-24,1.26,0.68,1.08,
621,Vb-321.FN400-FNDE-RMS,321.FN400,,2025-01-29,1.53,0.86,1.02,
622,Vb-321.FN400-MDE-RMS,321.FN400,,2024-12-08,0.87,0.32,0.32,
623,Vb-321.FN400-MDE-RMS,321.FN400,,2025-01-29,0.66,0.51,0.31,
624,Vb-321.FN400-MNDE-RMS,321.FN400,,2024-12-08,1.01,0.46,0.43,
625,Vb-321.FN400-MNDE-RMS,321.FN400,,2025-01-29,0.64,0.34,0.31,
626,Vb-321.FN125-FDE-RMS,321.FN125,,2024-12-08,9.89,13.57,5.82,
627,Vb-321.FN125-FDE-RMS,321.FN125,,2025-01-29,8.61,7.83,4.74,
628,Vb-321.FN125-FNDE-RMS,321.FN125,,2024-12-08,11.17,6.73,7.07,
629,Vb-321.FN125-FNDE-RMS,321.FN125,,2025-01-29,11.15,7.37,3.88,
630,Vb-321.FN125-MDE-RMS,321.FN125,,2024-12-08,5.91,5.94,,
631,Vb-321.FN125-MDE-RMS,321.FN125,,2025-01-29,10.72,6.15,,
632,Vb-321.FN125-MNDE-RMS,321.FN125,,2024-12-08,7.95,20.24,12.82,
633,Vb-321.FN125-MNDE-RMS,321.FN125,,2025-01-29,11.15,7.69,11.95,
634,Vb-531.FN530-FDE-RMS,531.FN530,,2024-12-23,1.17,1.77,1.19,
635,Vb-531.FN530-FDE-RMS,531.FN530,,2025-01-06,0.88,0.97,1.19,
636,Vb-531.FN530-FNDE-RMS,531.FN530,,2024-12-23,1.02,0.97,1.21,
637,Vb-531.FN530-FNDE-RMS,531.FN530,,2025-01-06,1.1,0.89,1.4,
638,Vb-531.FN530-MDE-RMS,531.FN530,,2024-12-23,1.61,1.79,0.69,
639,Vb-531.FN530-MDE-RMS,531.FN530,,2025-01-06,1.57,2.06,0.96,
640,Vb-531.FN530-MNDE-RMS,531.FN530,,2024-12-23,1.21,1.1,1.08,
641,Vb-531.FN530-MNDE-RMS,531.FN530,,2025-01-06,1.12,1.13,0.87,
642,Vb-532.FN530-FDE-RMS,532.FN530,,2024-12-22,1.66,1.1,0.77,
643,Vb-532.FN530-FDE-RMS,532.FN530,,2025-01-06,1.72,1.04,1.01,
644,Vb-532.FN530-FNDE-RMS,532.FN530,,2024-12-22,1.42,1.44,1.2,
645,Vb-532.FN530-FNDE-RMS,532.FN530,,2025-01-06,1.6,1.62,1.33,
646,Vb-532.FN530-MDE-RMS,532.FN530,,2024-12-22,0.94,0.91,0.62,
647,Vb-532.FN530-MDE-RMS,532.FN530,,2025-01-06,0.9,0.71,0.67,
648,Vb-532.FN530-MNDE-RMS,532.FN530,,2024-12-22,1.29,0.81,0.52,
649,Vb-532.FN530-MNDE-RMS,532.FN530,,2025-01-06,1.09,0.86,0.6,
650,Vb-531.MD302-MDE-RMS,531.MD302,,2024-12-23,2.23,1.11,0.46,
651,Vb-531.MD302-MNDE-RMS,531.MD302,,2024-12-23,2.56,1.41,0.89,
652,Vb-531.MD302-S1DE-RMS,531.MD302,,2024-12-23,2.47,1.11,0.45,
653,Vb-531.MD302-S1NDE-RMS,531.MD302,,2024-12-23,2.99,1.08,0.48,
654,Vb-531.MD302-S2DE-RMS,531.MD302,,2024-12-23,1.58,1.19,0.94,
655,Vb-531.MD302-S2NDE-RMS,531.MD302,,2024-12-23,2.44,2.1,0.49,
656,Vb-532.MD302-MDE-RMS,532.MD302,,2024-12-22,1.33,1.27,0.52,
657,Vb-532.MD302-MNDE-RMS,532.MD302,,2024-12-22,2.15,1.25,0.77,
658,Vb-532.MD302-S1DE-RMS,532.MD302,,2024-12-22,1.39,1,0.6,
659,Vb-532.MD302-S1NDE-RMS,532.MD302,,2024-12-22,1.38,0.91,0.48,
660,Vb-532.MD302-S2DE-RMS,532.MD302,,2024-12-22,1.3,0.96,0.51,
661,Vb-532.MD302-S2NDE-RMS,532.MD302,,2024-12-22,1.18,2.04,0.43,
662,Vb-531.FN380-FDE-RMS,531.FN380,,2024-12-16,1.49,0.66,0.61,
663,Vb-531.FN380-FDE-RMS,531.FN380,,2025-01-06,1.51,0.73,0.78,
664,Vb-531.FN380-FNDE-RMS,531.FN380,,2024-12-16,1.86,1.32,1.1,
665,Vb-531.FN380-FNDE-RMS,531.FN380,,2025-01-06,1.91,1.29,3.34,
666,Vb-531.FN380-MDE-RMS,531.FN380,,2024-12-16,1.38,0.84,0.33,
667,Vb-531.FN380-MDE-RMS,531.FN380,,2025-01-06,1.5,0.91,0.33,
668,Vb-531.FN380-MNDE-RMS,531.FN380,,2024-12-16,0.95,0.71,0.29,
669,Vb-531.FN380-MNDE-RMS,531.FN380,,2025-01-06,1.33,0.69,0.32,
670,Vb-532.FN380-FDE-RMS,532.FN380,,2024-12-22,0.4,0.31,0.4,
671,Vb-532.FN380-FDE-RMS,532.FN380,,2025-01-06,0.4,0.25,0.32,
672,Vb-532.FN380-FNDE-RMS,532.FN380,,2024-12-22,0.73,0.52,0.91,
673,Vb-532.FN380-FNDE-RMS,532.FN380,,2025-01-06,0.63,0.4,1.32,
674,Vb-532.FN380-MDE-RMS,532.FN380,,2024-12-22,0.41,0.41,0.3,
675,Vb-532.FN380-MDE-RMS,532.FN380,,2025-01-06,0.42,0.4,0.26,
676,Vb-532.FN380-MNDE-RMS,532.FN380,,2024-12-22,0.24,0.39,0.38,
677,Vb-532.FN380-MNDE-RMS,532.FN380,,2025-01-06,0.45,0.5,0.51,
678,Vb-614.BL300-BLDE-RMS,614.BL300,,2024-12-17,3.54,4.7,3.5,
679,Vb-614.BL300-BLDE-RMS,614.BL300,,2025-01-07,3.81,5.12,3.72,
680,Vb-614.BL300-BLNDE-RMS,614.BL300,,2025-01-07,3.95,1.65,3.45,
681,Vb-614.BL300-MDE-RMS,614.BL300,,2024-12-17,3.03,6.8,8.2,
682,Vb-614.BL300-MDE-RMS,614.BL300,,2025-01-07,4.16,5.07,7.7,
683,Vb-614.BL300-MNDE-RMS,614.BL300,,2024-12-17,4.62,5.97,9.45,
684,Vb-614.BL300-MNDE-RMS,614.BL300,,2025-01-07,4.54,6.03,8.33,
685,,352.BL115,BL DE,2024-12-25,3.08,3.44,2.94,
686,,352.BL115,BL NDE,2024-12-25,4.34,4.59,4.55,
687,,352.BL115,Motor DE,2024-12-25,2.36,1.89,3.6,
688,,352.BL115,Motor NDE,2024-12-25,2.89,1.77,3.5,
689,Vb-342.BL300-BLDE-RMS,342.BL300,,2024-12-25,2.76,1.25,1.93,
690,Vb-342.BL300-BLNDE-RMS,342.BL300,,2024-12-25,4.06,2.58,1.86,
691,Vb-342.BL300-MDE-RMS,342.BL300,,2024-12-25,4.07,4.97,7.63,
692,Vb-342.BL300-MNDE-RMS,342.BL300,,2024-12-25,1.63,4.74,4.52,
693,Vb-342.BL305-BLDE-RMS,342.BL305,,2024-12-25,3.14,1.88,2.95,
694,Vb-342.BL305-BLNDE-RMS,342.BL305,,2024-12-25,4.07,3.68,2.64,
695,Vb-342.BL305-MDE-RMS,342.BL305,,2024-12-25,2.87,6.44,8.21,
696,Vb-342.BL305-MNDE-RMS,342.BL305,,2024-12-25,2.86,3.06,4.3,
697,Vb-342.BL310-BLNDE-RMS,342.BL310,,2024-12-25,2.4,2.07,,
698,Vb-342.BL310-MDE-RMS,342.BL310,,2024-12-25,2.37,3.98,4.1,
699,Vb-342.BL310-MNDE-RMS,342.BL310,,2024-12-25,2.2,2.7,,
700,Vb-466.BL580-BLDE-RMS,466.BL580,,2024-12-25,6.93,7.86,7.4,
701,Vb-466.BL580-BLNDE-RMS,466.BL580,,2024-12-25,5.39,5.69,5.48,
702,Vb-466.BL580-MDE-RMS,466.BL580,,2024-12-25,4.57,4.04,2.35,
703,Vb-466.BL580-MNDE-RMS,466.BL580,,2024-12-25,2.26,2.43,2.04,
704,Vb-466.BL630-BLDE-RMS,466.BL630,,2024-12-25,4.53,9.28,4.21,
705,Vb-466.BL630-BLNDE-RMS,466.BL630,,2024-12-25,6.42,6.46,5.68,
706,Vb-466.BL630-MDE-RMS,466.BL630,,2024-12-25,9.12,6.83,4.31,
707,Vb-466.BL630-MNDE-RMS,466.BL630,,2024-12-25,5.28,6.1,7.22,
708,Vb-462.FN450-FDE-RMS,462.FN450,,2024-12-25,0.35,0.22,0.29,
709,Vb-462.FN450-FDE-RMS,462.FN450,,2025-01-16,0.3,0.15,0.12,
710,Vb-462.FN450-FNDE-RMS,462.FN450,,2024-12-25,0.39,0.52,1.1,
711,Vb-462.FN450-FNDE-RMS,462.FN450,,2025-01-16,0.71,0.75,0.74,
712,Vb-462.FN450-MDE-RMS,462.FN450,,2024-12-25,0.29,0.22,0.18,
713,Vb-462.FN450-MDE-RMS,462.FN450,,2025-01-16,1.26,0.2,0.07,
714,Vb-462.FN450-MNDE-RMS,462.FN450,,2024-12-25,1.36,0.27,0.23,
715,Vb-462.FN450-MNDE-RMS,462.FN450,,2025-01-16,0.82,1.59,0.14,
716,Vb-342.BE050-MDE-RMS,342.BE050,,2025-01-13,3.18,2.11,2.22,
717,Vb-342.BE050-MNDE-RMS,342.BE050,,2025-01-13,4.27,4.61,1.76,
718,Vb-342.BE050-S1NDE-RMS,342.BE050,,2025-01-13,2.49,1.87,1.6,
719,Vb-342.BE050-S2NDE-RMS,342.BE050,,2025-01-13,1.37,1.6,1.66,
720,Vb-342.BE050-S3DE-RMS,342.BE050,,2025-01-13,1.36,1.74,1.44,
721,Vb-342.BE050-S3NDE-RMS,342.BE050,,2025-01-13,1.03,2.28,1.76,
722,Vb-352.BE340-MDE-RMS,352.BE340,,2025-01-13,3.61,3.02,2.6,
723,Vb-352.BE340-MNDE-RMS,352.BE340,,2025-01-13,5.66,3.75,2.32,
724,Vb-352.BE340-S1NDE-RMS,352.BE340,,2025-01-13,1.7,1.7,2,
725,Vb-352.BE340-S2NDE-RMS,352.BE340,,2025-01-13,2.42,2.11,1.38,
726,Vb-352.BE340-S3DE-RMS,352.BE340,,2025-01-13,1.99,1.9,1.7,
727,Vb-352.BE340-S3NDE-RMS,352.BE340,,2025-01-13,3.18,1.7,1.54,
728,Vb-342.BE051-MDE-RMS,342.BE051,,2025-01-13,1.84,2.95,1.72,
729,Vb-342.BE051-MNDE-RMS,342.BE051,,2025-01-13,2.63,3.93,1.92,
730,Vb-342.BE051-S1NDE-RMS,342.BE051,,2025-01-13,1,1.58,2.12,
731,Vb-342.BE051-S2NDE-RMS,342.BE051,,2025-01-13,1.59,1.16,0.94,
732,Vb-342.BE051-S3DE-RMS,342.BE051,,2025-01-13,1.62,1.8,1.51,
733,Vb-342.BE051-S3NDE-RMS,342.BE051,,2025-01-13,1.38,2.58,0.88,
734,Vb-352.BE341-MDE-RMS,352.BE341,,2025-01-13,2.42,2.42,2.88,
735,Vb-352.BE341-MNDE-RMS,352.BE341,,2025-01-13,3.98,2.75,3,
736,Vb-352.BE341-S1NDE-RMS,352.BE341,,2025-01-13,1.28,2.05,2.58,
737,Vb-352.BE341-S2NDE-RMS,352.BE341,,2025-01-13,2.37,1.66,1.21,
738,Vb-352.BE341-S3DE-RMS,352.BE341,,2025-01-13,2.67,1.52,1.24,
739,Vb-352.BE341-S3NDE-RMS,352.BE341,,2025-01-13,2.66,2.1,1.69,
740,Vb-452.FN240-FDE-RMS,452.FN240,,2025-01-12,0.54,0.21,0.56,
741,Vb-452.FN240-FNDE-RMS,452.FN240,,2025-01-12,0.72,0.95,1.12,
742,Vb-452.FN240-MDE-RMS,452.FN240,,2025-01-12,0.69,0.46,0.25,
743,Vb-452.FN240-MNDE-RMS,452.FN240,,2025-01-12,0.56,0.29,0.17,
744,Vb-452.WI112-MDE-RMS,452.WI112,,2024-12-25,6.32,4.48,2.22,
745,Vb-452.WI112-MDE-RMS,452.WI112,,2025-01-12,5.75,4.53,2.22,
746,Vb-452.WI112-MNDE-RMS,452.WI112,,2024-12-25,3.69,1.29,0.94,
747,Vb-452.WI112-MNDE-RMS,452.WI112,,2025-01-12,4.19,1.34,1.29,
748,Vb-452.WI112-PDE-RMS,452.WI112,,2024-12-25,4.03,4.16,3.29,
749,Vb-452.WI112-PDE-RMS,452.WI112,,2025-01-12,4.63,3.41,4.51,
750,Vb-452.WI112-PNDE-RMS,452.WI112,,2024-12-25,1.7,1.81,2.73,
751,Vb-452.WI112-PNDE-RMS,452.WI112,,2025-01-12,1.44,2.31,2.3,
752,Vb-533.BE220-MDE-RMS,533.BE220,,2024-12-16,5.22,4.9,3.89,
753,Vb-533.BE220-MNDE-RMS,533.BE220,,2024-12-16,4.81,8.64,3.17,
754,Vb-533.BE220-S1DE-RMS,533.BE220,,2024-12-16,3.96,3.83,3.54,
755,Vb-533.BE220-S2DE-RMS,533.BE220,,2024-12-16,3.26,2.84,3.97,
756,Vb-533.BE220-S2NDE-RMS,533.BE220,,2024-12-16,4.09,2.43,4.36,
757,Vb-534.BE220-MDE-RMS,534.BE220,,2024-12-16,7.11,5.26,5.06,
758,Vb-534.BE220-MNDE-RMS,534.BE220,,2024-12-16,5.35,5.82,5.59,
759,,534.BE220,Shaft 1 inboard  DE,2024-12-16,2.58,3.69,3.8,
760,,534.BE220,Shaft 2  inboard  DE,2024-12-16,4.63,3.87,2.94,
761,,534.BE220,Shaft 2  outboard NDE,2024-12-16,2.85,2.68,3.21,
762,Vb-533.MD140-MDE-RMS,533.MD140,,2024-12-17,0.76,0.7,0.41,
763,Vb-533.MD140-MDE-RMS,533.MD140,,2025-01-14,0.68,0.63,0.42,
764,Vb-533.MD140-MNDE-RMS,533.MD140,,2024-12-17,0.7,0.36,1,
765,Vb-533.MD140-MNDE-RMS,533.MD140,,2025-01-14,0.61,0.54,1.16,
766,Vb-533.MD140-S1DE-RMS,533.MD140,,2024-12-17,2.58,1.94,2.94,
767,Vb-533.MD140-S1DE-RMS,533.MD140,,2025-01-14,2.93,2.11,3.12,
768,Vb-533.MD140-S1NDE-RMS,533.MD140,,2024-12-17,2.21,1.92,2.22,
769,Vb-533.MD140-S1NDE-RMS,533.MD140,,2025-01-14,2.17,1.89,3.37,
770,Vb-533.MD140-S2DE-RMS,533.MD140,,2024-12-17,1.57,1.24,1.82,
771,Vb-533.MD140-S2DE-RMS,533.MD140,,2025-01-14,1.69,1.47,1.65,
772,Vb-533.MD140-S2NDE-RMS,533.MD140,,2024-12-17,1.26,1.49,1.91,
773,Vb-533.MD140-S2NDE-RMS,533.MD140,,2025-01-14,1.25,1.07,1.88,
774,Vb-533.MD140-S3DE-RMS,533.MD140,,2024-12-17,1.34,1.39,1.54,
775,Vb-533.MD140-S3DE-RMS,533.MD140,,2025-01-14,1.35,1.34,1.61,
776,Vb-533.MD140-S3NDE-RMS,533.MD140,,2024-12-17,1.3,1.09,1.96,
777,Vb-533.MD140-S3NDE-RMS,533.MD140,,2025-01-14,1.36,1.25,2.09,
778,Vb-533.MD140-S4DE-RMS,533.MD140,,2024-12-17,1.76,1.09,1.57,
779,Vb-533.MD140-S4DE-RMS,533.MD140,,2025-01-14,1.9,1.18,1.77,
780,Vb-533.MD140-S4NDE-RMS,533.MD140,,2024-12-17,1.42,1.37,1.74,
781,Vb-533.MD140-S4NDE-RMS,533.MD140,,2025-01-14,1.42,0.64,0.8,
782,Vb-534.MD140-MDE-RMS,534.MD140,,2024-12-17,0.88,0.87,0.43,
783,Vb-534.MD140-MDE-RMS,534.MD140,,2025-01-14,0.79,0.91,0.38,
784,Vb-534.MD140-MNDE-RMS,534.MD140,,2024-12-17,0.95,0.55,0.78,
785,Vb-534.MD140-MNDE-RMS,534.MD140,,2025-01-14,0.65,0.65,0.39,
786,Vb-534.MD140-S1DE-RMS,534.MD140,,2024-12-17,2.02,2.42,1.75,
787,Vb-534.MD140-S1DE-RMS,534.MD140,,2025-01-14,2.04,2.21,2.05,
788,Vb-534.MD140-S1NDE-RMS,534.MD140,,2024-12-17,1.72,2.51,1.72,
789,Vb-534.MD140-S1NDE-RMS,534.MD140,,2025-01-14,1.76,2.42,1.91,
790,Vb-534.MD140-S2DE-RMS,534.MD140,,2024-12-17,1.06,1.18,0.9,
791,Vb-534.MD140-S2DE-RMS,534.MD140,,2025-01-14,1.22,1.29,1.01,
792,Vb-534.MD140-S2NDE-RMS,534.MD140,,2024-12-17,1.38,1.34,1.63,
793,Vb-534.MD140-S2NDE-RMS,534.MD140,,2025-01-14,1.39,1.63,1.59,
794,Vb-534.MD140-S3DE-RMS,534.MD140,,2024-12-17,1.26,1.07,1.03,
795,Vb-534.MD140-S3DE-RMS,534.MD140,,2025-01-14,1.24,1.18,0.96,
796,Vb-534.MD140-S3NDE-RMS,534.MD140,,2024-12-17,1.23,1.43,1.06,
797,Vb-534.MD140-S3NDE-RMS,534.MD140,,2025-01-14,1.35,1.64,1.18,
798,Vb-534.MD140-S4DE-RMS,534.MD140,,2024-12-17,1.35,1.07,1.33,
799,Vb-534.MD140-S4DE-RMS,534.MD140,,2025-01-14,1.25,1.16,1.23,
800,Vb-534.MD140-S4NDE-RMS,534.MD140,,2024-12-17,1.54,1.02,1.18,
801,Vb-534.MD140-S4NDE-RMS,534.MD140,,2025-01-14,1.36,0.92,1.3,
802,Vb-342.FN315-FDE-RMS,342.FN315,,2025-01-13,3.55,3.26,4.84,
803,Vb-342.FN315-FDE-RMS,342.FN315,,2025-01-20,4.65,2.54,3.46,
804,Vb-342.FN315-FNDE-RMS,342.FN315,,2025-01-13,3.08,2.03,4.63,
805,Vb-342.FN315-FNDE-RMS,342.FN315,,2025-01-20,4.84,3.52,2.43,
806,Vb-342.FN315-MDE-RMS,342.FN315,,2025-01-13,1.89,1.91,,
807,Vb-342.FN315-MDE-RMS,342.FN315,,2025-01-20,2.59,1.97,,
808,Vb-342.FN315-MNDE-RMS,342.FN315,,2025-01-13,1.66,1.71,1.79,
809,Vb-342.FN315-MNDE-RMS,342.FN315,,2025-01-20,2.3,3.59,3.29,
810,Vb-442.CR400-CRDE-RMS,442.CR400,,2024-12-10,1.67,2.14,1.02,
811,Vb-442.CR400-CRDE-RMS,442.CR400,,2025-01-08,2.09,1.57,1.46,
812,Vb-442.CR400-CRDE-RMS,442.CR400,,2025-01-20,2.48,1.85,1.09,
813,Vb-442.CR400-CRNDE-RMS,442.CR400,,2024-12-10,2.49,1.2,1.01,
814,Vb-442.CR400-CRNDE-RMS,442.CR400,,2025-01-08,2.02,1.88,1.31,
815,Vb-442.CR400-CRNDE-RMS,442.CR400,,2025-01-20,1.89,1.63,1.21,
816,Vb-442.CR400-MDE-RMS,442.CR400,,2024-12-10,1,1.17,0.65,
817,Vb-442.CR400-MDE-RMS,442.CR400,,2025-01-08,0.95,1.32,1.47,
818,Vb-442.CR400-MDE-RMS,442.CR400,,2025-01-20,1.15,1.54,1.55,
819,Vb-442.CR400-MNDE-RMS,442.CR400,,2024-12-10,0.62,0.66,0.6,
820,Vb-442.CR400-MNDE-RMS,442.CR400,,2025-01-08,0.87,1.03,1.2,
821,Vb-442.CR400-MNDE-RMS,442.CR400,,2025-01-20,0.58,1.56,1.5,
822,Vb-462.MD140-MDE-RMS,462.MD140,,2024-12-25,1.15,0.8,0.47,
823,Vb-462.MD140-MDE-RMS,462.MD140,,2025-01-16,1.39,1.01,0.51,
824,Vb-462.MD140-MNDE-RMS,462.MD140,,2024-12-25,0.37,0.42,0.4,
825,Vb-462.MD140-MNDE-RMS,462.MD140,,2025-01-16,0.93,0.61,0.38,
826,Vb-462.MD140-PHSS-RMS,462.MD140,,2024-12-25,0.87,0.72,4,
827,Vb-462.MD140-PHSS-RMS,462.MD140,,2025-01-16,3.07,7.79,1.42,
828,Vb-462.MD140-RGT-RMS,462.MD140,,2024-12-25,5.22,1.74,2.14,
829,Vb-462.MD140-RGT-RMS,462.MD140,,2025-01-16,7.18,5.48,2.36,
830,Vb-462.FN125-FDE-RMS,462.FN125,,2024-12-25,3.85,4.89,5.82,
831,Vb-462.FN125-FDE-RMS,462.FN125,,2025-01-16,3.63,4.17,3.56,
832,Vb-462.FN125-FNDE-RMS,462.FN125,,2024-12-25,4.21,2.64,5.21,
833,Vb-462.FN125-FNDE-RMS,462.FN125,,2025-01-16,3.31,2.92,3.02,
834,Vb-462.FN125-MDE-RMS,462.FN125,,2024-12-25,6.44,7.59,,
835,Vb-462.FN125-MDE-RMS,462.FN125,,2025-01-16,6.56,8.65,,
836,Vb-462.FN125-MNDE-RMS,462.FN125,,2024-12-25,3.9,6.65,14.47,
837,Vb-462.FN125-MNDE-RMS,462.FN125,,2025-01-16,5.28,4.15,9.37,
838,Vb-332.WI211-MDE-RMS,332.WI211,,2024-12-25,4.08,2.44,3.11,
839,Vb-332.WI211-MDE-RMS,332.WI211,,2025-01-12,3.75,2.98,3.38,
840,Vb-332.WI211-MNDE-RMS,332.WI211,,2024-12-25,2.53,4.36,5.72,
841,Vb-332.WI211-MNDE-RMS,332.WI211,,2025-01-12,2.35,4.95,3.86,
842,Vb-332.WI211-PDE-RMS,332.WI211,,2024-12-25,9.69,5.82,1.42,
843,Vb-332.WI211-PDE-RMS,332.WI211,,2025-01-12,11.94,7.29,6.79,
844,Vb-332.WI211-PNDE-RMS,332.WI211,,2024-12-25,9.46,4.11,3.06,
845,Vb-332.WI211-PNDE-RMS,332.WI211,,2025-01-12,9.52,4.4,2.23,
846,Vb-442.FN300-FDE-RMS,442.FN300,,2024-12-10,2.58,1.78,1.33,
847,Vb-442.FN300-FDE-RMS,442.FN300,,2025-01-08,2.93,2.95,1.35,
848,Vb-442.FN300-FNDE-RMS,442.FN300,,2024-12-10,2.61,2.82,1.33,
849,Vb-442.FN300-FNDE-RMS,442.FN300,,2025-01-08,2.11,1.89,1.24,
850,Vb-442.FN300-MDE-RMS,442.FN300,,2024-12-10,0.86,1.27,1.32,
851,Vb-442.FN300-MDE-RMS,442.FN300,,2025-01-08,0.93,2.26,1.36,
852,Vb-442.FN300-MNDE-RMS,442.FN300,,2024-12-10,1.17,2.2,1.55,
853,Vb-442.FN300-MNDE-RMS,442.FN300,,2025-01-08,0.93,2.89,1.46,
854,Vb-442.FN305-FDE-RMS,442.FN305,,2024-12-10,1.35,0.65,0.94,
855,Vb-442.FN305-FDE-RMS,442.FN305,,2025-01-08,1.06,0.78,0.92,
856,Vb-442.FN305-FNDE-RMS,442.FN305,,2024-12-10,1.33,0.82,1.43,
857,Vb-442.FN305-FNDE-RMS,442.FN305,,2025-01-08,1.24,0.99,1.15,
858,Vb-442.FN305-MDE-RMS,442.FN305,,2024-12-10,1.59,0.94,1.23,
859,Vb-442.FN305-MDE-RMS,442.FN305,,2025-01-08,1.58,1.11,0.92,
860,Vb-442.FN305-MNDE-RMS,442.FN305,,2024-12-10,1.31,1.26,0.92,
861,Vb-442.FN305-MNDE-RMS,442.FN305,,2025-01-08,0.8,0.84,0.75,
862,Vb-442.FN310-FDE-RMS,442.FN310,,2024-12-10,2.78,1.74,1.83,
863,Vb-442.FN310-FDE-RMS,442.FN310,,2025-01-08,2.45,0.89,2.88,
864,Vb-442.FN310-FNDE-RMS,442.FN310,,2024-12-10,2.12,2.31,2.08,
865,Vb-442.FN310-FNDE-RMS,442.FN310,,2025-01-08,2.53,1.93,3,
866,Vb-442.FN310-MDE-RMS,442.FN310,,2024-12-10,3.23,1.89,1.9,
867,Vb-442.FN310-MDE-RMS,442.FN310,,2025-01-08,3.4,2.44,3.28,
868,Vb-442.FN310-MNDE-RMS,442.FN310,,2024-12-10,2.28,1.58,1.71,
869,Vb-442.FN310-MNDE-RMS,442.FN310,,2025-01-08,2.28,2.18,3.06,
870,Vb-442.FN315-FDE-RMS,442.FN315,,2024-12-10,1.03,3.61,1.06,
871,Vb-442.FN315-FDE-RMS,442.FN315,,2025-01-08,2.55,2.63,1.32,
872,Vb-442.FN315-FNDE-RMS,442.FN315,,2024-12-10,1.44,3.89,0.99,
873,Vb-442.FN315-FNDE-RMS,442.FN315,,2025-01-08,3.69,3.38,1.58,
874,Vb-442.FN315-MDE-RMS,442.FN315,,2024-12-10,1.42,1.04,0.92,
875,Vb-442.FN315-MDE-RMS,442.FN315,,2025-01-08,1.4,1.74,1.56,
876,Vb-442.FN315-MNDE-RMS,442.FN315,,2024-12-10,2.27,3.37,0.96,
877,Vb-442.FN315-MNDE-RMS,442.FN315,,2025-01-08,1.74,3.55,1.8,
878,Vb-442.FN325-FDE-RMS,442.FN325,,2024-12-10,2.16,5.09,1.46,
879,Vb-442.FN325-FDE-RMS,442.FN325,,2025-01-08,3.2,5.16,2.14,
880,Vb-442.FN325-FNDE-RMS,442.FN325,,2024-12-10,4.31,5.71,1.99,
881,Vb-442.FN325-FNDE-RMS,442.FN325,,2025-01-08,5.73,5.19,2.82,
882,Vb-442.FN325-MDE-RMS,442.FN325,,2024-12-10,1.3,2.05,1.18,
883,Vb-442.FN325-MDE-RMS,442.FN325,,2025-01-08,1.09,5.33,2.25,
884,Vb-442.FN325-MNDE-RMS,442.FN325,,2024-12-10,2.14,4.9,1.41,
885,Vb-442.FN325-MNDE-RMS,442.FN325,,2025-01-08,2.27,5.66,2.46,
886,Vb-442.FN335-FDE-RMS,442.FN335,,2024-12-10,2.53,0.68,1.67,
887,Vb-442.FN335-FDE-RMS,442.FN335,,2025-01-08,1.4,1.38,1.83,
888,Vb-442.FN335-FNDE-RMS,442.FN335,,2024-12-10,1.71,0.66,1.71,
889,Vb-442.FN335-FNDE-RMS,442.FN335,,2025-01-08,1.43,1.04,1.56,
890,Vb-442.FN335-MDE-RMS,442.FN335,,2024-12-10,2.67,2.6,2.09,
891,Vb-442.FN335-MDE-RMS,442.FN335,,2025-01-08,2.22,1.69,2.16,
892,Vb-442.FN335-MNDE-RMS,442.FN335,,2024-12-10,2.45,1.63,1.77,
893,Vb-442.FN335-MNDE-RMS,442.FN335,,2025-01-08,1.42,1.08,1.64,
894,Vb-442.FN340-FDE-RMS,442.FN340,,2024-12-10,3.07,0.94,0.97,
895,Vb-442.FN340-FDE-RMS,442.FN340,,2025-01-08,3.51,2.32,6.05,
896,Vb-442.FN340-FNDE-RMS,442.FN340,,2024-12-10,3.32,1.45,1.17,
897,Vb-442.FN340-FNDE-RMS,442.FN340,,2025-01-08,5.28,6.43,5.32,
898,Vb-442.FN340-MDE-RMS,442.FN340,,2024-12-10,3.28,2.5,0.79,
899,Vb-442.FN340-MDE-RMS,442.FN340,,2025-01-08,3.81,3.99,5.31,
900,Vb-442.FN340-MNDE-RMS,442.FN340,,2024-12-10,2.15,0.42,0.85,
901,Vb-442.FN340-MNDE-RMS,442.FN340,,2025-01-08,1.87,1.13,4.31,
902,Vb-442.FN345-FDE-RMS,442.FN345,,2024-12-10,4.3,5.75,6.81,
903,Vb-442.FN345-FDE-RMS,442.FN345,,2024-12-22,4.73,6.27,2.86,
904,Vb-442.FN345-FDE-RMS,442.FN345,,2025-01-08,5.78,6.94,4.32,
905,Vb-442.FN345-FNDE-RMS,442.FN345,,2024-12-10,3.17,4.67,6.13,
906,Vb-442.FN345-FNDE-RMS,442.FN345,,2024-12-22,3.48,5.55,3.65,
907,Vb-442.FN345-FNDE-RMS,442.FN345,,2025-01-08,4.88,7.01,3.35,
908,Vb-442.FN345-MDE-RMS,442.FN345,,2024-12-10,6.06,2.8,6.56,
909,Vb-442.FN345-MDE-RMS,442.FN345,,2024-12-22,6.52,3.9,4.28,
910,Vb-442.FN345-MDE-RMS,442.FN345,,2025-01-08,7.82,5.03,4.07,
911,Vb-442.FN345-MNDE-RMS,442.FN345,,2024-12-10,5.17,3.69,6,
912,Vb-442.FN345-MNDE-RMS,442.FN345,,2024-12-22,6.74,3.99,3.62,
913,Vb-442.FN345-MNDE-RMS,442.FN345,,2025-01-08,6.78,5.44,3.16,
914,Vb-442.FN350-FDE-RMS,442.FN350,,2024-12-10,1.07,0.65,0.28,
915,Vb-442.FN350-FDE-RMS,442.FN350,,2025-01-08,0.99,0.75,0.42,
916,Vb-442.FN350-FNDE-RMS,442.FN350,,2024-12-10,1.25,0.91,0.36,
917,Vb-442.FN350-FNDE-RMS,442.FN350,,2025-01-08,0.95,0.63,0.42,
918,Vb-442.FN350-MDE-RMS,442.FN350,,2024-12-10,1.27,1.11,0.51,
919,Vb-442.FN350-MDE-RMS,442.FN350,,2025-01-08,0.66,0.64,0.48,
920,Vb-442.FN350-MNDE-RMS,442.FN350,,2024-12-10,0.68,0.54,0.49,
921,Vb-442.FN350-MNDE-RMS,442.FN350,,2025-01-08,0.44,0.47,0.32,
922,Vb-462.CP525-CDE-RMS,462.CP525,,2024-12-25,1.32,1.54,2.22,
923,Vb-462.CP525-CDE-RMS,462.CP525,,2025-01-16,1.62,2.08,2.11,
924,Vb-462.CP525-CNDE-RMS,462.CP525,,2024-12-25,4.07,3.63,1.2,
925,Vb-462.CP525-CNDE-RMS,462.CP525,,2025-01-16,5.61,5.65,3.59,
926,Vb-462.CP525-MDE-RMS,462.CP525,,2024-12-25,2.91,1.71,2.43,
927,Vb-462.CP525-MDE-RMS,462.CP525,,2025-01-16,2.34,6.02,5.09,
928,Vb-462.CP525-MNDE-RMS,462.CP525,,2024-12-25,1.24,1.68,1.62,
929,Vb-462.CP525-MNDE-RMS,462.CP525,,2025-01-16,1.76,2.13,2.37,
930,Vb-743.CP110-CDE-RMS,743.CP110,,2024-12-25,1.86,1.73,1.55,
931,Vb-743.CP110-CNDE-RMS,743.CP110,,2024-12-25,1.98,2.58,2.06,
932,Vb-743.CP110-MDE-RMS,743.CP110,,2024-12-25,1.73,2.4,2.2,
933,Vb-743.CP110-MNDE-RMS,743.CP110,,2024-12-25,1.48,1.36,2.12,
934,Vb-744.CP110-CDE-RMS,744.CP110,,2024-12-17,1.64,2.92,3.53,
935,Vb-744.CP110-CDE-RMS,744.CP110,,2025-01-07,2.49,3.93,3.53,
936,Vb-744.CP110-CNDE-RMS,744.CP110,,2024-12-17,3.75,4.07,4.72,
937,Vb-744.CP110-CNDE-RMS,744.CP110,,2025-01-07,4.01,4.01,5.27,
938,Vb-744.CP110-MDE-RMS,744.CP110,,2024-12-17,1.07,2.43,2.56,
939,Vb-744.CP110-MDE-RMS,744.CP110,,2025-01-07,1.15,2.23,2.21,
940,Vb-744.CP110-MNDE-RMS,744.CP110,,2024-12-17,1.32,1.11,1.69,
941,Vb-744.CP110-MNDE-RMS,744.CP110,,2025-01-07,2.01,1.28,1.74,
942,Vb-743.CP112-CDE-RMS,743.CP112,,2024-12-25,0.9,1.18,1.28,
943,Vb-743.CP112-CDE-RMS,743.CP112,,2025-01-12,3.27,1.8,1.68,
944,Vb-743.CP112-CNDE-RMS,743.CP112,,2024-12-25,1.24,1.41,1.79,
945,Vb-743.CP112-CNDE-RMS,743.CP112,,2025-01-12,1.27,1.88,2.2,
946,Vb-743.CP112-MDE-RMS,743.CP112,,2024-12-25,0.65,0.67,1.31,
947,Vb-743.CP112-MDE-RMS,743.CP112,,2025-01-12,0.71,1.25,1.23,
948,Vb-743.CP112-MNDE-RMS,743.CP112,,2024-12-25,0.63,1.19,1.56,
949,Vb-743.CP112-MNDE-RMS,743.CP112,,2025-01-12,1.09,1.11,2.1,
950,Vb-744.CP112-CDE-RMS,744.CP112,,2024-12-17,2.53,1.35,2.99,
951,Vb-744.CP112-CDE-RMS,744.CP112,,2025-01-07,1.58,2.82,3.22,
952,Vb-744.CP112-CNDE-RMS,744.CP112,,2024-12-17,3.58,3.5,3.9,
953,Vb-744.CP112-CNDE-RMS,744.CP112,,2025-01-07,3.8,3.82,4.48,
954,Vb-744.CP112-MDE-RMS,744.CP112,,2024-12-17,1.13,2.49,2.71,
955,Vb-744.CP112-MDE-RMS,744.CP112,,2025-01-07,1.63,2.79,2.44,
956,Vb-744.CP112-MNDE-RMS,744.CP112,,2024-12-17,1.2,1.29,2.56,
957,Vb-744.CP112-MNDE-RMS,744.CP112,,2025-01-07,1.3,1.3,2.4,
958,Vb-743.CP113-CDE-RMS,743.CP113,,2024-12-25,1.36,1.08,1.69,
959,Vb-743.CP113-CDE-RMS,743.CP113,,2025-01-12,1.3,1.47,1.79,
960,Vb-743.CP113-CNDE-RMS,743.CP113,,2024-12-25,1.61,1.58,2.89,
961,Vb-743.CP113-CNDE-RMS,743.CP113,,2025-01-12,1.48,2.06,2.83,
962,Vb-743.CP113-MDE-RMS,743.CP113,,2024-12-25,0.85,0.9,2.46,
963,Vb-743.CP113-MDE-RMS,743.CP113,,2025-01-12,0.81,1.2,2.33,
964,Vb-743.CP113-MNDE-RMS,743.CP113,,2024-12-25,1.24,1.43,2.59,
965,Vb-743.CP113-MNDE-RMS,743.CP113,,2025-01-12,1.33,1.28,2.19,
966,Vb-744.CP113-CDE-RMS,744.CP113,,2024-12-17,3.36,3.02,3.63,
967,Vb-744.CP113-CDE-RMS,744.CP113,,2025-01-07,1.95,4.35,4.98,
968,Vb-744.CP113-CNDE-RMS,744.CP113,,2024-12-17,4.7,5.58,7.1,
969,Vb-744.CP113-CNDE-RMS,744.CP113,,2025-01-07,5.3,7.6,6.25,
970,Vb-744.CP113-MDE-RMS,744.CP113,,2024-12-17,1.72,3.88,4.27,
971,Vb-744.CP113-MDE-RMS,744.CP113,,2025-01-07,2.29,4.4,4.16,
972,Vb-744.CP113-MNDE-RMS,744.CP113,,2024-12-17,1.52,1.29,4.12,
973,Vb-744.CP113-MNDE-RMS,744.CP113,,2025-01-07,2.51,1.32,4.12,
974,,743.CP115,Compressor DE,2025-01-12,1.51,1.63,0.75,
975,,743.CP115,Compressor NDE,2025-01-12,1.55,1.84,1.12,
976,,743.CP115,Motor DE,2025-01-12,0.81,0.86,1.09,
977,,743.CP115,Motor NDE,2025-01-12,1.06,1.69,0.99,
978,Vb-332.CP282-CDE-RMS,332.CP282,,2024-12-25,2.11,2.9,4.17,
979,Vb-332.CP282-CDE-RMS,332.CP282,,2025-01-12,1.73,4.98,3.97,
980,Vb-332.CP282-CNDE-RMS,332.CP282,,2024-12-25,4.28,4.22,4.03,
981,Vb-332.CP282-CNDE-RMS,332.CP282,,2025-01-12,3.79,4.58,3.14,
982,Vb-332.CP282-MDE-RMS,332.CP282,,2024-12-25,1.22,1.73,2.22,
983,Vb-332.CP282-MDE-RMS,332.CP282,,2025-01-12,1.09,2.28,2.29,
984,Vb-332.CP282-MNDE-RMS,332.CP282,,2024-12-25,1.49,1.92,1.88,
985,Vb-332.CP282-MNDE-RMS,332.CP282,,2025-01-12,1.48,1.66,1.4,
986,Vb-462.CP530-CDE-RMS,462.CP530,,2024-12-25,0.96,0.86,1.4,
987,Vb-462.CP530-CDE-RMS,462.CP530,,2025-01-16,3.32,1.39,1.62,
988,Vb-462.CP530-CNDE-RMS,462.CP530,,2024-12-25,4.46,3.89,1.4,
989,Vb-462.CP530-CNDE-RMS,462.CP530,,2025-01-16,4.5,4.11,2.12,
990,Vb-462.CP530-MDE-RMS,462.CP530,,2024-12-25,0.77,1.26,1.88,
991,Vb-462.CP530-MDE-RMS,462.CP530,,2025-01-16,2.26,0.97,2.85,
992,Vb-462.CP530-MNDE-RMS,462.CP530,,2024-12-25,1.05,1.21,1.6,
993,Vb-462.CP530-MNDE-RMS,462.CP530,,2025-01-16,2.06,1.66,3.51,
994,Vb-332.FN400-FDE-RMS,332.FN400,,2024-12-25,0.25,0.66,0.64,
995,Vb-332.FN400-FDE-RMS,332.FN400,,2025-01-13,0.3,0.18,0.22,
996,Vb-332.FN400-FNDE-RMS,332.FN400,,2024-12-25,0.47,0.45,0.46,
997,Vb-332.FN400-FNDE-RMS,332.FN400,,2025-01-13,0.51,1.4,0.41,
998,Vb-332.FN400-MDE-RMS,332.FN400,,2024-12-25,0.4,0.32,0.18,
999,Vb-332.FN400-MDE-RMS,332.FN400,,2025-01-13,0.39,0.17,0.19,
1000,Vb-332.FN400-MNDE-RMS,332.FN400,,2024-12-25,0.54,0.34,0.26,
1001,Vb-332.FN400-MNDE-RMS,332.FN400,,2025-01-13,0.41,0.18,0.19,
1002,,332.FN400,Shaft 1 inboard,2024-12-25,0.73,1.14,0.42,
1003,,332.FN400,Shaft 1 inboard,2025-01-13,0.48,0.36,0.38,
1004,,332.FN400,Shaft 1 outboard,2024-12-25,0.92,1.16,0.39,
1005,,332.FN400,Shaft 1 outboard,2025-01-13,0.53,0.14,0.59,
1006,,332.FN400,Shaft 2 inboard,2024-12-25,0.75,0.78,0.51,
1007,,332.FN400,Shaft 2 inboard,2025-01-13,0.37,0.3,0.41,
1008,,332.FN400,Shaft 2 outboard,2024-12-25,1.04,0.7,0.4,
1009,,332.FN400,Shaft 2 outboard,2025-01-13,0.36,0.76,0.35,
1010,Vb-442.FN590-FDE-RMS,442.FN590,,2024-12-10,1.03,0.63,0.32,
1011,Vb-442.FN590-FDE-RMS,442.FN590,,2024-12-17,0.86,0.16,0.36,
1012,Vb-442.FN590-FDE-RMS,442.FN590,,2025-01-08,1.09,1.24,0.41,
1013,Vb-442.FN590-FNDE-RMS,442.FN590,,2024-12-10,0.37,0.29,0.24,
1014,Vb-442.FN590-FNDE-RMS,442.FN590,,2024-12-17,0.52,0.35,0.23,
1015,Vb-442.FN590-FNDE-RMS,442.FN590,,2025-01-08,0.67,0.52,1.05,
1016,Vb-442.FN590-MDE-RMS,442.FN590,,2024-12-10,0.33,0.38,0.45,
1017,Vb-442.FN590-MDE-RMS,442.FN590,,2024-12-17,0.39,0.28,0.24,
1018,Vb-442.FN590-MDE-RMS,442.FN590,,2025-01-08,0.4,0.39,0.24,
1019,Vb-442.FN590-MNDE-RMS,442.FN590,,2024-12-10,0.26,0.21,0.25,
1020,Vb-442.FN590-MNDE-RMS,442.FN590,,2024-12-17,0.37,0.37,0.19,
1021,Vb-442.FN590-MNDE-RMS,442.FN590,,2025-01-08,0.38,0.39,0.24,
1022,Vb-442.FN590-S1DE-RMS,442.FN590,,2024-12-10,0.81,0.37,0.48,
1023,Vb-442.FN590-S1DE-RMS,442.FN590,,2025-01-08,0.98,0.31,0.95,
1024,Vb-442.FN590-S1NDE-RMS,442.FN590,,2024-12-10,0.52,0.39,0.35,
1025,Vb-442.FN590-S1NDE-RMS,442.FN590,,2025-01-08,0.94,0.83,0.86,
1026,Vb-442.FN590-S2DE-RMS,442.FN590,,2024-12-10,0.67,0.55,0.54,
1027,Vb-442.FN590-S2DE-RMS,442.FN590,,2025-01-08,1.03,0.64,0.7,
1028,Vb-442.FN590-S2NDE-RMS,442.FN590,,2024-12-10,0.75,0.7,0.55,
1029,Vb-442.FN590-S2NDE-RMS,442.FN590,,2025-01-08,1,0.63,0.68,
1030,Vb-462.PP515-MDE-RMS,462.PP515,,2024-12-25,0.84,0.49,0.6,
1031,Vb-462.PP515-MDE-RMS,462.PP515,,2025-01-16,1.23,0.85,1.24,
1032,Vb-462.PP515-MNDE-RMS,462.PP515,,2024-12-25,2.37,0.29,0.21,
1033,Vb-462.PP515-MNDE-RMS,462.PP515,,2025-01-16,1.1,0.77,0.37,
1034,Vb-462.PP515-PDE-RMS,462.PP515,,2024-12-25,3.33,2.77,1.48,
1035,Vb-462.PP515-PDE-RMS,462.PP515,,2025-01-16,3.8,3.07,2.08,
1036,Vb-462.PP515-PNDE-RMS,462.PP515,,2024-12-25,1.57,1.46,0.74,
1037,Vb-462.PP515-PNDE-RMS,462.PP515,,2025-01-16,1.17,0.93,0.99,
1038,Vb-462.PP545-MDE-RMS,462.PP545,,2024-12-31,0.54,0.65,0.28,
1039,Vb-462.PP545-MNDE-RMS,462.PP545,,2024-12-31,0.79,0.66,0.26,
1040,Vb-462.PP545-PDE-RMS,462.PP545,,2024-12-31,1.61,1.42,1.21,
1041,Vb-462.PP545-PNDE-RMS,462.PP545,,2024-12-31,1.43,0.6,0.37,
1042,Vb-213.HC100-CRDE-RMS,213.HC100,,2024-12-23,7.87,3.65,11.56,
1043,Vb-213.HC100-CRNDE-RMS,213.HC100,,2024-12-23,4.1,1.9,3.97,
1044,Vb-213.HC100-MDE-RMS,213.HC100,,2024-12-23,1.11,0.9,0.98,
1045,Vb-213.HC100-MNDE-RMS,213.HC100,,2024-12-23,0.54,1.24,1.02,
1046,Vb-332.FN110-FDE-RMS,332.FN110,,2025-01-01,0.75,0.99,1.17,
1047,Vb-332.FN110-FDE-RMS,332.FN110,,2025-01-12,0.97,0.88,0.61,
1048,Vb-332.FN110-FNDE-RMS,332.FN110,,2025-01-01,1.14,0.87,1.29,
1049,Vb-332.FN110-FNDE-RMS,332.FN110,,2025-01-12,1.54,0.88,0.86,
1050,Vb-332.FN110-MDE-RMS,332.FN110,,2025-01-01,1.25,0.86,0.32,
1051,Vb-332.FN110-MDE-RMS,332.FN110,,2025-01-12,1.7,0.81,0.36,
1052,Vb-332.FN110-MNDE-RMS,332.FN110,,2025-01-01,1.26,0.83,0.63,
1053,Vb-332.FN110-MNDE-RMS,332.FN110,,2025-01-12,1.18,0.64,0.31,
1054,Vb-432.MD140-MDE-RMS,432.MD140,,2025-01-12,0.42,0.17,0.64,
1055,Vb-432.MD140-MNDE-RMS,432.MD140,,2025-01-12,0.43,0.18,0.43,
1056,Vb-432.MD140-S1DE-RMS,432.MD140,,2025-01-12,0.56,0.91,1.44,
1057,Vb-432.MD140-S1NDE-RMS,432.MD140,,2025-01-12,0.65,0.83,0.72,
1058,Vb-432.MD140-S2DE-RMS,432.MD140,,2025-01-12,0.69,0.49,0.92,
1059,Vb-432.MD140-S2NDE-RMS,432.MD140,,2025-01-12,0.56,0.86,1.15,
1060,Vb-432.MD140-S3DE-RMS,432.MD140,,2025-01-12,0.42,0.36,0.82,
1061,Vb-432.MD140-S3NDE-RMS,432.MD140,,2025-01-12,0.56,0.95,1.01,
1062,Vb-432.MD140-S4DE-RMS,432.MD140,,2025-01-12,0.49,0.64,1.22,
1063,Vb-432.MD140-S4NDE-RMS,432.MD140,,2025-01-12,0.66,2.3,2.86,
1064,Vb-432.MD160-MDE-RMS,432.MD160,,2025-01-12,0.55,0.37,0.51,
1065,Vb-432.MD160-MNDE-RMS,432.MD160,,2025-01-12,0.38,0.5,0.6,
1066,Vb-432.MD160-S1DE-RMS,432.MD160,,2025-01-12,1.04,0.45,0.69,
1067,Vb-432.MD160-S1NDE-RMS,432.MD160,,2025-01-12,0.4,0.57,0.71,
1068,Vb-432.MD160-S2DE-RMS,432.MD160,,2025-01-12,0.69,0.32,0.72,
1069,Vb-432.MD160-S2NDE-RMS,432.MD160,,2025-01-12,0.56,0.62,0.81,
1070,Vb-432.MD160-S3DE-RMS,432.MD160,,2025-01-12,1.07,0.53,1.54,
1071,Vb-432.MD160-S3NDE-RMS,432.MD160,,2025-01-12,1.61,0.79,0.86,
1072,Vb-432.MD160-S4DE-RMS,432.MD160,,2025-01-12,1.25,0.48,0.66,
1073,Vb-432.MD160-S4NDE-RMS,432.MD160,,2025-01-12,1.06,0.43,1.35,
1074,Vb-432.FN171-FDE-RMS,432.FN171,,2025-01-12,2.05,0.83,0.95,
1075,Vb-432.FN171-FNDE-RMS,432.FN171,,2025-01-12,1.74,1.16,0.93,
1076,Vb-432.FN171-MDE-RMS,432.FN171,,2025-01-12,2.77,0.71,0.94,
1077,Vb-432.FN171-MNDE-RMS,432.FN171,,2025-01-12,2.07,1.16,0.78,
1078,Vb-432.FN176-FDE-RMS,432.FN176,,2024-12-10,0.86,0.56,0.69,
1079,Vb-432.FN176-FDE-RMS,432.FN176,,2025-01-08,0.81,0.67,0.56,
1080,Vb-432.FN176-FNDE-RMS,432.FN176,,2024-12-10,1.09,1.08,0.77,
1081,Vb-432.FN176-FNDE-RMS,432.FN176,,2025-01-08,1.21,0.92,0.61,
1082,Vb-432.FN176-MDE-RMS,432.FN176,,2024-12-10,0.8,1.28,0.91,
1083,Vb-432.FN176-MDE-RMS,432.FN176,,2025-01-08,1.07,1.14,0.64,
1084,Vb-432.FN176-MNDE-RMS,432.FN176,,2024-12-10,0.6,0.73,0.8,
1085,Vb-432.FN176-MNDE-RMS,432.FN176,,2025-01-08,0.7,0.7,0.61,
1086,Vb-462.FN400-FDE-RMS,462.FN400,,2024-12-25,1.33,0.83,0.67,
1087,Vb-462.FN400-FDE-RMS,462.FN400,,2025-01-16,2.82,1.89,1.14,
1088,Vb-462.FN400-FNDE-RMS,462.FN400,,2024-12-25,1.21,0.75,1.03,
1089,Vb-462.FN400-FNDE-RMS,462.FN400,,2025-01-16,2.81,1.21,1.37,
1090,Vb-462.FN400-MDE-RMS,462.FN400,,2024-12-25,0.9,0.62,0.54,
1091,Vb-462.FN400-MDE-RMS,462.FN400,,2025-01-16,1.14,0.8,0.27,
1092,Vb-462.FN400-MNDE-RMS,462.FN400,,2024-12-25,0.58,0.22,0.36,
1093,Vb-462.FN400-MNDE-RMS,462.FN400,,2025-01-16,1.55,0.31,0.24,
1094,Vb-432.FN560-MDE-RMS,432.FN560,,2025-01-12,2.19,1.8,0.97,
1095,Vb-432.FN560-MNDE-RMS,432.FN560,,2025-01-12,1.5,2.1,0.93,
1096,Vb-452.FN010-FDE-RMS,452.FN010,,2025-01-12,0.35,0.43,0.24,
1097,Vb-452.FN010-FNDE-RMS,452.FN010,,2025-01-12,0.59,0.27,0.4,
1098,Vb-452.FN010-MDE-RMS,452.FN010,,2025-01-12,0.43,0.28,0.16,
1099,Vb-452.FN010-MNDE-RMS,452.FN010,,2025-01-12,0.29,0.12,0.11,
1100,Vb-322.MD140-GBHSS0,322.MD140,,2024-12-25,,,,1.22
1101,Vb-322.MD140-GBHSS0,322.MD140,,2025-01-13,,,,0.18
1102,Vb-322.MD140-GBHSS1,322.MD140,,2024-12-25,,,,1.2
1103,Vb-322.MD140-GBHSS1,322.MD140,,2025-01-13,,,,0.38
1104,Vb-322.MD140-GBHSS6,322.MD140,,2024-12-25,,,,1.61
1105,Vb-322.MD140-GBHSS6,322.MD140,,2025-01-13,,,,0.12
1106,Vb-322.MD140-MDE-RMS,322.MD140,,2024-12-25,1.55,1.24,0.8,
1107,Vb-322.MD140-MDE-RMS,322.MD140,,2025-01-13,0.68,0.57,0.26,
1108,Vb-322.MD140-MNDE-RMS,322.MD140,,2024-12-25,1.55,1.09,1,
1109,Vb-322.MD140-MNDE-RMS,322.MD140,,2025-01-13,0.68,0.41,0.43,
1110,Vb-322.MD140-RG2,322.MD140,,2024-12-25,,,,2.08
1111,Vb-322.MD140-RG2,322.MD140,,2025-01-13,,,,2.35
1112,Vb-322.MD140-RG3,322.MD140,,2024-12-25,,,,0.84
1113,Vb-322.MD140-RG3,322.MD140,,2025-01-13,,,,0.98
1114,Vb-322.MD140-RG4,322.MD140,,2024-12-25,,,,2.21
1115,Vb-322.MD140-RG4,322.MD140,,2025-01-13,,,,2.2
1116,Vb-322.MD140-RG5,322.MD140,,2024-12-25,,,,0.99
1117,Vb-322.MD140-RG5,322.MD140,,2025-01-13,,,,0.91
1118,Vb-322.FN400-FDE-RMS,322.FN400,,2024-12-25,0.89,1.49,1.82,
1119,Vb-322.FN400-FDE-RMS,322.FN400,,2025-01-13,0.91,0.82,2.04,
1120,Vb-322.FN400-FNDE-RMS,322.FN400,,2024-12-25,0.98,0.68,1.74,
1121,Vb-322.FN400-FNDE-RMS,322.FN400,,2025-01-13,0.92,0.75,2.27,
1122,Vb-322.FN400-MDE-RMS,322.FN400,,2024-12-25,1.76,1.91,0.34,
1123,Vb-322.FN400-MDE-RMS,322.FN400,,2025-01-13,2.26,1.97,0.27,
1124,Vb-322.FN400-MNDE-RMS,322.FN400,,2024-12-25,1.27,0.54,0.42,
1125,Vb-322.FN400-MNDE-RMS,322.FN400,,2025-01-13,2.12,1.3,0.39,
1126,,322.MD152,Motor DE,2025-01-01,0.82,0.85,0.53,
1127,,322.MD152,Motor NDE,2025-01-01,0.84,0.82,0.78,
1128,,322.MD152,Shaft 1 inboard DE,2025-01-01,1.03,0.99,0.58,
1129,,322.MD152,Shaft 1 Outboard NDE,2025-01-01,0.92,0.7,0.95,
1130,,322.MD152,Shaft 2 inboard DE,2025-01-01,1.11,0.87,0.83,
1131,,322.MD152,Shaft 2  outboard NDE,2025-01-01,1.18,0.53,0.63,
1132,Vb-322.FN125-FDE-RMS,322.FN125,,2024-12-25,11.93,5.21,7.89,
1133,Vb-322.FN125-FDE-RMS,322.FN125,,2025-01-13,5.88,5.17,6.48,
1134,Vb-322.FN125-FNDE-RMS,322.FN125,,2024-12-25,4.17,3.97,5.73,
1135,Vb-322.FN125-FNDE-RMS,322.FN125,,2025-01-13,3.91,4.37,6.07,
1136,Vb-322.FN125-MDE-RMS,322.FN125,,2024-12-25,2.88,,,
1137,Vb-322.FN125-MDE-RMS,322.FN125,,2025-01-13,3.1,4.69,,
1138,Vb-322.FN125-MNDE-RMS,322.FN125,,2024-12-25,6.34,5.52,5.16,
1139,Vb-322.FN125-MNDE-RMS,322.FN125,,2025-01-13,8.29,6.98,7.45,
1140,Vb-533.MD302-MDE-RMS,533.MD302,,2024-12-11,10.32,6.42,1.71,
1141,Vb-533.MD302-MDE-RMS,533.MD302,,2024-12-24,2.47,1.08,0.55,
1142,Vb-533.MD302-MDE-RMS,533.MD302,,2024-12-25,7.39,3.74,1.26,
1143,Vb-533.MD302-MDE-RMS,533.MD302,,2025-01-10,3.48,2.22,0.93,
1144,Vb-533.MD302-MDE-RMS,533.MD302,,2025-01-15,2.67,1.85,1.12,
1145,Vb-533.MD302-MNDE-RMS,533.MD302,,2024-12-11,13.2,7.49,4.77,
1146,Vb-533.MD302-MNDE-RMS,533.MD302,,2024-12-24,2.02,1.65,,
1147,Vb-533.MD302-MNDE-RMS,533.MD302,,2024-12-25,8.69,4.32,,
1148,Vb-533.MD302-MNDE-RMS,533.MD302,,2025-01-10,3.29,3.41,1.76,
1149,Vb-533.MD302-MNDE-RMS,533.MD302,,2025-01-15,3.07,2.72,0.89,
1150,Vb-533.MD302-S1DE-RMS,533.MD302,,2024-12-11,11.07,6.74,1.57,
1151,Vb-533.MD302-S1DE-RMS,533.MD302,,2024-12-24,1.85,1.33,0.49,
1152,Vb-533.MD302-S1DE-RMS,533.MD302,,2024-12-25,6.89,4.39,1.38,
1153,Vb-533.MD302-S1DE-RMS,533.MD302,,2025-01-10,2.63,1.86,1.04,
1154,Vb-533.MD302-S1DE-RMS,533.MD302,,2025-01-15,2.63,2,1.33,
1155,Vb-533.MD302-S1NDE-RMS,533.MD302,,2024-12-11,12.93,5.93,1.36,
1156,Vb-533.MD302-S1NDE-RMS,533.MD302,,2024-12-24,1.85,0.97,0.43,
1157,Vb-533.MD302-S1NDE-RMS,533.MD302,,2024-12-25,6.17,3.39,1.13,
1158,Vb-533.MD302-S1NDE-RMS,533.MD302,,2025-01-10,2.45,1.52,0.9,
1159,Vb-533.MD302-S1NDE-RMS,533.MD302,,2025-01-15,2.51,2.23,0.88,
1160,Vb-533.MD302-S2DE-RMS,533.MD302,,2024-12-11,12.62,5.69,4.21,
1161,Vb-533.MD302-S2DE-RMS,533.MD302,,2024-12-24,1.38,1.29,0.54,
1162,Vb-533.MD302-S2DE-RMS,533.MD302,,2024-12-25,6.64,3.38,1.86,
1163,Vb-533.MD302-S2DE-RMS,533.MD302,,2025-01-10,2.59,1.95,1.06,
1164,Vb-533.MD302-S2DE-RMS,533.MD302,,2025-01-15,2.55,2.32,1.86,
1165,Vb-533.MD302-S2NDE-RMS,533.MD302,,2024-12-11,12.31,6.01,1.03,
1166,Vb-533.MD302-S2NDE-RMS,533.MD302,,2024-12-24,2.46,1.03,0.64,
1167,Vb-533.MD302-S2NDE-RMS,533.MD302,,2024-12-25,7.22,3.48,0.86,
1168,Vb-533.MD302-S2NDE-RMS,533.MD302,,2025-01-10,3.63,1.59,0.69,
1169,Vb-533.MD302-S2NDE-RMS,533.MD302,,2025-01-15,2.64,2.24,0.65,
1170,Vb-534.MD302-MDE-RMS,534.MD302,,2024-12-16,5.06,4.62,1.54,
1171,Vb-534.MD302-MDE-RMS,534.MD302,,2025-01-15,6.13,4.5,1.29,
1172,Vb-534.MD302-MNDE-RMS,534.MD302,,2024-12-16,4.35,6.07,2.66,
1173,Vb-534.MD302-MNDE-RMS,534.MD302,,2025-01-15,5.91,5.14,1.37,
1174,Vb-534.MD302-S1DE-RMS,534.MD302,,2024-12-16,3.74,2.66,1.55,
1175,Vb-534.MD302-S1DE-RMS,534.MD302,,2025-01-15,2.58,4.23,1.29,
1176,Vb-534.MD302-S1NDE-RMS,534.MD302,,2024-12-16,3.85,3.01,1.21,
1177,Vb-534.MD302-S1NDE-RMS,534.MD302,,2025-01-15,3.72,3.96,2.09,
1178,Vb-534.MD302-S2DE-RMS,534.MD302,,2024-12-16,3.36,2.36,0.81,
1179,Vb-534.MD302-S2DE-RMS,534.MD302,,2025-01-15,2.86,4.02,0.96,
1180,Vb-534.MD302-S2NDE-RMS,534.MD302,,2024-12-16,3.86,2.61,0.72,
1181,Vb-534.MD302-S2NDE-RMS,534.MD302,,2025-01-15,2.56,4.64,0.99,
1182,Vb-533.FN350-FDE-RMS,533.FN350,,2024-12-17,4.3,1.86,2.98,
1183,Vb-533.FN350-FDE-RMS,533.FN350,,2024-12-30,0.98,0.53,0.69,
1184,Vb-533.FN350-FDE-RMS,533.FN350,,2025-01-10,1.05,0.62,0.87,
1185,Vb-533.FN350-FNDE-RMS,533.FN350,,2024-12-17,3.66,2.07,2.66,
1186,Vb-533.FN350-FNDE-RMS,533.FN350,,2024-12-30,0.85,0.78,0.59,
1187,Vb-533.FN350-FNDE-RMS,533.FN350,,2025-01-10,0.83,0.87,0.44,
1188,Vb-533.FN350-MDE-RMS,533.FN350,,2024-12-17,1.49,0.78,0.91,
1189,Vb-533.FN350-MDE-RMS,533.FN350,,2024-12-30,0.83,0.55,0.68,
1190,Vb-533.FN350-MDE-RMS,533.FN350,,2025-01-10,0.84,0.58,0.27,
1191,Vb-533.FN350-MNDE-RMS,533.FN350,,2024-12-17,0.86,1.13,0.46,
1192,Vb-533.FN350-MNDE-RMS,533.FN350,,2024-12-30,0.62,0.59,0.39,
1193,Vb-533.FN350-MNDE-RMS,533.FN350,,2025-01-10,0.62,0.7,0.61,
1194,Vb-534.FN350-FDE-RMS,534.FN350,,2024-12-17,1.84,1.29,0.86,
1195,Vb-534.FN350-FDE-RMS,534.FN350,,2025-01-07,1.39,,,
1196,Vb-534.FN350-FDE-RMS,534.FN350,,2025-01-10,1.82,0.67,0.95,
1197,Vb-534.FN350-FNDE-RMS,534.FN350,,2024-12-17,1.5,0.64,0.48,
1198,Vb-534.FN350-FNDE-RMS,534.FN350,,2025-01-10,1.57,1.07,0.46,
1199,Vb-534.FN350-MDE-RMS,534.FN350,,2024-12-17,0.99,0.68,0.46,
1200,Vb-534.FN350-MDE-RMS,534.FN350,,2025-01-07,0.83,0.59,0.42,
1201,Vb-534.FN350-MDE-RMS,534.FN350,,2025-01-10,0.99,0.63,0.37,
1202,Vb-534.FN350-MNDE-RMS,534.FN350,,2024-12-17,1,1.13,0.51,
1203,Vb-534.FN350-MNDE-RMS,534.FN350,,2025-01-07,0.79,0.5,0.52,
1204,Vb-534.FN350-MNDE-RMS,534.FN350,,2025-01-10,0.94,0.47,0.46,
1205,Vb-533.FN530-FDE-RMS,533.FN530,,2024-12-16,5.71,2.88,2.55,
1206,Vb-533.FN530-FDE-RMS,533.FN530,,2025-01-10,8.76,10.9,1.97,
1207,Vb-533.FN530-FNDE-RMS,533.FN530,,2024-12-16,9.41,4.79,2.7,
1208,Vb-533.FN530-FNDE-RMS,533.FN530,,2025-01-10,16.75,16,1.82,
1209,Vb-533.FN530-MDE-RMS,533.FN530,,2024-12-16,1.89,3.2,2.37,
1210,Vb-533.FN530-MDE-RMS,533.FN530,,2025-01-10,1.27,2.7,1.37,
1211,Vb-533.FN530-MNDE-RMS,533.FN530,,2024-12-16,4.07,3.18,2.11,
1212,Vb-533.FN530-MNDE-RMS,533.FN530,,2025-01-10,6.85,1.75,2.35,
1213,Vb-534.FN530-FDE-RMS,534.FN530,,2024-12-16,3.39,3.48,3.8,
1214,Vb-534.FN530-FDE-RMS,534.FN530,,2025-01-10,9.7,3.98,3.94,
1215,Vb-534.FN530-FNDE-RMS,534.FN530,,2024-12-16,7.94,9.43,4.13,
1216,Vb-534.FN530-FNDE-RMS,534.FN530,,2025-01-10,14.85,10.23,4.15,
1217,Vb-534.FN530-MDE-RMS,534.FN530,,2024-12-16,2.54,5.44,3.34,
1218,Vb-534.FN530-MDE-RMS,534.FN530,,2025-01-10,2.93,4.77,1.83,
1219,Vb-534.FN530-MNDE-RMS,534.FN530,,2024-12-16,6.09,3.34,3.59,
1220,Vb-534.FN530-MNDE-RMS,534.FN530,,2025-01-10,5.88,2.34,2.83,
1221,,351.BL115,BL DE,2025-02-03,6.87,5.94,4.24,
1222,,351.BL115,BL NDE,2025-02-03,8.02,7.46,4.73,
1223,,351.BL115,Motor DE,2025-02-03,4.5,3.29,2.05,
1224,,351.BL115,Motor NDE,2025-02-03,3.25,3.37,4,
1225,Vb-612.BL300-BLDE-RMS,612.BL300,,2025-02-19,4.12,4.19,6.5,
1226,Vb-612.BL300-BLNDE-RMS,612.BL300,,2025-02-19,8.19,8.57,5.8,
1227,Vb-612.BL300-MDE-RMS,612.BL300,,2025-02-19,7.14,2.65,7.57,
1228,Vb-612.BL300-MNDE-RMS,612.BL300,,2025-02-19,3.37,4.86,8.38,
1229,Vb-341.BL300-BLDE-RMS,341.BL300,,2025-02-03,3.22,2.49,3.76,
1230,Vb-341.BL300-BLNDE-RMS,341.BL300,,2025-02-03,3.87,3.98,3.7,
1231,Vb-341.BL300-MDE-RMS,341.BL300,,2025-02-03,2.08,7.07,11.5,
1232,Vb-341.BL300-MNDE-RMS,341.BL300,,2025-02-03,6.36,2.49,12.25,
1233,Vb-341.BL305-BLDE-RMS,341.BL305,,2025-02-03,4.29,3.42,3.74,
1234,Vb-341.BL305-BLNDE-RMS,341.BL305,,2025-02-03,5.96,5.18,3.89,
1235,Vb-341.BL305-MDE-RMS,341.BL305,,2025-02-03,3.56,5.99,7.27,
1236,Vb-341.BL305-MNDE-RMS,341.BL305,,2025-02-03,3.45,2.83,6.29,
1237,Vb-341.BL310-BLDE-RMS,341.BL310,,2025-02-03,5.57,2.98,4.97,
1238,Vb-341.BL310-BLNDE-RMS,341.BL310,,2025-01-27,5.13,3.85,6.26,
1239,Vb-341.BL310-MDE-RMS,341.BL310,,2025-02-03,5.63,2.32,4.36,
1240,Vb-341.BL310-MNDE-RMS,341.BL310,,2025-02-03,5.57,7.13,7.09,
1241,Vb-465.BL580-BLDE-RMS,465.BL580,,2025-02-04,7.35,10.96,6.87,
1242,Vb-465.BL580-BLNDE-RMS,465.BL580,,2025-02-04,5.32,5.27,6.03,
1243,Vb-465.BL580-MDE-RMS,465.BL580,,2025-02-04,2.76,2.71,2.17,
1244,Vb-465.BL580-MNDE-RMS,465.BL580,,2025-02-04,1.82,2.44,2.47,
1245,Vb-465.BL630-BLDE-RMS,465.BL630,,2025-02-04,2.23,3.76,4.24,
1246,Vb-465.BL630-BLNDE-RMS,465.BL630,,2025-02-04,2.84,3.09,4.09,
1247,Vb-465.BL630-MDE-RMS,465.BL630,,2025-02-04,2.17,1.39,1.41,
1248,Vb-465.BL630-MNDE-RMS,465.BL630,,2025-02-04,2.78,2.35,2.59,
1249,Vb-461.FN450-FDE-RMS,461.FN450,,2025-02-12,0.22,0.1,0.16,
1250,Vb-461.FN450-FNDE-RMS,461.FN450,,2025-02-12,0.2,0.5,0.49,
1251,Vb-461.FN450-MDE-RMS,461.FN450,,2025-02-12,0.22,0.15,0.14,
1252,Vb-461.FN450-MNDE-RMS,461.FN450,,2025-02-12,0.2,0.08,0.13,
1253,Vb-341.BE040-MDE-RMS,341.BE040,,2025-02-18,1.43,1.34,1.71,
1254,Vb-341.BE040-MNDE-RMS,341.BE040,,2025-02-18,3.73,2.67,1.8,
1255,Vb-341.BE040-S1NDE-RMS,341.BE040,,2025-02-18,1.51,1.28,1.25,
1256,Vb-341.BE040-S2NDE-RMS,341.BE040,,2025-02-18,1.49,1.35,1.2,
1257,Vb-341.BE040-S3DE-RMS,341.BE040,,2025-02-18,1.34,1.7,1.25,
1258,Vb-341.BE040-S3NDE-RMS,341.BE040,,2025-02-18,1.45,1.68,1.39,
1259,Vb-351.BE340-MDE-RMS,351.BE340,,2025-02-05,1.59,1.29,1.12,
1260,Vb-351.BE340-MNDE-RMS,351.BE340,,2025-02-05,2.31,2.45,2.22,
1261,Vb-351.BE340-S1NDE-RMS,351.BE340,,2025-02-05,1.03,1.57,1.27,
1262,Vb-351.BE340-S2NDE-RMS,351.BE340,,2025-02-05,1.34,1.78,1.15,
1263,Vb-351.BE340-S3DE-RMS,351.BE340,,2025-02-05,0.81,1.97,0.78,
1264,Vb-351.BE340-S3NDE-RMS,351.BE340,,2025-02-05,0.98,2.36,0.91,
1265,Vb-342.BE041-MDE-RMS,342.BE041,,2025-02-18,1.93,2.72,2.07,
1266,Vb-342.BE041-MNDE-RMS,342.BE041,,2025-02-18,2.87,2.49,2.19,
1267,Vb-342.BE041-S1NDE-RMS,342.BE041,,2025-02-18,1.51,2.06,1.89,
1268,Vb-342.BE041-S2NDE-RMS,342.BE041,,2025-02-18,1.33,1.47,1.22,
1269,Vb-342.BE041-S3DE-RMS,342.BE041,,2025-02-18,1.47,2.12,1.59,
1270,Vb-342.BE041-S3NDE-RMS,342.BE041,,2025-02-18,1.55,1.98,1.6,
1271,Vb-351.BE341-MDE-RMS,351.BE341,,2025-02-05,1.84,1.96,1.16,
1272,Vb-351.BE341-MNDE-RMS,351.BE341,,2025-02-05,1.46,2.62,1.15,
1273,Vb-351.BE341-S1NDE-RMS,351.BE341,,2025-02-05,0.9,1.67,1.32,
1274,Vb-351.BE341-S2NDE-RMS,351.BE341,,2025-02-05,1.01,1.78,0.98,
1275,Vb-351.BE341-S3DE-RMS,351.BE341,,2025-02-05,1.07,1.82,0.84,
1276,Vb-351.BE341-S3NDE-RMS,351.BE341,,2025-02-05,1.33,2.51,1.58,
1277,Vb-451.FN240-FDE-RMS,451.FN240,,2025-02-04,0.71,0.67,0.49,
1278,Vb-451.FN240-FNDE-RMS,451.FN240,,2025-02-04,0.48,0.26,0.21,
1279,Vb-451.FN240-MDE-RMS,451.FN240,,2025-02-04,0.58,0.54,0.4,
1280,Vb-451.FN240-MNDE-RMS,451.FN240,,2025-02-04,0.38,0.4,0.44,
1281,Vb-451.WI111-MDE-RMS,451.WI111,,2025-02-04,9.72,4.1,3.38,
1282,Vb-451.WI111-MNDE-RMS,451.WI111,,2025-02-04,2.23,2.13,2.98,
1283,Vb-451.WI111-PDE-RMS,451.WI111,,2025-02-04,3.8,9.61,4.31,
1284,Vb-451.WI111-PNDE-RMS,451.WI111,,2025-02-04,2.66,3,5.05,
1285,Vb-531.BE220-MDE-RMS,531.BE220,,2025-02-19,7.18,6.69,7.21,
1286,Vb-531.BE220-MNDE-RMS,531.BE220,,2025-02-19,8.89,11.74,6.38,
1287,Vb-531.BE220-S1DE-RMS,531.BE220,,2025-02-19,4.11,7.1,6.5,
1288,Vb-531.BE220-S2DE-RMS,531.BE220,,2025-02-19,6.48,5.33,3.06,
1289,Vb-531.BE220-S2NDE-RMS,531.BE220,,2025-02-19,5.79,0,8.63,
1290,Vb-532.BE220-MDE-RMS,532.BE220,,2025-02-19,4.06,5.87,4.74,
1291,Vb-532.BE220-MNDE-RMS,532.BE220,,2025-02-19,6.74,13.81,5.8,
1292,,532.BE220,Shaft 1 inboard  DE,2025-02-19,2.42,5.75,5.23,
1293,,532.BE220,Shaft 2  inboard  DE,2025-02-19,4.45,3.21,2.27,
1294,,532.BE220,Shaft 2  outboard NDE,2025-02-19,4.98,3.65,3.1,
1295,Vb-531.MD140-MDE-RMS,531.MD140,,2025-02-18,1.44,1.75,0.6,
1296,Vb-531.MD140-MNDE-RMS,531.MD140,,2025-02-18,0.78,0.71,0.63,
1297,Vb-531.MD140-S1DE-RMS,531.MD140,,2025-02-18,5.73,5.79,3.38,
1298,Vb-531.MD140-S1NDE-RMS,531.MD140,,2025-02-18,4.72,2.74,5.13,
1299,Vb-531.MD140-S2DE-RMS,531.MD140,,2025-02-18,2.88,2.81,2.9,
1300,Vb-531.MD140-S2NDE-RMS,531.MD140,,2025-02-18,1.82,3.21,3.65,
1301,Vb-531.MD140-S3DE-RMS,531.MD140,,2025-02-18,2.29,3.09,1.91,
1302,Vb-531.MD140-S3NDE-RMS,531.MD140,,2025-02-18,2.52,2.63,4.72,
1303,Vb-531.MD140-S4DE-RMS,531.MD140,,2025-02-18,2.95,2.31,3.4,
1304,Vb-531.MD140-S4NDE-RMS,531.MD140,,2025-02-18,1.91,2.95,2.73,
1305,Vb-532.MD140-MDE-RMS,532.MD140,,2025-02-18,1.37,1.55,1.1,
1306,Vb-532.MD140-MNDE-RMS,532.MD140,,2025-02-18,0.93,0.89,0.79,
1307,Vb-532.MD140-S1DE-RMS,532.MD140,,2025-02-18,6,5.71,3.8,
1308,Vb-532.MD140-S1NDE-RMS,532.MD140,,2025-02-18,3.18,3.56,4.29,
1309,Vb-532.MD140-S2DE-RMS,532.MD140,,2025-02-18,3.16,2.85,3.08,
1310,Vb-532.MD140-S2NDE-RMS,532.MD140,,2025-02-18,2.02,3.32,3.17,
1311,Vb-532.MD140-S3DE-RMS,532.MD140,,2025-02-18,2.96,3.12,3.08,
1312,Vb-532.MD140-S3NDE-RMS,532.MD140,,2025-02-18,2.14,2.12,4.34,
1313,Vb-532.MD140-S4DE-RMS,532.MD140,,2025-02-18,3.09,3.15,3.6,
1314,Vb-532.MD140-S4NDE-RMS,532.MD140,,2025-02-18,2.23,3.03,2.2,
1315,Vb-341.FN315-FDE-RMS,341.FN315,,2025-01-26,4.7,2.14,4.41,
1316,Vb-341.FN315-FNDE-RMS,341.FN315,,2025-01-26,3.93,2.14,4.78,
1317,Vb-341.FN315-MDE-RMS,341.FN315,,2025-01-26,3.93,2.76,,
1318,Vb-341.FN315-MNDE-RMS,341.FN315,,2025-01-26,2.5,4.25,2.49,
1319,Vb-341.FN316-FDE-RMS,341.FN316,,2025-02-05,7.41,4.31,6.01,
1320,Vb-341.FN316-FNDE-RMS,341.FN316,,2025-02-05,8.12,6.11,6.27,
1321,Vb-341.FN316-MDE-RMS,341.FN316,,2025-02-05,5.29,8.3,,
1322,Vb-341.FN316-MNDE-RMS,341.FN316,,2025-02-05,5.88,10.99,8.37,
1323,Vb-441.CR400-CRDE-RMS,441.CR400,,2025-02-02,1.78,1.94,1.11,
1324,Vb-441.CR400-CRNDE-RMS,441.CR400,,2025-02-02,1.23,1.32,1.08,
1325,Vb-441.CR400-MDE-RMS,441.CR400,,2025-02-02,1.06,1.16,1.17,
1326,Vb-441.CR400-MNDE-RMS,441.CR400,,2025-02-02,1.05,0.9,1.1,
1327,Vb-461.MD140-MDE-RMS,461.MD140,,2025-02-12,0.58,0.42,0.45,
1328,Vb-461.MD140-MNDE-RMS,461.MD140,,2025-02-12,0.41,0.32,0.28,
1329,Vb-461.MD140-PHSS-RMS,461.MD140,,2025-02-12,0.59,0.49,0.98,
1330,Vb-461.MD140-RGT-RMS,461.MD140,,2025-02-12,1.08,0.71,1.11,
1331,Vb-461.FN125-FDE-RMS,461.FN125,,2025-02-12,3.28,4.12,4.96,
1332,Vb-461.FN125-FNDE-RMS,461.FN125,,2025-02-12,4.54,3.95,6.3,
1333,Vb-461.FN125-MDE-RMS,461.FN125,,2025-02-12,3.63,3.83,,
1334,Vb-461.FN125-MNDE-RMS,461.FN125,,2025-01-29,,,3.4,
1335,Vb-461.FN125-MNDE-RMS,461.FN125,,2025-02-12,1.29,3.85,,
1336,Vb-331.WI210-MDE-RMS,331.WI210,,2025-02-05,4.94,4.26,3.31,
1337,Vb-331.WI210-MNDE-RMS,331.WI210,,2025-02-05,1.83,1.72,0.61,
1338,Vb-331.WI210-PDE-RMS,331.WI210,,2025-02-05,2.07,3.7,0.79,
1339,Vb-331.WI210-PNDE-RMS,331.WI210,,2025-02-05,0.78,0.78,0.89,
1340,Vb-441.FN300-FDE-RMS,441.FN300,,2025-03-03,2.69,2.68,1.86,
1341,Vb-441.FN300-FNDE-RMS,441.FN300,,2025-03-03,4.15,3.9,1.83,
1342,Vb-441.FN300-MDE-RMS,441.FN300,,2025-03-03,1.98,3.16,2.32,
1343,Vb-441.FN300-MNDE-RMS,441.FN300,,2025-03-03,1.92,2.61,2.27,
1344,Vb-441.FN305-FDE-RMS,441.FN305,,2025-03-03,1.54,1.71,0.9,
1345,Vb-441.FN305-FNDE-RMS,441.FN305,,2025-03-03,1.65,1.24,1.04,
1346,Vb-441.FN305-MDE-RMS,441.FN305,,2025-03-03,1.58,2.23,1.98,
1347,Vb-441.FN305-MNDE-RMS,441.FN305,,2025-03-03,1.07,1.51,0.89,
1348,Vb-441.FN310-FDE-RMS,441.FN310,,2025-03-03,1.25,0.72,0.71,
1349,Vb-441.FN310-FNDE-RMS,441.FN310,,2025-03-03,1.35,1.12,0.56,
1350,Vb-441.FN310-MDE-RMS,441.FN310,,2025-03-03,1.84,0.99,0.72,
1351,Vb-441.FN310-MNDE-RMS,441.FN310,,2025-03-03,1.39,1.2,1.11,
1352,Vb-441.FN315-FDE-RMS,441.FN315,,2025-03-03,2.87,1.6,2.24,
1353,Vb-441.FN315-FNDE-RMS,441.FN315,,2025-03-03,5.27,4.88,2.35,
1354,Vb-441.FN315-MDE-RMS,441.FN315,,2025-03-03,3.4,2.33,3.47,
1355,Vb-441.FN315-MNDE-RMS,441.FN315,,2025-03-03,4.49,3.48,1.88,
1356,Vb-441.FN325-FDE-RMS,441.FN325,,2025-03-03,0.76,0.82,1.12,
1357,Vb-441.FN325-FNDE-RMS,441.FN325,,2025-03-03,1.16,1.2,0.89,
1358,Vb-441.FN325-MDE-RMS,441.FN325,,2025-03-03,1.56,1.79,1.97,
1359,Vb-441.FN325-MNDE-RMS,441.FN325,,2025-03-03,1.05,1.69,0.96,
1360,Vb-441.FN335-FDE-RMS,441.FN335,,2025-03-03,2.25,2.26,0.67,
1361,Vb-441.FN335-FNDE-RMS,441.FN335,,2025-03-03,2.63,1.15,0.64,
1362,Vb-441.FN335-MDE-RMS,441.FN335,,2025-03-03,2.39,2.19,0.67,
1363,Vb-441.FN335-MNDE-RMS,441.FN335,,2025-03-03,1.85,1.08,1.21,
1364,Vb-441.FN340-FDE-RMS,441.FN340,,2025-02-02,0.45,0.45,0.37,
1365,Vb-441.FN340-FNDE-RMS,441.FN340,,2025-02-02,0.59,0.58,0.36,
1366,Vb-441.FN340-MDE-RMS,441.FN340,,2025-02-02,0.81,0.92,0.31,
1367,Vb-441.FN340-MNDE-RMS,441.FN340,,2025-02-02,0.47,0.44,0.28,
1368,Vb-441.FN345-FDE-RMS,441.FN345,,2025-02-02,2.43,0.46,0.6,
1369,Vb-441.FN345-FNDE-RMS,441.FN345,,2025-02-02,3.53,1.5,0.69,
1370,Vb-441.FN345-MDE-RMS,441.FN345,,2025-02-02,3.11,2.48,0.78,
1371,Vb-441.FN345-MNDE-RMS,441.FN345,,2025-02-02,3.12,0.52,1.04,
1372,Vb-441.FN350-FDE-RMS,441.FN350,,2025-02-02,0.39,0.59,1.04,
1373,Vb-441.FN350-FNDE-RMS,441.FN350,,2025-02-02,0.66,0.75,0.64,
1374,Vb-441.FN350-MDE-RMS,441.FN350,,2025-02-02,0.66,0.81,0.9,
1375,Vb-441.FN350-MNDE-RMS,441.FN350,,2025-02-02,0.38,0.74,0.52,
1376,Vb-741.CP110-CDE-RMS,741.CP110,,2025-02-04,6.6,6.5,3.38,
1377,Vb-741.CP110-CNDE-RMS,741.CP110,,2025-02-04,5.89,4.95,5.49,
1378,Vb-741.CP110-MDE-RMS,741.CP110,,2025-02-04,2.85,4.61,4.25,
1379,Vb-741.CP110-MNDE-RMS,741.CP110,,2025-02-04,2.17,3.81,4.89,
1380,Vb-742.CP110-CDE-RMS,742.CP110,,2025-02-06,1.53,2.28,1.32,
1381,Vb-742.CP110-CNDE-RMS,742.CP110,,2025-02-06,2.16,3.23,1.42,
1382,Vb-742.CP110-MDE-RMS,742.CP110,,2025-02-06,1.28,1.22,0.99,
1383,Vb-742.CP110-MNDE-RMS,742.CP110,,2025-02-06,1.26,1.37,1.69,
1384,Vb-741.CP111-CDE-RMS,741.CP111,,2025-02-04,3,3.9,3.78,
1385,Vb-741.CP111-CNDE-RMS,741.CP111,,2025-02-04,6.87,5.24,5.23,
1386,Vb-741.CP111-MDE-RMS,741.CP111,,2025-02-04,3.6,1.52,3.52,
1387,Vb-741.CP111-MNDE-RMS,741.CP111,,2025-02-04,2.6,1.97,4.11,
1388,Vb-742.CP111-CDE-RMS,742.CP111,,2025-02-06,2.71,6.3,5.49,
1389,Vb-742.CP111-CNDE-RMS,742.CP111,,2025-02-06,4.49,6.74,3.84,
1390,Vb-742.CP111-MDE-RMS,742.CP111,,2025-02-06,2.36,3.33,3.57,
1391,Vb-742.CP111-MNDE-RMS,742.CP111,,2025-02-06,2.26,1.73,2.64,
1392,Vb-741.CP112-CDE-RMS,741.CP112,,2025-02-04,6.02,4.37,5.61,
1393,Vb-741.CP112-CNDE-RMS,741.CP112,,2025-02-04,4.29,5.34,5.44,
1394,Vb-741.CP112-MDE-RMS,741.CP112,,2025-02-04,4.02,3.46,3.43,
1395,Vb-741.CP112-MNDE-RMS,741.CP112,,2025-02-04,6.15,2.12,3.93,
1396,Vb-741.CP113-CDE-RMS,741.CP113,,2025-02-04,7.81,5.43,3.54,
1397,Vb-741.CP113-CNDE-RMS,741.CP113,,2025-02-04,5.33,3.73,5.28,
1398,Vb-741.CP113-MDE-RMS,741.CP113,,2025-02-04,3.05,6.86,9.64,
1399,Vb-741.CP113-MNDE-RMS,741.CP113,,2025-02-04,6.63,2.37,6.06,
1400,Vb-742.CP113-CDE-RMS,742.CP113,,2025-02-06,1.13,1.2,1.75,
1401,Vb-742.CP113-CNDE-RMS,742.CP113,,2025-02-06,2.42,1.29,2.24,
1402,Vb-742.CP113-MDE-RMS,742.CP113,,2025-02-06,2.09,1.71,1.17,
1403,Vb-742.CP113-MNDE-RMS,742.CP113,,2025-02-06,2.08,2.13,1.12,
1404,Vb-331.CP280-CDE-RMS,331.CP280,,2025-02-04,5,3.09,2.73,
1405,Vb-331.CP280-CNDE-RMS,331.CP280,,2025-02-04,5.04,3.01,3.67,
1406,Vb-331.CP280-MDE-RMS,331.CP280,,2025-02-04,2.21,2.33,2.7,
1407,Vb-331.CP280-MNDE-RMS,331.CP280,,2025-02-04,5.2,2.94,2.99,
1408,Vb-331.CP281-CDE-RMS,331.CP281,,2025-02-04,2.71,2.71,4.45,
1409,Vb-331.CP281-CNDE-RMS,331.CP281,,2025-02-04,4.6,2.66,2.63,
1410,Vb-331.CP281-MDE-RMS,331.CP281,,2025-02-04,3.2,3.08,4.49,
1411,Vb-331.CP281-MNDE-RMS,331.CP281,,2025-02-04,6.32,8.96,5.39,
1412,Vb-461.CP524-CDE-RMS,461.CP524,,2025-02-12,2.4,1.88,1.89,
1413,Vb-461.CP524-CNDE-RMS,461.CP524,,2025-02-12,3.52,3.05,2.83,
1414,Vb-461.CP524-MDE-RMS,461.CP524,,2025-01-29,,,2.51,
1415,Vb-461.CP524-MDE-RMS,461.CP524,,2025-02-12,1.12,1.15,,
1416,Vb-461.CP524-MNDE-RMS,461.CP524,,2025-02-12,1.53,3.12,1.4,
1417,,461.CP525,Compressor DE,2025-01-29,,,2.11,
1418,,461.CP525,Compressor DE,2025-02-12,4.59,2.64,,
1419,,461.CP525,Compressor NDE,2025-02-12,2.75,2.25,3.83,
1420,,461.CP525,Motor DE,2025-02-12,2.92,1.28,1.76,
1421,,461.CP525,Motor NDE,2025-02-12,0.97,1.46,1.48,
1422,Vb-111.CP400-CDE-RMS,111.CP400,,2025-02-27,2.21,2.48,2.59,
1423,Vb-111.CP400-CNDE-RMS,111.CP400,,2025-02-27,4.17,1.83,3.38,
1424,Vb-111.CP400-MDE-RMS,111.CP400,,2025-02-27,3.84,5.88,1.71,
1425,Vb-111.CP400-MNDE-RMS,111.CP400,,2025-02-27,2.08,3.04,1.29,
1426,Vb-331.FN400-FDE-RMS,331.FN400,,2025-02-19,1.04,0.47,0.56,
1427,Vb-331.FN400-FNDE-RMS,331.FN400,,2025-01-30,,,0.28,
1428,Vb-331.FN400-FNDE-RMS,331.FN400,,2025-02-19,1.19,0.91,,
1429,Vb-331.FN400-MDE-RMS,331.FN400,,2025-02-19,0.7,0.22,0.2,
1430,Vb-331.FN400-MNDE-RMS,331.FN400,,2025-02-19,0.52,0.16,0.25,
1431,Vb-441.FN.590-FDE-RMS,441.FN590,,2025-02-25,0.56,0.37,0.41,
1432,Vb-441.FN.590-FNDE-RMS,441.FN590,,2025-02-25,1.06,1.19,0.27,
1433,Vb-441.FN.590-MDE-RMS,441.FN590,,2025-02-24,0.78,0.5,0.4,
1434,Vb-441.FN.590-MNDE-RMS,441.FN590,,2025-02-24,0.55,0.24,0.19,
1435,Vb-441.FN.590-S1DE-RMS,441.FN590,,2025-02-24,0.57,0.52,0.33,
1436,Vb-441.FN.590-S1NDE-RMS,441.FN590,,2025-02-24,0.61,0.35,0.16,
1437,Vb-441.FN.590-S2DE-RMS,441.FN590,,2025-02-24,0.81,0.25,0.44,
1438,Vb-441.FN.590-S2NDE-RMS,441.FN590,,2025-02-24,0.65,0.27,0.45,
1439,Vb-461.PP513-MDE-RMS,461.PP513,,2025-02-12,0.62,0.41,0.14,
1440,Vb-461.PP513-MNDE-RMS,461.PP513,,2025-02-12,0.48,0.15,0.3,
1441,Vb-461.PP513-PDE-RMS,461.PP513,,2025-02-12,2.16,1.36,1.43,
1442,Vb-461.PP513-PNDE-RMS,461.PP513,,2025-02-12,1.33,0.91,0.41,
1443,Vb-331.FN110-FDE-RMS,331.FN110,,2025-02-04,,0.57,0.71,
1444,Vb-331.FN110-FDE-RMS,331.FN110,,2025-02-10,1.34,,,
1445,Vb-331.FN110-FNDE-RMS,331.FN110,,2025-02-04,,0.79,0.99,
1446,Vb-331.FN110-FNDE-RMS,331.FN110,,2025-02-10,1.64,,,
1447,Vb-331.FN110-MDE-RMS,331.FN110,,2025-02-04,1.03,0.23,0.35,
1448,Vb-331.FN110-MNDE-RMS,331.FN110,,2025-02-04,0.66,1.04,0.61,
1449,Vb-431.MD140-MDE-RMS,431.MD140,,2025-02-05,0.38,0.19,0.31,
1450,Vb-431.MD140-MNDE-RMS,431.MD140,,2025-02-05,0.32,0.21,0.3,
1451,Vb-431.MD140-S1DE-RMS,431.MD140,,2025-02-05,0.38,0.34,0.53,
1452,Vb-431.MD140-S1NDE-RMS,431.MD140,,2025-02-05,0.54,0.34,0.52,
1453,Vb-431.MD140-S2DE-RMS,431.MD140,,2025-02-05,0.45,0.29,0.52,
1454,Vb-431.MD140-S2NDE-RMS,431.MD140,,2025-02-05,0.38,0.33,0.59,
1455,Vb-431.MD140-S3DE-RMS,431.MD140,,2025-02-05,0.41,0.29,0.58,
1456,Vb-431.MD140-S3NDE-RMS,431.MD140,,2025-02-05,0.41,0.32,0.58,
1457,Vb-431.MD140-S4DE-RMS,431.MD140,,2025-02-05,0.46,0.23,0.6,
1458,Vb-431.MD140-S4NDE-RMS,431.MD140,,2025-02-05,0.4,0.26,0.68,
1459,Vb-431.MD160-MDE-RMS,431.MD160,,2025-02-05,0.4,0.31,0.28,
1460,Vb-431.MD160-MNDE-RMS,431.MD160,,2025-02-05,0.39,0.36,0.31,
1461,Vb-431.MD160-S1DE-RMS,431.MD160,,2025-02-05,0.34,0.33,0.35,
1462,Vb-431.MD160-S1NDE-RMS,431.MD160,,2025-02-05,0.39,0.35,0.68,
1463,Vb-431.MD160-S2DE-RMS,431.MD160,,2025-02-05,0.39,0.31,0.42,
1464,Vb-431.MD160-S2NDE-RMS,431.MD160,,2025-02-05,0.47,0.33,0.46,
1465,Vb-431.MD160-S3DE-RMS,431.MD160,,2025-02-05,0.39,0.33,0.46,
1466,Vb-431.MD160-S3NDE-RMS,431.MD160,,2025-02-05,0.43,0.27,0.62,
1467,Vb-431.MD160-S4DE-RMS,431.MD160,,2025-02-05,0.36,0.27,0.38,
1468,Vb-431.MD160-S4NDE-RMS,431.MD160,,2025-02-05,0.33,0.24,0.6,
1469,Vb-431.FN171-FDE-RMS,431.FN171,,2025-02-05,0.9,0.82,0.92,
1470,Vb-431.FN171-FNDE-RMS,431.FN171,,2025-02-05,0.95,1,0.89,
1471,Vb-431.FN171-MDE-RMS,431.FN171,,2025-02-05,0.91,1.15,1.13,
1472,Vb-431.FN171-MNDE-RMS,431.FN171,,2025-02-05,0.61,1.09,0.77,
1473,Vb-431.FN176-FDE-RMS,431.FN176,,2025-03-03,0.61,0.37,0.33,
1474,Vb-431.FN176-FNDE-RMS,431.FN176,,2025-03-03,0.75,0.62,0.36,
1475,Vb-431.FN176-MDE-RMS,431.FN176,,2025-03-03,0.6,0.57,0.47,
1476,Vb-431.FN176-MNDE-RMS,431.FN176,,2025-03-03,0.38,0.48,0.26,
1477,Vb-111.HC100-MDE-RMS,111.HC100,,2025-02-27,1.32,1.35,0.85,
1478,Vb-111.HC100-MNDE-RMS,111.HC100,,2025-02-27,0.7,0.36,0.72,
1479,Vb-111.HC100-RDE-RMS,111.HC100,,2025-02-27,0.34,0.48,0.37,
1480,Vb-111.HC100-RNDE-RMS,111.HC100,,2025-02-27,0.27,0.09,0.16,
1481,Vb-111.HC100-S1DE-RMS,111.HC100,,2025-02-27,1.09,0.76,0.67,
1482,Vb-111.HC100-S1NDE-RMS,111.HC100,,2025-02-27,0.92,0.53,0.54,
1483,Vb-111.HC100-S2DE-RMS,111.HC100,,2025-02-27,0.5,0.2,0.3,
1484,Vb-111.HC100-S2NDE-RMS,111.HC100,,2025-02-27,0.28,0.44,1.25,
1485,Vb-461.FN400-FDE-RMS,461.FN400,,2025-02-12,1.48,0.86,0.92,
1486,Vb-461.FN400-FNDE-RMS,461.FN400,,2025-02-12,1.21,0.67,0.84,
1487,Vb-461.FN400-MDE-RMS,461.FN400,,2025-02-12,0.91,0.81,0.4,
1488,Vb-461.FN400-MNDE-RMS,461.FN400,,2025-02-12,0.63,0.38,0.4,
1489,Vb-641.BE050-MDE-RMS,641.BE050,,2025-02-20,4.19,5.07,3.69,
1490,Vb-641.BE050-MNDE-RMS,641.BE050,,2025-02-20,5.25,3.64,4.45,
1491,,641.BE050,Shaft 1 inboard  DE,2025-02-20,3.06,5.5,2.78,
1492,,641.BE050,Shaft 2  inboard  DE,2025-02-20,2.16,4.96,1.93,
1493,,641.BE050,Shaft 2  outboard NDE,2025-02-20,2.94,4.31,3.01,
1494,Vb-642.BE050-MDE-RMS,642.BE050,,2025-02-20,3.9,2.55,4.75,
1495,Vb-642.BE050-MNDE-RMS,642.BE050,,2025-02-20,4.93,3.36,4.07,
1496,,642.BE050,Shaft 1 inboard  DE,2025-02-20,1.98,2.98,3.6,
1497,,642.BE050,Shaft 2  inboard  DE,2025-02-20,2.22,2.96,1.5,
1498,,642.BE050,Shaft 2  outboard NDE,2025-02-20,2.98,3.26,3.34,
1499,Vb-643.BE050-MDE-RMS,643.BE050,,2025-02-20,2.77,3.18,4.21,
1500,Vb-643.BE050-MNDE-RMS,643.BE050,,2025-02-20,4.23,2.97,4.32,
1501,,643.BE050,Shaft 1 inboard  DE,2025-02-20,2.59,3.58,4.18,
1502,,643.BE050,Shaft 2  inboard  DE,2025-02-20,3.17,2.94,1.59,
1503,,643.BE050,Shaft 2  outboard NDE,2025-02-20,3.95,2.97,2.07,
1504,Vb-644.BE050-MDE-RMS,644.BE050,,2025-02-23,3.56,3.97,5.19,
1505,Vb-644.BE050-MNDE-RMS,644.BE050,,2025-02-23,5.02,3.98,4.9,
1506,,644.BE050,Shaft 1 inboard  DE,2025-02-23,2.94,4.54,4.74,
1507,,644.BE050,Shaft 2  inboard  DE,2025-02-23,3.15,4.3,2.23,
1508,,644.BE050,Shaft 2  outboard NDE,2025-02-23,4.89,4.62,3.67,
1509,Vb-645.BE050-MDE-RMS,645.BE050,,2025-02-23,3.35,3.13,3.25,
1510,Vb-645.BE050-MNDE-RMS,645.BE050,,2025-02-23,4.93,3.25,2.97,
1511,,645.BE050,Shaft 1 inboard  DE,2025-02-23,2.63,2.95,2.99,
1512,,645.BE050,Shaft 2  inboard  DE,2025-02-23,2.45,3.16,2.4,
1513,,645.BE050,Shaft 2  outboard NDE,2025-02-23,2.97,3.23,2.85,
1514,Vb-646.BE050-MDE-RMS,646.BE050,,2025-02-23,3.59,3.52,5.97,
1515,Vb-646.BE050-MNDE-RMS,646.BE050,,2025-02-23,4.62,4.07,5.8,
1516,,646.BE050,Shaft 1 inboard  DE,2025-02-23,2.84,3.23,5.27,
1517,,646.BE050,Shaft 2  inboard  DE,2025-02-23,3.03,3.3,2.08,
1518,,646.BE050,Shaft 2  outboard NDE,2025-02-23,5.33,3.65,2.95,
1519,Vb-641.FN.952-FDE-RMS,641.FN952,,2025-02-20,3,5.02,4.68,
1520,Vb-641.FN.952-FNDE-RMS,641.FN952,,2025-02-20,6.21,2.61,5.23,
1521,Vb-641.FN.952-MDE-RMS,641.FN952,,2025-01-02,,,3.29,
1522,Vb-641.FN.952-MDE-RMS,641.FN952,,2025-02-20,7.93,2.62,,
1523,Vb-641.FN.952-MNDE-RMS,641.FN952,,2025-02-20,7.41,2.85,6.29,
1524,Vb-642.FN.952-FDE-RMS,642.FN952,,2025-02-20,2.02,2.18,1.48,
1525,Vb-642.FN.952-FNDE-RMS,642.FN952,,2025-02-20,1.42,1.35,1.27,
1526,Vb-642.FN.952-MDE-RMS,642.FN952,,2025-01-02,,,4.81,
1527,Vb-642.FN.952-MDE-RMS,642.FN952,,2025-02-20,2.81,1.49,,
1528,Vb-642.FN.952-MNDE-RMS,642.FN952,,2025-02-20,1.28,1.54,1.24,
1529,Vb-643.FN.952-FDE-RMS,643.FN952,,2025-02-20,3.53,2.71,3.85,
1530,Vb-643.FN.952-FNDE-RMS,643.FN952,,2025-02-20,2.93,3.04,3.96,
1531,Vb-643.FN.952-MDE-RMS,643.FN952,,2025-01-02,,,2.92,
1532,Vb-643.FN.952-MDE-RMS,643.FN952,,2025-02-20,3,3.58,,
1533,Vb-643.FN.952-MNDE-RMS,643.FN952,,2025-02-20,2.5,3.97,3.63,
1534,Vb-644.FN.952-FDE-RMS,644.FN952,,2025-02-23,2.71,2.15,2.21,
1535,Vb-644.FN.952-FNDE-RMS,644.FN952,,2025-02-23,2.96,3.28,2.24,
1536,Vb-644.FN.952-MDE-RMS,644.FN952,,2025-01-07,,,2.47,
1537,Vb-644.FN.952-MDE-RMS,644.FN952,,2025-02-23,3.39,2.7,,
1538,Vb-644.FN.952-MNDE-RMS,644.FN952,,2025-02-23,2.19,2.55,2.41,
1539,Vb-645.FN.952-FDE-RMS,645.FN952,,2025-02-23,3.69,3.22,6.58,
1540,Vb-645.FN.952-FNDE-RMS,645.FN952,,2025-02-23,4.38,4.04,6.84,
1541,Vb-645.FN.952-MDE-RMS,645.FN952,,2025-01-07,,,5.63,
1542,Vb-645.FN.952-MDE-RMS,645.FN952,,2025-02-23,5.74,3.85,,
1543,Vb-645.FN.952-MNDE-RMS,645.FN952,,2025-02-23,5.51,7.24,5.7,
1544,Vb-646.FN.952-FDE-RMS,646.FN952,,2025-02-23,6.38,2.11,1.93,
1545,Vb-646.FN.952-FNDE-RMS,646.FN952,,2025-02-23,4.19,1.83,2.58,
1546,Vb-646.FN.952-MDE-RMS,646.FN952,,2025-01-07,,,11.98,
1547,Vb-646.FN.952-MDE-RMS,646.FN952,,2025-02-23,3.24,1.49,,
1548,Vb-646.FN.952-MNDE-RMS,646.FN952,,2025-02-23,5.87,11.36,5.56,
1549,Vb-431.FN560-MDE-RMS,431.FN560,,2025-02-05,0.74,0.9,1.34,
1550,Vb-431.FN560-MNDE-RMS,431.FN560,,2025-02-05,0.6,1.08,1.41,
1551,Vb-451.FN010-FDE-RMS,451.FN010,,2025-02-04,0.61,1.18,1.37,
1552,Vb-451.FN010-FNDE-RMS,451.FN010,,2025-02-04,1.42,1.73,1.04,
1553,Vb-451.FN010-MDE-RMS,451.FN010,,2025-02-04,1.2,1.07,0.61,
1554,Vb-451.FN010-MNDE-RMS,451.FN010,,2025-02-04,0.6,0.46,0.54,
1555,Vb-321.MD140-GBHSS0,321.MD140,,2025-02-12,,,,1.35
1556,Vb-321.MD140-GBHSS1,321.MD140,,2025-02-12,,,,3.78
1557,Vb-321.MD140-GBHSS6,321.MD140,,2025-02-12,,,,3.09
1558,Vb-321.MD140-MDE-RMS,321.MD140,,2025-02-12,1.86,2.48,1.19,
1559,Vb-321.MD140-MNDE-RMS,321.MD140,,2025-02-12,1.09,1.55,1.03,
1560,Vb-321.MD140-RG2,321.MD140,,2025-02-12,,,,1.72
1561,Vb-321.MD140-RG3,321.MD140,,2025-02-12,,,,1.21
1562,Vb-321.MD140-RG4,321.MD140,,2025-02-12,,,,1.31
1563,Vb-321.MD140-RG5,321.MD140,,2025-02-12,,,,2.27
1564,Vb-321.FN400-FDE-RMS,321.FN400,,2025-02-12,1.57,0.98,0.92,
1565,Vb-321.FN400-FNDE-RMS,321.FN400,,2025-02-12,1.68,1.11,1.23,
1566,Vb-321.FN400-MDE-RMS,321.FN400,,2025-02-12,0.88,0.56,0.28,
1567,Vb-321.FN400-MNDE-RMS,321.FN400,,2025-02-12,0.66,0.33,0.3,
1568,Vb-321.FN125-FDE-RMS,321.FN125,,2025-02-27,8.23,20.87,13.9,
1569,Vb-321.FN125-FNDE-RMS,321.FN125,,2025-02-12,,,7.31,
1570,Vb-321.FN125-FNDE-RMS,321.FN125,,2025-02-27,9.41,7.97,,
1571,Vb-321.FN125-MDE-RMS,321.FN125,,2025-02-27,7.84,14.34,,
1572,Vb-321.FN125-MNDE-RMS,321.FN125,,2025-02-27,4.54,16.53,12.57,
1573,Vb-531.FN530-FDE-RMS,531.FN530,,2025-02-19,0.73,1.04,1.17,
1574,Vb-531.FN530-FNDE-RMS,531.FN530,,2025-02-19,0.75,0.78,1.47,
1575,Vb-531.FN530-MDE-RMS,531.FN530,,2025-02-19,1.37,1.03,0.66,
1576,Vb-531.FN530-MNDE-RMS,531.FN530,,2025-02-19,0.94,1.28,1,
1577,Vb-532.FN530-FDE-RMS,532.FN530,,2025-02-18,1.61,1.16,0.63,
1578,Vb-532.FN530-FNDE-RMS,532.FN530,,2025-02-18,1.59,1.47,0.95,
1579,Vb-532.FN530-MDE-RMS,532.FN530,,2025-02-18,0.74,0.71,0.76,
1580,Vb-532.FN530-MNDE-RMS,532.FN530,,2025-02-18,0.83,0.8,0.62,
1581,Vb-531.MD302-MDE-RMS,531.MD302,,2025-02-19,2.13,1.22,0.46,
1582,Vb-531.MD302-MNDE-RMS,531.MD302,,2025-02-19,2.4,1.52,0.58,
1583,Vb-531.MD302-S1DE-RMS,531.MD302,,2025-02-19,3.17,1.18,0.59,
1584,Vb-531.MD302-S1NDE-RMS,531.MD302,,2025-02-19,1.03,0.94,0.47,
1585,Vb-531.MD302-S2DE-RMS,531.MD302,,2025-02-19,2.72,1.49,1.31,
1586,Vb-531.MD302-S2NDE-RMS,531.MD302,,2025-02-19,1.23,0.79,0.45,
1587,Vb-532.MD302-MDE-RMS,532.MD302,,2025-02-19,1.6,1.5,0.59,
1588,Vb-532.MD302-MNDE-RMS,532.MD302,,2025-02-19,1.44,1.52,0.48,
1589,Vb-532.MD302-S1DE-RMS,532.MD302,,2025-02-19,1.37,1.38,0.51,
1590,Vb-532.MD302-S1NDE-RMS,532.MD302,,2025-02-19,1.22,0.9,0.47,
1591,Vb-532.MD302-S2DE-RMS,532.MD302,,2025-02-19,1.6,1.13,0.45,
1592,Vb-532.MD302-S2NDE-RMS,532.MD302,,2025-02-19,1.28,1.05,0.55,
1593,Vb-531.FN380-FDE-RMS,531.FN380,,2025-02-18,1.31,0.65,0.69,
1594,Vb-531.FN380-FNDE-RMS,531.FN380,,2025-02-18,2.08,1.23,0.99,
1595,Vb-531.FN380-MDE-RMS,531.FN380,,2025-02-18,1.31,0.84,0.39,
1596,Vb-531.FN380-MNDE-RMS,531.FN380,,2025-02-18,1.23,0.61,0.42,
1597,Vb-532.FN380-FDE-RMS,532.FN380,,2025-02-18,0.37,0.38,0.35,
1598,Vb-532.FN380-FNDE-RMS,532.FN380,,2025-02-18,0.77,0.47,1.88,
1599,Vb-532.FN380-MDE-RMS,532.FN380,,2025-02-18,0.55,0.43,0.29,
1600,Vb-532.FN380-MNDE-RMS,532.FN380,,2025-02-18,0.48,0.51,0.3,
1601,Vb-613.BL300-BLDE-RMS,613.BL300,,2025-02-17,5.07,8.46,9.77,
1602,Vb-613.BL300-BLNDE-RMS,613.BL300,,2025-02-17,11.89,11.68,5.93,
1603,Vb-613.BL300-MDE-RMS,613.BL300,,2025-02-17,17.71,3.59,20.23,
1604,Vb-613.BL300-MNDE-RMS,613.BL300,,2025-02-17,4.04,11.24,8.73,
1605,Vb-614.BL300-BLDE-RMS,614.BL300,,2025-02-17,3.41,5.07,4.04,
1606,Vb-614.BL300-BLNDE-RMS,614.BL300,,2025-02-17,4.26,4,2.91,
1607,Vb-614.BL300-MDE-RMS,614.BL300,,2025-02-17,2.73,5,8.91,
1608,Vb-614.BL300-MNDE-RMS,614.BL300,,2025-02-17,2.73,2.43,2.35,
1609,,352.BL115,BL DE,2025-02-13,3.08,3.18,3.96,
1610,,352.BL115,BL NDE,2025-02-13,4.11,3.87,4.38,
1611,,352.BL115,Motor DE,2025-02-13,2,4.28,3.24,
1612,,352.BL115,Motor NDE,2025-02-13,3.45,2.26,2.44,
1613,Vb-342.BL300-BLDE-RMS,342.BL300,,2025-02-13,2.55,1.91,2.82,
1614,Vb-342.BL300-BLNDE-RMS,342.BL300,,2025-02-13,4.05,2.42,2.23,
1615,Vb-342.BL300-MDE-RMS,342.BL300,,2025-01-14,,,3.73,
1616,Vb-342.BL300-MDE-RMS,342.BL300,,2025-02-13,1.78,1.71,,
1617,Vb-342.BL300-MNDE-RMS,342.BL300,,2025-02-13,3.62,2.91,3.63,
1618,Vb-342.BL305-BLDE-RMS,342.BL305,,2025-02-13,1.94,1.79,2.11,
1619,Vb-342.BL305-BLNDE-RMS,342.BL305,,2025-02-13,2.29,1.64,2.21,
1620,Vb-342.BL305-MDE-RMS,342.BL305,,2025-02-13,1.34,4.73,7.73,
1621,Vb-342.BL305-MNDE-RMS,342.BL305,,2025-02-13,3.29,2.64,3.54,
1622,Vb-342.BL310-BLDE-RMS,342.BL310,,2025-01-14,3.08,2.85,4.26,
1623,Vb-342.BL310-BLNDE-RMS,342.BL310,,2025-01-14,2.43,,3.68,
1624,Vb-342.BL310-MDE-RMS,342.BL310,,2025-01-14,3.31,4.18,4.43,
1625,Vb-342.BL310-MNDE-RMS,342.BL310,,2025-01-14,1.75,2.16,4.56,
1626,Vb-466.BL580-BLDE-RMS,466.BL580,,2025-02-13,6.93,7.79,6.74,
1627,Vb-466.BL580-BLNDE-RMS,466.BL580,,2025-02-13,5.56,5.47,5.2,
1628,Vb-466.BL580-MDE-RMS,466.BL580,,2025-02-13,4.62,3.41,1.87,
1629,Vb-466.BL580-MNDE-RMS,466.BL580,,2025-02-13,2.26,2.61,2.78,
1630,Vb-466.BL630-BLDE-RMS,466.BL630,,2025-02-13,4.68,11.67,7.44,
1631,Vb-466.BL630-BLNDE-RMS,466.BL630,,2025-02-13,8.49,6.34,3.99,
1632,Vb-466.BL630-MDE-RMS,466.BL630,,2025-02-13,6.05,5.75,4.58,
1633,Vb-466.BL630-MNDE-RMS,466.BL630,,2025-02-13,3.79,5.41,7.3,
1634,Vb-462.FN450-FDE-RMS,462.FN450,,2025-02-12,0.15,0.1,0.16,
1635,Vb-462.FN450-FNDE-RMS,462.FN450,,2025-02-12,0.18,0.12,0.44,
1636,Vb-462.FN450-MDE-RMS,462.FN450,,2025-02-12,0.18,0.13,0.12,
1637,Vb-462.FN450-MNDE-RMS,462.FN450,,2025-02-12,0.15,0.05,0.08,
1638,Vb-342.BE050-MDE-RMS,342.BE050,,2025-02-13,2.83,1.79,1.9,
1639,Vb-342.BE050-MNDE-RMS,342.BE050,,2025-02-13,4.09,3.77,1.85,
1640,Vb-342.BE050-S1NDE-RMS,342.BE050,,2025-02-13,2.12,2.61,1.44,
1641,Vb-342.BE050-S2NDE-RMS,342.BE050,,2025-02-13,1.57,2.34,1.44,
1642,Vb-342.BE050-S3DE-RMS,342.BE050,,2025-02-13,1.18,2.56,1.97,
1643,Vb-342.BE050-S3NDE-RMS,342.BE050,,2025-02-13,1.34,2.53,1.63,
1644,Vb-352.BE340-MDE-RMS,352.BE340,,2025-02-13,2.58,2.68,2.49,
1645,Vb-352.BE340-MNDE-RMS,352.BE340,,2025-02-13,5.27,4.58,1.79,
1646,Vb-352.BE340-S1NDE-RMS,352.BE340,,2025-02-13,1.71,1.74,2.07,
1647,Vb-352.BE340-S2NDE-RMS,352.BE340,,2025-02-13,1.78,1.28,1.34,
1648,Vb-352.BE340-S3DE-RMS,352.BE340,,2025-02-13,1.7,1.42,1.26,
1649,Vb-352.BE340-S3NDE-RMS,352.BE340,,2025-02-13,1.99,1.2,1.26,
1650,Vb-342.BE051-MDE-RMS,342.BE051,,2025-02-13,2.15,2.24,1.68,
1651,Vb-342.BE051-MNDE-RMS,342.BE051,,2025-02-13,3.39,2.78,1.3,
1652,Vb-342.BE051-S1NDE-RMS,342.BE051,,2025-02-13,1.44,1.55,1.87,
1653,Vb-342.BE051-S2NDE-RMS,342.BE051,,2025-02-13,1.29,1.9,1.32,
1654,Vb-342.BE051-S3DE-RMS,342.BE051,,2025-02-13,1.43,2.27,1.78,
1655,Vb-342.BE051-S3NDE-RMS,342.BE051,,2025-02-13,1.35,2.44,1.84,
1656,Vb-352.BE341-MDE-RMS,352.BE341,,2025-02-13,1.78,1.43,2.04,
1657,Vb-352.BE341-MNDE-RMS,352.BE341,,2025-02-13,3.09,2.3,1.51,
1658,Vb-352.BE341-S1NDE-RMS,352.BE341,,2025-02-13,1.3,1.55,1.01,
1659,Vb-352.BE341-S2NDE-RMS,352.BE341,,2025-02-13,1.01,1.39,1.31,
1660,Vb-352.BE341-S3DE-RMS,352.BE341,,2025-02-13,1.3,1.79,1.22,
1661,Vb-352.BE341-S3NDE-RMS,352.BE341,,2025-02-13,0.84,1.48,1.42,
1662,Vb-452.FN240-FDE-RMS,452.FN240,,2025-02-13,0.33,0.33,0.3,
1663,Vb-452.FN240-FNDE-RMS,452.FN240,,2025-02-13,0.49,0.29,0.38,
1664,Vb-452.FN240-MDE-RMS,452.FN240,,2025-02-13,0.44,0.36,0.23,
1665,Vb-452.FN240-MNDE-RMS,452.FN240,,2025-02-13,0.42,0.24,0.17,
1666,Vb-452.WI112-MDE-RMS,452.WI112,,2025-02-13,6.29,5.04,3.51,
1667,Vb-452.WI112-MNDE-RMS,452.WI112,,2025-02-13,5.21,2.4,3.15,
1668,Vb-452.WI112-PDE-RMS,452.WI112,,2025-02-13,5.24,3.7,2.75,
1669,Vb-452.WI112-PNDE-RMS,452.WI112,,2025-02-13,1.87,1.39,2.52,
1670,Vb-533.BE220-MDE-RMS,533.BE220,,2025-02-17,5.32,5.61,4.32,
1671,Vb-533.BE220-MNDE-RMS,533.BE220,,2025-02-17,6,7.91,4.14,
1672,Vb-533.BE220-S1DE-RMS,533.BE220,,2025-02-17,2.51,3.67,3.45,
1673,Vb-533.BE220-S2DE-RMS,533.BE220,,2025-02-17,3.59,3.18,2,
1674,Vb-533.BE220-S2NDE-RMS,533.BE220,,2025-02-17,4.48,2.78,3.06,
1675,Vb-534.BE220-MDE-RMS,534.BE220,,2025-02-17,5.98,6.1,5.04,
1676,Vb-534.BE220-MNDE-RMS,534.BE220,,2025-02-17,8.28,8.09,5.46,
1677,,534.BE220,Shaft 1 inboard  DE,2025-02-17,3.63,3.19,4.14,
1678,,534.BE220,Shaft 2  inboard  DE,2025-02-17,3.71,3.11,2.77,
1679,,534.BE220,Shaft 2  outboard NDE,2025-02-17,2.86,2.42,3.57,
1680,Vb-533.MD140-MDE-RMS,533.MD140,,2025-02-17,0.62,0.53,0.45,
1681,Vb-533.MD140-MNDE-RMS,533.MD140,,2025-02-17,0.61,0.49,0.45,
1682,Vb-533.MD140-S1DE-RMS,533.MD140,,2025-02-17,2.56,1.85,3.03,
1683,Vb-533.MD140-S1NDE-RMS,533.MD140,,2025-02-17,2.11,1.77,2.32,
1684,Vb-533.MD140-S2DE-RMS,533.MD140,,2025-02-17,1.7,1.29,1.7,
1685,Vb-533.MD140-S2NDE-RMS,533.MD140,,2025-02-17,1.44,1.45,1.88,
1686,Vb-533.MD140-S3DE-RMS,533.MD140,,2025-02-17,1.37,1.34,1.71,
1687,Vb-533.MD140-S3NDE-RMS,533.MD140,,2025-02-17,1.3,1.19,2.32,
1688,Vb-533.MD140-S4DE-RMS,533.MD140,,2025-02-17,1.92,1.22,2.09,
1689,Vb-533.MD140-S4NDE-RMS,533.MD140,,2025-02-17,1.48,1.48,1.63,
1690,Vb-534.MD140-MDE-RMS,534.MD140,,2025-02-26,0.78,0.57,0.87,
1691,Vb-534.MD140-MNDE-RMS,534.MD140,,2025-02-17,,0.59,,
1692,Vb-534.MD140-MNDE-RMS,534.MD140,,2025-02-26,0.85,,0.57,
1693,Vb-534.MD140-S1DE-RMS,534.MD140,,2025-02-26,1.56,2.42,1.66,
1694,Vb-534.MD140-S1NDE-RMS,534.MD140,,2025-02-26,1.43,2.1,1.56,
1695,Vb-534.MD140-S2DE-RMS,534.MD140,,2025-02-26,1.15,1.21,0.9,
1696,Vb-534.MD140-S2NDE-RMS,534.MD140,,2025-02-26,1.41,1.6,1.47,
1697,Vb-534.MD140-S3DE-RMS,534.MD140,,2025-02-26,1.21,1.18,0.91,
1698,Vb-534.MD140-S3NDE-RMS,534.MD140,,2025-02-26,1.47,1.48,1.56,
1699,Vb-534.MD140-S4DE-RMS,534.MD140,,2025-02-26,1.23,1.16,1.14,
1700,Vb-534.MD140-S4NDE-RMS,534.MD140,,2025-02-26,1.36,0.98,1.17,
1701,Vb-342.FN315-FDE-RMS,342.FN315,,2025-02-13,6.04,4.54,5.95,
1702,Vb-342.FN315-FNDE-RMS,342.FN315,,2025-02-13,5.61,5.29,4.43,
1703,Vb-342.FN315-MDE-RMS,342.FN315,,2025-02-13,4.13,5.89,,
1704,Vb-342.FN315-MNDE-RMS,342.FN315,,2025-02-13,3.07,5.94,2.22,
1705,Vb-442.CR400-CRDE-RMS,442.CR400,,2025-02-03,1.98,2,1.52,
1706,Vb-442.CR400-CRNDE-RMS,442.CR400,,2025-02-03,2.67,1.72,1.05,
1707,Vb-442.CR400-MDE-RMS,442.CR400,,2025-02-03,1.07,1.36,1.43,
1708,Vb-442.CR400-MNDE-RMS,442.CR400,,2025-02-03,0.79,0.94,0.98,
1709,Vb-462.MD140-MDE-RMS,462.MD140,,2025-02-12,1.2,0.88,0.35,
1710,Vb-462.MD140-MNDE-RMS,462.MD140,,2025-02-12,0.81,0.54,0.4,
1711,Vb-462.MD140-PHSS-RMS,462.MD140,,2025-02-12,1.03,0.9,0.82,
1712,Vb-462.MD140-RGT-RMS,462.MD140,,2025-02-12,2.66,1.09,2.23,
1713,Vb-462.FN125-FDE-RMS,462.FN125,,2025-02-27,5.61,19.19,12.03,
1714,Vb-462.FN125-FNDE-RMS,462.FN125,,2025-02-27,7.97,7.62,9.53,
1715,Vb-462.FN125-MDE-RMS,462.FN125,,2025-02-27,10.63,20.13,,
1716,Vb-462.FN125-MNDE-RMS,462.FN125,,2025-02-27,4.78,20.41,9.02,
1717,Vb-332.WI211-MDE-RMS,332.WI211,,2025-02-13,4.31,2.36,4.18,
1718,Vb-332.WI211-MNDE-RMS,332.WI211,,2025-02-13,3.38,2.1,4.72,
1719,Vb-332.WI211-PDE-RMS,332.WI211,,2025-02-13,10.01,4.03,3.39,
1720,Vb-332.WI211-PNDE-RMS,332.WI211,,2025-02-13,9.38,2.69,4.64,
1721,Vb-442.FN300-FDE-RMS,442.FN300,,2025-02-03,2.55,1.52,1.14,
1722,Vb-442.FN300-FNDE-RMS,442.FN300,,2025-02-03,3.81,2.33,1.23,
1723,Vb-442.FN300-MDE-RMS,442.FN300,,2025-02-03,2.13,0.87,1.01,
1724,Vb-442.FN300-MNDE-RMS,442.FN300,,2025-02-03,3.09,1.42,0.84,
1725,Vb-442.FN305-FDE-RMS,442.FN305,,2025-02-03,1.24,0.54,1,
1726,Vb-442.FN305-FNDE-RMS,442.FN305,,2025-02-03,1.57,0.8,1.03,
1727,Vb-442.FN305-MDE-RMS,442.FN305,,2025-02-03,1.3,1.69,1.01,
1728,Vb-442.FN305-MNDE-RMS,442.FN305,,2025-02-03,1.22,1.02,0.7,
1729,Vb-442.FN310-FDE-RMS,442.FN310,,2025-02-03,3.5,1.24,3.16,
1730,Vb-442.FN310-FNDE-RMS,442.FN310,,2025-02-03,2.61,2.11,2.87,
1731,Vb-442.FN310-MDE-RMS,442.FN310,,2025-02-03,3.69,3.05,3.39,
1732,Vb-442.FN310-MNDE-RMS,442.FN310,,2025-02-03,2.49,2.3,3.05,
1733,Vb-442.FN315-FDE-RMS,442.FN315,,2025-02-03,2.91,2.67,1.62,
1734,Vb-442.FN315-FNDE-RMS,442.FN315,,2025-02-03,3.92,2.58,1.9,
1735,Vb-442.FN315-MDE-RMS,442.FN315,,2025-02-03,1.49,1.41,1.73,
1736,Vb-442.FN315-MNDE-RMS,442.FN315,,2025-02-03,1.44,3.1,1.78,
1737,Vb-442.FN325-FDE-RMS,442.FN325,,2025-02-03,3.2,4.59,2.09,
1738,Vb-442.FN325-FNDE-RMS,442.FN325,,2025-02-03,6.05,5.69,3.34,
1739,Vb-442.FN325-MDE-RMS,442.FN325,,2025-02-03,1.26,4.5,2.04,
1740,Vb-442.FN325-MNDE-RMS,442.FN325,,2025-02-03,3.03,4.29,2.02,
1741,Vb-442.FN335-FDE-RMS,442.FN335,,2025-02-03,1.4,1.31,1.85,
1742,Vb-442.FN335-FNDE-RMS,442.FN335,,2025-02-03,1.83,1.22,1.65,
1743,Vb-442.FN335-MDE-RMS,442.FN335,,2025-02-03,2.56,1.9,1.8,
1744,Vb-442.FN335-MNDE-RMS,442.FN335,,2025-02-03,1.73,1.07,1.6,
1745,Vb-442.FN340-FDE-RMS,442.FN340,,2025-02-03,2.8,2.6,7.1,
1746,Vb-442.FN340-FNDE-RMS,442.FN340,,2025-02-03,4.23,5.42,7.27,
1747,Vb-442.FN340-MDE-RMS,442.FN340,,2025-02-03,3.77,3.83,6.77,
1748,Vb-442.FN340-MNDE-RMS,442.FN340,,2025-02-03,1.81,2.78,5.68,
1749,Vb-442.FN345-FDE-RMS,442.FN345,,2025-02-03,5.08,6.45,4.92,
1750,Vb-442.FN345-FNDE-RMS,442.FN345,,2025-02-03,5.04,6.98,5.1,
1751,Vb-442.FN345-MDE-RMS,442.FN345,,2025-02-03,6.91,4.05,4.83,
1752,Vb-442.FN345-MNDE-RMS,442.FN345,,2025-02-03,6.07,2.08,5.59,
1753,Vb-442.FN350-FDE-RMS,442.FN350,,2025-02-03,0.57,0.69,0.32,
1754,Vb-442.FN350-FNDE-RMS,442.FN350,,2025-02-03,0.57,0.72,0.35,
1755,Vb-442.FN350-MDE-RMS,442.FN350,,2025-02-03,0.65,0.71,0.37,
1756,Vb-442.FN350-MNDE-RMS,442.FN350,,2025-02-03,0.44,0.52,0.32,
1757,Vb-462.CP525-CDE-RMS,462.CP525,,2025-01-16,,,2.11,
1758,Vb-462.CP525-CDE-RMS,462.CP525,,2025-02-12,1.33,1.32,,
1759,Vb-462.CP525-CNDE-RMS,462.CP525,,2025-02-12,4.77,2.8,1.04,
1760,Vb-462.CP525-MDE-RMS,462.CP525,,2025-02-12,2.05,1.36,2.14,
1761,Vb-462.CP525-MNDE-RMS,462.CP525,,2025-02-12,1.02,3.45,1.76,
1762,Vb-744.CP110-CDE-RMS,744.CP110,,2025-02-17,1.26,4.17,5.05,
1763,Vb-744.CP110-CNDE-RMS,744.CP110,,2025-02-17,2.22,5.14,6.56,
1764,Vb-744.CP110-MDE-RMS,744.CP110,,2025-02-17,1.05,2.33,2.23,
1765,Vb-744.CP110-MNDE-RMS,744.CP110,,2025-02-17,0.9,1.04,1.35,
1766,Vb-743.CP112-CDE-RMS,743.CP112,,2025-02-13,0.93,1.02,1.18,
1767,Vb-743.CP112-CNDE-RMS,743.CP112,,2025-02-13,1.1,1.56,1.6,
1768,Vb-743.CP112-MDE-RMS,743.CP112,,2025-02-13,0.64,1.04,1.31,
1769,Vb-743.CP112-MNDE-RMS,743.CP112,,2025-02-13,1.1,1.16,1.31,
1770,Vb-744.CP112-CDE-RMS,744.CP112,,2025-02-17,2.03,3.15,5.78,
1771,Vb-744.CP112-CNDE-RMS,744.CP112,,2025-02-17,4.37,3.99,6.32,
1772,Vb-744.CP112-MDE-RMS,744.CP112,,2025-02-17,2.8,3.33,3.85,
1773,Vb-744.CP112-MNDE-RMS,744.CP112,,2025-02-17,2.53,1.41,2.86,
1774,Vb-743.CP113-CDE-RMS,743.CP113,,2025-02-13,1.23,1.45,1.9,
1775,Vb-743.CP113-CNDE-RMS,743.CP113,,2025-02-13,1.6,1.6,3.32,
1776,Vb-743.CP113-MDE-RMS,743.CP113,,2025-02-13,0.95,1.64,2.71,
1777,Vb-743.CP113-MNDE-RMS,743.CP113,,2025-02-13,1.11,1.18,2.39,
1778,Vb-744.CP113-CDE-RMS,744.CP113,,2025-02-17,2.22,8.59,8.25,
1779,Vb-744.CP113-CNDE-RMS,744.CP113,,2025-02-17,5.54,8.28,9.58,
1780,Vb-744.CP113-MDE-RMS,744.CP113,,2025-02-17,2.21,4.16,4.34,
1781,Vb-744.CP113-MNDE-RMS,744.CP113,,2025-02-17,3.72,1.99,4.06,
1782,,743.CP115,Compressor DE,2025-02-13,1.46,3.2,1,
1783,,743.CP115,Compressor NDE,2025-02-13,1.34,2.28,1.23,
1784,,743.CP115,Motor DE,2025-02-13,0.82,0.88,0.86,
1785,,743.CP115,Motor NDE,2025-02-13,1.22,1.25,0.95,
1786,Vb-332.CP282-CDE-RMS,332.CP282,,2025-02-13,1.82,1.4,2.66,
1787,Vb-332.CP282-CNDE-RMS,332.CP282,,2025-02-13,2.64,2.83,2.07,
1788,Vb-332.CP282-MDE-RMS,332.CP282,,2025-02-13,1.22,1.15,1.5,
1789,Vb-332.CP282-MNDE-RMS,332.CP282,,2025-02-13,1.4,1.32,1.7,
1790,Vb-462.CP530-CDE-RMS,462.CP530,,2025-01-16,,,1.62,
1791,Vb-462.CP530-CDE-RMS,462.CP530,,2025-02-12,1.19,1.18,,
1792,Vb-462.CP530-CNDE-RMS,462.CP530,,2025-02-12,3.94,3.94,1.5,
1793,Vb-462.CP530-MDE-RMS,462.CP530,,2025-02-12,2.38,2.15,2.42,
1794,Vb-462.CP530-MNDE-RMS,462.CP530,,2025-02-12,1.36,1.52,1.62,
1795,Vb-332.FN400-FDE-RMS,332.FN400,,2025-01-13,0.3,0.18,0.22,
1796,Vb-332.FN400-FNDE-RMS,332.FN400,,2025-01-13,0.51,1.4,0.41,
1797,Vb-332.FN400-MDE-RMS,332.FN400,,2025-01-13,0.39,0.17,0.19,
1798,Vb-332.FN400-MNDE-RMS,332.FN400,,2025-01-13,0.41,0.18,0.19,
1799,,332.FN400,Shaft 1 inboard,2025-01-13,0.48,0.36,0.38,
1800,,332.FN400,Shaft 1 outboard,2025-01-13,0.53,0.14,0.59,
1801,,332.FN400,Shaft 2 inboard,2025-01-13,0.37,0.3,0.41,
1802,,332.FN400,Shaft 2 outboard,2025-01-13,0.36,0.76,0.35,
1803,Vb-442.FN590-FDE-RMS,442.FN590,,2025-02-03,1.11,1.38,0.38,
1804,Vb-442.FN590-FNDE-RMS,442.FN590,,2025-02-03,0.74,0.56,0.3,
1805,Vb-442.FN590-MDE-RMS,442.FN590,,2025-02-03,0.44,0.49,0.33,
1806,Vb-442.FN590-MNDE-RMS,442.FN590,,2025-02-03,0.4,0.28,0.18,
1807,Vb-442.FN590-S1DE-RMS,442.FN590,,2025-02-03,0.97,0.44,0.65,
1808,Vb-442.FN590-S1NDE-RMS,442.FN590,,2025-02-03,0.75,0.75,0.86,
1809,Vb-442.FN590-S2DE-RMS,442.FN590,,2025-02-03,1.4,0.68,0.66,
1810,Vb-442.FN590-S2NDE-RMS,442.FN590,,2025-02-03,0.88,0.69,0.75,
1811,Vb-462.PP515-MDE-RMS,462.PP515,,2025-02-12,1.26,0.9,1.42,
1812,Vb-462.PP515-MNDE-RMS,462.PP515,,2025-02-12,0.86,0.9,0.4,
1813,Vb-462.PP515-PDE-RMS,462.PP515,,2025-02-12,3.84,2.93,2.2,
1814,Vb-462.PP515-PNDE-RMS,462.PP515,,2025-02-12,1.35,1.28,0.89,
1815,Vb-213.HC100-CRDE-RMS,213.HC100,,2025-02-26,8.42,2.88,,
1816,Vb-213.HC100-CRNDE-RMS,213.HC100,,2025-02-26,4.39,1.65,1.81,
1817,Vb-213.HC100-MDE-RMS,213.HC100,,2025-02-26,1.43,1.78,1.25,
1818,Vb-213.HC100-MNDE-RMS,213.HC100,,2025-02-26,0.49,1.7,1.18,
1819,Vb-332.FN110-FDE-RMS,332.FN110,,2025-02-19,,3.15,1.03,
1820,Vb-332.FN110-FDE-RMS,332.FN110,,2025-02-25,0.78,,,
1821,Vb-332.FN110-FNDE-RMS,332.FN110,,2025-02-19,4.62,3.55,1.63,
1822,Vb-332.FN110-MDE-RMS,332.FN110,,2025-02-19,3.13,1.06,0.41,
1823,Vb-332.FN110-MNDE-RMS,332.FN110,,2025-02-19,2.73,0.74,0.36,
1824,Vb-432.MD140-MDE-RMS,432.MD140,,2025-02-13,0.5,0.34,0.27,
1825,Vb-432.MD140-MNDE-RMS,432.MD140,,2025-02-13,0.42,0.15,0.22,
1826,Vb-432.MD140-S1DE-RMS,432.MD140,,2025-02-13,0.54,0.27,0.33,
1827,Vb-432.MD140-S1NDE-RMS,432.MD140,,2025-02-13,0.45,0.29,0.29,
1828,Vb-432.MD140-S2DE-RMS,432.MD140,,2025-02-13,0.58,0.19,0.28,
1829,Vb-432.MD140-S2NDE-RMS,432.MD140,,2025-02-13,0.63,0.22,0.56,
1830,Vb-432.MD140-S3DE-RMS,432.MD140,,2025-02-13,0.54,0.15,0.31,
1831,Vb-432.MD140-S3NDE-RMS,432.MD140,,2025-02-13,0.47,0.24,0.4,
1832,Vb-432.MD140-S4DE-RMS,432.MD140,,2025-02-13,0.53,0.27,0.64,
1833,Vb-432.MD140-S4NDE-RMS,432.MD140,,2025-02-13,0.68,0.36,0.36,
1834,Vb-432.MD160-MDE-RMS,432.MD160,,2025-02-13,0.54,0.56,0.26,
1835,Vb-432.MD160-MNDE-RMS,432.MD160,,2025-02-13,0.49,0.23,0.29,
1836,Vb-432.MD160-S1DE-RMS,432.MD160,,2025-02-13,0.51,0.31,0.42,
1837,Vb-432.MD160-S1NDE-RMS,432.MD160,,2025-02-13,0.63,0.51,0.6,
1838,Vb-432.MD160-S2DE-RMS,432.MD160,,2025-02-13,0.52,0.24,0.44,
1839,Vb-432.MD160-S2NDE-RMS,432.MD160,,2025-02-13,0.5,0.55,1.06,
1840,Vb-432.MD160-S3DE-RMS,432.MD160,,2025-02-13,0.57,0.25,0.74,
1841,Vb-432.MD160-S3NDE-RMS,432.MD160,,2025-02-13,0.78,0.68,0.71,
1842,Vb-432.MD160-S4DE-RMS,432.MD160,,2025-02-13,0.56,0.28,0.85,
1843,Vb-432.MD160-S4NDE-RMS,432.MD160,,2025-02-13,0.95,0.27,0.91,
1844,Vb-432.FN171-FDE-RMS,432.FN171,,2025-02-13,2.41,0.85,1.63,
1845,Vb-432.FN171-FNDE-RMS,432.FN171,,2025-02-13,2.07,1.29,1.85,
1846,Vb-432.FN171-MDE-RMS,432.FN171,,2025-02-13,2.88,1.59,1.23,
1847,Vb-432.FN171-MNDE-RMS,432.FN171,,2025-02-13,2.1,1.15,1.26,
1848,Vb-432.FN176-FDE-RMS,432.FN176,,2025-02-03,0.98,0.58,0.56,
1849,Vb-432.FN176-FNDE-RMS,432.FN176,,2025-02-03,0.75,0.76,0.51,
1850,Vb-432.FN176-MDE-RMS,432.FN176,,2025-02-03,0.95,0.84,0.73,
1851,Vb-432.FN176-MNDE-RMS,432.FN176,,2025-02-03,0.59,1.22,0.44,
1852,Vb-462.FN400-FDE-RMS,462.FN400,,2025-02-12,1.11,1,0.81,
1853,Vb-462.FN400-FNDE-RMS,462.FN400,,2025-02-12,1.01,0.65,0.72,
1854,Vb-462.FN400-MDE-RMS,462.FN400,,2025-02-12,0.54,0.4,0.24,
1855,Vb-462.FN400-MNDE-RMS,462.FN400,,2025-02-12,0.59,0.24,0.2,
1856,Vb-432.FN560-MDE-RMS,432.FN560,,2025-02-13,1.44,1.49,1.24,
1857,Vb-432.FN560-MNDE-RMS,432.FN560,,2025-02-13,1.5,2.12,1.23,
1858,Vb-452.FN010-FDE-RMS,452.FN010,,2025-02-13,0.33,0.41,0.28,
1859,Vb-452.FN010-FNDE-RMS,452.FN010,,2025-02-13,0.53,0.33,0.41,
1860,Vb-452.FN010-MDE-RMS,452.FN010,,2025-02-13,0.53,0.36,0.21,
1861,Vb-452.FN010-MNDE-RMS,452.FN010,,2025-02-13,0.31,0.12,0.16,
1862,Vb-322.MD140-GBHSS0,322.MD140,,2025-02-06,,,,1.1
1863,Vb-322.MD140-GBHSS1,322.MD140,,2025-02-06,,,,1.27
1864,Vb-322.MD140-GBHSS6,322.MD140,,2025-02-06,,,,1.64
1865,Vb-322.MD140-MDE-RMS,322.MD140,,2025-02-06,1.41,1.36,0.78,
1866,Vb-322.MD140-MNDE-RMS,322.MD140,,2025-02-06,1.07,1.14,0.73,
1867,Vb-322.MD140-RG2,322.MD140,,2025-02-06,,,,1.93
1868,Vb-322.MD140-RG3,322.MD140,,2025-02-06,,,,0.96
1869,Vb-322.MD140-RG4,322.MD140,,2025-02-06,,,,1.85
1870,Vb-322.MD140-RG5,322.MD140,,2025-02-06,,,,1
1871,Vb-322.FN400-FDE-RMS,322.FN400,,2025-02-06,0.84,0.64,1.91,
1872,Vb-322.FN400-FNDE-RMS,322.FN400,,2025-02-06,0.93,0.63,1.62,
1873,Vb-322.FN400-MDE-RMS,322.FN400,,2025-02-06,1.97,1.68,0.41,
1874,Vb-322.FN400-MNDE-RMS,322.FN400,,2025-02-06,1.53,0.73,0.39,
1875,,322.MD152,Motor DE,2025-01-01,0.82,0.85,0.53,
1876,,322.MD152,Motor NDE,2025-01-01,0.84,0.82,0.78,
1877,,322.MD152,Shaft 1 inboard  DE,2025-01-01,1.03,0.99,0.58,
1878,,322.MD152,Shaft 1 Outboard NDE,2025-01-01,0.92,0.7,0.95,
1879,,322.MD152,Shaft 2  inboard  DE,2025-01-01,1.11,0.87,0.83,
1880,,322.MD152,Shaft 2  outboard NDE,2025-01-01,1.18,0.53,0.63,
1881,Vb-322.FN125-FDE-RMS,322.FN125,,2025-02-06,9.28,6.03,5.51,
1882,Vb-322.FN125-FNDE-RMS,322.FN125,,2025-02-06,3.15,4.53,5.33,
1883,Vb-322.FN125-MDE-RMS,322.FN125,,2025-02-06,3.12,6.19,,
1884,Vb-322.FN125-MNDE-RMS,322.FN125,,2025-02-06,8.83,4.29,3.66,
1885,Vb-533.MD302-MDE-RMS,533.MD302,,2025-02-17,7.82,1.59,1.18,
1886,Vb-533.MD302-MNDE-RMS,533.MD302,,2025-02-17,4.72,2.09,1.55,
1887,Vb-533.MD302-S1DE-RMS,533.MD302,,2025-02-17,7.85,2.52,1.01,
1888,Vb-533.MD302-S1NDE-RMS,533.MD302,,2025-02-17,8.59,1.4,0.99,
1889,Vb-533.MD302-S2DE-RMS,533.MD302,,2025-02-17,7.55,0.84,1,
1890,Vb-533.MD302-S2NDE-RMS,533.MD302,,2025-02-17,8,0.97,0.81,
1891,Vb-534.MD302-MDE-RMS,534.MD302,,2025-02-17,7.04,3.85,1.39,
1892,Vb-534.MD302-MNDE-RMS,534.MD302,,2025-02-17,13.36,5.31,1.05,
1893,Vb-534.MD302-S1DE-RMS,534.MD302,,2025-02-17,5.58,4.46,1.21,
1894,Vb-534.MD302-S1NDE-RMS,534.MD302,,2025-02-17,6.01,5.53,1.42,
1895,Vb-534.MD302-S2DE-RMS,534.MD302,,2025-02-17,7.07,2.88,0.78,
1896,Vb-534.MD302-S2NDE-RMS,534.MD302,,2025-02-17,3.98,3.5,0.7,
1897,Vb-533.FN350-FDE-RMS,533.FN350,,2025-02-17,1.04,0.56,0.69,
1898,Vb-533.FN350-FNDE-RMS,533.FN350,,2025-02-17,0.63,0.66,0.83,
1899,Vb-533.FN350-MDE-RMS,533.FN350,,2025-02-17,0.84,0.6,0.35,
1900,Vb-533.FN350-MNDE-RMS,533.FN350,,2025-02-17,0.64,0.55,0.32,
1901,Vb-534.FN350-FDE-RMS,534.FN350,,2025-02-26,1.38,0.59,1.58,
1902,Vb-534.FN350-FNDE-RMS,534.FN350,,2025-02-25,2.5,1.35,0.62,
1903,Vb-534.FN350-MDE-RMS,534.FN350,,2025-02-25,0.92,0.81,0.29,
1904,Vb-534.FN350-MNDE-RMS,534.FN350,,2025-02-25,0.7,0.62,0.26,
1905,Vb-533.FN530-FDE-RMS,533.FN530,,2025-02-17,4.64,1.99,1.68,
1906,Vb-533.FN530-FNDE-RMS,533.FN530,,2025-02-17,8.09,3.88,1.44,
1907,Vb-533.FN530-MDE-RMS,533.FN530,,2025-02-17,1.54,2.46,1.84,
1908,Vb-533.FN530-MNDE-RMS,533.FN530,,2025-02-17,3.93,2.71,1.6,
1909,Vb-534.FN530-FDE-RMS,534.FN530,,2025-02-17,5.73,4.08,2.13,
1910,Vb-534.FN530-FNDE-RMS,534.FN530,,2025-02-17,8.21,5.76,2.1,
1911,Vb-534.FN530-MDE-RMS,534.FN530,,2025-02-17,3.59,2.86,1.86,
1912,Vb-534.FN530-MNDE-RMS,534.FN530,,2025-02-17,3.2,2.16,1.33,
1913,,351.BL115,BL DE,2025-05-20,5.72,4.63,3.2,
1914,,351.BL115,BL NDE,2025-05-20,7.25,13.31,4.7,
1915,,351.BL115,Motor DE,2025-04-13,,,2.87,
1916,,351.BL115,Motor DE,2025-05-20,4.23,2.53,,
1917,,351.BL115,Motor NDE,2025-05-20,2.06,3.03,3,
1918,Vb-341.BL300-BLDE-RMS,341.BL300,,2025-05-20,2.14,1.72,3.8,
1919,Vb-341.BL300-BLNDE-RMS,341.BL300,,2025-05-20,2.73,3.03,3.92,
1920,Vb-341.BL300-MDE-RMS,341.BL300,,2025-05-20,2.93,1.28,4.37,
1921,Vb-341.BL300-MNDE-RMS,341.BL300,,2025-05-20,5.42,2.49,4.65,
1922,Vb-341.BL305-BLDE-RMS,341.BL305,,2025-05-20,3.39,3.27,4.35,
1923,Vb-341.BL305-BLNDE-RMS,341.BL305,,2025-05-20,7.29,3.92,5.16,
1924,Vb-341.BL305-MDE-RMS,341.BL305,,2025-05-20,2.41,1.72,6.77,
1925,Vb-341.BL305-MNDE-RMS,341.BL305,,2025-05-20,5.34,4.74,6.69,
1926,Vb-341.BL310-BLDE-RMS,341.BL310,,2025-05-20,,,9.3,
1927,Vb-341.BL310-BLDE-RMS,341.BL310,,2025-06-01,8.48,258.11,,
1928,Vb-341.BL310-BLNDE-RMS,341.BL310,,2025-06-01,10.73,39.54,67.28,
1929,Vb-341.BL310-MDE-RMS,341.BL310,,2025-06-01,6.4,6.35,7.08,
1930,Vb-341.BL310-MNDE-RMS,341.BL310,,2025-06-01,8.93,11.81,13.12,
1931,,645.BL585,BL DE,2025-05-12,4.57,7.17,7.15,
1932,,645.BL585,BL NDE,2025-05-12,4.74,4.62,4.1,
1933,,645.BL585,Motor DE,2025-05-12,2.44,6.22,3.04,
1934,,645.BL585,Motor NDE,2025-05-12,4.09,2.57,2.49,
1935,Vb-465.BL635-BLDE-RMS,465.BL635,,2025-05-12,3.76,9.77,5.35,
1936,Vb-465.BL635-BLNDE-RMS,465.BL635,,2025-05-12,4.59,5.75,5.16,
1937,Vb-465.BL635-MDE-RMS,465.BL635,,2025-05-12,4.15,3.75,1.64,
1938,Vb-465.BL635-MNDE-RMS,465.BL635,,2025-05-12,2.71,4,0.86,
1939,Vb-461.FN450-FDE-RMS,461.FN450,,2025-05-20,0.11,0.11,0.11,
1940,Vb-461.FN450-FNDE-RMS,461.FN450,,2025-05-20,0.15,0.1,0.16,
1941,Vb-461.FN450-MDE-RMS,461.FN450,,2025-05-20,0.14,0.12,0.11,
1942,Vb-461.FN450-MNDE-RMS,461.FN450,,2025-05-20,0.17,0.14,0.11,
1943,Vb-341.BE040-MDE-RMS,341.BE040,,2025-04-16,1.79,2.04,1.4,
1944,Vb-341.BE040-MNDE-RMS,341.BE040,,2025-04-16,4.52,3.16,2.41,
1945,Vb-341.BE040-S1NDE-RMS,341.BE040,,2025-04-16,1.35,1.74,1.46,
1946,Vb-341.BE040-S2NDE-RMS,341.BE040,,2025-04-16,1.14,1.73,1.18,
1947,Vb-341.BE040-S3DE-RMS,341.BE040,,2025-04-16,1.16,2.03,1.26,
1948,Vb-341.BE040-S3NDE-RMS,341.BE040,,2025-04-16,1.26,2.22,2.87,
1949,Vb-351.BE340-MDE-RMS,351.BE340,,2025-04-16,1.92,2.27,1.15,
1950,Vb-351.BE340-MNDE-RMS,351.BE340,,2025-04-16,2.78,3.93,1.37,
1951,Vb-351.BE340-S1NDE-RMS,351.BE340,,2025-04-16,1.26,1.63,1.49,
1952,Vb-351.BE340-S2NDE-RMS,351.BE340,,2025-04-16,1.37,2.29,1.39,
1953,Vb-351.BE340-S3DE-RMS,351.BE340,,2025-04-16,1.01,2.58,0.89,
1954,Vb-351.BE340-S3NDE-RMS,351.BE340,,2025-04-16,0.92,3.38,0.87,
1955,Vb-342.BE041-MDE-RMS,342.BE041,,2025-04-16,2.79,3.3,2.84,
1956,Vb-342.BE041-MNDE-RMS,342.BE041,,2025-04-16,3.23,4.04,3.09,
1957,Vb-342.BE041-S1NDE-RMS,342.BE041,,2025-04-16,7.47,2.66,2.36,
1958,Vb-342.BE041-S2NDE-RMS,342.BE041,,2025-04-16,4.19,3.51,2.99,
1959,Vb-342.BE041-S3DE-RMS,342.BE041,,2025-04-16,2.46,2.54,3.34,
1960,Vb-342.BE041-S3NDE-RMS,342.BE041,,2025-04-16,2,2.89,9.62,
1961,Vb-351.BE341-MDE-RMS,351.BE341,,2025-04-16,2.03,1.63,1.32,
1962,Vb-351.BE341-MNDE-RMS,351.BE341,,2025-04-16,1.81,3.42,1.09,
1963,Vb-351.BE341-S1NDE-RMS,351.BE341,,2025-04-16,1.08,1.91,1.18,
1964,Vb-351.BE341-S2NDE-RMS,351.BE341,,2025-04-16,0.9,2.46,1.51,
1965,Vb-351.BE341-S3DE-RMS,351.BE341,,2025-04-16,1.05,2.47,1.08,
1966,Vb-351.BE341-S3NDE-RMS,351.BE341,,2025-04-16,0.79,3.02,0.94,
1967,Vb-451.FN240-FDE-RMS,451.FN240,,2025-05-12,0.65,0.69,0.54,
1968,Vb-451.FN240-FNDE-RMS,451.FN240,,2025-05-12,0.85,0.47,0.33,
1969,Vb-451.FN240-MDE-RMS,451.FN240,,2025-05-12,1.46,1.36,0.62,
1970,Vb-451.FN240-MNDE-RMS,451.FN240,,2025-05-12,0.66,0.68,0.65,
1971,Vb-451.WI210-MDE-RMS,451.WI210,,2025-05-14,7.23,9.53,11.58,
1972,Vb-451.WI210-PDE-RMS,451.WI210,,2025-05-14,3.36,3.37,3.07,
1973,Vb-451.WI210-PNDE-RMS,451.WI210,,2025-05-14,3.21,2.67,3.7,
1974,Vb-451.WI111-MDE-RMS,451.WI111,,2025-04-13,1.8,1.58,2.79,
1975,Vb-451.WI111-MNDE-RMS,451.WI111,,2025-04-13,1.63,1.29,2.68,
1976,Vb-451.WI111-PDE-RMS,451.WI111,,2025-04-13,1.21,1.46,2.05,
1977,Vb-451.WI111-PNDE-RMS,451.WI111,,2025-04-13,1.21,1.49,2.04,
1978,Vb-531.BE220-MDE-RMS,531.BE220,,2025-05-06,6.06,5.7,6.77,
1979,Vb-531.BE220-MNDE-RMS,531.BE220,,2025-05-06,7.13,10.56,6.6,
1980,Vb-531.BE220-S1DE-RMS,531.BE220,,2025-05-06,3.46,5.4,5.24,
1981,Vb-531.BE220-S2DE-RMS,531.BE220,,2025-05-06,4.78,4.74,2.45,
1982,Vb-531.BE220-S2NDE-RMS,531.BE220,,2025-05-06,4.09,4.89,3.33,
1983,Vb-532.BE220-MDE-RMS,532.BE220,,2025-04-23,5.35,6.14,5.01,
1984,Vb-532.BE220-MNDE-RMS,532.BE220,,2025-04-23,6.58,12.91,4.67,
1985,,532.BE220,Shaft 1 inboard  DE,2025-04-23,2.57,5.62,6.05,
1986,,532.BE220,Shaft 2  inboard  DE,2025-04-23,1.97,3.76,5.93,
1987,,532.BE220,Shaft 2  outboard NDE,2025-04-23,4.71,3.75,3.8,
1988,Vb-531.MD140-MDE-RMS,531.MD140,,2025-05-20,1.07,1.07,1.27,
1989,Vb-531.MD140-MNDE-RMS,531.MD140,,2025-05-20,0.86,0.71,1.1,
1990,Vb-531.MD140-S1DE-RMS,531.MD140,,2025-05-20,6.43,7.47,9.46,
1991,Vb-531.MD140-S1NDE-RMS,531.MD140,,2025-05-20,8.17,5.23,9.03,
1992,Vb-531.MD140-S2DE-RMS,531.MD140,,2025-05-20,2.72,3,2.78,
1993,Vb-531.MD140-S2NDE-RMS,531.MD140,,2025-05-20,2.36,2.79,4.63,
1994,Vb-531.MD140-S3DE-RMS,531.MD140,,2025-05-20,2.92,4.57,4.35,
1995,Vb-531.MD140-S3NDE-RMS,531.MD140,,2025-05-20,2.82,2.03,8.82,
1996,Vb-531.MD140-S4DE-RMS,531.MD140,,2025-05-20,2.7,3.47,4.64,
1997,Vb-531.MD140-S4NDE-RMS,531.MD140,,2025-05-20,2.94,2.8,4.19,
1998,Vb-532.MD140-MDE-RMS,532.MD140,,2025-05-20,1.41,1.41,1.05,
1999,Vb-532.MD140-MNDE-RMS,532.MD140,,2025-05-20,0.9,0.85,1.03,
2000,Vb-532.MD140-S1DE-RMS,532.MD140,,2025-05-20,6.22,5.61,3.41,
2001,Vb-532.MD140-S1NDE-RMS,532.MD140,,2025-05-20,3.71,2.64,4.51,
2002,Vb-532.MD140-S2DE-RMS,532.MD140,,2025-05-20,3.08,2.51,3.48,
2003,Vb-532.MD140-S2NDE-RMS,532.MD140,,2025-05-20,1.76,3.34,3.14,
2004,Vb-532.MD140-S3DE-RMS,532.MD140,,2025-05-20,2.88,2.83,2.58,
2005,Vb-532.MD140-S3NDE-RMS,532.MD140,,2025-05-20,2.17,2.03,3.03,
2006,Vb-532.MD140-S4DE-RMS,532.MD140,,2025-05-20,2.93,3.27,3.83,
2007,Vb-532.MD140-S4NDE-RMS,532.MD140,,2025-05-20,1.94,3.09,2.37,
2008,Vb-341.FN316-FDE-RMS,341.FN316,,2025-05-20,4.39,5.58,5.91,
2009,Vb-341.FN316-FNDE-RMS,341.FN316,,2025-05-20,7.45,6.14,8.04,
2010,Vb-341.FN316-MDE-RMS,341.FN316,,2025-05-20,10.37,10.04,,
2011,Vb-341.FN316-MNDE-RMS,341.FN316,,2025-05-20,7.44,9.46,10.25,
2012,Vb-441.CR400-CRDE-RMS,441.CR400,,2025-05-12,1.11,2.09,1.19,
2013,Vb-441.CR400-CRNDE-RMS,441.CR400,,2025-05-12,3.75,1.21,0.59,
2014,Vb-441.CR400-MDE-RMS,441.CR400,,2025-05-12,1.75,2.19,0.71,
2015,Vb-441.CR400-MNDE-RMS,441.CR400,,2025-05-12,1.1,0.45,0.61,
2016,Vb-461.MD140-MDE-RMS,461.MD140,,2025-05-20,0.53,0.45,0.26,
2017,Vb-461.MD140-MNDE-RMS,461.MD140,,2025-05-20,0.3,0.3,0.22,
2018,Vb-461.MD140-PHSS-RMS,461.MD140,,2025-05-20,0.62,0.56,0.92,
2019,Vb-461.MD140-RGT-RMS,461.MD140,,2025-05-20,1.2,0.75,1.12,
2020,Vb-461.FN125-FDE-RMS,461.FN125,,2025-05-20,1.86,3.46,3.67,
2021,Vb-461.FN125-FNDE-RMS,461.FN125,,2025-05-20,2.29,3.38,3.29,
2022,Vb-461.FN125-MDE-RMS,461.FN125,,2025-05-20,2.63,2.84,,
2023,Vb-461.FN125-MNDE-RMS,461.FN125,,2025-05-20,0.94,4.32,1.82,
2024,Vb-331.WI210-MDE-RMS,331.WI210,,2025-05-14,2.42,1.78,0.87,
2025,Vb-331.WI210-MNDE-RMS,331.WI210,,2025-05-14,0.8,0.91,0.64,
2026,Vb-331.WI210-PDE-RMS,331.WI210,,2025-05-14,6.44,2.85,0.72,
2027,Vb-331.WI210-PNDE-RMS,331.WI210,,2025-05-14,3.4,3.05,0.81,
2028,Vb-441.FN300-FDE-RMS,441.FN300,,2025-05-04,2.98,3.19,1.02,
2029,Vb-441.FN300-FNDE-RMS,441.FN300,,2025-05-04,4.03,3.63,1.48,
2030,Vb-441.FN300-MDE-RMS,441.FN300,,2025-05-04,1.87,2.06,1.78,
2031,Vb-441.FN300-MNDE-RMS,441.FN300,,2025-05-04,1.69,2.11,1.83,
2032,Vb-441.FN305-FDE-RMS,441.FN305,,2025-05-04,2.03,1.43,0.97,
2033,Vb-441.FN305-FNDE-RMS,441.FN305,,2025-05-04,1.75,1.18,1.09,
2034,Vb-441.FN305-MDE-RMS,441.FN305,,2025-05-04,1.53,2.14,2.19,
2035,Vb-441.FN305-MNDE-RMS,441.FN305,,2025-05-04,1.06,1.57,1.14,
2036,Vb-441.FN310-FDE-RMS,441.FN310,,2025-05-04,2.16,0.81,1.45,
2037,Vb-441.FN310-FNDE-RMS,441.FN310,,2025-05-04,1.54,1.23,0.96,
2038,Vb-441.FN310-MDE-RMS,441.FN310,,2025-05-04,2.21,2.08,1.27,
2039,Vb-441.FN310-MNDE-RMS,441.FN310,,2025-05-04,1.68,1.08,0.73,
2040,Vb-441.FN315-FDE-RMS,441.FN315,,2025-05-04,3.47,2.19,3.17,
2041,Vb-441.FN315-FNDE-RMS,441.FN315,,2025-05-04,7.7,4.32,2.94,
2042,Vb-441.FN315-MDE-RMS,441.FN315,,2025-05-04,5.14,5.71,2.4,
2043,Vb-441.FN315-MNDE-RMS,441.FN315,,2025-05-04,8.1,1.9,2.68,
2044,Vb-441.FN325-FDE-RMS,441.FN325,,2025-05-04,1.02,1.09,1.3,
2045,Vb-441.FN325-FNDE-RMS,441.FN325,,2025-05-04,1.25,1.43,1.1,
2046,Vb-441.FN325-MDE-RMS,441.FN325,,2025-05-04,1.74,1.46,1.88,
2047,Vb-441.FN325-MNDE-RMS,441.FN325,,2025-05-04,1.18,1.71,1.2,
2048,Vb-441.FN335-FDE-RMS,441.FN335,,2025-05-04,1.7,0.84,0.93,
2049,Vb-441.FN335-FNDE-RMS,441.FN335,,2025-05-04,2.26,1.01,1.3,
2050,Vb-441.FN335-MDE-RMS,441.FN335,,2025-05-04,2.21,2.04,1.01,
2051,Vb-441.FN335-MNDE-RMS,441.FN335,,2025-05-04,1.74,0.93,0.9,
2052,Vb-441.FN340-FDE-RMS,441.FN340,,2025-05-04,0.43,0.36,0.23,
2053,Vb-441.FN340-FNDE-RMS,441.FN340,,2025-05-04,0.49,0.45,0.26,
2054,Vb-441.FN340-MDE-RMS,441.FN340,,2025-05-04,0.64,0.63,0.33,
2055,Vb-441.FN340-MNDE-RMS,441.FN340,,2025-05-04,0.34,0.34,0.21,
2056,Vb-441.FN345-FDE-RMS,441.FN345,,2025-05-04,9.92,2.45,3.97,
2057,Vb-441.FN345-FNDE-RMS,441.FN345,,2025-05-04,8.88,2.63,3.65,
2058,Vb-441.FN345-MDE-RMS,441.FN345,,2025-05-04,9.76,7.7,4.52,
2059,Vb-441.FN345-MNDE-RMS,441.FN345,,2025-05-04,7.85,2.61,3.36,
2060,Vb-441.FN350-FDE-RMS,441.FN350,,2025-05-04,0.58,0.57,0.73,
2061,Vb-441.FN350-FNDE-RMS,441.FN350,,2025-05-04,0.72,0.64,0.95,
2062,Vb-441.FN350-MDE-RMS,441.FN350,,2025-05-04,0.77,0.65,0.87,
2063,Vb-441.FN350-MNDE-RMS,441.FN350,,2025-05-04,0.45,0.81,0.57,
2064,Vb-742.CP110-CNDE-RMS,742.CP110,,2025-05-06,2.52,1.22,2.06,
2065,Vb-741.CP111-CDE-RMS,741.CP111,,2025-05-12,4.46,5.35,3.48,
2066,Vb-741.CP111-CNDE-RMS,741.CP111,,2025-05-12,3.33,4.91,4.82,
2067,Vb-741.CP111-MDE-RMS,741.CP111,,2025-05-12,6.24,2.65,3.94,
2068,Vb-741.CP111-MNDE-RMS,741.CP111,,2025-05-12,2.62,2.11,4.98,
2069,Vb-742.CP111-CDE-RMS,742.CP111,,2025-05-06,5.07,6.73,6.6,
2070,Vb-742.CP111-CNDE-RMS,742.CP111,,2025-04-22,4.56,6.58,6.92,
2071,Vb-742.CP111-MDE-RMS,742.CP111,,2025-05-06,2.42,5.94,4.87,
2072,Vb-742.CP111-MNDE-RMS,742.CP111,,2025-05-06,2.52,3.83,3.65,
2073,Vb-741.CP112-CDE-RMS,741.CP112,,2025-05-12,8.63,5.66,5.14,
2074,Vb-741.CP112-CNDE-RMS,741.CP112,,2025-05-12,7.79,5.07,7.17,
2075,Vb-741.CP112-MDE-RMS,741.CP112,,2025-05-12,4.14,4.53,4.12,
2076,Vb-741.CP112-MNDE-RMS,741.CP112,,2025-05-12,5.79,2.56,4.41,
2077,Vb-742.CP112-CDE-RMS,742.CP112,,2025-05-06,1.41,3.99,5.26,
2078,Vb-742.CP112-CNDE-RMS,742.CP112,,2025-05-06,2.97,3.71,6.35,
2079,Vb-742.CP112-MDE-RMS,742.CP112,,2025-05-06,1.7,1.97,3.04,
2080,Vb-742.CP112-MNDE-RMS,742.CP112,,2025-05-06,0.86,0.89,2.08,
2081,Vb-741.CP113-CDE-RMS,741.CP113,,2025-05-12,6.99,5.38,4.87,
2082,Vb-741.CP113-CNDE-RMS,741.CP113,,2025-05-12,7.42,10.99,6.2,
2083,Vb-741.CP113-MDE-RMS,741.CP113,,2025-05-12,6,7.27,11.34,
2084,Vb-741.CP113-MNDE-RMS,741.CP113,,2025-05-12,6.95,3.48,5.71,
2085,Vb-742.CP113-CDE-RMS,742.CP113,,2025-05-06,1.8,1.12,1.98,
2086,Vb-742.CP113-CNDE-RMS,742.CP113,,2025-05-06,2.29,1.51,1.36,
2087,Vb-742.CP113-MDE-RMS,742.CP113,,2025-05-06,1.81,1.57,1.05,
2088,Vb-742.CP113-MNDE-RMS,742.CP113,,2025-05-06,1.96,2.05,1.08,
2089,Vb-331.CP280-CDE-RMS,331.CP280,,2025-05-12,4.9,4.8,2.44,
2090,Vb-331.CP280-CNDE-RMS,331.CP280,,2025-05-12,2.5,2.99,3.79,
2091,Vb-331.CP280-MDE-RMS,331.CP280,,2025-05-12,3.07,2.04,3.34,
2092,Vb-331.CP280-MNDE-RMS,331.CP280,,2025-05-12,5.38,3.51,2.79,
2093,Vb-331.CP281-CDE-RMS,331.CP281,,2025-04-13,7.15,4.79,5.04,
2094,Vb-331.CP281-CNDE-RMS,331.CP281,,2025-04-13,6.13,6.13,4.61,
2095,Vb-331.CP281-MDE-RMS,331.CP281,,2025-04-13,3.92,2.9,3.89,
2096,Vb-331.CP281-MNDE-RMS,331.CP281,,2025-04-13,2.69,1.99,3.47,
2097,Vb-461.CP524-CDE-RMS,461.CP524,,2025-05-20,1.43,2.15,1.59,
2098,Vb-461.CP524-CNDE-RMS,461.CP524,,2025-05-20,2.62,3.63,1.68,
2099,Vb-461.CP524-MDE-RMS,461.CP524,,2025-05-20,1.48,1.48,2.64,
2100,Vb-461.CP524-MNDE-RMS,461.CP524,,2025-05-20,1.9,2.67,1.64,
2101,,461.CP525,Compressor DE,2025-04-15,2.28,3.06,2.35,
2102,,461.CP525,Compressor NDE,2025-04-15,2.78,2.08,3.75,
2103,,461.CP525,Motor DE,2025-04-15,1.53,1.46,1.01,
2104,,461.CP525,Motor NDE,2025-04-15,1.15,1.26,1.13,
2105,Vb-461.CP526-CDE-RMS,461.CP526,,2025-05-20,4.15,5.8,1.7,
2106,Vb-461.CP526-CNDE-RMS,461.CP526,,2025-05-20,5.6,2.69,3.54,
2107,Vb-461.CP526-MDE-RMS,461.CP526,,2025-05-20,1.48,1.49,1.5,
2108,Vb-461.CP526-MNDE-RMS,461.CP526,,2025-05-20,1.61,2.6,1.85,
2109,Vb-111.CP400-CDE-RMS,111.CP400,,2025-04-17,3.39,2.88,2.59,
2110,Vb-111.CP400-CNDE-RMS,111.CP400,,2025-04-17,3.85,1.95,2.47,
2111,Vb-111.CP400-MDE-RMS,111.CP400,,2025-04-17,3.67,3.61,2.61,
2112,Vb-111.CP400-MNDE-RMS,111.CP400,,2025-04-17,2.1,2.7,2.17,
2113,Vb-331.FN400-FDE-RMS,331.FN400,,2025-06-03,0.74,0.34,1.02,
2114,Vb-331.FN400-FNDE-RMS,331.FN400,,2025-06-03,1.03,0.66,,
2115,Vb-331.FN400-MDE-RMS,331.FN400,,2025-06-03,0.45,0.26,0.78,
2116,Vb-331.FN400-MNDE-RMS,331.FN400,,2025-06-03,0.34,0.18,0.62,
2117,Vb-441.FN.590-FDE-RMS,441.FN590,,2025-05-12,0.26,0.39,0.11,
2118,Vb-441.FN.590-FNDE-RMS,441.FN590,,2025-05-12,0.22,0.16,0.12,
2119,Vb-441.FN.590-MDE-RMS,441.FN590,,2025-05-12,0.38,0.33,0.31,
2120,Vb-441.FN.590-MNDE-RMS,441.FN590,,2025-05-12,0.24,0.1,0.14,
2121,Vb-441.FN.590-S1DE-RMS,441.FN590,,2025-05-12,0.26,0.35,0.23,
2122,Vb-441.FN.590-S1NDE-RMS,441.FN590,,2025-05-12,0.29,0.25,0.2,
2123,Vb-441.FN.590-S2DE-RMS,441.FN590,,2025-05-12,0.47,0.3,0.47,
2124,Vb-441.FN.590-S2NDE-RMS,441.FN590,,2025-05-12,0.45,0.4,0.32,
2125,Vb-461.PP513-MDE-RMS,461.PP513,,2025-05-20,0.47,0.34,0.24,
2126,Vb-461.PP513-MNDE-RMS,461.PP513,,2025-05-20,0.35,0.16,0.33,
2127,Vb-461.PP513-PDE-RMS,461.PP513,,2025-05-20,1.4,1.18,0.74,
2128,Vb-461.PP513-PNDE-RMS,461.PP513,,2025-05-20,1.03,0.73,0.78,
2129,Vb-331.FN110-FDE-RMS,331.FN110,,2025-05-12,1.96,1.4,1.34,
2130,Vb-331.FN110-FNDE-RMS,331.FN110,,2025-05-12,1.55,0.93,1.4,
2131,Vb-331.FN110-MDE-RMS,331.FN110,,2025-05-12,1.18,1.88,0.31,
2132,Vb-331.FN110-MNDE-RMS,331.FN110,,2025-05-12,0.72,0.87,0.48,
2133,Vb-431.MD140-MDE-RMS,431.MD140,,2025-05-14,0.34,0.14,0.47,
2134,Vb-431.MD140-MNDE-RMS,431.MD140,,2025-05-14,0.4,0.34,0.49,
2135,Vb-431.MD140-S1DE-RMS,431.MD140,,2025-05-14,0.42,0.25,0.49,
2136,Vb-431.MD140-S1NDE-RMS,431.MD140,,2025-05-14,0.42,0.2,0.61,
2137,Vb-431.MD140-S2DE-RMS,431.MD140,,2025-05-14,0.49,0.24,0.55,
2138,Vb-431.MD140-S2NDE-RMS,431.MD140,,2025-05-14,0.32,0.27,0.55,
2139,Vb-431.MD140-S3DE-RMS,431.MD140,,2025-05-14,0.36,0.28,0.57,
2140,Vb-431.MD140-S3NDE-RMS,431.MD140,,2025-05-14,0.46,0.26,0.63,
2141,Vb-431.MD140-S4DE-RMS,431.MD140,,2025-05-14,0.38,0.32,1.84,
2142,Vb-431.MD140-S4NDE-RMS,431.MD140,,2025-05-14,0.34,0.25,0.56,
2143,Vb-431.MD160-MDE-RMS,431.MD160,,2025-05-14,0.4,1.7,1.04,
2144,Vb-431.MD160-MNDE-RMS,431.MD160,,2025-05-14,0.54,0.46,0.37,
2145,Vb-431.MD160-S1DE-RMS,431.MD160,,2025-05-14,0.47,0.4,0.63,
2146,Vb-431.MD160-S1NDE-RMS,431.MD160,,2025-05-14,0.39,0.42,0.66,
2147,Vb-431.MD160-S2DE-RMS,431.MD160,,2025-05-14,0.74,0.44,0.86,
2148,Vb-431.MD160-S2NDE-RMS,431.MD160,,2025-05-14,0.38,0.37,0.57,
2149,Vb-431.MD160-S3DE-RMS,431.MD160,,2025-05-14,0.44,0.49,0.45,
2150,Vb-431.MD160-S3NDE-RMS,431.MD160,,2025-05-14,0.43,0.37,0.55,
2151,Vb-431.MD160-S4DE-RMS,431.MD160,,2025-05-14,0.43,0.6,0.5,
2152,Vb-431.MD160-S4NDE-RMS,431.MD160,,2025-05-14,0.33,0.21,0.5,
2153,Vb-431.FN171-FDE-RMS,431.FN171,,2025-05-14,1.09,0.73,1.21,
2154,Vb-431.FN171-FNDE-RMS,431.FN171,,2025-05-14,1.24,1.04,1.35,
2155,Vb-431.FN171-MDE-RMS,431.FN171,,2025-05-14,1.09,0.96,1.63,
2156,Vb-431.FN171-MNDE-RMS,431.FN171,,2025-05-14,0.75,0.7,1.09,
2157,Vb-431.FN176-FDE-RMS,431.FN176,,2025-05-04,0.59,0.48,0.36,
2158,Vb-431.FN176-FNDE-RMS,431.FN176,,2025-05-04,0.81,0.78,0.47,
2159,Vb-431.FN176-MDE-RMS,431.FN176,,2025-05-04,0.83,0.66,0.52,
2160,Vb-431.FN176-MNDE-RMS,431.FN176,,2025-05-04,0.49,0.48,0.34,
2161,Vb-111.HC100-MDE-RMS,111.HC100,,2025-04-17,1.49,1.84,0.69,
2162,Vb-111.HC100-MNDE-RMS,111.HC100,,2025-04-17,0.82,0.76,0.68,
2163,Vb-111.HC100-RDE-RMS,111.HC100,,2025-04-17,0.58,0.55,0.4,
2164,Vb-111.HC100-RNDE-RMS,111.HC100,,2025-04-17,0.47,0.26,0.4,
2165,Vb-111.HC100-S1DE-RMS,111.HC100,,2025-04-17,1.22,0.71,0.73,
2166,Vb-111.HC100-S1NDE-RMS,111.HC100,,2025-04-17,1.23,0.77,0.69,
2167,Vb-111.HC100-S2DE-RMS,111.HC100,,2025-04-17,0.95,0.98,0.73,
2168,Vb-111.HC100-S2NDE-RMS,111.HC100,,2025-04-17,1.11,0.76,0.75,
2169,Vb-461.FN400-FDE-RMS,461.FN400,,2025-05-20,1.56,0.87,2.38,
2170,Vb-461.FN400-FNDE-RMS,461.FN400,,2025-05-20,1.17,0.76,0.83,
2171,Vb-461.FN400-MDE-RMS,461.FN400,,2025-05-20,0.89,0.81,0.46,
2172,Vb-461.FN400-MNDE-RMS,461.FN400,,2025-05-20,0.52,0.81,0.64,
2173,Vb-641.BE050-MDE-RMS,641.BE050,,2025-04-27,3.84,4.59,3.43,
2174,Vb-641.BE050-MNDE-RMS,641.BE050,,2025-04-27,4.31,4.83,4.48,
2175,Vb-641.BE050-S1-RMS,641.BE050,,2025-04-27,2.51,6.24,3.75,
2176,Vb-641.BE050-S3-RMS,641.BE050,,2025-04-27,3,5.05,2.42,
2177,Vb-642.BE050-MDE-RMS,642.BE050,,2025-04-27,3.53,4.09,6.61,
2178,Vb-642.BE050-MNDE-RMS,642.BE050,,2025-04-27,3.72,3.81,5.53,
2179,Vb-642.BE050-S1-RMS,642.BE050,,2025-04-27,1.88,3.86,4.32,
2180,Vb-642.BE050-S3-RMS,642.BE050,,2025-04-27,3.5,3.85,2.82,
2181,Vb-643.BE050-MDE-RMS,643.BE050,,2025-04-27,1.93,1.93,4.13,
2182,Vb-643.BE050-MNDE-RMS,643.BE050,,2025-04-27,3.32,3.22,3.88,
2183,Vb-643.BE050-S1-RMS,643.BE050,,2025-04-27,1.82,2.47,3.96,
2184,Vb-643.BE050-S3-RMS,643.BE050,,2025-04-27,3.4,6.87,2.48,
2185,Vb-644.BE050-MDE-RMS,644.BE050,,2025-04-24,4.47,5.77,6.03,
2186,Vb-644.BE050-MNDE-RMS,644.BE050,,2025-04-24,4.65,4.45,6.29,
2187,,644.BE050,Shaft 1 inboard  DE,2025-04-24,3.08,6.09,4.79,
2188,,644.BE050,Shaft 2  inboard  DE,2025-04-24,3.32,4.72,2.69,
2189,,644.BE050,Shaft 2  outboard NDE,2025-04-24,6.03,3.99,5.27,
2190,Vb-645.BE050-MDE-RMS,645.BE050,,2025-04-24,3.51,3.3,3.57,
2191,Vb-645.BE050-MNDE-RMS,645.BE050,,2025-04-24,4.49,4.11,3.4,
2192,,645.BE050,Shaft 1 inboard  DE,2025-04-24,2.67,3.28,,
2193,,645.BE050,Shaft 2  inboard  DE,2025-04-24,2.22,3.21,2.29,
2194,,645.BE050,Shaft 2  outboard NDE,2025-04-24,3.18,3.62,2.91,
2195,Vb-646.BE050-MDE-RMS,646.BE050,,2025-04-24,4.54,4.11,5.9,
2196,Vb-646.BE050-MNDE-RMS,646.BE050,,2025-04-24,4.63,5.48,4.29,
2197,,646.BE050,Shaft 1 inboard  DE,2025-04-24,3.31,4.47,5.04,
2198,,646.BE050,Shaft 2  inboard  DE,2025-04-24,3.37,4.23,2.48,
2199,,646.BE050,Shaft 2  outboard NDE,2025-04-24,4.53,3.65,,
2200,Vb-641.FN.952-FDE-RMS,641.FN952,,2025-05-06,4.68,5.39,4.27,
2201,Vb-641.FN.952-FNDE-RMS,641.FN952,,2025-05-06,6.02,14.87,4.66,
2202,Vb-641.FN.952-MDE-RMS,641.FN952,,2025-05-06,9.24,6.68,,
2203,Vb-641.FN.952-MNDE-RMS,641.FN952,,2025-05-06,4.09,5.11,4.15,
2204,Vb-642.FN.952-FDE-RMS,642.FN952,,2025-05-07,1.81,1.92,1.55,
2205,Vb-642.FN.952-FNDE-RMS,642.FN952,,2025-05-07,1.07,1.17,1.51,
2206,Vb-642.FN.952-MDE-RMS,642.FN952,,2025-05-07,2.13,1.61,1.21,
2207,Vb-642.FN.952-MNDE-RMS,642.FN952,,2025-05-07,0.9,1.54,1.43,
2208,Vb-643.FN.952-FDE-RMS,643.FN952,,2025-05-07,4.37,6.46,9.48,
2209,Vb-643.FN.952-FNDE-RMS,643.FN952,,2025-05-07,8,3.1,11.39,
2210,Vb-643.FN.952-MDE-RMS,643.FN952,,2025-05-07,8.09,3.36,,
2211,Vb-643.FN.952-MNDE-RMS,643.FN952,,2025-05-07,4.78,6.37,4.58,
2212,Vb-644.FN.952-FDE-RMS,644.FN952,,2025-05-11,3.93,4.63,1.92,
2213,Vb-644.FN.952-FNDE-RMS,644.FN952,,2025-05-11,2.11,2.98,1.88,
2214,Vb-644.FN.952-MDE-RMS,644.FN952,,2025-05-06,5.74,3.72,2.31,
2215,Vb-644.FN.952-MNDE-RMS,644.FN952,,2025-05-06,2.82,3.61,3.59,
2216,Vb-645.FN.952-FDE-RMS,645.FN952,,2025-05-06,3.51,2.74,3.57,
2217,Vb-645.FN.952-FNDE-RMS,645.FN952,,2025-05-06,3.77,3.48,3.67,
2218,Vb-645.FN.952-MDE-RMS,645.FN952,,2025-05-06,6.04,5.42,10.05,
2219,Vb-645.FN.952-MNDE-RMS,645.FN952,,2025-05-06,4.56,6.81,8.71,
2220,Vb-646.FN.952-FDE-RMS,646.FN952,,2025-05-06,5.23,2.45,3.85,
2221,Vb-646.FN.952-FNDE-RMS,646.FN952,,2025-05-06,7.88,2.58,4.63,
2222,Vb-646.FN.952-MDE-RMS,646.FN952,,2025-05-06,4.45,3.03,,
2223,Vb-646.FN.952-MNDE-RMS,646.FN952,,2025-05-06,3.36,9.7,6.71,
2224,Vb-431.FN560-MDE-RMS,431.FN560,,2025-05-14,1.22,0.84,2.55,
2225,Vb-431.FN560-MNDE-RMS,431.FN560,,2025-05-14,3.35,1.18,2.61,
2226,Vb-451.FN010-FDE-RMS,451.FN010,,2025-05-12,0.86,2.76,3.49,
2227,Vb-451.FN010-FNDE-RMS,451.FN010,,2025-05-12,2.09,2.91,2.18,
2228,Vb-451.FN010-MDE-RMS,451.FN010,,2025-05-12,1.73,1.56,1.75,
2229,Vb-451.FN010-MNDE-RMS,451.FN010,,2025-05-12,0.8,0.42,1.82,
2230,Vb-321.MD140-GBHSS0,321.MD140,,2025-06-03,,,,1.86
2231,Vb-321.MD140-GBHSS1,321.MD140,,2025-06-03,,,,4.02
2232,Vb-321.MD140-GBHSS6,321.MD140,,2025-06-03,,,,3.23
2233,Vb-321.MD140-MDE-RMS,321.MD140,,2025-06-03,2.22,3.25,1.28,
2234,Vb-321.MD140-MNDE-RMS,321.MD140,,2025-06-03,1.27,1.78,1.37,
2235,Vb-321.MD140-RG2,321.MD140,,2025-06-03,,,,1.75
2236,Vb-321.MD140-RG3,321.MD140,,2025-06-03,,,,1.82
2237,Vb-321.MD140-RG4,321.MD140,,2025-06-03,,,,1.92
2238,Vb-321.MD140-RG5,321.MD140,,2025-06-03,,,,2
2239,Vb-321.FN400-FDE-RMS,321.FN400,,2025-06-03,1.38,0.85,1.57,
2240,Vb-321.FN400-FNDE-RMS,321.FN400,,2025-06-03,1.86,0.66,0.86,
2241,Vb-321.FN400-MDE-RMS,321.FN400,,2025-06-03,0.87,0.55,0.32,
2242,Vb-321.FN400-MNDE-RMS,321.FN400,,2025-06-03,0.59,0.44,0.28,
2243,Vb-321.FN125-FDE-RMS,321.FN125,,2025-06-03,9.78,9.64,12.59,
2244,Vb-321.FN125-FNDE-RMS,321.FN125,,2025-06-03,9.47,9.48,9.94,
2245,Vb-321.FN125-MDE-RMS,321.FN125,,2025-06-03,6.55,9.05,,
2246,Vb-321.FN125-MNDE-RMS,321.FN125,,2025-06-03,6.18,12.34,10.23,
2247,Vb-531.FN530-FDE-RMS,531.FN530,,2025-05-09,0.97,1.2,1.38,
2248,Vb-531.FN530-FNDE-RMS,531.FN530,,2025-05-09,1.21,0.76,1.22,
2249,Vb-531.FN530-MDE-RMS,531.FN530,,2025-05-09,1.8,1.43,1.67,
2250,Vb-531.FN530-MNDE-RMS,531.FN530,,2025-05-09,1.37,1.27,1.17,
2251,Vb-532.FN530-FDE-RMS,532.FN530,,2025-05-09,1.46,1.03,0.75,
2252,Vb-532.FN530-FNDE-RMS,532.FN530,,2025-05-09,3.36,3.49,1.15,
2253,Vb-532.FN530-MDE-RMS,532.FN530,,2025-05-09,0.73,0.82,0.62,
2254,Vb-532.FN530-MNDE-RMS,532.FN530,,2025-05-09,0.58,0.74,0.61,
2255,Vb-531.MD302-MDE-RMS,531.MD302,,2025-04-23,1.9,1.25,0.49,
2256,Vb-531.MD302-MNDE-RMS,531.MD302,,2025-04-23,2.24,1.14,0.79,
2257,Vb-531.MD302-S1DE-RMS,531.MD302,,2025-04-23,1.09,1.09,0.54,
2258,Vb-531.MD302-S1NDE-RMS,531.MD302,,2025-04-23,2.59,1.02,0.42,
2259,Vb-531.MD302-S2DE-RMS,531.MD302,,2025-04-23,1.79,0.93,0.5,
2260,Vb-531.MD302-S2NDE-RMS,531.MD302,,2025-04-23,1.95,0.95,0.48,
2261,Vb-532.MD302-MDE-RMS,532.MD302,,2025-04-23,1.72,1.05,0.55,
2262,Vb-532.MD302-MNDE-RMS,532.MD302,,2025-04-23,1.93,1.37,0.67,
2263,Vb-532.MD302-S1DE-RMS,532.MD302,,2025-04-23,1.66,1.21,0.48,
2264,Vb-532.MD302-S1NDE-RMS,532.MD302,,2025-04-23,1.81,0.73,0.6,
2265,Vb-532.MD302-S2DE-RMS,532.MD302,,2025-04-23,0.89,0.72,0.49,
2266,Vb-532.MD302-S2NDE-RMS,532.MD302,,2025-04-23,1.03,1.26,0.45,
2267,Vb-531.FN380-FDE-RMS,531.FN380,,2025-05-12,0.69,0.58,1.7,
2268,Vb-531.FN380-FNDE-RMS,531.FN380,,2025-05-12,2.95,2.08,1.86,
2269,Vb-531.FN380-MDE-RMS,531.FN380,,2025-05-07,1.28,0.83,0.44,
2270,Vb-531.FN380-MNDE-RMS,531.FN380,,2025-05-07,1.29,0.91,0.68,
2271,Vb-532.FN380-FDE-RMS,532.FN380,,2025-05-07,0.38,0.26,0.99,
2272,Vb-532.FN380-FNDE-RMS,532.FN380,,2025-05-07,0.77,0.69,1.1,
2273,Vb-532.FN380-MDE-RMS,532.FN380,,2025-05-07,0.41,0.35,0.43,
2274,Vb-532.FN380-MNDE-RMS,532.FN380,,2025-05-07,0.48,0.74,0.48,
2275,Vb-613.BL300-BLDE-RMS,613.BL300,,2025-03-18,5.22,7.65,8.04,
2276,Vb-613.BL300-BLNDE-RMS,613.BL300,,2025-03-18,6.9,8.5,7.61,
2277,Vb-613.BL300-MDE-RMS,613.BL300,,2025-03-18,13.49,3.96,16.93,
2278,Vb-613.BL300-MNDE-RMS,613.BL300,,2025-03-18,2.06,5.71,16.78,
2279,Vb-614.BL300-BLDE-RMS,614.BL300,,2025-02-17,3.41,5.07,4.04,
2280,Vb-614.BL300-BLNDE-RMS,614.BL300,,2025-02-17,4.26,4,2.91,
2281,Vb-614.BL300-MDE-RMS,614.BL300,,2025-02-17,2.73,5,8.91,
2282,Vb-614.BL300-MNDE-RMS,614.BL300,,2025-02-17,2.73,2.43,2.35,
2283,,352.BL115,BL DE,2025-04-10,2.85,3.18,3.09,
2284,,352.BL115,BL NDE,2025-04-10,4.43,4.32,3.11,
2285,,352.BL115,Motor DE,2025-04-10,2.5,2.55,2.76,
2286,,352.BL115,Motor NDE,2025-04-10,3.14,3.36,3.08,
2287,Vb-342.BL300-BLDE-RMS,342.BL300,,2025-04-10,2.26,1.75,2.99,
2288,Vb-342.BL300-BLNDE-RMS,342.BL300,,2025-04-10,4.65,3.35,3.09,
2289,Vb-342.BL300-MDE-RMS,342.BL300,,2025-04-10,2.68,3.75,8.11,
2290,Vb-342.BL300-MNDE-RMS,342.BL300,,2025-04-10,1.55,2.21,3.94,
2291,Vb-342.BL305-BLDE-RMS,342.BL305,,2025-04-10,2.15,1.82,2.43,
2292,Vb-342.BL305-BLNDE-RMS,342.BL305,,2025-04-10,2.82,2.16,2.24,
2293,Vb-342.BL305-MDE-RMS,342.BL305,,2025-04-10,2.02,4.11,7.6,
2294,Vb-342.BL305-MNDE-RMS,342.BL305,,2025-04-10,2.68,2.98,4.25,
2295,Vb-342.BL310-BLDE-RMS,342.BL310,,2025-04-10,2.38,2.55,4.39,
2296,Vb-342.BL310-BLNDE-RMS,342.BL310,,2025-04-10,2.63,2.75,4.99,
2297,Vb-342.BL310-MDE-RMS,342.BL310,,2025-04-10,2.21,3.46,5.04,
2298,Vb-342.BL310-MNDE-RMS,342.BL310,,2025-04-10,1.92,2.28,5.18,
2299,Vb-466.BL580-BLDE-RMS,466.BL580,,2025-04-10,5.97,6.31,7.36,
2300,Vb-466.BL580-BLNDE-RMS,466.BL580,,2025-04-10,5.6,5.4,5.65,
2301,Vb-466.BL580-MDE-RMS,466.BL580,,2025-04-10,4.12,3.38,2.61,
2302,Vb-466.BL580-MNDE-RMS,466.BL580,,2025-04-10,2.77,3.58,1.7,
2303,Vb-466.BL630-BLDE-RMS,466.BL630,,2025-04-08,5.21,6.73,4.45,
2304,Vb-466.BL630-BLNDE-RMS,466.BL630,,2025-04-08,5.09,6.46,5.06,
2305,Vb-466.BL630-MDE-RMS,466.BL630,,2025-04-08,2.01,2.51,3.03,
2306,Vb-466.BL630-MNDE-RMS,466.BL630,,2025-04-08,1.88,2.19,1.92,
2307,Vb-466.BL635-BLDE-RMS,466.BL635,,2025-04-04,2.53,3.03,3.53,
2308,Vb-466.BL635-BLNDE-RMS,466.BL635,,2025-04-04,2.56,3.07,3.1,
2309,Vb-466.BL635-MDE-RMS,466.BL635,,2025-04-04,1.76,1.81,1.59,
2310,Vb-466.BL635-MNDE-RMS,466.BL635,,2025-04-04,1.67,1.36,1.14,
2311,Vb-462.FN450-FDE-RMS,462.FN450,,2025-05-24,0.2,0.11,0.23,
2312,Vb-462.FN450-FNDE-RMS,462.FN450,,2025-05-24,0.13,0.33,0.28,
2313,Vb-462.FN450-MDE-RMS,462.FN450,,2025-05-24,0.25,0.24,0.1,
2314,Vb-462.FN450-MNDE-RMS,462.FN450,,2025-05-24,0.14,0.08,0.11,
2315,Vb-342.BE050-MDE-RMS,342.BE050,,2025-04-10,2.74,1.31,1.43,
2316,Vb-342.BE050-MNDE-RMS,342.BE050,,2025-04-10,2.31,1.29,1.17,
2317,,342.BE050,Shaft 1 Ouboard,2025-04-10,1.05,0.84,1.06,
2318,Vb-342.BE050-S2NDE-RMS,342.BE050,,2025-04-10,0.91,1.09,0.79,
2319,Vb-342.BE050-S3DE-RMS,342.BE050,,2025-04-10,1,1.22,1,
2320,Vb-342.BE050-S3NDE-RMS,342.BE050,,2025-04-10,0.77,1.16,0.9,
2321,Vb-352.BE340-MDE-RMS,352.BE340,,2025-04-10,3.74,3.39,2.85,
2322,Vb-352.BE340-MNDE-RMS,352.BE340,,2025-04-10,4.14,4.24,2.03,
2323,,352.BE340,Shaft 1 Ouboard,2025-04-10,1.43,2.67,1.61,
2324,Vb-352.BE340-S2NDE-RMS,352.BE340,,2025-04-10,1.37,2.82,2.22,
2325,Vb-352.BE340-S3DE-RMS,352.BE340,,2025-04-10,1.65,2,1.47,
2326,Vb-352.BE340-S3NDE-RMS,352.BE340,,2025-04-10,1.6,2.59,1.65,
2327,Vb-342.BE051-MDE-RMS,342.BE051,,2025-04-10,2.45,1.36,0.96,
2328,Vb-342.BE051-MNDE-RMS,342.BE051,,2025-04-10,1.5,1.81,1.35,
2329,,342.BE051,Shaft 1 Ouboard,2025-04-10,1.42,1.08,1.27,
2330,Vb-342.BE051-S2NDE-RMS,342.BE051,,2025-04-10,1.4,1.09,0.93,
2331,Vb-342.BE051-S3DE-RMS,342.BE051,,2025-04-10,0.71,1.48,1.57,
2332,Vb-342.BE051-S3NDE-RMS,342.BE051,,2025-04-10,0.65,1.6,1.61,
2333,Vb-352.BE341-MDE-RMS,352.BE341,,2025-04-10,2.12,1.82,2.13,
2334,Vb-352.BE341-MNDE-RMS,352.BE341,,2025-04-10,3.88,2.64,1.65,
2335,,352.BE341,Shaft 1 Ouboard,2025-04-10,1.19,1.35,1.83,
2336,Vb-352.BE341-S2NDE-RMS,352.BE341,,2025-04-10,1.29,1.34,1.33,
2337,Vb-352.BE341-S3DE-RMS,352.BE341,,2025-04-10,1.23,1.68,1.42,
2338,Vb-352.BE341-S3NDE-RMS,352.BE341,,2025-04-10,1.32,1.88,1.55,
2339,Vb-452.FN240-FDE-RMS,452.FN240,,2025-05-25,0.2,0.38,0.14,
2340,Vb-452.FN240-FNDE-RMS,452.FN240,,2025-05-25,0.14,0.19,0.49,
2341,Vb-452.FN240-MDE-RMS,452.FN240,,2025-05-25,0.24,0.25,0.13,
2342,Vb-452.FN240-MNDE-RMS,452.FN240,,2025-05-25,0.16,0.15,0.14,
2343,Vb-452.WI112-MDE-RMS,452.WI112,,2025-05-25,3.78,2.83,1.45,
2344,Vb-452.WI112-MNDE-RMS,452.WI112,,2025-05-25,1.94,3.72,1.63,
2345,Vb-452.WI112-PDE-RMS,452.WI112,,2025-05-25,3.64,4.51,3.46,
2346,Vb-452.WI112-PNDE-RMS,452.WI112,,2025-05-25,1.55,1.21,3.64,
2347,Vb-533.BE220-MDE-RMS,533.BE220,,2025-04-29,5.43,4.75,3.66,
2348,Vb-533.BE220-MNDE-RMS,533.BE220,,2025-04-29,5.05,7.93,4.03,
2349,Vb-533.BE220-S1DE-RMS,533.BE220,,2025-04-29,2.18,2.92,3.72,
2350,Vb-533.BE220-S2DE-RMS,533.BE220,,2025-04-29,3.31,2.75,2.09,
2351,Vb-533.BE220-S2NDE-RMS,533.BE220,,2025-04-29,4.15,2.67,3.66,
2352,Vb-534.BE220-MDE-RMS,534.BE220,,2025-04-28,5.75,6.84,3.58,
2353,Vb-534.BE220-MNDE-RMS,534.BE220,,2025-04-28,5.86,5.84,4.09,
2354,Vb-534.BE220-S1-RMS,534.BE220,,2025-02-17,,,4.14,
2355,,534.BE220,Shaft 1 inboard  DE,2025-04-28,4.34,3.34,,
2356,,534.BE220,Shaft 2  inboard  DE,2025-04-28,3.88,2.36,4.18,
2357,,534.BE220,Shaft 2  outboard NDE,2025-04-28,3.47,2.82,4.73,
2358,Vb-533.MD140-MDE-RMS,533.MD140,,2025-05-13,0.72,0.69,0.41,
2359,Vb-533.MD140-MNDE-RMS,533.MD140,,2025-05-13,0.58,0.53,0.4,
2360,Vb-533.MD140-S1DE-RMS,533.MD140,,2025-05-13,2.35,1.76,2.47,
2361,Vb-533.MD140-S1NDE-RMS,533.MD140,,2025-05-13,2.27,2.25,2.03,
2362,Vb-533.MD140-S2DE-RMS,533.MD140,,2025-05-13,1.6,1.12,1.88,
2363,Vb-533.MD140-S2NDE-RMS,533.MD140,,2025-05-13,1.54,1.62,1.98,
2364,Vb-533.MD140-S3DE-RMS,533.MD140,,2025-05-13,1.5,1.49,1.61,
2365,Vb-533.MD140-S3NDE-RMS,533.MD140,,2025-05-13,1.29,1.31,2.26,
2366,Vb-533.MD140-S4DE-RMS,533.MD140,,2025-05-13,1.67,1.22,1.94,
2367,Vb-533.MD140-S4NDE-RMS,533.MD140,,2025-05-13,1.27,1.44,1.55,
2368,Vb-534.MD140-MDE-RMS,534.MD140,,2025-05-13,0.66,0.68,0.35,
2369,Vb-534.MD140-MNDE-RMS,534.MD140,,2025-05-13,0.6,0.58,0.31,
2370,Vb-534.MD140-S1DE-RMS,534.MD140,,2025-05-13,1.84,2.09,1.9,
2371,Vb-534.MD140-S1NDE-RMS,534.MD140,,2025-05-13,1.62,2.2,1.7,
2372,Vb-534.MD140-S2DE-RMS,534.MD140,,2025-05-13,1.02,0.98,0.91,
2373,Vb-534.MD140-S2NDE-RMS,534.MD140,,2025-05-13,1.39,0.94,1.26,
2374,Vb-534.MD140-S3DE-RMS,534.MD140,,2025-05-13,1.1,0.93,0.87,
2375,Vb-534.MD140-S3NDE-RMS,534.MD140,,2025-05-13,1.17,1.34,1.22,
2376,Vb-534.MD140-S4DE-RMS,534.MD140,,2025-05-13,1.18,0.92,0.99,
2377,Vb-534.MD140-S4NDE-RMS,534.MD140,,2025-05-13,1.33,0.85,1.01,
2378,Vb-342.FN315-FDE-RMS,342.FN315,,2025-05-18,3.72,1.93,4.34,
2379,Vb-342.FN315-FNDE-RMS,342.FN315,,2025-05-18,4.47,2.72,3.84,
2380,Vb-342.FN315-MDE-RMS,342.FN315,,2025-05-18,1.77,3.1,,
2381,Vb-342.FN315-MNDE-RMS,342.FN315,,2025-05-18,2.27,1.83,3.37,
2382,Vb-442.CR400-CRDE-RMS,442.CR400,,2025-05-24,1.04,1.01,1.02,
2383,Vb-442.CR400-CRNDE-RMS,442.CR400,,2025-05-24,4.41,2.13,1.3,
2384,Vb-442.CR400-MDE-RMS,442.CR400,,2025-05-24,0.89,1.04,0.77,
2385,Vb-442.CR400-MNDE-RMS,442.CR400,,2025-05-24,0.5,0.95,0.68,
2386,Vb-462.MD140-MDE-RMS,462.MD140,,2025-05-20,1.21,0.93,0.4,
2387,Vb-462.MD140-MNDE-RMS,462.MD140,,2025-05-20,1.13,0.62,0.34,
2388,Vb-462.MD140-PHSS-RMS,462.MD140,,2025-05-20,0.18,0.21,1.41,
2389,Vb-462.MD140-RGT-RMS,462.MD140,,2025-05-20,0.29,0.15,0.53,
2390,Vb-462.FN125-FDE-RMS,462.FN125,,2025-05-24,4.4,3.92,3.97,
2391,Vb-462.FN125-FNDE-RMS,462.FN125,,2025-05-24,3.06,2.77,3.71,
2392,Vb-462.FN125-MDE-RMS,462.FN125,,2025-05-24,4.86,4.27,,
2393,Vb-462.FN125-MNDE-RMS,462.FN125,,2025-05-24,2.79,4.89,12.14,
2394,Vb-332.WI211-MDE-RMS,332.WI211,,2025-05-25,3.23,1.47,1.23,
2395,Vb-332.WI211-MNDE-RMS,332.WI211,,2025-05-25,1.75,2.42,1.27,
2396,Vb-332.WI211-PDE-RMS,332.WI211,,2025-05-25,4.67,3.16,1.21,
2397,Vb-332.WI211-PNDE-RMS,332.WI211,,2025-05-25,2.22,1.3,1.74,
2398,Vb-442.FN300-FDE-RMS,442.FN300,,2025-05-24,3.28,1.23,3.53,
2399,Vb-442.FN300-FNDE-RMS,442.FN300,,2025-05-24,2.67,1.55,3.01,
2400,Vb-442.FN300-MDE-RMS,442.FN300,,2025-05-24,4.1,2.62,2.62,
2401,Vb-442.FN300-MNDE-RMS,442.FN300,,2025-05-24,2.95,1.82,2.16,
2402,Vb-442.FN305-FDE-RMS,442.FN305,,2025-05-24,1.33,1.33,0.99,
2403,Vb-442.FN305-FNDE-RMS,442.FN305,,2025-05-24,1.82,1.37,1.36,
2404,Vb-442.FN305-MDE-RMS,442.FN305,,2025-05-24,1.99,1.24,1.8,
2405,Vb-442.FN305-MNDE-RMS,442.FN305,,2025-05-24,1.23,1.15,1.05,
2406,Vb-442.FN310-FDE-RMS,442.FN310,,2025-05-24,4.52,6.46,7.85,
2407,Vb-442.FN310-FNDE-RMS,442.FN310,,2025-05-24,3.92,7.76,9.17,
2408,Vb-442.FN310-MDE-RMS,442.FN310,,2025-05-24,4.08,4.04,8.91,
2409,Vb-442.FN310-MNDE-RMS,442.FN310,,2025-05-24,3.55,5.02,7.85,
2410,Vb-442.FN315-FDE-RMS,442.FN315,,2025-05-24,1.11,2.06,1.11,
2411,Vb-442.FN315-FNDE-RMS,442.FN315,,2025-05-24,3.47,2.8,1.47,
2412,Vb-442.FN315-MDE-RMS,442.FN315,,2025-05-24,1.79,2.21,1.71,
2413,Vb-442.FN315-MNDE-RMS,442.FN315,,2025-05-24,4.01,1.55,1.86,
2414,Vb-442.FN325-FDE-RMS,442.FN325,,2025-05-24,2.83,1.48,1.91,
2415,Vb-442.FN325-FNDE-RMS,442.FN325,,2025-05-24,2.75,1.9,2.26,
2416,Vb-442.FN325-MDE-RMS,442.FN325,,2025-05-24,2.45,2.44,2.01,
2417,Vb-442.FN325-MNDE-RMS,442.FN325,,2025-05-24,2.2,1.6,1.92,
2418,Vb-442.FN335-FDE-RMS,442.FN335,,2025-05-24,1.78,0.87,0.61,
2419,Vb-442.FN335-FNDE-RMS,442.FN335,,2025-05-24,1.01,0.48,0.48,
2420,Vb-442.FN335-MDE-RMS,442.FN335,,2025-05-24,0.77,1.03,0.73,
2421,Vb-442.FN335-MNDE-RMS,442.FN335,,2025-05-24,0.83,0.46,0.52,
2422,Vb-442.FN340-FDE-RMS,442.FN340,,2025-05-24,2.02,1.06,0.89,
2423,Vb-442.FN340-FNDE-RMS,442.FN340,,2025-05-24,3.68,2.45,2.45,
2424,Vb-442.FN340-MDE-RMS,442.FN340,,2025-05-24,2.69,1.91,1.03,
2425,Vb-442.FN340-MNDE-RMS,442.FN340,,2025-05-24,1.68,0.34,0.82,
2426,Vb-442.FN345-FDE-RMS,442.FN345,,2025-05-24,3.27,1.7,1.12,
2427,Vb-442.FN345-FNDE-RMS,442.FN345,,2025-05-24,4.04,2.24,1.03,
2428,Vb-442.FN345-MDE-RMS,442.FN345,,2025-05-24,2.66,2.66,1.51,
2429,Vb-442.FN345-MNDE-RMS,442.FN345,,2025-05-24,1.67,1.7,0.97,
2430,Vb-442.FN350-FDE-RMS,442.FN350,,2025-05-24,0.51,0.38,0.35,
2431,Vb-442.FN350-FNDE-RMS,442.FN350,,2025-05-24,1.21,0.85,0.42,
2432,Vb-442.FN350-MDE-RMS,442.FN350,,2025-05-24,0.49,0.54,0.47,
2433,Vb-442.FN350-MNDE-RMS,442.FN350,,2025-05-24,0.32,0.32,0.34,
2434,Vb-462.CP525-CDE-RMS,462.CP525,,2025-05-24,2,1.6,1.11,
2435,Vb-462.CP525-CNDE-RMS,462.CP525,,2025-05-24,4.24,2.65,1.11,
2436,Vb-462.CP525-MDE-RMS,462.CP525,,2025-05-24,2.63,1.75,2.95,
2437,Vb-462.CP525-MNDE-RMS,462.CP525,,2025-05-24,1.15,2.38,1.66,
2438,Vb-743.CP110-CDE-RMS,743.CP110,,2025-05-18,1.02,1.26,1.44,
2439,Vb-743.CP110-CNDE-RMS,743.CP110,,2025-05-18,1.87,2.61,2.23,
2440,Vb-743.CP110-MDE-RMS,743.CP110,,2025-05-18,0.57,0.73,1.14,
2441,Vb-743.CP110-MNDE-RMS,743.CP110,,2025-05-18,0.66,0.61,,
2442,Vb-744.CP110-CDE-RMS,744.CP110,,2025-05-06,1.83,3.69,5.4,
2443,Vb-744.CP110-CNDE-RMS,744.CP110,,2025-05-06,2.6,4.86,6.6,
2444,Vb-744.CP110-MDE-RMS,744.CP110,,2025-05-06,0.92,1.5,2.18,
2445,Vb-744.CP110-MNDE-RMS,744.CP110,,2025-05-06,0.88,1.06,1.55,
2446,Vb-743.CP111-CDE-RMS,743.CP111,,2025-04-10,3.33,2.3,3.52,
2447,Vb-743.CP111-CNDE-RMS,743.CP111,,2025-04-10,3.16,3.03,3.29,
2448,Vb-743.CP111-MDE-RMS,743.CP111,,2025-04-10,1.88,2.56,3.53,
2449,Vb-743.CP111-MNDE-RMS,743.CP111,,2025-04-10,2.98,1.8,2.28,
2450,Vb-743.CP112-CDE-RMS,743.CP112,,2025-04-10,1.09,1.69,1.6,
2451,Vb-743.CP112-CNDE-RMS,743.CP112,,2025-04-10,1.17,2.26,2.01,
2452,Vb-743.CP112-MDE-RMS,743.CP112,,2025-04-10,0.6,1.1,1.4,
2453,Vb-743.CP112-MNDE-RMS,743.CP112,,2025-04-10,1.01,1.41,1.51,
2454,Vb-744.CP112-CDE-RMS,744.CP112,,2025-05-06,1.5,3.57,5.8,
2455,Vb-744.CP112-CNDE-RMS,744.CP112,,2025-05-06,4.83,5.76,6.93,
2456,Vb-744.CP112-MDE-RMS,744.CP112,,2025-05-06,2.1,2.46,2.43,
2457,Vb-744.CP112-MNDE-RMS,744.CP112,,2025-05-06,1.22,1.46,3.15,
2458,Vb-743.CP113-CDE-RMS,743.CP113,,2025-04-10,1.72,1.45,1.62,
2459,Vb-743.CP113-CNDE-RMS,743.CP113,,2025-04-10,1.66,1.8,4.01,
2460,Vb-743.CP113-MDE-RMS,743.CP113,,2025-04-10,1.27,1.11,2.36,
2461,Vb-743.CP113-MNDE-RMS,743.CP113,,2025-04-10,1.05,1.23,2.43,
2462,Vb-744.CP113-CDE-RMS,744.CP113,,2025-05-06,2.53,1.94,3.14,
2463,Vb-744.CP113-CNDE-RMS,744.CP113,,2025-05-06,3.92,4.98,5.62,
2464,Vb-744.CP113-MDE-RMS,744.CP113,,2025-05-06,2.17,3.26,4.89,
2465,Vb-744.CP113-MNDE-RMS,744.CP113,,2025-05-06,1.87,1.11,4.01,
2466,,743.CP115,Compressor DE,2025-02-13,1.46,3.2,1,
2467,,743.CP115,Compressor NDE,2025-02-13,1.34,2.28,1.23,
2468,,743.CP115,Motor DE,2025-02-13,0.82,0.88,0.86,
2469,,743.CP115,Motor NDE,2025-02-13,1.22,1.25,0.95,
2470,Vb-332.CP281-CDE-RMS,332.CP281,,2025-04-10,2.41,5.6,5.76,
2471,Vb-332.CP281-CNDE-RMS,332.CP281,,2025-04-10,3.83,5.38,6.06,
2472,Vb-332.CP281-MDE-RMS,332.CP281,,2025-04-10,2.67,4.16,6.43,
2473,Vb-332.CP281-MNDE-RMS,332.CP281,,2025-04-10,2.29,1.78,2.55,
2474,Vb-332.CP282-CDE-RMS,332.CP282,,2025-04-10,3.58,4.19,3.07,
2475,Vb-332.CP282-CNDE-RMS,332.CP282,,2025-04-10,3.09,3.59,1.6,
2476,Vb-332.CP282-MDE-RMS,332.CP282,,2025-04-10,1.12,2.44,2.07,
2477,Vb-332.CP282-MNDE-RMS,332.CP282,,2025-04-10,1.84,1.21,1.81,
2478,Vb-462.CP530-CDE-RMS,462.CP530,,2025-05-24,0.98,0.97,1.57,
2479,Vb-462.CP530-CNDE-RMS,462.CP530,,2025-05-24,4.57,2.42,1.64,
2480,Vb-462.CP530-MDE-RMS,462.CP530,,2025-05-24,2.31,2.44,3.54,
2481,Vb-462.CP530-MNDE-RMS,462.CP530,,2025-05-24,1.67,2.52,3.48,
2482,,462.CP.535,Compressor DE,2025-04-16,2.89,2.57,1.4,
2483,,462.CP.535,Compressor NDE,2025-04-16,5.76,5.4,1.62,
2484,,462.CP.535,Motor DE,2025-04-16,1.58,1.59,6.07,
2485,,462.CP.535,Motor NDE,2025-04-16,1.58,1.81,3.71,
2486,Vb-332.FN400-FDE-RMS,332.FN400,,2025-05-24,0.5,0.24,0.29,
2487,Vb-332.FN400-FNDE-RMS,332.FN400,,2025-05-16,,,1.13,
2488,Vb-332.FN400-FNDE-RMS,332.FN400,,2025-05-24,0.93,0.26,,
2489,Vb-332.FN400-MDE-RMS,332.FN400,,2025-05-24,0.21,0.13,0.28,
2490,Vb-332.FN400-MNDE-RMS,332.FN400,,2025-05-24,0.23,0.13,0.28,
2491,,332.FN400,Shaft 1 inboard,2025-01-13,0.48,0.36,0.38,
2492,,332.FN400,Shaft 1 outboard,2025-01-13,0.53,0.14,0.59,
2493,,332.FN400,Shaft 2 inboard,2025-01-13,0.37,0.3,0.41,
2494,,332.FN400,Shaft 2 outboard,2025-01-13,0.36,0.76,0.35,
2495,Vb-442.FN590-FDE-RMS,442.FN590,,2025-05-24,0.21,0.23,0.25,
2496,Vb-442.FN590-FNDE-RMS,442.FN590,,2025-05-24,0.13,0.17,0.63,
2497,Vb-442.FN590-MDE-RMS,442.FN590,,2025-05-24,0.24,0.46,0.14,
2498,Vb-442.FN590-MNDE-RMS,442.FN590,,2025-05-24,0.22,0.31,0.21,
2499,Vb-442.FN590-S1DE-RMS,442.FN590,,2025-05-24,0.42,0.41,0.36,
2500,Vb-442.FN590-S1NDE-RMS,442.FN590,,2025-05-24,0.32,0.38,0.24,
2501,Vb-442.FN590-S2DE-RMS,442.FN590,,2025-05-24,0.4,0.4,0.47,
2502,Vb-442.FN590-S2NDE-RMS,442.FN590,,2025-05-24,0.46,0.55,0.4,
2503,Vb-462.PP515-MDE-RMS,462.PP515,,2025-02-12,1.26,0.9,1.42,
2504,Vb-462.PP515-MNDE-RMS,462.PP515,,2025-02-12,0.86,0.9,0.4,
2505,Vb-462.PP515-PDE-RMS,462.PP515,,2025-02-12,3.84,2.93,2.2,
2506,Vb-462.PP515-PNDE-RMS,462.PP515,,2025-02-12,1.35,1.28,0.89,
2507,Vb-462.PP545-MDE-RMS,462.PP545,,2025-05-24,0.39,0.33,0.22,
2508,Vb-462.PP545-MNDE-RMS,462.PP545,,2025-05-24,0.33,0.16,0.16,
2509,Vb-462.PP545-PDE-RMS,462.PP545,,2025-05-24,1.08,1,0.79,
2510,Vb-462.PP545-PNDE-RMS,462.PP545,,2025-05-24,0.86,0.55,0.38,
2511,Vb-213.HC100-CRDE-RMS,213.HC100,,2025-04-17,6.74,2.87,,
2512,Vb-213.HC100-CRNDE-RMS,213.HC100,,2025-04-17,4.73,4.1,4.25,
2513,Vb-213.HC100-MDE-RMS,213.HC100,,2025-04-17,1.54,2.62,3.61,
2514,Vb-213.HC100-MNDE-RMS,213.HC100,,2025-04-17,0.48,1.77,1.24,
2515,Vb-332.FN110-FDE-RMS,332.FN110,,2025-05-25,0.96,0.67,1.92,
2516,Vb-332.FN110-FNDE-RMS,332.FN110,,2025-05-25,0.97,1.46,1.27,
2517,Vb-332.FN110-MDE-RMS,332.FN110,,2025-05-25,1.42,0.69,0.56,
2518,Vb-332.FN110-MNDE-RMS,332.FN110,,2025-05-25,1.25,0.75,1.27,
2519,Vb-432.MD140-MDE-RMS,432.MD140,,2025-04-10,0.43,0.41,0.33,
2520,Vb-432.MD140-MNDE-RMS,432.MD140,,2025-04-10,0.55,0.27,0.35,
2521,Vb-432.MD140-S1DE-RMS,432.MD140,,2025-04-10,0.45,0.29,0.36,
2522,Vb-432.MD140-S1NDE-RMS,432.MD140,,2025-04-10,0.45,0.2,0.43,
2523,Vb-432.MD140-S2DE-RMS,432.MD140,,2025-04-10,0.61,0.22,0.45,
2524,Vb-432.MD140-S2NDE-RMS,432.MD140,,2025-04-10,0.46,0.3,0.45,
2525,Vb-432.MD140-S3DE-RMS,432.MD140,,2025-04-10,0.51,0.25,0.43,
2526,Vb-432.MD140-S3NDE-RMS,432.MD140,,2025-04-10,0.47,0.38,0.45,
2527,Vb-432.MD140-S4DE-RMS,432.MD140,,2025-04-10,0.44,0.8,1.66,
2528,Vb-432.MD140-S4NDE-RMS,432.MD140,,2025-04-10,1.82,0.47,8.71,
2529,Vb-432.MD160-MDE-RMS,432.MD160,,2025-04-10,0.58,0.46,0.4,
2530,Vb-432.MD160-MNDE-RMS,432.MD160,,2025-04-10,0.48,0.21,0.4,
2531,Vb-432.MD160-S1DE-RMS,432.MD160,,2025-04-10,0.44,0.28,0.42,
2532,Vb-432.MD160-S1NDE-RMS,432.MD160,,2025-04-10,0.38,0.35,0.7,
2533,Vb-432.MD160-S2DE-RMS,432.MD160,,2025-04-10,0.54,0.31,0.57,
2534,Vb-432.MD160-S2NDE-RMS,432.MD160,,2025-04-10,0.57,0.42,0.61,
2535,Vb-432.MD160-S3DE-RMS,432.MD160,,2025-04-10,0.37,0.83,2.25,
2536,Vb-432.MD160-S3NDE-RMS,432.MD160,,2025-04-10,0.59,0.38,0.76,
2537,Vb-432.MD160-S4DE-RMS,432.MD160,,2025-04-10,0.53,0.42,0.93,
2538,Vb-432.MD160-S4NDE-RMS,432.MD160,,2025-04-10,0.56,0.34,1.91,
2539,Vb-432.FN171-FDE-RMS,432.FN171,,2025-04-10,2.22,1.83,1.89,
2540,Vb-432.FN171-FNDE-RMS,432.FN171,,2025-04-10,2.02,2.34,2.24,
2541,Vb-432.FN171-MDE-RMS,432.FN171,,2025-04-10,3.14,0.72,1.82,
2542,Vb-432.FN171-MNDE-RMS,432.FN171,,2025-04-10,2.41,1.37,1.79,
2543,Vb-432.FN176-FDE-RMS,432.FN176,,2025-05-24,1.38,0.72,1.03,
2544,Vb-432.FN176-FNDE-RMS,432.FN176,,2025-05-24,1.86,1.68,1.16,
2545,Vb-432.FN176-MDE-RMS,432.FN176,,2025-05-24,2.19,1.71,0.81,
2546,Vb-432.FN176-MNDE-RMS,432.FN176,,2025-05-24,1.15,0.88,0.66,
2547,Vb-462.FN400-FDE-RMS,462.FN400,,2025-05-27,1.69,0.92,2.26,
2548,Vb-462.FN400-FNDE-RMS,462.FN400,,2025-05-28,3.85,1.42,2.12,
2549,Vb-462.FN400-MDE-RMS,462.FN400,,2025-05-27,0.72,0.4,0.3,
2550,Vb-462.FN400-MNDE-RMS,462.FN400,,2025-05-27,0.71,0.29,0.26,
2551,Vb-432.FN560-MDE-RMS,432.FN560,,2025-04-10,1.74,1.42,1.23,
2552,Vb-432.FN560-MNDE-RMS,432.FN560,,2025-04-10,1.19,2.57,1.06,
2553,Vb-452.FN010-FDE-RMS,452.FN010,,2025-05-25,0.33,0.46,0.28,
2554,Vb-452.FN010-FNDE-RMS,452.FN010,,2025-05-25,0.69,0.73,0.25,
2555,Vb-452.FN010-MDE-RMS,452.FN010,,2025-05-25,0.44,0.37,0.22,
2556,Vb-452.FN010-MNDE-RMS,452.FN010,,2025-05-25,0.22,0.11,0.15,
2557,Vb-322.MD140-GBHSS0,322.MD140,,2025-05-24,,,,1.34
2558,Vb-322.MD140-GBHSS1,322.MD140,,2025-05-24,,,,0.95
2559,Vb-322.MD140-GBHSS6,322.MD140,,2025-05-24,,,,2.2
2560,Vb-322.MD140-MDE-RMS,322.MD140,,2025-05-28,5.75,3.55,1.27,
2561,Vb-322.MD140-MNDE-RMS,322.MD140,,2025-05-24,,,1.55,
2562,Vb-322.MD140-MNDE-RMS,322.MD140,,2025-05-28,1.66,1.86,,
2563,Vb-322.MD140-RG2,322.MD140,,2025-05-28,,,,1.91
2564,Vb-322.MD140-RG3,322.MD140,,2025-05-28,,,,1.2
2565,Vb-322.MD140-RG4,322.MD140,,2025-05-28,,,,2.22
2566,Vb-322.MD140-RG5,322.MD140,,2025-05-28,,,,1.38
2567,Vb-322.FN400-FDE-RMS,322.FN400,,2025-05-24,0.86,0.77,3.37,
2568,Vb-322.FN400-FNDE-RMS,322.FN400,,2025-05-24,0.73,0.6,0.85,
2569,Vb-322.FN400-MDE-RMS,322.FN400,,2025-05-24,1.71,1.66,0.33,
2570,Vb-322.FN400-MNDE-RMS,322.FN400,,2025-05-24,1.2,0.76,0.33,
2571,,322.MD152,Motor DE,2025-01-01,0.82,0.85,0.53,
2572,,322.MD152,Motor NDE,2025-01-01,0.84,0.82,0.78,
2573,,322.MD152,Shaft 1 inboard DE,2025-01-01,1.03,0.99,0.58,
2574,,322.MD152,Shaft 1 Outboard NDE,2025-01-01,0.92,0.7,0.95,
2575,,322.MD152,Shaft 2 inboard DE,2025-01-01,1.11,0.87,0.83,
2576,,322.MD152,Shaft 2  outboard NDE,2025-01-01,1.18,0.53,0.63,
2577,Vb-322.FN125-FDE-RMS,322.FN125,,2025-05-24,4.5,8.06,9.91,
2578,Vb-322.FN125-FNDE-RMS,322.FN125,,2025-05-24,7.29,5.5,12.51,
2579,Vb-322.FN125-MDE-RMS,322.FN125,,2025-05-24,3.3,5.61,,
2580,Vb-322.FN125-MNDE-RMS,322.FN125,,2025-05-24,8.23,5.57,5.1,
2581,Vb-533.MD302-MDE-RMS,533.MD302,,2025-05-13,3.06,1.57,0.94,
2582,Vb-533.MD302-MNDE-RMS,533.MD302,,2025-05-13,2.17,2.38,1.03,
2583,Vb-533.MD302-S1DE-RMS,533.MD302,,2025-05-13,1.94,0.66,1.17,
2584,Vb-533.MD302-S1NDE-RMS,533.MD302,,2025-05-13,2.81,0.93,1.92,
2585,Vb-533.MD302-S2DE-RMS,533.MD302,,2025-05-13,3.21,0.99,2.48,
2586,Vb-533.MD302-S2NDE-RMS,533.MD302,,2025-05-13,2.3,0.8,1.88,
2587,Vb-534.MD302-MDE-RMS,534.MD302,,2025-04-28,5.6,12.84,2.04,
2588,Vb-534.MD302-MNDE-RMS,534.MD302,,2025-02-17,,,1.05,
2589,Vb-534.MD302-MNDE-RMS,534.MD302,,2025-04-28,8.07,12.91,,
2590,Vb-534.MD302-S1DE-RMS,534.MD302,,2025-04-28,5.64,11.11,1.04,
2591,Vb-534.MD302-S1NDE-RMS,534.MD302,,2025-04-28,5.91,10.4,1.3,
2592,Vb-534.MD302-S2DE-RMS,534.MD302,,2025-04-28,3.51,9.54,0.81,
2593,Vb-534.MD302-S2NDE-RMS,534.MD302,,2025-04-28,3.27,9.81,0.7,
2594,Vb-533.FN350-FDE-RMS,533.FN350,,2025-05-13,0.94,0.62,0.62,
2595,Vb-533.FN350-FNDE-RMS,533.FN350,,2025-05-13,0.98,0.75,1.53,
2596,Vb-533.FN350-MDE-RMS,533.FN350,,2025-05-13,0.92,0.64,0.29,
2597,Vb-533.FN350-MNDE-RMS,533.FN350,,2025-05-13,0.79,0.57,0.27,
2598,Vb-534.FN350-FDE-RMS,534.FN350,,2025-05-13,1.91,1.59,1.14,
2599,Vb-534.FN350-FNDE-RMS,534.FN350,,2025-05-13,2.08,1.25,0.75,
2600,Vb-534.FN350-MDE-RMS,534.FN350,,2025-05-13,0.86,0.7,0.4,
2601,Vb-534.FN350-MNDE-RMS,534.FN350,,2025-05-13,0.67,0.47,0.33,
2602,Vb-533.FN530-FDE-RMS,533.FN530,,2025-05-13,7.27,2.71,1.51,
2603,Vb-533.FN530-FNDE-RMS,533.FN530,,2025-05-13,11.42,4.53,1.92,
2604,Vb-533.FN530-MDE-RMS,533.FN530,,2025-05-13,1.52,2.72,1.83,
2605,Vb-533.FN530-MNDE-RMS,533.FN530,,2025-05-13,5.12,2.92,1.34,
2606,Vb-534.FN530-FDE-RMS,534.FN530,,2025-05-13,2.37,1.98,1.7,
2607,Vb-534.FN530-FNDE-RMS,534.FN530,,2025-05-13,1.06,0.89,1.27,
2608,Vb-534.FN530-MDE-RMS,534.FN530,,2025-05-13,2.65,2.62,2.41,
2609,Vb-534.FN530-MNDE-RMS,534.FN530,,2025-05-13,1.02,1.26,1.26,
2610,,351.BL115,BL DE,2025-05-20,5.72,4.63,3.2,
2611,,351.BL115,BL NDE,2025-05-20,7.25,13.31,4.7,
2612,,351.BL115,Motor DE,2025-05-20,4.23,2.53,,
2613,,351.BL115,Motor NDE,2025-05-20,2.06,3.03,3,
2614,Vb-612.BL300-BLDE-RMS,612.BL300,,2025-07-31,4.19,4.4,4.9,
2615,Vb-612.BL300-BLNDE-RMS,612.BL300,,2025-07-31,6.19,5.21,5.79,
2616,Vb-612.BL300-MDE-RMS,612.BL300,,2025-07-31,8.14,5.71,7.72,
2617,Vb-612.BL300-MNDE-RMS,612.BL300,,2025-07-31,4.47,4.97,6.47,
2618,Vb-351.BL110-BLDE-RMS,351.BL110,,2025-08-07,1.67,2.98,3.07,
2619,Vb-351.BL110-BLNDE-RMS,351.BL110,,2025-08-07,3.69,5.14,4.21,
2620,Vb-351.BL110-MDE-RMS,351.BL110,,2025-08-07,1.79,1.6,2.27,
2621,Vb-351.BL110-MNDE-RMS,351.BL110,,2025-08-07,2.43,1.76,2.32,
2622,Vb-341.BL300-BLDE-RMS,341.BL300,,2025-08-07,2.43,2.37,3.31,
2623,Vb-341.BL300-BLNDE-RMS,341.BL300,,2025-08-07,2.28,2.23,3.57,
2624,Vb-341.BL300-MDE-RMS,341.BL300,,2025-08-07,2.52,2.41,7.52,
2625,Vb-341.BL300-MNDE-RMS,341.BL300,,2025-08-07,4.42,2.19,7.51,
2626,Vb-341.BL305-BLDE-RMS,341.BL305,,2025-08-07,3.76,3.15,4.25,
2627,Vb-341.BL305-BLNDE-RMS,341.BL305,,2025-08-07,6.15,5.56,4.87,
2628,Vb-341.BL305-MDE-RMS,341.BL305,,2025-08-07,4.17,4.51,9.88,
2629,Vb-341.BL305-MNDE-RMS,341.BL305,,2025-08-07,5.13,2.01,7.88,
2630,Vb-341.BL310-BLDE-RMS,341.BL310,,2025-08-07,2.19,2.33,4.93,
2631,Vb-341.BL310-BLNDE-RMS,341.BL310,,2025-08-07,2.41,2.19,3.78,
2632,Vb-341.BL310-MDE-RMS,341.BL310,,2025-08-07,6.48,13.22,22.7,
2633,Vb-341.BL310-MNDE-RMS,341.BL310,,2025-08-07,5.75,7.7,4.03,
2634,,645.BL585,BL DE,2025-08-07,4.66,10.1,7.47,
2635,,645.BL585,BL NDE,2025-08-07,3.88,4.01,5.25,
2636,,645.BL585,Motor DE,2025-08-07,2.91,1.5,2.27,
2637,,645.BL585,Motor NDE,2025-08-07,1.72,2.39,9.31,
2638,Vb-465.BL630-MNDE-RMS,465.BL630,,2025-06-19,4.62,4.49,5.45,
2639,Vb-465.BL635-BLDE-RMS,465.BL635,,2025-08-07,3.72,10.61,3.82,
2640,Vb-465.BL635-BLNDE-RMS,465.BL635,,2025-08-07,3.9,4.02,4.44,
2641,Vb-465.BL635-MDE-RMS,465.BL635,,2025-08-07,3.99,3.91,0.83,
2642,Vb-465.BL635-MNDE-RMS,465.BL635,,2025-08-07,3.7,4.43,2.59,
2643,Vb-461.FN450-FDE-RMS,461.FN450,,2025-07-13,0.15,0.2,1.44,
2644,Vb-461.FN450-FNDE-RMS,461.FN450,,2025-07-13,0.25,0.15,0.41,
2645,Vb-461.FN450-MDE-RMS,461.FN450,,2025-07-13,0.21,0.1,0.22,
2646,Vb-461.FN450-MNDE-RMS,461.FN450,,2025-07-13,0.2,0.76,0.13,
2647,Vb-341.BE040-MDE-RMS,341.BE040,,2025-06-23,2.54,2.86,1.95,
2648,Vb-341.BE040-MNDE-RMS,341.BE040,,2025-06-23,2.25,1.57,1.68,
2649,Vb-341.BE040-S1NDE-RMS,341.BE040,,2025-06-23,1.57,1.33,1.81,
2650,Vb-341.BE040-S2NDE-RMS,341.BE040,,2025-06-23,1.17,1.12,1.17,
2651,Vb-341.BE040-S3DE-RMS,341.BE040,,2025-06-23,1.52,1.94,4.36,
2652,Vb-341.BE040-S3NDE-RMS,341.BE040,,2025-06-23,0.88,1.26,1.99,
2653,Vb-351.BE340-MDE-RMS,351.BE340,,2025-06-23,2.17,1.56,1.38,
2654,Vb-351.BE340-MNDE-RMS,351.BE340,,2025-06-23,3.6,4.84,1.45,
2655,Vb-351.BE340-S1NDE-RMS,351.BE340,,2025-06-23,1.44,1.44,1.76,
2656,Vb-351.BE340-S2NDE-RMS,351.BE340,,2025-06-23,1.7,2.24,1.07,
2657,Vb-351.BE340-S3DE-RMS,351.BE340,,2025-06-23,0.98,3.62,0.92,
2658,Vb-351.BE340-S3NDE-RMS,351.BE340,,2025-06-23,0.94,3.1,0.99,
2659,Vb-342.BE041-MDE-RMS,342.BE041,,2025-06-23,2.42,1.45,1.21,
2660,Vb-342.BE041-MNDE-RMS,342.BE041,,2025-06-23,2.66,1.34,1.32,
2661,Vb-342.BE041-S1NDE-RMS,342.BE041,,2025-06-23,1.01,1.2,1.09,
2662,Vb-342.BE041-S2NDE-RMS,342.BE041,,2025-06-23,2.03,1.83,1.06,
2663,Vb-342.BE041-S3DE-RMS,342.BE041,,2025-06-23,1.03,1.23,1.27,
2664,Vb-342.BE041-S3NDE-RMS,342.BE041,,2025-06-23,2.52,1.55,2.89,
2665,Vb-351.BE341-MDE-RMS,351.BE341,,2025-06-23,2.23,1.56,1.2,
2666,Vb-351.BE341-MNDE-RMS,351.BE341,,2025-06-23,1.57,3.81,1.22,
2667,Vb-351.BE341-S1NDE-RMS,351.BE341,,2025-06-23,1.33,2.34,1.69,
2668,Vb-351.BE341-S2NDE-RMS,351.BE341,,2025-06-23,1.19,3.12,1.47,
2669,Vb-351.BE341-S3DE-RMS,351.BE341,,2025-06-23,1.09,3.02,1.08,
2670,Vb-351.BE341-S3NDE-RMS,351.BE341,,2025-06-23,1.2,3.45,1.01,
2671,Vb-451.FN240-FDE-RMS,451.FN240,,2025-07-08,0.72,1.01,0.58,
2672,Vb-451.FN240-FNDE-RMS,451.FN240,,2025-07-08,1.69,2.79,0.71,
2673,Vb-451.FN240-MDE-RMS,451.FN240,,2025-07-08,1.51,1.39,0.8,
2674,Vb-451.FN240-MNDE-RMS,451.FN240,,2025-07-08,0.79,0.61,0.87,
2675,Vb-451.WI210-MDE-RMS,451.WI210,,2025-07-08,1.45,1.04,1.37,
2676,Vb-451.WI210-PDE-RMS,451.WI210,,2025-07-08,1.23,2.99,1.31,
2677,Vb-451.WI210-PNDE-RMS,451.WI210,,2025-07-08,1.88,1.13,0.92,
2678,Vb-451.WI111-MDE-RMS,451.WI111,,2025-05-28,15.21,11.49,20.75,
2679,Vb-451.WI111-MNDE-RMS,451.WI111,,2025-05-28,13.65,15.21,28.06,
2680,Vb-451.WI111-PDE-RMS,451.WI111,,2025-06-24,4.16,5.4,,
2681,Vb-451.WI111-PNDE-RMS,451.WI111,,2025-06-24,3.34,5.01,4.1,
2682,Vb-531.BE220-MDE-RMS,531.BE220,,2025-06-25,5.97,5.26,7.07,
2683,Vb-531.BE220-MNDE-RMS,531.BE220,,2025-06-25,8.43,11.4,7.54,
2684,Vb-531.BE220-S1DE-RMS,531.BE220,,2025-06-25,4.32,5.82,6.04,
2685,Vb-531.BE220-S2DE-RMS,531.BE220,,2025-06-25,12.78,5.91,2.59,
2686,Vb-531.BE220-S2NDE-RMS,531.BE220,,2025-06-25,6.11,3.88,6.3,
2687,Vb-532.BE220-MDE-RMS,532.BE220,,2025-06-25,4.69,6.29,7.46,
2688,Vb-532.BE220-MNDE-RMS,532.BE220,,2025-06-25,7.26,11.44,5.45,
2689,,532.BE220,Shaft 1 inboard  DE,2025-06-25,2.92,6.58,6.67,
2690,,532.BE220,Shaft 2  inboard  DE,2025-06-25,5.02,4.77,2.14,
2691,,532.BE220,Shaft 2  outboard NDE,2025-06-25,5.42,3.95,3.5,
2692,Vb-531.MD140-MDE-RMS,531.MD140,,2025-08-01,1.24,1.13,0.77,
2693,Vb-531.MD140-MNDE-RMS,531.MD140,,2025-08-01,0.76,0.62,0.7,
2694,Vb-531.MD140-S1DE-RMS,531.MD140,,2025-08-01,6.72,4.95,5.24,
2695,Vb-531.MD140-S1NDE-RMS,531.MD140,,2025-08-01,6.41,2.91,4.32,
2696,Vb-531.MD140-S2DE-RMS,531.MD140,,2025-08-01,3.36,3.17,3.54,
2697,Vb-531.MD140-S2NDE-RMS,531.MD140,,2025-08-01,2.45,3.16,4.22,
2698,Vb-531.MD140-S3DE-RMS,531.MD140,,2025-08-01,3.34,5.01,3.16,
2699,Vb-531.MD140-S3NDE-RMS,531.MD140,,2025-08-01,2.41,2.63,5.67,
2700,Vb-531.MD140-S4DE-RMS,531.MD140,,2025-08-01,3.86,4.26,3.94,
2701,Vb-531.MD140-S4NDE-RMS,531.MD140,,2025-08-01,2.78,4.94,2.91,
2702,Vb-531.MD140-TGB-RMS,531.MD140,,2025-08-01,,5.97,,
2703,Vb-532.MD140-MDE-RMS,532.MD140,,2025-07-30,1.72,1.61,1.02,
2704,Vb-532.MD140-MNDE-RMS,532.MD140,,2025-07-30,0.97,0.92,0.98,
2705,Vb-532.MD140-S1DE-RMS,532.MD140,,2025-07-30,5.58,5.58,3.61,
2706,Vb-532.MD140-S1NDE-RMS,532.MD140,,2025-07-30,3.54,2.17,4.55,
2707,Vb-532.MD140-S2DE-RMS,532.MD140,,2025-07-30,3.05,2.04,3.82,
2708,Vb-532.MD140-S2NDE-RMS,532.MD140,,2025-07-30,1.89,3.27,2.57,
2709,Vb-532.MD140-S3DE-RMS,532.MD140,,2025-07-30,2.98,2.71,3.71,
2710,Vb-532.MD140-S3NDE-RMS,532.MD140,,2025-07-30,1.96,2.05,4.09,
2711,Vb-532.MD140-S4DE-RMS,532.MD140,,2025-07-30,3.01,3.29,3.85,
2712,Vb-532.MD140-S4NDE-RMS,532.MD140,,2025-07-30,2.35,3.19,2.16,
2713,Vb-341.FN315-FDE-RMS,341.FN315,,2025-07-13,2.96,1.35,2.98,
2714,Vb-341.FN315-FNDE-RMS,341.FN315,,2025-07-13,3.41,3.31,3.76,
2715,Vb-341.FN315-MDE-RMS,341.FN315,,2025-07-13,1.65,1.68,,
2716,Vb-341.FN315-MNDE-RMS,341.FN315,,2025-07-13,1.52,1.4,3,
2717,Vb-341.FN316-FDE-RMS,341.FN316,,2025-05-20,4.39,5.58,5.91,
2718,Vb-341.FN316-FNDE-RMS,341.FN316,,2025-05-20,7.45,6.14,8.04,
2719,Vb-341.FN316-MDE-RMS,341.FN316,,2025-05-20,10.37,10.04,,
2720,Vb-341.FN316-MNDE-RMS,341.FN316,,2025-05-20,7.44,9.46,10.25,
2721,Vb-441.CR400-CRDE-RMS,441.CR400,,2025-07-07,1.25,2.13,0.79,
2722,Vb-441.CR400-CRNDE-RMS,441.CR400,,2025-07-07,1.38,0.76,0.44,
2723,Vb-441.CR400-MDE-RMS,441.CR400,,2025-07-07,1.53,1.49,1.01,
2724,Vb-441.CR400-MNDE-RMS,441.CR400,,2025-07-07,1.12,0.81,0.85,
2725,Vb-461.MD140-MDE-RMS,461.MD140,,2025-07-13,0.53,0.49,0.26,
2726,Vb-461.MD140-MNDE-RMS,461.MD140,,2025-07-13,0.35,0.35,0.28,
2727,Vb-461.MD140-PHSS-RMS,461.MD140,,2025-07-13,0.75,0.78,0.99,
2728,Vb-461.MD140-RGT-RMS,461.MD140,,2025-07-13,1.21,0.89,1.62,
2729,Vb-461.FN125-FDE-RMS,461.FN125,,2025-07-13,3.91,3.95,5.37,
2730,Vb-461.FN125-FNDE-RMS,461.FN125,,2025-07-13,4.32,3.62,6.18,
2731,Vb-461.FN125-MDE-RMS,461.FN125,,2025-07-13,3.07,3.65,,
2732,Vb-461.FN125-MNDE-RMS,461.FN125,,2025-07-13,3.66,3.74,3.19,
2733,Vb-331.WI210-MDE-RMS,331.WI210,,2025-06-23,1.5,0.99,0.89,
2734,Vb-331.WI210-MNDE-RMS,331.WI210,,2025-06-23,0.75,1.02,0.52,
2735,Vb-331.WI210-PDE-RMS,331.WI210,,2025-06-23,2.75,3.68,1.28,
2736,Vb-331.WI210-PNDE-RMS,331.WI210,,2025-06-23,2.08,0.88,1.57,
2737,Vb-331.WI211-MDE-RMS,331.WI211,,2025-07-13,3.41,2.28,2.86,
2738,Vb-331.WI211-MNDE-RMS,331.WI211,,2025-07-13,1.23,1.88,0.48,
2739,Vb-331.WI211-PDE-RMS,331.WI211,,2025-07-13,4.02,2.54,0.86,
2740,Vb-331.WI211-PNDE-RMS,331.WI211,,2025-07-13,1.81,1.42,1.36,
2741,Vb-441.FN300-FDE-RMS,441.FN300,,2025-08-06,1.82,1.89,2.08,
2742,Vb-441.FN300-FNDE-RMS,441.FN300,,2025-08-06,2.39,2.86,1.94,
2743,Vb-441.FN300-MDE-RMS,441.FN300,,2025-08-05,,,1.83,
2744,Vb-441.FN300-MDE-RMS,441.FN300,,2025-08-06,0.96,2.26,,
2745,Vb-441.FN300-MNDE-RMS,441.FN300,,2025-08-06,1.53,1.76,2.17,
2746,Vb-441.FN305-FDE-RMS,441.FN305,,2025-07-07,0.99,1.12,0.73,
2747,Vb-441.FN305-FNDE-RMS,441.FN305,,2025-07-07,0.99,1.28,0.78,
2748,Vb-441.FN305-MDE-RMS,441.FN305,,2025-07-07,1.55,1.79,2.06,
2749,Vb-441.FN305-MNDE-RMS,441.FN305,,2025-07-07,1.08,1.89,0.96,
2750,Vb-441.FN310-FDE-RMS,441.FN310,,2025-07-07,1.59,0.83,0.61,
2751,Vb-441.FN310-FNDE-RMS,441.FN310,,2025-07-07,0.97,0.87,0.6,
2752,Vb-441.FN310-MDE-RMS,441.FN310,,2025-07-07,2.06,1.72,1.28,
2753,Vb-441.FN310-MNDE-RMS,441.FN310,,2025-07-07,1.21,1.08,0.79,
2754,Vb-441.FN315-FDE-RMS,441.FN315,,2025-07-07,2.44,1.52,1.81,
2755,Vb-441.FN315-FNDE-RMS,441.FN315,,2025-07-07,2.79,1.72,1.7,
2756,Vb-441.FN315-MDE-RMS,441.FN315,,2025-07-07,2.8,4.22,2.91,
2757,Vb-441.FN315-MNDE-RMS,441.FN315,,2025-07-07,2.68,1.84,1.81,
2758,Vb-441.FN325-FDE-RMS,441.FN325,,2025-07-07,1.23,1.03,0.83,
2759,Vb-441.FN325-FNDE-RMS,441.FN325,,2025-07-07,1.31,1.36,1.19,
2760,Vb-441.FN325-MDE-RMS,441.FN325,,2025-07-07,1.46,1.31,1.11,
2761,Vb-441.FN325-MNDE-RMS,441.FN325,,2025-07-07,0.69,0.96,0.68,
2762,Vb-441.FN335-FDE-RMS,441.FN335,,2025-07-07,0.87,0.55,0.84,
2763,Vb-441.FN335-FNDE-RMS,441.FN335,,2025-07-07,1.11,0.9,0.48,
2764,Vb-441.FN335-MDE-RMS,441.FN335,,2025-07-07,1.24,1.1,0.4,
2765,Vb-441.FN335-MNDE-RMS,441.FN335,,2025-07-07,0.76,0.7,0.73,
2766,Vb-441.FN340-FDE-RMS,441.FN340,,2025-07-07,0.4,0.29,0.6,
2767,Vb-441.FN340-FNDE-RMS,441.FN340,,2025-07-07,0.54,0.4,0.32,
2768,Vb-441.FN340-MDE-RMS,441.FN340,,2025-07-07,0.59,0.66,0.35,
2769,Vb-441.FN340-MNDE-RMS,441.FN340,,2025-07-07,0.28,0.39,0.17,
2770,Vb-441.FN345-FDE-RMS,441.FN345,,2025-07-07,3.01,2.34,1.54,
2771,Vb-441.FN345-FNDE-RMS,441.FN345,,2025-07-07,4.61,4.3,4.53,
2772,Vb-441.FN345-MDE-RMS,441.FN345,,2025-07-07,4.15,3.86,1.4,
2773,Vb-441.FN345-MNDE-RMS,441.FN345,,2025-07-07,2.94,1.89,1.28,
2774,Vb-441.FN350-FDE-RMS,441.FN350,,2025-07-07,0.65,0.48,0.62,
2775,Vb-441.FN350-FNDE-RMS,441.FN350,,2025-07-07,0.91,0.77,0.7,
2776,Vb-441.FN350-MDE-RMS,441.FN350,,2025-07-07,0.68,0.92,1.06,
2777,Vb-441.FN350-MNDE-RMS,441.FN350,,2025-07-07,0.45,0.85,0.48,
2778,Vb-741.CP110-CDE-RMS,741.CP110,,2025-07-08,3.62,3.92,2.51,
2779,Vb-741.CP110-CNDE-RMS,741.CP110,,2025-07-08,3.52,3.69,3.28,
2780,Vb-741.CP110-MDE-RMS,741.CP110,,2025-07-08,2.36,2.81,2.8,
2781,Vb-741.CP110-MNDE-RMS,741.CP110,,2025-07-08,2.8,1.4,2.43,
2782,Vb-742.CP110-CDE-RMS,742.CP110,,2025-07-31,1.3,1.59,1.45,
2783,Vb-742.CP110-CNDE-RMS,742.CP110,,2025-07-31,1.89,3.11,1.84,
2784,Vb-742.CP110-MDE-RMS,742.CP110,,2025-07-31,1.04,0.72,1.13,
2785,Vb-742.CP110-MNDE-RMS,742.CP110,,2025-07-31,1,1.35,1.04,
2786,Vb-741.CP111-CDE-RMS,741.CP111,,2025-08-07,4.32,3.99,3.29,
2787,Vb-741.CP111-CNDE-RMS,741.CP111,,2025-08-07,3.91,4.42,3.95,
2788,Vb-741.CP111-MDE-RMS,741.CP111,,2025-08-07,2.48,2.6,5.19,
2789,Vb-741.CP111-MNDE-RMS,741.CP111,,2025-08-07,8.72,1.84,2.72,
2790,Vb-742.CP111-CDE-RMS,742.CP111,,2025-07-31,1.41,2.56,4.26,
2791,Vb-742.CP111-CNDE-RMS,742.CP111,,2025-07-31,3.65,4.86,4.66,
2792,Vb-742.CP111-MDE-RMS,742.CP111,,2025-07-31,0.75,1.85,1.67,
2793,Vb-742.CP111-MNDE-RMS,742.CP111,,2025-07-31,0.79,0.73,1.18,
2794,Vb-741.CP112-CDE-RMS,741.CP112,,2025-07-08,4.56,4.21,4.54,
2795,Vb-741.CP112-CNDE-RMS,741.CP112,,2025-07-08,3.26,3.64,6.02,
2796,Vb-741.CP112-MDE-RMS,741.CP112,,2025-07-08,3.76,2.78,3.87,
2797,Vb-741.CP112-MNDE-RMS,741.CP112,,2025-07-08,2.4,1.47,3.5,
2798,Vb-742.CP112-CDE-RMS,742.CP112,,2025-06-25,2.79,3.84,6.76,
2799,Vb-742.CP112-CNDE-RMS,742.CP112,,2025-06-25,3.31,4.21,7.37,
2800,Vb-742.CP112-MDE-RMS,742.CP112,,2025-06-25,1.23,3.9,3.01,
2801,Vb-742.CP112-MNDE-RMS,742.CP112,,2025-06-25,0.98,1.5,2.19,
2802,Vb-741.CP113-CDE-RMS,741.CP113,,2025-07-08,6.18,6.32,4.94,
2803,Vb-741.CP113-CNDE-RMS,741.CP113,,2025-07-08,5.5,4.75,7.11,
2804,Vb-741.CP113-MDE-RMS,741.CP113,,2025-07-08,5.42,7.9,6.33,
2805,Vb-741.CP113-MNDE-RMS,741.CP113,,2025-07-08,3.77,2.24,4.09,
2806,Vb-742.CP113-CDE-RMS,742.CP113,,2025-06-25,,,1.7,
2807,Vb-742.CP113-CDE-RMS,742.CP113,,2025-07-31,2.21,0.61,,
2808,Vb-742.CP113-CNDE-RMS,742.CP113,,2025-07-31,0.81,0.74,1.84,
2809,Vb-742.CP113-MDE-RMS,742.CP113,,2025-07-31,2.2,1.65,1.49,
2810,Vb-742.CP113-MNDE-RMS,742.CP113,,2025-07-31,2.06,1.96,1.38,
2811,Vb-331.CP280-CDE-RMS,331.CP280,,2025-07-08,6.9,6.63,3.28,
2812,Vb-331.CP280-CNDE-RMS,331.CP280,,2025-07-08,2.29,5.05,3.92,
2813,Vb-331.CP280-MDE-RMS,331.CP280,,2025-07-08,2.18,2,3.5,
2814,Vb-331.CP280-MNDE-RMS,331.CP280,,2025-07-08,3.75,3.6,3.03,
2815,Vb-331.CP281-CDE-RMS,331.CP281,,2025-08-07,20.45,20,14.79,
2816,Vb-331.CP281-CNDE-RMS,331.CP281,,2025-08-07,13.24,16.34,18.43,
2817,Vb-331.CP281-MDE-RMS,331.CP281,,2025-08-07,11.84,7.46,5.78,
2818,Vb-331.CP281-MNDE-RMS,331.CP281,,2025-08-07,24.93,11.48,11.52,
2819,Vb-331.CP282-CDE-RMS,331.CP282,,2025-07-08,6.64,6.79,6.41,
2820,Vb-331.CP282-CNDE-RMS,331.CP282,,2025-07-08,8.34,6.93,9.16,
2821,Vb-331.CP282-MDE-RMS,331.CP282,,2025-07-08,7.41,3.82,5.71,
2822,Vb-331.CP282-MNDE-RMS,331.CP282,,2025-07-08,6.66,2.79,5.12,
2823,Vb-461.CP524-CDE-RMS,461.CP524,,2025-07-13,1.34,1.41,2.31,
2824,Vb-461.CP524-CNDE-RMS,461.CP524,,2025-07-13,3.6,2.19,2.32,
2825,Vb-461.CP524-MDE-RMS,461.CP524,,2025-07-13,1.77,1.76,1.82,
2826,Vb-461.CP524-MNDE-RMS,461.CP524,,2025-07-13,1.82,1.83,0.76,
2827,Vb-461.CP526-CDE-RMS,461.CP526,,2025-07-13,3.24,3.2,2.08,
2828,Vb-461.CP526-CNDE-RMS,461.CP526,,2025-07-13,4.51,2.64,2.08,
2829,Vb-461.CP526-MDE-RMS,461.CP526,,2025-07-13,1.39,2.31,0.9,
2830,Vb-461.CP526-MNDE-RMS,461.CP526,,2025-07-13,1.65,2.39,0.87,
2831,Vb-111.CP400-CDE-RMS,111.CP400,,2025-06-17,3.57,3.29,2.42,
2832,Vb-111.CP400-CNDE-RMS,111.CP400,,2025-06-17,4.9,3.68,2.92,
2833,Vb-111.CP400-MDE-RMS,111.CP400,,2025-06-17,3.86,3.93,2.03,
2834,Vb-111.CP400-MNDE-RMS,111.CP400,,2025-06-17,1.79,3.15,2.31,
2835,Vb-331.FN400-FDE-RMS,331.FN400,,2025-07-08,0.98,0.4,0.93,
2836,Vb-331.FN400-FNDE-RMS,331.FN400,,2025-07-08,1.13,0.67,,
2837,Vb-331.FN400-MDE-RMS,331.FN400,,2025-07-08,0.65,0.27,0.5,
2838,Vb-331.FN400-MNDE-RMS,331.FN400,,2025-07-08,0.5,0.55,0.52,
2839,Vb-441.FN.590-FDE-RMS,441.FN590,,2025-07-07,0.29,0.23,0.77,
2840,Vb-441.FN.590-FNDE-RMS,441.FN590,,2025-07-07,0.52,0.45,0.4,
2841,Vb-441.FN.590-MDE-RMS,441.FN590,,2025-07-07,0.49,0.41,0.58,
2842,Vb-441.FN.590-MNDE-RMS,441.FN590,,2025-07-07,0.22,0.1,0.23,
2843,Vb-441.FN.590-S1DE-RMS,441.FN590,,2025-07-07,0.25,0.23,0.56,
2844,Vb-441.FN.590-S1NDE-RMS,441.FN590,,2025-07-07,0.23,0.32,0.14,
2845,Vb-441.FN.590-S2DE-RMS,441.FN590,,2025-07-07,0.28,0.29,0.78,
2846,Vb-441.FN.590-S2NDE-RMS,441.FN590,,2025-07-07,0.3,0.2,0.59,
2847,Vb-461.PP515-MDE-RMS,461.PP515,,2025-08-06,0.3,0.27,0.11,
2848,Vb-461.PP515-MNDE-RMS,461.PP515,,2025-08-06,0.17,0.23,0.11,
2849,Vb-461.PP515-PDE-RMS,461.PP515,,2025-08-06,1.14,1.91,1.03,
2850,Vb-461.PP515-PNDE-RMS,461.PP515,,2025-08-06,1.06,0.94,1,
2851,Vb-461.PP513-MDE-RMS,461.PP513,,2025-07-13,0.56,0.45,0.15,
2852,Vb-461.PP513-MNDE-RMS,461.PP513,,2025-07-13,0.49,0.17,0.19,
2853,Vb-461.PP513-PDE-RMS,461.PP513,,2025-07-13,2.04,1.12,0.79,
2854,Vb-461.PP513-PNDE-RMS,461.PP513,,2025-07-13,1.47,0.79,0.75,
2855,Vb-331.FN110-FDE-RMS,331.FN110,,2025-07-08,1.07,1.04,1.42,
2856,Vb-331.FN110-FNDE-RMS,331.FN110,,2025-07-08,1.34,0.7,1.73,
2857,Vb-331.FN110-MDE-RMS,331.FN110,,2025-07-08,2.02,1.84,0.32,
2858,Vb-331.FN110-MNDE-RMS,331.FN110,,2025-07-08,0.82,1.06,0.54,
2859,Vb-431.MD140-MDE-RMS,431.MD140,,2025-07-13,0.34,0.15,0.53,
2860,Vb-431.MD140-MNDE-RMS,431.MD140,,2025-07-13,0.39,0.26,0.41,
2861,Vb-431.MD140-S1DE-RMS,431.MD140,,2025-07-13,0.43,0.29,0.66,
2862,Vb-431.MD140-S1NDE-RMS,431.MD140,,2025-07-13,0.42,0.3,0.63,
2863,Vb-431.MD140-S2DE-RMS,431.MD140,,2025-07-13,0.41,0.26,0.62,
2864,Vb-431.MD140-S2NDE-RMS,431.MD140,,2025-07-13,0.41,0.38,0.65,
2865,Vb-431.MD140-S3DE-RMS,431.MD140,,2025-07-13,0.36,0.31,0.68,
2866,Vb-431.MD140-S3NDE-RMS,431.MD140,,2025-07-13,0.42,0.38,0.63,
2867,Vb-431.MD140-S4DE-RMS,431.MD140,,2025-07-13,0.38,0.27,1.14,
2868,Vb-431.MD140-S4NDE-RMS,431.MD140,,2025-07-13,0.31,0.26,0.72,
2869,Vb-431.MD160-MDE-RMS,431.MD160,,2025-07-13,0.41,0.26,0.35,
2870,Vb-431.MD160-MNDE-RMS,431.MD160,,2025-07-13,0.35,0.31,0.32,
2871,Vb-431.MD160-S1DE-RMS,431.MD160,,2025-07-13,0.46,0.32,0.48,
2872,Vb-431.MD160-S1NDE-RMS,431.MD160,,2025-07-13,0.41,0.34,0.57,
2873,Vb-431.MD160-S2DE-RMS,431.MD160,,2025-07-13,0.33,0.22,0.43,
2874,Vb-431.MD160-S2NDE-RMS,431.MD160,,2025-07-13,0.49,0.35,0.5,
2875,Vb-431.MD160-S3DE-RMS,431.MD160,,2025-07-13,0.38,0.42,0.53,
2876,Vb-431.MD160-S3NDE-RMS,431.MD160,,2025-07-13,0.33,0.38,0.48,
2877,Vb-431.MD160-S4DE-RMS,431.MD160,,2025-07-13,0.43,0.28,0.69,
2878,Vb-431.MD160-S4NDE-RMS,431.MD160,,2025-07-13,0.45,0.24,0.45,
2879,Vb-431.FN171-FDE-RMS,431.FN171,,2025-07-10,0.69,0.47,0.81,
2880,Vb-431.FN171-FNDE-RMS,431.FN171,,2025-07-10,0.65,0.68,0.78,
2881,Vb-431.FN171-MDE-RMS,431.FN171,,2025-07-10,0.93,0.9,1.05,
2882,Vb-431.FN171-MNDE-RMS,431.FN171,,2025-07-10,0.5,1.12,1.42,
2883,Vb-431.FN176-FDE-RMS,431.FN176,,2025-07-07,0.47,0.41,0.31,
2884,Vb-431.FN176-FNDE-RMS,431.FN176,,2025-07-07,0.65,0.62,1.16,
2885,Vb-431.FN176-MDE-RMS,431.FN176,,2025-07-07,0.7,0.64,0.31,
2886,Vb-431.FN176-MNDE-RMS,431.FN176,,2025-07-07,0.41,0.52,0.75,
2887,Vb-111.HC100-MDE-RMS,111.HC100,,2025-06-17,1.94,1.54,0.89,
2888,Vb-111.HC100-MNDE-RMS,111.HC100,,2025-06-17,1.72,0.38,0.49,
2889,Vb-111.HC100-RDE-RMS,111.HC100,,2025-06-17,2.15,1.85,1.65,
2890,Vb-111.HC100-RNDE-RMS,111.HC100,,2025-06-17,3.55,3.51,2.73,
2891,Vb-111.HC100-S1DE-RMS,111.HC100,,2025-06-17,1.22,0.73,1.35,
2892,Vb-111.HC100-S1NDE-RMS,111.HC100,,2025-06-17,1.65,0.69,1.37,
2893,Vb-111.HC100-S2DE-RMS,111.HC100,,2025-06-17,1.2,1.06,1.53,
2894,Vb-111.HC100-S2NDE-RMS,111.HC100,,2025-06-17,1.46,1,1.33,
2895,Vb-461.FN400-FDE-RMS,461.FN400,,2025-07-13,1.49,0.92,0.86,
2896,Vb-461.FN400-FNDE-RMS,461.FN400,,2025-07-13,1.29,0.8,0.96,
2897,Vb-461.FN400-MDE-RMS,461.FN400,,2025-07-13,1.06,0.8,0.29,
2898,Vb-461.FN400-MNDE-RMS,461.FN400,,2025-07-13,0.69,0.74,1.04,
2899,Vb-641.BE050-MDE-RMS,641.BE050,,2025-06-26,4.33,4.16,4.34,
2900,Vb-641.BE050-MNDE-RMS,641.BE050,,2025-06-26,6.17,4.53,5.7,
2901,Vb-641.BE050-S1-RMS,641.BE050,,2025-06-26,3.02,5.25,4.31,
2902,Vb-641.BE050-S3-RMS,641.BE050,,2025-06-26,4,4.04,3.23,
2903,Vb-642.BE050-MDE-RMS,642.BE050,,2025-06-26,3.29,4.11,3.56,
2904,Vb-642.BE050-MNDE-RMS,642.BE050,,2025-06-26,4.44,5.96,5.46,
2905,Vb-642.BE050-S1-RMS,642.BE050,,2025-06-26,2.22,5.21,4.38,
2906,Vb-642.BE050-S3-RMS,642.BE050,,2025-06-26,3.7,3.78,3.52,
2907,Vb-643.BE050-MDE-RMS,643.BE050,,2025-06-26,2.57,2.57,4.37,
2908,Vb-643.BE050-MNDE-RMS,643.BE050,,2025-06-26,3.52,3.58,4.64,
2909,,643.BE050,Shaft 1 inboard  DE,2025-06-26,1.93,3.11,4.01,
2910,,643.BE050,Shaft 2  inboard  DE,2025-06-26,3.13,3.28,1.93,
2911,,643.BE050,Shaft 2  outboard NDE,2025-06-26,3.09,3.42,,
2912,Vb-644.BE050-MDE-RMS,644.BE050,,2025-06-26,3.67,2.79,3.65,
2913,Vb-644.BE050-MNDE-RMS,644.BE050,,2025-06-26,3.17,4.76,4.13,
2914,Vb-644.BE050-S1-RMS,644.BE050,,2025-06-26,2.28,2.35,2.85,
2915,Vb-644.BE050-S3-RMS,644.BE050,,2025-06-26,3.82,3.31,2.91,
2916,Vb-645.BE050-MDE-RMS,645.BE050,,2025-06-26,3.37,2.66,3.36,
2917,Vb-645.BE050-MNDE-RMS,645.BE050,,2025-06-26,4.54,3.51,3.11,
2918,Vb-645.BE050-S1-RMS,645.BE050,,2025-06-26,2.49,3.01,2.9,
2919,Vb-645.BE050-S3-RMS,645.BE050,,2025-06-26,3.03,3.31,3.14,
2920,Vb-646.BE050-MDE-RMS,646.BE050,,2025-06-26,3.4,3.84,6.44,
2921,Vb-646.BE050-MNDE-RMS,646.BE050,,2025-06-26,3.88,4.68,6.98,
2922,Vb-646.BE050-S1-RMS,646.BE050,,2025-06-26,2.8,4.06,7.15,
2923,Vb-646.BE050-S3-RMS,646.BE050,,2025-06-26,6.33,3.64,3.14,
2924,Vb-641.FN.952-FDE-RMS,641.FN952,,2025-07-31,4.44,8.53,8.58,
2925,Vb-641.FN.952-FNDE-RMS,641.FN952,,2025-07-31,6.45,5.23,8.64,
2926,Vb-641.FN.952-MDE-RMS,641.FN952,,2025-07-31,8.37,3.73,,
2927,Vb-641.FN.952-MNDE-RMS,641.FN952,,2025-07-31,7,4.09,5.06,
2928,Vb-642.FN.952-FDE-RMS,642.FN952,,2025-07-31,1.53,2.42,1.23,
2929,Vb-642.FN.952-FNDE-RMS,642.FN952,,2025-07-31,1.39,1.07,1.76,
2930,Vb-642.FN.952-MDE-RMS,642.FN952,,2025-07-05,,,1.21,
2931,Vb-642.FN.952-MDE-RMS,642.FN952,,2025-07-31,1.66,2.93,,
2932,Vb-642.FN.952-MNDE-RMS,642.FN952,,2025-07-31,1.42,1.96,1.72,
2933,Vb-643.FN.952-FDE-RMS,643.FN952,,2025-07-31,6,10.73,22.37,
2934,Vb-643.FN.952-FNDE-RMS,643.FN952,,2025-07-31,10.06,10.01,25.68,
2935,Vb-643.FN.952-MDE-RMS,643.FN952,,2025-07-31,13.39,4.31,,
2936,Vb-643.FN.952-MNDE-RMS,643.FN952,,2025-07-31,7.74,3.95,10.83,
2937,Vb-644.FN.952-FDE-RMS,644.FN952,,2025-07-30,5.08,5.39,2.7,
2938,Vb-644.FN.952-FNDE-RMS,644.FN952,,2025-07-30,2.94,4.3,3.19,
2939,Vb-644.FN.952-MDE-RMS,644.FN952,,2025-07-30,4.56,3.35,3.44,
2940,Vb-644.FN.952-MNDE-RMS,644.FN952,,2025-07-30,3.75,3.79,4.01,
2941,Vb-645.FN.952-FDE-RMS,645.FN952,,2025-07-30,3.7,3.82,5.91,
2942,Vb-645.FN.952-FNDE-RMS,645.FN952,,2025-07-30,2.28,3.67,6.3,
2943,Vb-645.FN.952-MDE-RMS,645.FN952,,2025-06-05,,,10.05,
2944,Vb-645.FN.952-MDE-RMS,645.FN952,,2025-07-30,3.83,3.29,,
2945,Vb-645.FN.952-MNDE-RMS,645.FN952,,2025-07-30,3.69,3.91,2.54,
2946,Vb-646.FN.952-FDE-RMS,646.FN952,,2025-07-30,5.22,2.56,3.85,
2947,Vb-646.FN.952-FNDE-RMS,646.FN952,,2025-07-30,7.25,3.52,2.73,
2948,Vb-646.FN.952-MDE-RMS,646.FN952,,2025-07-30,2.49,4.78,,
2949,Vb-646.FN.952-MNDE-RMS,646.FN952,,2025-07-30,3.88,7.91,6.8,
2950,Vb-431.FN560-MDE-RMS,431.FN560,,2025-07-13,1.07,0.91,2.48,
2951,Vb-431.FN560-MNDE-RMS,431.FN560,,2025-07-13,3.58,2.61,2.33,
2952,Vb-451.FN010-FDE-RMS,451.FN010,,2025-07-08,0.57,1.41,1.84,
2953,Vb-451.FN010-FNDE-RMS,451.FN010,,2025-07-08,1.5,1.46,2.43,
2954,Vb-451.FN010-MDE-RMS,451.FN010,,2025-07-08,1.44,1,0.96,
2955,Vb-451.FN010-MNDE-RMS,451.FN010,,2025-07-08,0.54,0.29,1.2,
2956,Vb-321.MD140-GBHSS0,321.MD140,,2025-07-08,,,,1.66
2957,Vb-321.MD140-GBHSS1,321.MD140,,2025-07-08,,,,4.01
2958,Vb-321.MD140-GBHSS6,321.MD140,,2025-07-08,,,,2.48
2959,Vb-321.MD140-MDE-RMS,321.MD140,,2025-07-08,2.11,2.5,1.31,
2960,Vb-321.MD140-MNDE-RMS,321.MD140,,2025-07-08,0.95,2.02,1.29,
2961,Vb-321.MD140-RG2,321.MD140,,2025-07-08,,,,1.29
2962,Vb-321.MD140-RG3,321.MD140,,2025-07-08,,,,1.55
2963,Vb-321.MD140-RG4,321.MD140,,2025-07-08,,,,1.55
2964,Vb-321.MD140-RG5,321.MD140,,2025-07-08,,,,1.59
2965,Vb-321.FN400-FDE-RMS,321.FN400,,2025-07-08,1.48,0.79,1,
2966,Vb-321.FN400-FNDE-RMS,321.FN400,,2025-07-08,1.67,0.62,1.25,
2967,Vb-321.FN400-MDE-RMS,321.FN400,,2025-07-08,0.7,0.59,0.23,
2968,Vb-321.FN400-MNDE-RMS,321.FN400,,2025-07-08,0.54,0.39,0.26,
2969,Vb-321.FN125-FDE-RMS,321.FN125,,2025-07-08,9.38,4.55,11.89,
2970,Vb-321.FN125-FNDE-RMS,321.FN125,,2025-07-08,9.18,4.22,5.94,
2971,Vb-321.FN125-MDE-RMS,321.FN125,,2025-07-08,9.86,4.58,,
2972,Vb-321.FN125-MNDE-RMS,321.FN125,,2025-07-08,10.85,6.28,8.34,
2973,Vb-531.FN530-FDE-RMS,531.FN530,,2025-07-30,0.99,1.97,1.3,
2974,Vb-531.FN530-FNDE-RMS,531.FN530,,2025-07-30,1.13,1.1,0.9,
2975,Vb-531.FN530-MDE-RMS,531.FN530,,2025-07-30,0.98,1.05,1.17,
2976,Vb-531.FN530-MNDE-RMS,531.FN530,,2025-07-30,0.89,0.83,0.81,
2977,Vb-532.FN530-FDE-RMS,532.FN530,,2025-07-30,1.22,0.87,1.13,
2978,Vb-532.FN530-FNDE-RMS,532.FN530,,2025-07-30,2.89,3.43,1.21,
2979,Vb-532.FN530-MDE-RMS,532.FN530,,2025-07-30,0.76,0.86,0.83,
2980,Vb-532.FN530-MNDE-RMS,532.FN530,,2025-07-30,0.65,0.69,0.59,
2981,Vb-531.MD302-MDE-RMS,531.MD302,,2025-06-25,1.22,1.4,0.55,
2982,Vb-531.MD302-MNDE-RMS,531.MD302,,2025-06-25,2.02,1.26,1,
2983,Vb-531.MD302-S1DE-RMS,531.MD302,,2025-06-25,1.03,0.69,0.61,
2984,Vb-531.MD302-S1NDE-RMS,531.MD302,,2025-06-25,1.47,1.09,0.7,
2985,Vb-531.MD302-S2DE-RMS,531.MD302,,2025-06-25,1.06,1.05,1.19,
2986,Vb-531.MD302-S2NDE-RMS,531.MD302,,2025-06-25,1.28,0.93,0.56,
2987,Vb-532.MD302-MDE-RMS,532.MD302,,2025-06-25,1.53,1.02,0.63,
2988,Vb-532.MD302-MNDE-RMS,532.MD302,,2025-06-25,1.37,1.48,0.81,
2989,Vb-532.MD302-S1DE-RMS,532.MD302,,2025-06-25,0.81,1.34,0.57,
2990,Vb-532.MD302-S1NDE-RMS,532.MD302,,2025-06-25,1.07,0.79,0.75,
2991,Vb-532.MD302-S2DE-RMS,532.MD302,,2025-06-25,1.24,0.99,0.57,
2992,Vb-532.MD302-S2NDE-RMS,532.MD302,,2025-06-25,1.28,0.72,0.77,
2993,Vb-531.FN380-FDE-RMS,531.FN380,,2025-07-14,1.02,1.27,1.06,
2994,Vb-531.FN380-FNDE-RMS,531.FN380,,2025-07-14,2.42,0.89,0.97,
2995,Vb-531.FN380-MDE-RMS,531.FN380,,2025-07-14,0.9,0.55,0.36,
2996,Vb-531.FN380-MNDE-RMS,531.FN380,,2025-07-14,1.05,0.7,0.37,
2997,Vb-532.FN380-FDE-RMS,532.FN380,,2025-07-30,0.38,0.38,1.18,
2998,Vb-532.FN380-FNDE-RMS,532.FN380,,2025-07-30,0.81,0.79,0.91,
2999,Vb-532.FN380-MDE-RMS,532.FN380,,2025-07-30,0.4,0.39,0.48,
3000,Vb-532.FN380-MNDE-RMS,532.FN380,,2025-07-30,0.45,0.61,0.59,
3001,Vb-613.BL300-BLDE-RMS,613.BL300,,2025-07-30,6.33,4.39,13.81,
3002,Vb-613.BL300-BLNDE-RMS,613.BL300,,2025-07-30,9.32,8.3,5.05,
3003,Vb-613.BL300-MDE-RMS,613.BL300,,2025-07-30,8.81,5.86,1.99,
3004,Vb-613.BL300-MNDE-RMS,613.BL300,,2025-07-30,5.4,4.72,5.89,
3005,Vb-352.BL110-BLDE-RMS,352.BL110,,2025-07-29,6.79,5.93,3.31,
3006,Vb-352.BL110-BLNDE-RMS,352.BL110,,2025-07-29,6.04,5.93,4.65,
3007,Vb-352.BL110-MDE-RMS,352.BL110,,2025-07-29,4.9,5.51,3.2,
3008,Vb-352.BL110-MNDE-RMS,352.BL110,,2025-07-29,2.94,2.24,1.35,
3009,Vb-342.BL300-BLDE-RMS,342.BL300,,2025-07-29,1.76,1.9,3.47,
3010,Vb-342.BL300-BLNDE-RMS,342.BL300,,2025-07-29,2.03,2.04,3.89,
3011,Vb-342.BL300-MDE-RMS,342.BL300,,2025-07-29,2.43,2.5,6.27,
3012,Vb-342.BL300-MNDE-RMS,342.BL300,,2025-07-29,2.59,2.63,4.92,
3013,Vb-342.BL305-BLDE-RMS,342.BL305,,2025-07-29,2.83,2.86,4.86,
3014,Vb-342.BL305-BLNDE-RMS,342.BL305,,2025-07-29,3.96,3.46,4.91,
3015,Vb-342.BL305-MDE-RMS,342.BL305,,2025-07-29,2.64,3.32,4.43,
3016,Vb-342.BL305-MNDE-RMS,342.BL305,,2025-07-29,2.64,3.22,3.31,
3017,Vb-342.BL310-BLDE-RMS,342.BL310,,2025-07-29,2.01,2.37,5.52,
3018,Vb-342.BL310-BLNDE-RMS,342.BL310,,2025-07-29,3.2,3.27,4.23,
3019,Vb-342.BL310-MDE-RMS,342.BL310,,2025-07-29,2.09,4.09,5,
3020,Vb-342.BL310-MNDE-RMS,342.BL310,,2025-07-29,2.94,3.06,1.19,
3021,Vb-466.BL585-BLDE-RMS,466.BL585,,2025-07-29,7.59,7.85,9.46,
3022,Vb-466.BL585-BLNDE-RMS,466.BL585,,2025-07-29,6.12,6.14,6.26,
3023,Vb-466.BL585-MDE-RMS,466.BL585,,2025-07-29,3.99,3.08,1.19,
3024,Vb-466.BL585-MNDE-RMS,466.BL585,,2025-07-29,2.71,2.89,3.03,
3025,Vb-466.BL630-BLDE-RMS,466.BL630,,2025-07-29,5.48,5.51,7.07,
3026,Vb-466.BL630-BLNDE-RMS,466.BL630,,2025-07-29,8.02,6.57,6.52,
3027,Vb-466.BL630-MDE-RMS,466.BL630,,2025-07-29,4.13,4.61,2.51,
3028,Vb-466.BL630-MNDE-RMS,466.BL630,,2025-07-29,4.01,4.76,5.12,
3029,Vb-462.FN450-FDE-RMS,462.FN450,,2025-07-29,0.1,0.7,0.34,
3030,Vb-462.FN450-FNDE-RMS,462.FN450,,2025-07-29,0.11,0.1,0.85,
3031,Vb-462.FN450-MDE-RMS,462.FN450,,2025-07-29,0.15,0.1,0.24,
3032,Vb-462.FN450-MNDE-RMS,462.FN450,,2025-07-29,0.1,0.06,0.08,
3033,Vb-342.BE050-MDE-RMS,342.BE050,,2025-06-29,2.65,2.24,2.3,
3034,Vb-342.BE050-MNDE-RMS,342.BE050,,2025-06-29,4.76,4.45,2.47,
3035,Vb-342.BE050-S1NDE-RMS,342.BE050,,2025-06-29,3.21,2.5,1.42,
3036,Vb-342.BE050-S2NDE-RMS,342.BE050,,2025-06-29,2.16,2.17,2.2,
3037,Vb-342.BE050-S3DE-RMS,342.BE050,,2025-06-29,1.48,2.26,2.26,
3038,Vb-342.BE050-S3NDE-RMS,342.BE050,,2025-06-29,1.72,3.03,2.07,
3039,Vb-352.BE340-MDE-RMS,352.BE340,,2025-06-18,3.66,4.62,2.73,
3040,Vb-352.BE340-MNDE-RMS,352.BE340,,2025-06-18,5.03,5.81,2.36,
3041,Vb-352.BE340-S1NDE-RMS,352.BE340,,2025-06-18,1.95,2.95,2.15,
3042,Vb-352.BE340-S2NDE-RMS,352.BE340,,2025-06-18,1.63,2.21,2.01,
3043,Vb-352.BE340-S3DE-RMS,352.BE340,,2025-06-18,2.41,2.62,1.94,
3044,Vb-352.BE340-S3NDE-RMS,352.BE340,,2025-06-18,2.02,2.71,1.8,
3045,Vb-342.BE051-MDE-RMS,342.BE051,,2025-06-29,1.96,2.06,1.76,
3046,Vb-342.BE051-MNDE-RMS,342.BE051,,2025-06-29,3.4,4.16,2.14,
3047,Vb-342.BE051-S1NDE-RMS,342.BE051,,2025-06-29,1.06,2.18,2.33,
3048,Vb-342.BE051-S2NDE-RMS,342.BE051,,2025-06-29,1.53,2.04,1.01,
3049,Vb-352.BE341-MDE-RMS,352.BE341,,2025-06-18,2.25,3.11,3.18,
3050,Vb-352.BE341-MNDE-RMS,352.BE341,,2025-06-18,3.45,4.04,2.42,
3051,Vb-352.BE341-S1NDE-RMS,352.BE341,,2025-06-18,1.26,2.58,1.86,
3052,Vb-352.BE341-S2NDE-RMS,352.BE341,,2025-06-18,1.48,2.2,1.65,
3053,Vb-352.BE341-S3DE-RMS,352.BE341,,2025-06-18,1.6,2.61,1.32,
3054,Vb-352.BE341-S3NDE-RMS,352.BE341,,2025-06-18,1.59,3.21,1.43,
3055,Vb-452.FN240-FDE-RMS,452.FN240,,2025-07-28,0.41,0.34,0.63,
3056,Vb-452.FN240-FNDE-RMS,452.FN240,,2025-07-28,0.47,0.47,0.96,
3057,Vb-452.FN240-MDE-RMS,452.FN240,,2025-07-28,0.42,0.41,0.33,
3058,Vb-452.FN240-MNDE-RMS,452.FN240,,2025-07-28,0.39,0.26,0.19,
3059,Vb-452.WI112-MDE-RMS,452.WI112,,2025-06-16,4.28,4.51,1.04,
3060,Vb-452.WI112-MNDE-RMS,452.WI112,,2025-06-16,3.21,6.24,1.12,
3061,Vb-452.WI111-MDE-RMS,452.WI111,,2025-07-28,1.5,1.45,1.52,
3062,Vb-452.WI111-MNDE-RMS,452.WI111,,2025-07-28,0.59,0.67,0.26,
3063,Vb-452.WI111-PDE-RMS,452.WI111,,2025-07-28,0.54,0.75,0.43,
3064,Vb-452.WI111-PNDE-RMS,452.WI111,,2025-07-28,0.54,0.7,0.48,
3065,Vb-533.BE220-MDE-RMS,533.BE220,,2025-06-30,4.49,4.56,4.88,
3066,Vb-533.BE220-MNDE-RMS,533.BE220,,2025-06-30,6.8,7.63,3.47,
3067,Vb-533.BE220-S1DE-RMS,533.BE220,,2025-06-30,2.49,3.27,4.05,
3068,Vb-533.BE220-S2DE-RMS,533.BE220,,2025-06-30,3.2,2.44,1.74,
3069,Vb-533.BE220-S2NDE-RMS,533.BE220,,2025-06-30,4.21,3.54,3.77,
3070,Vb-534.BE220-MDE-RMS,534.BE220,,2025-07-01,5.93,5.68,4.44,
3071,Vb-534.BE220-MNDE-RMS,534.BE220,,2025-07-01,7.22,7.24,4.49,
3072,,534.BE220,Shaft 1 inboard  DE,2025-07-01,2.37,2.46,3.88,
3073,,534.BE220,Shaft 2  inboard  DE,2025-07-01,3.5,2.13,2.46,
3074,,534.BE220,Shaft 2  outboard NDE,2025-07-01,3.68,2.93,4.21,
3075,Vb-533.MD140-MDE-RMS,533.MD140,,2025-05-08,0.75,0.7,0.41,
3076,Vb-533.MD140-MNDE-RMS,533.MD140,,2025-05-08,0.61,0.56,0.49,
3077,Vb-533.MD140-S1DE-RMS,533.MD140,,2025-05-08,2.5,2.8,2.61,
3078,Vb-533.MD140-S1NDE-RMS,533.MD140,,2025-05-08,4.26,3.16,2.86,
3079,Vb-533.MD140-S2DE-RMS,533.MD140,,2025-05-08,1.79,1.27,2.31,
3080,Vb-533.MD140-S2NDE-RMS,533.MD140,,2025-05-08,1.52,2.24,2,
3081,Vb-533.MD140-S3DE-RMS,533.MD140,,2025-05-08,1.64,1.92,2.15,
3082,Vb-533.MD140-S3NDE-RMS,533.MD140,,2025-05-08,1.49,1.52,2.91,
3083,Vb-533.MD140-S4DE-RMS,533.MD140,,2025-05-08,1.56,1.47,2.61,
3084,Vb-533.MD140-S4NDE-RMS,533.MD140,,2025-05-08,1.53,1.63,1.51,
3085,Vb-534.MD140-MDE-RMS,534.MD140,,2025-07-31,0.82,0.75,0.38,
3086,Vb-534.MD140-MNDE-RMS,534.MD140,,2025-07-31,0.6,0.54,0.34,
3087,Vb-534.MD140-S1DE-RMS,534.MD140,,2025-07-31,1.86,1.85,1.86,
3088,Vb-534.MD140-S1NDE-RMS,534.MD140,,2025-07-31,1.65,1.9,1.67,
3089,Vb-534.MD140-S2DE-RMS,534.MD140,,2025-07-31,1.07,1.29,0.82,
3090,Vb-534.MD140-S2NDE-RMS,534.MD140,,2025-07-31,1.49,1.05,1.3,
3091,Vb-534.MD140-S3DE-RMS,534.MD140,,2025-07-31,1.12,0.85,0.88,
3092,Vb-534.MD140-S3NDE-RMS,534.MD140,,2025-07-31,1.31,1.47,1.45,
3093,Vb-534.MD140-S4DE-RMS,534.MD140,,2025-07-31,1.06,0.94,1.11,
3094,Vb-534.MD140-S4NDE-RMS,534.MD140,,2025-07-31,1.28,0.96,1.11,
3095,Vb-342.FN315-FDE-RMS,342.FN315,,2025-07-29,9.79,5.5,7.58,
3096,Vb-342.FN315-FNDE-RMS,342.FN315,,2025-07-29,9.44,6.87,6.66,
3097,Vb-342.FN315-MDE-RMS,342.FN315,,2025-07-29,5.84,5.72,,
3098,Vb-342.FN315-MNDE-RMS,342.FN315,,2025-07-29,6.91,7.94,6.04,
3099,Vb-442.CR400-CRDE-RMS,442.CR400,,2025-06-08,1.07,1.29,0.99,
3100,Vb-442.CR400-CRNDE-RMS,442.CR400,,2025-06-08,2.49,1.9,1.17,
3101,Vb-442.CR400-MDE-RMS,442.CR400,,2025-06-08,0.94,0.89,0.7,
3102,Vb-442.CR400-MNDE-RMS,442.CR400,,2025-06-08,0.52,0.73,0.69,
3103,Vb-462.MD140-MDE-RMS,462.MD140,,2025-07-29,1.49,1.1,0.58,
3104,Vb-462.MD140-MNDE-RMS,462.MD140,,2025-07-29,1.16,0.88,0.54,
3105,Vb-462.MD140-PHSS-RMS,462.MD140,,2025-07-29,0.73,0.58,0.71,
3106,Vb-462.MD140-RGT-RMS,462.MD140,,2025-07-29,0.99,0.71,2.16,
3107,Vb-462.FN125-FDE-RMS,462.FN125,,2025-07-29,3.31,3.05,3.5,
3108,Vb-462.FN125-FNDE-RMS,462.FN125,,2025-07-29,2.82,2.57,3.75,
3109,Vb-462.FN125-MDE-RMS,462.FN125,,2025-07-29,4.47,3.17,,
3110,Vb-462.FN125-MNDE-RMS,462.FN125,,2025-07-29,5.06,4.91,11.73,
3111,Vb-332.WI210-MDE-RMS,332.WI210,,2025-07-28,3.71,2.09,2.51,
3112,Vb-332.WI210-MNDE-RMS,332.WI210,,2025-07-28,1.89,2.48,2.07,
3113,Vb-332.WI210-PDE-RMS,332.WI210,,2025-07-28,7.86,3.27,1.57,
3114,Vb-332.WI210-PNDE-RMS,332.WI210,,2025-07-28,6.23,1.1,1.58,
3115,Vb-332.WI211-MDE-RMS,332.WI211,,2025-06-16,2.68,1.17,1.96,
3116,Vb-332.WI211-MNDE-RMS,332.WI211,,2025-06-16,1.22,2.15,2.25,
3117,Vb-332.WI211-PDE-RMS,332.WI211,,2025-06-16,6.18,3.13,1.61,
3118,Vb-332.WI211-PNDE-RMS,332.WI211,,2025-06-16,5.6,1.8,1.26,
3119,Vb-442.FN300-FDE-RMS,442.FN300,,2025-06-08,5.73,1.14,1.72,
3120,Vb-442.FN300-FNDE-RMS,442.FN300,,2025-06-08,5.06,1.25,1.59,
3121,Vb-442.FN300-MDE-RMS,442.FN300,,2025-06-08,5.62,3.86,1.69,
3122,Vb-442.FN300-MNDE-RMS,442.FN300,,2025-06-08,4.75,2.4,1.64,
3123,Vb-442.FN305-FDE-RMS,442.FN305,,2025-06-08,1.57,1.23,1.66,
3124,Vb-442.FN305-FNDE-RMS,442.FN305,,2025-06-08,1.66,1.36,0.85,
3125,Vb-442.FN305-MDE-RMS,442.FN305,,2025-06-08,1.61,1.2,1.74,
3126,Vb-442.FN305-MNDE-RMS,442.FN305,,2025-06-08,1.27,0.58,1.34,
3127,Vb-442.FN310-FDE-RMS,442.FN310,,2025-06-08,6.2,2.07,3.04,
3128,Vb-442.FN310-FNDE-RMS,442.FN310,,2025-06-08,5.67,3.37,2.76,
3129,Vb-442.FN310-MDE-RMS,442.FN310,,2025-06-08,5.92,4.7,4.2,
3130,Vb-442.FN310-MNDE-RMS,442.FN310,,2025-06-08,4.49,3.36,3.22,
3131,Vb-442.FN315-FDE-RMS,442.FN315,,2025-06-08,3.43,2.98,1.92,
3132,Vb-442.FN315-FNDE-RMS,442.FN315,,2025-06-08,4.83,2.5,2.19,
3133,Vb-442.FN315-MDE-RMS,442.FN315,,2025-06-08,2.21,1.43,2.11,
3134,Vb-442.FN315-MNDE-RMS,442.FN315,,2025-06-08,1.28,4.77,2.57,
3135,Vb-442.FN325-FDE-RMS,442.FN325,,2025-06-08,2.2,4.18,1.19,
3136,Vb-442.FN325-FNDE-RMS,442.FN325,,2025-06-08,3.83,4.23,0.93,
3137,Vb-442.FN325-MDE-RMS,442.FN325,,2025-06-08,1.95,1.07,1.31,
3138,Vb-442.FN325-MNDE-RMS,442.FN325,,2025-06-08,1.81,3.49,1.24,
3139,Vb-442.FN335-FDE-RMS,442.FN335,,2025-06-08,4.85,1.4,1.42,
3140,Vb-442.FN335-FNDE-RMS,442.FN335,,2025-06-08,3.55,1.17,1.03,
3141,Vb-442.FN335-MDE-RMS,442.FN335,,2025-06-08,3.58,2.75,1.84,
3142,Vb-442.FN335-MNDE-RMS,442.FN335,,2025-06-08,3.05,0.52,0.87,
3143,Vb-442.FN340-FDE-RMS,442.FN340,,2025-06-08,1.53,2.31,4.36,
3144,Vb-442.FN340-FNDE-RMS,442.FN340,,2025-06-08,2.19,2.35,4.26,
3145,Vb-442.FN340-MDE-RMS,442.FN340,,2025-06-08,0.84,1.18,4.44,
3146,Vb-442.FN340-MNDE-RMS,442.FN340,,2025-06-08,0.81,1.78,3.9,
3147,Vb-442.FN345-FDE-RMS,442.FN345,,2025-06-08,4.37,1.92,3.49,
3148,Vb-442.FN345-FNDE-RMS,442.FN345,,2025-06-08,4.13,3.45,3.53,
3149,Vb-442.FN345-MDE-RMS,442.FN345,,2025-06-08,5.91,4.19,4.63,
3150,Vb-442.FN345-MNDE-RMS,442.FN345,,2025-06-08,4.79,5.96,3.51,
3151,Vb-442.FN350-FDE-RMS,442.FN350,,2025-06-08,0.52,0.53,0.51,
3152,Vb-442.FN350-FNDE-RMS,442.FN350,,2025-06-08,0.56,0.45,2.29,
3153,Vb-442.FN350-MDE-RMS,442.FN350,,2025-06-08,0.52,0.77,0.56,
3154,Vb-442.FN350-MNDE-RMS,442.FN350,,2025-06-08,0.32,0.46,0.38,
3155,Vb-462.CP525-CDE-RMS,462.CP525,,2025-07-29,1.86,2.39,1.01,
3156,Vb-462.CP525-CNDE-RMS,462.CP525,,2025-07-29,4.04,3.76,1.04,
3157,Vb-462.CP525-MDE-RMS,462.CP525,,2025-07-29,2.32,1.38,3.43,
3158,Vb-462.CP525-MNDE-RMS,462.CP525,,2025-07-29,0.98,3.5,2.14,
3159,Vb-743.CP110-CDE-RMS,743.CP110,,2025-07-28,1.98,1.92,2.61,
3160,Vb-743.CP110-CNDE-RMS,743.CP110,,2025-07-28,1.84,2.33,3.67,
3161,Vb-743.CP110-MDE-RMS,743.CP110,,2025-07-28,0.68,1.52,1.84,
3162,Vb-743.CP110-MNDE-RMS,743.CP110,,2025-07-28,0.54,1.12,1.6,
3163,Vb-744.CP110-CDE-RMS,744.CP110,,2025-05-08,1.34,4.7,3.34,
3164,Vb-744.CP110-CNDE-RMS,744.CP110,,2025-05-08,3.45,6.24,7.45,
3165,Vb-744.CP110-MDE-RMS,744.CP110,,2025-05-08,1,2.79,1.84,
3166,Vb-744.CP110-MNDE-RMS,744.CP110,,2025-05-08,1.06,0.92,1.92,
3167,Vb-743.CP111-CDE-RMS,743.CP111,,2025-07-08,3.83,3.05,3.51,
3168,Vb-743.CP111-CNDE-RMS,743.CP111,,2025-07-08,5.05,5.73,5.09,
3169,Vb-743.CP111-MDE-RMS,743.CP111,,2025-07-08,2.38,3.57,3.77,
3170,Vb-743.CP111-MNDE-RMS,743.CP111,,2025-07-08,2.95,2.46,3.47,
3171,Vb-744.CP111-CDE-RMS,744.CP111,,2025-05-08,2.07,0.86,0.88,
3172,Vb-744.CP111-CNDE-RMS,744.CP111,,2025-05-08,2.61,1.82,1.28,
3173,Vb-744.CP111-MDE-RMS,744.CP111,,2025-05-08,1.44,0.98,1.03,
3174,Vb-744.CP111-MNDE-RMS,744.CP111,,2025-05-08,1.13,0.92,1.16,
3175,Vb-743.CP112-CDE-RMS,743.CP112,,2025-07-28,0.87,1.25,1.52,
3176,Vb-743.CP112-CNDE-RMS,743.CP112,,2025-07-28,1.79,2.33,1.64,
3177,Vb-743.CP112-MDE-RMS,743.CP112,,2025-07-28,0.62,0.88,2.12,
3178,Vb-743.CP112-MNDE-RMS,743.CP112,,2025-07-28,0.52,1.79,2.07,
3179,Vb-744.CP112-CDE-RMS,744.CP112,,2025-05-08,2.36,4.14,7.38,
3180,Vb-744.CP112-CNDE-RMS,744.CP112,,2025-05-08,4.84,6.21,9.74,
3181,Vb-744.CP112-MDE-RMS,744.CP112,,2025-05-08,1.63,4.8,3.39,
3182,Vb-744.CP112-MNDE-RMS,744.CP112,,2025-05-08,2.98,2.52,4.62,
3183,Vb-743.CP113-CDE-RMS,743.CP113,,2025-05-08,2.11,1.97,1.24,
3184,Vb-743.CP113-CNDE-RMS,743.CP113,,2025-05-08,3.22,2.8,3.01,
3185,Vb-743.CP113-MDE-RMS,743.CP113,,2025-05-08,1.25,1.01,2.25,
3186,Vb-743.CP113-MNDE-RMS,743.CP113,,2025-05-08,1.43,1.1,3.14,
3187,Vb-744.CP113-CDE-RMS,744.CP113,,2025-05-08,3.51,4.27,7.8,
3188,Vb-744.CP113-CNDE-RMS,744.CP113,,2025-05-08,6.21,7.2,8.12,
3189,Vb-744.CP113-MDE-RMS,744.CP113,,2025-05-08,3.21,3.61,6.51,
3190,Vb-744.CP113-MNDE-RMS,744.CP113,,2025-05-08,1.95,1.84,4.53,
3191,Vb-332.CP281-CDE-RMS,332.CP281,,2025-05-08,1.81,1.17,0.93,
3192,Vb-332.CP281-CNDE-RMS,332.CP281,,2025-05-08,2.03,1.97,1.48,
3193,Vb-332.CP281-MDE-RMS,332.CP281,,2025-05-08,1.34,1.05,0.82,
3194,Vb-332.CP281-MNDE-RMS,332.CP281,,2025-05-08,0.86,1.04,0.96,
3195,Vb-332.CP282-CDE-RMS,332.CP282,,2025-07-28,1.63,3.01,4.84,
3196,Vb-332.CP282-CNDE-RMS,332.CP282,,2025-07-28,3.8,4.33,4.44,
3197,Vb-332.CP282-MDE-RMS,332.CP282,,2025-07-28,1.14,1.28,1.85,
3198,Vb-332.CP282-MNDE-RMS,332.CP282,,2025-07-28,1.3,3.4,2.71,
3199,Vb-462.CP530-CDE-RMS,462.CP530,,2025-07-29,1.4,1.41,1.77,
3200,Vb-462.CP530-CNDE-RMS,462.CP530,,2025-07-29,4.1,3.7,2.07,
3201,Vb-462.CP530-MDE-RMS,462.CP530,,2025-07-29,1.55,5.42,2.99,
3202,Vb-462.CP530-MNDE-RMS,462.CP530,,2025-07-29,1.47,2,1.12,
3203,Vb-332.FN400-FDE-RMS,332.FN400,,2025-07-21,1.9,0.65,1.37,
3204,Vb-332.FN400-FNDE-RMS,332.FN400,,2025-07-21,2.98,2.12,,
3205,Vb-332.FN400-MDE-RMS,332.FN400,,2025-07-21,0.73,0.23,0.38,
3206,Vb-332.FN400-MNDE-RMS,332.FN400,,2025-07-21,0.7,0.31,0.4,
3207,Vb-442.FN590-FDE-RMS,442.FN590,,2025-06-08,0.31,0.18,0.18,
3208,Vb-442.FN590-FNDE-RMS,442.FN590,,2025-06-08,0.32,0.76,1.67,
3209,Vb-442.FN590-MDE-RMS,442.FN590,,2025-06-08,0.36,0.25,0.19,
3210,Vb-442.FN590-MNDE-RMS,442.FN590,,2025-06-08,0.23,0.2,0.17,
3211,Vb-442.FN590-S1DE-RMS,442.FN590,,2025-06-08,0.54,0.59,0.4,
3212,Vb-442.FN590-S1NDE-RMS,442.FN590,,2025-06-08,0.58,0.58,0.65,
3213,Vb-442.FN590-S2DE-RMS,442.FN590,,2025-06-08,0.6,0.51,0.56,
3214,Vb-442.FN590-S2NDE-RMS,442.FN590,,2025-06-08,0.53,0.55,0.45,
3215,Vb-462.PP515-MDE-RMS,462.PP515,,2025-07-28,0.73,0.79,1.11,
3216,Vb-462.PP515-MNDE-RMS,462.PP515,,2025-07-28,0.25,1.24,0.34,
3217,Vb-462.PP515-PDE-RMS,462.PP515,,2025-07-28,1.73,1.91,1.18,
3218,Vb-462.PP515-PNDE-RMS,462.PP515,,2025-07-28,1.22,0.91,0.51,
3219,Vb-462.PP545-MDE-RMS,462.PP545,,2025-06-12,0.37,0.36,0.35,
3220,Vb-462.PP545-MNDE-RMS,462.PP545,,2025-06-01,,0.16,0.28,
3221,Vb-462.PP545-MNDE-RMS,462.PP545,,2025-06-12,0.47,,,
3222,Vb-462.PP545-PDE-RMS,462.PP545,,2025-06-12,1.07,1.02,0.78,
3223,Vb-462.PP545-PNDE-RMS,462.PP545,,2025-06-12,0.61,0.48,0.28,
3224,Vb-213.HC100-CRDE-RMS,213.HC100,,2025-06-29,8.85,3.03,,
3225,Vb-213.HC100-CRNDE-RMS,213.HC100,,2025-06-29,6.26,1.71,2.43,
3226,Vb-213.HC100-MDE-RMS,213.HC100,,2025-06-29,1.08,1.69,1.05,
3227,Vb-213.HC100-MNDE-RMS,213.HC100,,2025-06-29,0.53,1.24,0.96,
3228,Vb-332.FN110-FDE-RMS,332.FN110,,2025-07-28,3.77,2.7,0.98,
3229,Vb-332.FN110-FNDE-RMS,332.FN110,,2025-07-28,4.19,2.48,2.1,
3230,Vb-332.FN110-MDE-RMS,332.FN110,,2025-07-28,2,0.92,0.53,
3231,Vb-332.FN110-MNDE-RMS,332.FN110,,2025-07-28,1.84,0.77,0.51,
3232,Vb-432.MD140-MDE-RMS,432.MD140,,2025-07-29,0.44,0.33,0.36,
3233,Vb-432.MD140-MNDE-RMS,432.MD140,,2025-07-29,0.39,0.23,0.46,
3234,Vb-432.MD140-S1DE-RMS,432.MD140,,2025-07-29,0.47,0.36,0.44,
3235,Vb-432.MD140-S1NDE-RMS,432.MD140,,2025-07-29,0.4,0.41,0.55,
3236,Vb-432.MD140-S2DE-RMS,432.MD140,,2025-07-29,0.42,0.39,0.56,
3237,Vb-432.MD140-S2NDE-RMS,432.MD140,,2025-07-29,0.52,0.57,0.69,
3238,Vb-432.MD140-S3DE-RMS,432.MD140,,2025-07-29,0.37,0.4,0.54,
3239,Vb-432.MD140-S3NDE-RMS,432.MD140,,2025-07-29,0.44,0.59,0.69,
3240,Vb-432.MD140-S4DE-RMS,432.MD140,,2025-07-29,0.44,0.45,5.55,
3241,Vb-432.MD140-S4NDE-RMS,432.MD140,,2025-07-29,0.36,0.57,2.62,
3242,Vb-432.MD160-MDE-RMS,432.MD160,,2025-07-30,0.55,0.42,0.38,
3243,Vb-432.MD160-MNDE-RMS,432.MD160,,2025-07-30,0.47,0.25,0.4,
3244,Vb-432.MD160-S1DE-RMS,432.MD160,,2025-07-30,0.46,0.74,0.45,
3245,Vb-432.MD160-S1NDE-RMS,432.MD160,,2025-07-30,0.46,0.66,0.5,
3246,Vb-432.MD160-S2DE-RMS,432.MD160,,2025-07-30,0.68,0.5,0.68,
3247,Vb-432.MD160-S2NDE-RMS,432.MD160,,2025-07-30,0.45,0.52,0.75,
3248,Vb-432.MD160-S3DE-RMS,432.MD160,,2025-07-30,0.34,0.56,0.77,
3249,Vb-432.MD160-S3NDE-RMS,432.MD160,,2025-07-30,0.39,0.45,0.93,
3250,Vb-432.MD160-S4DE-RMS,432.MD160,,2025-07-30,0.59,0.51,0.49,
3251,Vb-432.MD160-S4NDE-RMS,432.MD160,,2025-07-30,0.44,0.33,0.65,
3252,Vb-432.FN171-FDE-RMS,432.FN171,,2025-07-29,2.36,0.89,1.38,
3253,Vb-432.FN171-FNDE-RMS,432.FN171,,2025-07-29,2.48,1.48,1.58,
3254,Vb-432.FN171-MDE-RMS,432.FN171,,2025-07-29,2.8,1.02,1.21,
3255,Vb-432.FN171-MNDE-RMS,432.FN171,,2025-07-29,2.19,1.49,1.2,
3256,Vb-432.FN176-FDE-RMS,432.FN176,,2025-06-08,0.9,0.65,0.44,
3257,Vb-432.FN176-FNDE-RMS,432.FN176,,2025-06-08,0.94,1.28,0.47,
3258,Vb-432.FN176-MDE-RMS,432.FN176,,2025-06-08,1.13,0.83,0.5,
3259,Vb-432.FN176-MNDE-RMS,432.FN176,,2025-06-08,0.58,0.59,0.92,
3260,Vb-462.FN400-FDE-RMS,462.FN400,,2025-07-29,1.33,0.81,0.73,
3261,Vb-462.FN400-FNDE-RMS,462.FN400,,2025-07-28,,0.51,1.08,
3262,Vb-462.FN400-FNDE-RMS,462.FN400,,2025-07-29,1.03,,,
3263,Vb-462.FN400-MDE-RMS,462.FN400,,2025-07-29,0.47,0.31,0.22,
3264,Vb-462.FN400-MNDE-RMS,462.FN400,,2025-07-29,0.48,0.24,0.21,
3265,Vb-432.FN560-MDE-RMS,432.FN560,,2025-07-29,3.6,3.87,1.3,
3266,Vb-432.FN560-MNDE-RMS,432.FN560,,2025-07-29,1.72,2.88,1.47,
3267,Vb-452.FN010-FDE-RMS,452.FN010,,2025-07-28,0.39,0.57,0.21,
3268,Vb-452.FN010-FNDE-RMS,452.FN010,,2025-07-28,0.8,0.83,0.29,
3269,Vb-452.FN010-MDE-RMS,452.FN010,,2025-07-28,0.3,0.29,0.15,
3270,Vb-452.FN010-MNDE-RMS,452.FN010,,2025-07-28,0.21,0.11,0.44,
3271,Vb-322.MD140-GBHSS0,322.MD140,,2025-07-28,,,,1.56
3272,Vb-322.MD140-GBHSS1,322.MD140,,2025-07-28,,,,1.02
3273,Vb-322.MD140-GBHSS6,322.MD140,,2025-07-21,,,,1.94
3274,Vb-322.MD140-MDE-RMS,322.MD140,,2025-07-28,3.22,2.64,1.17,
3275,Vb-322.MD140-MNDE-RMS,322.MD140,,2025-07-28,1.41,1.43,1,
3276,Vb-322.MD140-RG2,322.MD140,,2025-07-21,,,,1.72
3277,Vb-322.MD140-RG3,322.MD140,,2025-07-28,,,,1.47
3278,Vb-322.MD140-RG4,322.MD140,,2025-07-28,,,,1.75
3279,Vb-322.MD140-RG5,322.MD140,,2025-07-21,,,,1.5
3280,Vb-322.FN400-FDE-RMS,322.FN400,,2025-07-21,0.91,0.95,1.47,
3281,Vb-322.FN400-FNDE-RMS,322.FN400,,2025-07-21,0.75,0.58,2.05,
3282,Vb-322.FN400-MDE-RMS,322.FN400,,2025-07-21,1.53,1.23,0.43,
3283,Vb-322.FN400-MNDE-RMS,322.FN400,,2025-07-21,1.23,0.58,0.48,
3284,Vb-322.FN125-FDE-RMS,322.FN125,,2025-07-21,4.81,8.44,11.02,
3285,Vb-322.FN125-FNDE-RMS,322.FN125,,2025-07-21,10.14,6.34,10.11,
3286,Vb-322.FN125-MDE-RMS,322.FN125,,2025-07-21,4.92,4.36,,
3287,Vb-322.FN125-MNDE-RMS,322.FN125,,2025-07-21,8.2,5.02,5.06,
3288,Vb-533.MD302-MDE-RMS,533.MD302,,2025-06-30,3.58,1.45,,
3289,Vb-533.MD302-MNDE-RMS,533.MD302,,2025-06-30,3.6,1.88,1.19,
3290,Vb-533.MD302-S1DE-RMS,533.MD302,,2025-06-30,2.46,3.84,1.16,
3291,Vb-533.MD302-S1NDE-RMS,533.MD302,,2025-06-30,1.83,3.88,1.18,
3292,Vb-533.MD302-S2DE-RMS,533.MD302,,2025-06-30,2.31,3.87,0.95,
3293,Vb-533.MD302-S2NDE-RMS,533.MD302,,2025-06-30,2.75,4.37,0.91,
3294,Vb-534.MD302-MDE-RMS,534.MD302,,2025-07-01,5.57,5.17,0.99,
3295,Vb-534.MD302-MNDE-RMS,534.MD302,,2025-07-01,7.33,7.63,1.58,
3296,Vb-534.MD302-S1DE-RMS,534.MD302,,2025-07-01,2.84,4.02,1.29,
3297,Vb-534.MD302-S1NDE-RMS,534.MD302,,2025-07-01,2.58,4.19,1.86,
3298,Vb-534.MD302-S2DE-RMS,534.MD302,,2025-07-01,2.05,3.56,0.8,
3299,Vb-534.MD302-S2NDE-RMS,534.MD302,,2025-07-01,2.18,4.07,0.95,
3300,Vb-533.FN350-FDE-RMS,533.FN350,,2025-05-08,0.87,0.84,1.13,
3301,Vb-533.FN350-FNDE-RMS,533.FN350,,2025-05-08,0.53,0.4,0.67,
3302,Vb-533.FN350-MDE-RMS,533.FN350,,2025-05-08,0.83,0.55,0.44,
3303,Vb-533.FN350-MNDE-RMS,533.FN350,,2025-05-08,0.66,0.48,0.45,
3304,Vb-534.FN350-FDE-RMS,534.FN350,,2025-07-31,1.94,1.47,2.15,
3305,Vb-534.FN350-FNDE-RMS,534.FN350,,2025-07-31,1.89,2.01,0.91,
3306,Vb-534.FN350-MDE-RMS,534.FN350,,2025-07-31,0.76,0.64,0.6,
3307,Vb-534.FN350-MNDE-RMS,534.FN350,,2025-07-31,0.65,0.46,0.63,
3308,Vb-533.FN530-FDE-RMS,533.FN530,,2025-07-30,11.61,8.14,3.11,
3309,Vb-533.FN530-FNDE-RMS,533.FN530,,2025-07-30,16.45,10.5,4.86,
3310,Vb-533.FN530-MDE-RMS,533.FN530,,2025-07-30,5.48,6.55,2.76,
3311,Vb-533.FN530-MNDE-RMS,533.FN530,,2025-07-30,3.62,2.54,2.99,
3312,Vb-534.FN530-FDE-RMS,534.FN530,,2025-07-30,1.45,1.35,1.77,
3313,Vb-534.FN530-FNDE-RMS,534.FN530,,2025-07-30,2.11,2.68,1.82,
3314,Vb-534.FN530-MDE-RMS,534.FN530,,2025-07-30,1.68,1.89,1.82,
3315,Vb-534.FN530-MNDE-RMS,534.FN530,,2025-07-30,2.26,1.94,1.29,
3316,,351.BL115,BL DE,2025-05-20,5.72,4.63,3.2,
3317,,351.BL115,BL NDE,2025-05-20,7.25,13.31,4.7,
3318,,351.BL115,Motor DE,2025-05-20,4.23,2.53,,
3319,,351.BL115,Motor NDE,2025-05-20,2.06,3.03,3,
3320,Vb-611.BL300-BLDE-RMS,611.BL300,,2025-09-10,5.57,5.68,5.32,
3321,Vb-611.BL300-BLNDE-RMS,611.BL300,,2025-09-10,5.94,6.77,5.08,
3322,Vb-611.BL300-MDE-RMS,611.BL300,,2025-09-10,4.55,4.78,11.86,
3323,Vb-611.BL300-MNDE-RMS,611.BL300,,2025-09-10,5.87,4.5,2.8,
3324,Vb-612.BL300-BLDE-RMS,612.BL300,,2025-09-10,4.71,7.09,5.7,
3325,Vb-612.BL300-BLNDE-RMS,612.BL300,,2025-07-31,,,5.79,
3326,Vb-612.BL300-BLNDE-RMS,612.BL300,,2025-09-10,7.07,9.5,,
3327,Vb-612.BL300-MDE-RMS,612.BL300,,2025-09-10,8.23,5.75,7.3,
3328,Vb-612.BL300-MNDE-RMS,612.BL300,,2025-09-10,4.84,4.56,3.07,
3329,Vb-351.BL110-BLDE-RMS,351.BL110,,2025-09-24,3.51,3.51,4.44,
3330,Vb-351.BL110-BLNDE-RMS,351.BL110,,2025-09-24,6.65,5.17,3.52,
3331,Vb-351.BL110-MDE-RMS,351.BL110,,2025-09-24,1.93,4.03,3.09,
3332,Vb-351.BL110-MNDE-RMS,351.BL110,,2025-09-24,4.79,3.75,3.05,
3333,Vb-341.BL300-BLDE-RMS,341.BL300,,2025-09-09,1.87,1.94,4.42,
3334,Vb-341.BL300-BLNDE-RMS,341.BL300,,2025-09-09,3.64,3.7,6.47,
3335,Vb-341.BL300-MDE-RMS,341.BL300,,2025-09-09,3,9.68,14.8,
3336,Vb-341.BL300-MNDE-RMS,341.BL300,,2025-09-09,7.94,1.58,5.86,
3337,Vb-341.BL305-BLDE-RMS,341.BL305,,2025-09-09,2.53,1.85,2.65,
3338,Vb-341.BL305-BLNDE-RMS,341.BL305,,2025-09-09,3.52,2.95,2.54,
3339,Vb-341.BL305-MDE-RMS,341.BL305,,2025-09-09,2.45,5.18,6.8,
3340,Vb-341.BL305-MNDE-RMS,341.BL305,,2025-09-09,3.81,2.68,3.37,
3341,Vb-341.BL310-BLDE-RMS,341.BL310,,2025-09-09,2.64,3.52,5.98,
3342,Vb-341.BL310-BLNDE-RMS,341.BL310,,2025-09-09,3.21,3.39,5.58,
3343,Vb-341.BL310-MDE-RMS,341.BL310,,2025-09-09,5.08,8.64,17.16,
3344,Vb-341.BL310-MNDE-RMS,341.BL310,,2025-09-09,4.99,4.41,5.44,
3345,Vb-465.BL580-BLDE-RMS,465.BL580,,2025-09-09,8.35,11.99,9.16,
3346,Vb-465.BL580-BLNDE-RMS,465.BL580,,2025-08-10,,9.22,6.78,
3347,Vb-465.BL580-BLNDE-RMS,465.BL580,,2025-09-09,7.1,,,
3348,Vb-465.BL580-MDE-RMS,465.BL580,,2025-09-09,6,4.02,3.12,
3349,Vb-465.BL580-MNDE-RMS,465.BL580,,2025-09-09,2.79,3.39,4.54,
3350,,645.BL585,BL DE,2025-07-08,4.66,10.1,7.47,
3351,,645.BL585,BL NDE,2025-07-08,3.88,4.01,5.25,
3352,,645.BL585,Motor DE,2025-07-08,2.91,1.5,2.27,
3353,,645.BL585,Motor NDE,2025-07-08,1.72,2.39,9.31,
3354,Vb-465.BL630-BLDE-RMS,465.BL630,,2025-08-26,1.99,2.41,4.38,
3355,Vb-465.BL630-BLNDE-RMS,465.BL630,,2025-08-26,2.27,2.75,4.58,
3356,Vb-465.BL630-MDE-RMS,465.BL630,,2025-08-26,1.59,1.69,1.26,
3357,Vb-465.BL630-MNDE-RMS,465.BL630,,2025-08-26,1.84,2.1,2.14,
3358,Vb-465.BL635-BLDE-RMS,465.BL635,,2025-09-02,1.58,2.02,2.06,
3359,Vb-465.BL635-BLNDE-RMS,465.BL635,,2025-09-02,3.91,3.93,1.68,
3360,Vb-465.BL635-MDE-RMS,465.BL635,,2025-09-02,1.82,0.96,1.19,
3361,Vb-465.BL635-MNDE-RMS,465.BL635,,2025-09-02,1.56,4.04,4.41,
3362,Vb-461.FN450-FDE-RMS,461.FN450,,2025-08-19,0.27,0.18,0.13,
3363,Vb-461.FN450-FNDE-RMS,461.FN450,,2025-08-19,0.19,0.47,0.35,
3364,Vb-461.FN450-MDE-RMS,461.FN450,,2025-08-19,0.27,0.24,0.37,
3365,Vb-461.FN450-MNDE-RMS,461.FN450,,2025-08-19,0.26,0.15,0.11,
3366,Vb-341.BE040-MDE-RMS,341.BE040,,2025-08-11,2.87,2.01,2.24,
3367,Vb-341.BE040-MNDE-RMS,341.BE040,,2025-08-11,2.68,1.72,1.61,
3368,Vb-341.BE040-S1NDE-RMS,341.BE040,,2025-08-11,1.77,1.47,1.33,
3369,Vb-341.BE040-S2NDE-RMS,341.BE040,,2025-08-11,1.14,1.26,1.15,
3370,Vb-341.BE040-S3DE-RMS,341.BE040,,2025-08-11,0.94,1.43,1.85,
3371,Vb-341.BE040-S3NDE-RMS,341.BE040,,2025-08-11,1.01,1.4,1.65,
3372,Vb-351.BE340-MDE-RMS,351.BE340,,2025-08-11,1.4,1.71,1.27,
3373,Vb-351.BE340-MNDE-RMS,351.BE340,,2025-08-11,2.54,2.77,1.29,
3374,Vb-351.BE340-S1NDE-RMS,351.BE340,,2025-08-11,1.18,1.64,1.36,
3375,Vb-351.BE340-S2NDE-RMS,351.BE340,,2025-08-11,1.29,2.2,1.41,
3376,Vb-351.BE340-S3DE-RMS,351.BE340,,2025-08-11,0.88,2.66,0.73,
3377,Vb-351.BE340-S3NDE-RMS,351.BE340,,2025-08-11,0.95,3.44,0.91,
3378,Vb-342.BE041-MDE-RMS,342.BE041,,2025-08-11,1.87,1.76,1.41,
3379,Vb-342.BE041-MNDE-RMS,342.BE041,,2025-08-11,0.96,1.49,1.12,
3380,Vb-342.BE041-S1NDE-RMS,342.BE041,,2025-08-11,1.15,1.75,1.3,
3381,Vb-342.BE041-S2NDE-RMS,342.BE041,,2025-08-11,1,1.19,1.17,
3382,Vb-342.BE041-S3DE-RMS,342.BE041,,2025-08-11,1.32,1.47,1.26,
3383,Vb-342.BE041-S3NDE-RMS,342.BE041,,2025-08-11,0.88,1.49,0.85,
3384,Vb-351.BE341-MDE-RMS,351.BE341,,2025-08-11,2.11,2.1,1.97,
3385,Vb-351.BE341-MNDE-RMS,351.BE341,,2025-08-11,1.32,2.52,1.49,
3386,Vb-351.BE341-S1NDE-RMS,351.BE341,,2025-08-11,0.86,1.91,1.22,
3387,Vb-351.BE341-S2NDE-RMS,351.BE341,,2025-08-11,0.96,1.99,0.76,
3388,Vb-351.BE341-S3DE-RMS,351.BE341,,2025-08-11,0.89,1.54,0.89,
3389,Vb-351.BE341-S3NDE-RMS,351.BE341,,2025-08-11,0.81,2.16,1.41,
3390,Vb-451.FN240-FDE-RMS,451.FN240,,2025-09-14,1.35,1.62,1.19,
3391,Vb-451.FN240-FNDE-RMS,451.FN240,,2025-09-14,3.79,1.39,0.7,
3392,Vb-451.FN240-MDE-RMS,451.FN240,,2025-09-14,2.84,2.21,1.36,
3393,Vb-451.FN240-MNDE-RMS,451.FN240,,2025-09-14,1.15,0.85,1.58,
3394,Vb-451.WI210-MDE-RMS,451.WI210,,2025-09-14,1.89,1.22,2.56,
3395,Vb-451.WI210-PDE-RMS,451.WI210,,2025-09-14,1.55,1.59,1.22,
3396,Vb-451.WI210-PNDE-RMS,451.WI210,,2025-09-14,1.22,1.02,0.96,
3397,Vb-451.WI111-MDE-RMS,451.WI111,,2025-05-28,15.21,11.49,20.75,
3398,Vb-451.WI111-MNDE-RMS,451.WI111,,2025-05-28,13.65,15.21,28.06,
3399,Vb-451.WI111-PDE-RMS,451.WI111,,2025-06-24,4.16,5.4,,
3400,Vb-451.WI111-PNDE-RMS,451.WI111,,2025-06-24,3.34,5.01,4.1,
3401,Vb-531.BE220-MDE-RMS,531.BE220,,2025-08-26,7.08,6.59,7.93,
3402,Vb-531.BE220-MNDE-RMS,531.BE220,,2025-08-26,8.02,9.56,6.21,
3403,Vb-531.BE220-S1DE-RMS,531.BE220,,2025-08-26,4.33,6.67,5,
3404,Vb-531.BE220-S2DE-RMS,531.BE220,,2025-08-26,5.09,5.2,2.52,
3405,Vb-531.BE220-S2NDE-RMS,531.BE220,,2025-08-26,7.38,4.99,4.84,
3406,Vb-532.BE220-MDE-RMS,532.BE220,,2025-08-26,5.81,5.65,6.2,
3407,Vb-532.BE220-MNDE-RMS,532.BE220,,2025-08-26,8.26,11.74,5.89,
3408,,532.BE220,Shaft 1 inboard  DE,2025-08-26,2.98,5.22,6.05,
3409,,532.BE220,Shaft 2  inboard  DE,2025-08-26,2.58,4.32,5.57,
3410,,532.BE220,Shaft 2  outboard NDE,2025-08-26,4.82,4.45,4.88,
3411,Vb-531.MD140-MDE-RMS,531.MD140,,2025-08-26,1.34,1.3,0.76,
3412,Vb-531.MD140-MNDE-RMS,531.MD140,,2025-08-26,0.7,0.73,0.8,
3413,Vb-531.MD140-S1DE-RMS,531.MD140,,2025-08-28,8.01,7.82,4.78,
3414,Vb-531.MD140-S1NDE-RMS,531.MD140,,2025-08-28,7.19,3.17,4.24,
3415,Vb-531.MD140-S2DE-RMS,531.MD140,,2025-08-28,3.38,3.18,3.62,
3416,Vb-531.MD140-S2NDE-RMS,531.MD140,,2025-08-28,2.32,4.36,4.48,
3417,Vb-531.MD140-S3DE-RMS,531.MD140,,2025-08-28,3.67,4.53,3.06,
3418,Vb-531.MD140-S3NDE-RMS,531.MD140,,2025-08-28,2.55,2.71,4.24,
3419,Vb-531.MD140-S4DE-RMS,531.MD140,,2025-08-28,3.87,4.53,3.92,
3420,Vb-531.MD140-S4NDE-RMS,531.MD140,,2025-08-28,2.61,3.61,2.95,
3421,Vb-531.MD140-TGB-RMS,531.MD140,,2025-08-01,,5.97,,
3422,Vb-532.MD140-MDE-RMS,532.MD140,,2025-08-24,0.91,0.7,0.92,
3423,Vb-532.MD140-MNDE-RMS,532.MD140,,2025-08-24,0.87,0.79,0.88,
3424,Vb-532.MD140-S1DE-RMS,532.MD140,,2025-08-24,6.33,5.44,2.76,
3425,Vb-532.MD140-S1NDE-RMS,532.MD140,,2025-08-24,3.57,3.52,4.91,
3426,Vb-532.MD140-S2DE-RMS,532.MD140,,2025-08-24,2.94,2.64,3.8,
3427,Vb-532.MD140-S2NDE-RMS,532.MD140,,2025-08-24,1.86,2.71,2.55,
3428,Vb-532.MD140-S3DE-RMS,532.MD140,,2025-08-24,2.52,2.52,3.61,
3429,Vb-532.MD140-S3NDE-RMS,532.MD140,,2025-08-24,2.33,2.17,3.74,
3430,Vb-532.MD140-S4DE-RMS,532.MD140,,2025-08-24,2.59,2.65,3.84,
3431,Vb-532.MD140-S4NDE-RMS,532.MD140,,2025-08-24,2.92,3.17,2.29,
3432,Vb-341.FN315-FDE-RMS,341.FN315,,2025-09-16,7.37,2.39,5.24,
3433,Vb-341.FN315-FNDE-RMS,341.FN315,,2025-09-16,7.45,2.52,5.4,
3434,Vb-341.FN315-MDE-RMS,341.FN315,,2025-09-16,3.45,3.53,,
3435,Vb-341.FN315-MNDE-RMS,341.FN315,,2025-09-16,4.26,1.59,5.58,
3436,Vb-341.FN316-FDE-RMS,341.FN316,,2025-08-12,1.15,0.52,1,
3437,Vb-341.FN316-FNDE-RMS,341.FN316,,2025-08-12,1.06,0.39,0.7,
3438,Vb-341.FN316-MDE-RMS,341.FN316,,2025-08-12,0.87,0.65,,
3439,Vb-341.FN316-MNDE-RMS,341.FN316,,2025-08-12,0.97,0.81,1.4,
3440,Vb-441.CR400-CRDE-RMS,441.CR400,,2025-09-14,1.48,1.21,1.01,
3441,Vb-441.CR400-CRNDE-RMS,441.CR400,,2025-09-14,1.31,1.02,0.62,
3442,Vb-441.CR400-MDE-RMS,441.CR400,,2025-09-14,1.76,1.22,0.72,
3443,Vb-441.CR400-MNDE-RMS,441.CR400,,2025-09-14,0.73,0.66,0.77,
3444,Vb-461.MD140-MDE-RMS,461.MD140,,2025-08-19,0.64,0.54,0.55,
3445,Vb-461.MD140-MNDE-RMS,461.MD140,,2025-08-19,0.42,0.34,0.64,
3446,Vb-461.MD140-PHSS-RMS,461.MD140,,2025-08-19,0.91,0.76,1,
3447,Vb-461.MD140-RGT-RMS,461.MD140,,2025-08-19,1.49,1,1.64,
3448,Vb-461.FN125-FDE-RMS,461.FN125,,2025-08-19,4.48,3.56,4.97,
3449,Vb-461.FN125-FNDE-RMS,461.FN125,,2025-08-19,3.14,3.95,4.44,
3450,Vb-461.FN125-MDE-RMS,461.FN125,,2025-08-19,3.27,3.57,,
3451,Vb-461.FN125-MNDE-RMS,461.FN125,,2025-08-19,3.55,4.86,12.94,
3452,Vb-461.MD152-MDE-RMS,461.MD152,,2025-08-25,0.57,0.78,0.3,
3453,Vb-461.MD152-MNDE-RMS,461.MD152,,2025-08-25,0.65,0.8,0.43,
3454,Vb-461.MD152-S1DE-RMS,461.MD152,,2025-08-25,0.75,0.26,0.29,
3455,Vb-461.MD152-S1NDE-RMS,461.MD152,,2025-08-25,0.7,0.33,0.25,
3456,Vb-461.MD152-S2DE-RMS,461.MD152,,2025-08-25,0.63,0.29,0.31,
3457,Vb-461.MD152-S2NDE-RMS,461.MD152,,2025-08-25,0.64,0.28,0.29,
3458,Vb-331.WI210-MDE-RMS,331.WI210,,2025-08-12,3.64,3.44,3.32,
3459,Vb-331.WI210-MNDE-RMS,331.WI210,,2025-08-12,,2.34,1.57,
3460,Vb-331.WI210-MNDE-RMS,331.WI210,,2025-09-16,2.24,,,
3461,Vb-331.WI210-PDE-RMS,331.WI210,,2025-08-12,1.29,1.29,1.27,
3462,Vb-331.WI210-PNDE-RMS,331.WI210,,2025-08-12,0.81,0.83,1.34,
3463,Vb-331.WI211-MDE-RMS,331.WI211,,2025-09-16,26.44,15.35,7.64,
3464,Vb-331.WI211-MNDE-RMS,331.WI211,,2025-09-16,11.06,16.62,3.55,
3465,Vb-331.WI211-PDE-RMS,331.WI211,,2025-09-16,31.81,19.98,7.06,
3466,Vb-331.WI211-PNDE-RMS,331.WI211,,2025-09-16,22.22,6.59,5.64,
3467,Vb-441.FN300-FDE-RMS,441.FN300,,2025-09-14,1.68,1.57,1.97,
3468,Vb-441.FN300-FNDE-RMS,441.FN300,,2025-09-14,2.05,3.57,1.71,
3469,Vb-441.FN300-MDE-RMS,441.FN300,,2025-09-14,1.02,1.9,2.38,
3470,Vb-441.FN300-MNDE-RMS,441.FN300,,2025-09-14,0.94,1.75,1.87,
3471,Vb-441.FN305-FDE-RMS,441.FN305,,2025-09-14,0.92,1.15,0.76,
3472,Vb-441.FN305-FNDE-RMS,441.FN305,,2025-09-14,0.97,1.22,0.82,
3473,Vb-441.FN305-MDE-RMS,441.FN305,,2025-09-14,1.46,1.89,1.97,
3474,Vb-441.FN305-MNDE-RMS,441.FN305,,2025-09-14,0.9,1.66,1.07,
3475,Vb-441.FN310-FDE-RMS,441.FN310,,2025-09-14,1.57,0.74,0.75,
3476,Vb-441.FN310-FNDE-RMS,441.FN310,,2025-09-14,0.9,1.97,1.25,
3477,Vb-441.FN310-MDE-RMS,441.FN310,,2025-09-14,1.72,1.42,1.05,
3478,Vb-441.FN310-MNDE-RMS,441.FN310,,2025-09-14,0.91,0.96,0.65,
3479,Vb-441.FN315-FDE-RMS,441.FN315,,2025-09-14,2.55,2.22,1.91,
3480,Vb-441.FN315-FNDE-RMS,441.FN315,,2025-09-14,3.62,2.46,2.34,
3481,Vb-441.FN315-MDE-RMS,441.FN315,,2025-09-14,2.33,4.25,2.35,
3482,Vb-441.FN315-MNDE-RMS,441.FN315,,2025-09-14,3.29,3.46,2.71,
3483,Vb-441.FN325-FDE-RMS,441.FN325,,2025-09-14,0.68,1.34,1.98,
3484,Vb-441.FN325-FNDE-RMS,441.FN325,,2025-09-14,1.18,1.62,0.67,
3485,Vb-441.FN325-MDE-RMS,441.FN325,,2025-09-14,1.92,2.08,1.73,
3486,Vb-441.FN325-MNDE-RMS,441.FN325,,2025-09-14,0.9,1.06,0.8,
3487,Vb-441.FN335-FDE-RMS,441.FN335,,2025-09-14,1,0.78,0.62,
3488,Vb-441.FN335-FNDE-RMS,441.FN335,,2025-09-14,1.23,0.68,0.63,
3489,Vb-441.FN335-MDE-RMS,441.FN335,,2025-09-14,0.73,0.78,0.76,
3490,Vb-441.FN335-MNDE-RMS,441.FN335,,2025-09-14,0.58,1.07,0.71,
3491,Vb-441.FN340-FDE-RMS,441.FN340,,2025-09-14,0.51,0.47,0.41,
3492,Vb-441.FN340-FNDE-RMS,441.FN340,,2025-09-14,0.55,0.57,0.46,
3493,Vb-441.FN340-MDE-RMS,441.FN340,,2025-09-14,0.89,0.96,0.56,
3494,Vb-441.FN340-MNDE-RMS,441.FN340,,2025-09-14,0.51,0.43,1.25,
3495,Vb-441.FN345-FDE-RMS,441.FN345,,2025-09-01,1.85,1.36,0.99,
3496,Vb-441.FN345-FNDE-RMS,441.FN345,,2025-09-01,3.38,2.58,1.68,
3497,Vb-441.FN345-MDE-RMS,441.FN345,,2025-09-01,3.45,3.36,0.91,
3498,Vb-441.FN345-MNDE-RMS,441.FN345,,2025-09-01,2.3,1.39,0.79,
3499,Vb-441.FN350-FDE-RMS,441.FN350,,2025-09-14,0.76,0.6,0.54,
3500,Vb-441.FN350-FNDE-RMS,441.FN350,,2025-09-14,0.61,0.61,0.67,
3501,Vb-441.FN350-MDE-RMS,441.FN350,,2025-09-14,0.71,1.23,1.32,
3502,Vb-441.FN350-MNDE-RMS,441.FN350,,2025-09-14,0.35,0.83,0.46,
3503,Vb-741.CP110-CDE-RMS,741.CP110,,2025-08-07,3.62,3.92,2.51,
3504,Vb-741.CP110-CNDE-RMS,741.CP110,,2025-08-07,3.52,3.69,3.28,
3505,Vb-741.CP110-MDE-RMS,741.CP110,,2025-08-07,2.36,2.81,2.8,
3506,Vb-741.CP110-MNDE-RMS,741.CP110,,2025-08-07,2.8,1.4,2.43,
3507,Vb-742.CP110-CDE-RMS,742.CP110,,2025-08-24,1.6,1.81,1.62,
3508,Vb-742.CP110-CNDE-RMS,742.CP110,,2025-08-24,1.64,2.37,3.12,
3509,Vb-742.CP110-MDE-RMS,742.CP110,,2025-08-24,1.22,1.68,1.81,
3510,Vb-742.CP110-MNDE-RMS,742.CP110,,2025-08-24,1.26,1.27,1.83,
3511,Vb-741.CP111-CDE-RMS,741.CP111,,2025-09-03,3.03,3.96,3.4,
3512,Vb-741.CP111-CNDE-RMS,741.CP111,,2025-09-03,3.54,4.3,4.97,
3513,Vb-741.CP111-MDE-RMS,741.CP111,,2025-09-03,2.92,2.08,4.44,
3514,Vb-741.CP111-MNDE-RMS,741.CP111,,2025-09-03,8.08,2.34,2.42,
3515,Vb-742.CP111-CDE-RMS,742.CP111,,2025-07-31,1.41,2.56,4.26,
3516,Vb-742.CP111-CNDE-RMS,742.CP111,,2025-07-31,3.65,4.86,4.66,
3517,Vb-742.CP111-MDE-RMS,742.CP111,,2025-07-31,0.75,1.85,1.67,
3518,Vb-742.CP111-MNDE-RMS,742.CP111,,2025-07-31,0.79,0.73,1.18,
3519,Vb-741.CP112-CDE-RMS,741.CP112,,2025-09-03,3.68,4.2,4.64,
3520,Vb-741.CP112-CNDE-RMS,741.CP112,,2025-09-03,3.7,1.94,5.65,
3521,Vb-741.CP112-MDE-RMS,741.CP112,,2025-09-03,3.88,3.34,4.02,
3522,Vb-741.CP112-MNDE-RMS,741.CP112,,2025-09-03,6.38,1.87,3.94,
3523,Vb-742.CP112-CDE-RMS,742.CP112,,2025-06-25,2.79,3.84,6.76,
3524,Vb-742.CP112-CNDE-RMS,742.CP112,,2025-06-25,3.31,4.21,7.37,
3525,Vb-742.CP112-MDE-RMS,742.CP112,,2025-06-25,1.23,3.9,3.01,
3526,Vb-742.CP112-MNDE-RMS,742.CP112,,2025-06-25,0.98,1.5,2.19,
3527,Vb-741.CP113-CDE-RMS,741.CP113,,2025-09-03,5.83,6.48,4.81,
3528,Vb-741.CP113-CNDE-RMS,741.CP113,,2025-09-03,5.96,5.39,8.38,
3529,Vb-741.CP113-MDE-RMS,741.CP113,,2025-09-03,5.39,8.27,6.28,
3530,Vb-741.CP113-MNDE-RMS,741.CP113,,2025-09-03,4.17,2.9,4.41,
3531,Vb-742.CP113-CDE-RMS,742.CP113,,2025-08-24,2.11,1.8,1.33,
3532,Vb-742.CP113-CNDE-RMS,742.CP113,,2025-08-24,1.15,0.92,2.04,
3533,Vb-742.CP113-MDE-RMS,742.CP113,,2025-08-24,1.91,1.64,1.1,
3534,Vb-742.CP113-MNDE-RMS,742.CP113,,2025-08-24,1.83,2,0.95,
3535,Vb-331.CP280-CDE-RMS,331.CP280,,2025-09-10,14.7,5.91,5.45,
3536,Vb-331.CP280-CNDE-RMS,331.CP280,,2025-09-10,2.73,14.1,12.04,
3537,Vb-331.CP280-MDE-RMS,331.CP280,,2025-09-10,3.28,3.26,4.41,
3538,Vb-331.CP280-MNDE-RMS,331.CP280,,2025-09-10,2.19,3.35,2.03,
3539,Vb-331.CP281-CDE-RMS,331.CP281,,2025-07-08,20.45,20,14.79,
3540,Vb-331.CP281-CNDE-RMS,331.CP281,,2025-07-08,13.24,16.34,18.43,
3541,Vb-331.CP281-MDE-RMS,331.CP281,,2025-07-08,11.84,7.46,5.78,
3542,Vb-331.CP281-MNDE-RMS,331.CP281,,2025-07-08,24.93,11.48,11.52,
3543,Vb-331.CP282-CDE-RMS,331.CP282,,2025-09-10,6.36,6.17,7.56,
3544,Vb-331.CP282-CNDE-RMS,331.CP282,,2025-09-10,10.52,9.55,11.47,
3545,Vb-331.CP282-MDE-RMS,331.CP282,,2025-09-10,9.6,8.42,6.64,
3546,Vb-331.CP282-MNDE-RMS,331.CP282,,2025-09-10,9.23,6.16,5.45,
3547,Vb-461.CP524-CDE-RMS,461.CP524,,2025-08-19,1.19,2.77,2.07,
3548,Vb-461.CP524-CNDE-RMS,461.CP524,,2025-08-19,4.77,3.53,2.02,
3549,Vb-461.CP524-MDE-RMS,461.CP524,,2025-08-19,1.58,1.62,2.03,
3550,Vb-461.CP524-MNDE-RMS,461.CP524,,2025-08-19,1.41,2.07,1.67,
3551,Vb-461.CP526-CDE-RMS,461.CP526,,2025-08-19,3.03,6.85,1.33,
3552,Vb-461.CP526-CNDE-RMS,461.CP526,,2025-08-19,4.1,2.26,1.4,
3553,Vb-461.CP526-MDE-RMS,461.CP526,,2025-08-19,1.18,1.18,2.09,
3554,Vb-461.CP526-MNDE-RMS,461.CP526,,2025-08-19,1.64,2.71,2.25,
3555,Vb-111.CP400-CDE-RMS,111.CP400,,2025-06-17,3.57,3.29,2.42,
3556,Vb-111.CP400-CNDE-RMS,111.CP400,,2025-06-17,4.9,3.68,2.92,
3557,Vb-111.CP400-MDE-RMS,111.CP400,,2025-06-17,3.86,3.93,2.03,
3558,Vb-111.CP400-MNDE-RMS,111.CP400,,2025-06-17,1.79,3.15,2.31,
3559,Vb-331.FN400-FDE-RMS,331.FN400,,2025-09-14,0.84,0.28,0.63,
3560,Vb-331.FN400-FNDE-RMS,331.FN400,,2025-09-14,1.25,0.36,,
3561,Vb-331.FN400-MDE-RMS,331.FN400,,2025-09-14,0.59,1.46,0.31,
3562,Vb-331.FN400-MNDE-RMS,331.FN400,,2025-09-14,0.45,0.33,0.34,
3563,Vb-441.FN.590-FDE-RMS,441.FN590,,2025-09-14,0.23,0.29,0.54,
3564,Vb-441.FN.590-FNDE-RMS,441.FN590,,2025-09-14,1.34,0.28,2.38,
3565,Vb-441.FN.590-MDE-RMS,441.FN590,,2025-09-14,0.4,0.39,0.36,
3566,Vb-441.FN.590-MNDE-RMS,441.FN590,,2025-09-14,0.21,0.1,0.13,
3567,Vb-441.FN.590-S1DE-RMS,441.FN590,,2025-09-14,0.19,0.21,0.16,
3568,Vb-441.FN.590-S1NDE-RMS,441.FN590,,2025-09-14,0.21,0.27,0.16,
3569,Vb-441.FN.590-S2DE-RMS,441.FN590,,2025-09-14,0.36,0.3,0.84,
3570,Vb-441.FN.590-S2NDE-RMS,441.FN590,,2025-09-14,0.36,0.45,0.42,
3571,Vb-461.PP515-MDE-RMS,461.PP515,,2025-08-06,0.3,0.27,0.11,
3572,Vb-461.PP515-MNDE-RMS,461.PP515,,2025-08-06,0.17,0.23,0.11,
3573,Vb-461.PP515-PDE-RMS,461.PP515,,2025-08-06,1.14,1.91,1.03,
3574,Vb-461.PP515-PNDE-RMS,461.PP515,,2025-08-06,1.06,0.94,1,
3575,Vb-461.PP513-MDE-RMS,461.PP513,,2025-07-13,0.56,0.45,0.15,
3576,Vb-461.PP513-MNDE-RMS,461.PP513,,2025-07-13,0.49,0.17,0.19,
3577,Vb-461.PP513-PDE-RMS,461.PP513,,2025-07-13,2.04,1.12,0.79,
3578,Vb-461.PP513-PNDE-RMS,461.PP513,,2025-07-13,1.47,0.79,0.75,
3579,Vb-331.FN110-FDE-RMS,331.FN110,,2025-09-14,2.54,1.39,1.11,
3580,Vb-331.FN110-FNDE-RMS,331.FN110,,2025-09-14,2.24,0.89,1.49,
3581,Vb-331.FN110-MDE-RMS,331.FN110,,2025-09-14,1.87,2.46,0.3,
3582,Vb-331.FN110-MNDE-RMS,331.FN110,,2025-09-14,0.94,2.58,0.7,
3583,Vb-431.MD140-MDE-RMS,431.MD140,,2025-09-16,0.25,0.19,0.23,
3584,Vb-431.MD140-MNDE-RMS,431.MD140,,2025-09-16,0.26,0.16,0.23,
3585,Vb-431.MD140-S1DE-RMS,431.MD140,,2025-09-16,0.41,0.22,0.37,
3586,Vb-431.MD140-S1NDE-RMS,431.MD140,,2025-09-16,0.31,0.17,0.48,
3587,Vb-431.MD140-S2DE-RMS,431.MD140,,2025-08-12,,,0.44,
3588,Vb-431.MD140-S2DE-RMS,431.MD140,,2025-09-16,0.32,0.21,,
3589,Vb-431.MD140-S2NDE-RMS,431.MD140,,2025-09-16,0.33,0.44,0.4,
3590,Vb-431.MD140-S3DE-RMS,431.MD140,,2025-09-16,0.31,0.18,0.45,
3591,Vb-431.MD140-S3NDE-RMS,431.MD140,,2025-09-16,0.38,0.26,0.47,
3592,Vb-431.MD140-S4DE-RMS,431.MD140,,2025-09-16,0.34,0.34,0.72,
3593,Vb-431.MD140-S4NDE-RMS,431.MD140,,2025-09-16,0.32,0.38,0.38,
3594,Vb-431.MD160-MDE-RMS,431.MD160,,2025-09-16,0.31,0.2,0.29,
3595,Vb-431.MD160-MNDE-RMS,431.MD160,,2025-09-16,0.34,0.6,0.32,
3596,Vb-431.MD160-S1DE-RMS,431.MD160,,2025-09-16,0.38,0.37,0.77,
3597,Vb-431.MD160-S1NDE-RMS,431.MD160,,2025-09-16,0.34,0.3,0.61,
3598,Vb-431.MD160-S2DE-RMS,431.MD160,,2025-09-16,0.35,0.99,0.93,
3599,Vb-431.MD160-S2NDE-RMS,431.MD160,,2025-09-16,0.35,0.24,0.4,
3600,Vb-431.MD160-S3DE-RMS,431.MD160,,2025-09-16,0.36,0.56,0.57,
3601,Vb-431.MD160-S3NDE-RMS,431.MD160,,2025-09-16,0.38,0.3,0.41,
3602,Vb-431.MD160-S4DE-RMS,431.MD160,,2025-09-16,0.33,0.52,0.37,
3603,Vb-431.MD160-S4NDE-RMS,431.MD160,,2025-09-16,0.38,0.51,0.46,
3604,Vb-431.FN171-FDE-RMS,431.FN171,,2025-09-02,0.86,0.48,0.78,
3605,Vb-431.FN171-FNDE-RMS,431.FN171,,2025-09-02,1,0.66,0.8,
3606,Vb-431.FN171-MDE-RMS,431.FN171,,2025-09-02,0.98,0.83,0.88,
3607,Vb-431.FN171-MNDE-RMS,431.FN171,,2025-09-02,0.67,0.56,0.74,
3608,Vb-431.FN176-FDE-RMS,431.FN176,,2025-09-02,0.42,0.23,0.33,
3609,Vb-431.FN176-FNDE-RMS,431.FN176,,2025-09-02,0.58,0.55,0.37,
3610,Vb-431.FN176-MDE-RMS,431.FN176,,2025-09-02,0.64,0.57,0.52,
3611,Vb-431.FN176-MNDE-RMS,431.FN176,,2025-09-02,0.36,0.36,0.33,
3612,Vb-111.HC100-MDE-RMS,111.HC100,,2025-06-17,1.94,1.54,0.89,
3613,Vb-111.HC100-MNDE-RMS,111.HC100,,2025-06-17,1.72,0.38,0.49,
3614,Vb-111.HC100-RDE-RMS,111.HC100,,2025-06-17,2.15,1.85,1.65,
3615,Vb-111.HC100-RNDE-RMS,111.HC100,,2025-06-17,3.55,3.51,2.73,
3616,Vb-111.HC100-S1DE-RMS,111.HC100,,2025-06-17,1.22,0.73,1.35,
3617,Vb-111.HC100-S1NDE-RMS,111.HC100,,2025-06-17,1.65,0.69,1.37,
3618,Vb-111.HC100-S2DE-RMS,111.HC100,,2025-06-17,1.2,1.06,1.53,
3619,Vb-111.HC100-S2NDE-RMS,111.HC100,,2025-06-17,1.46,1,1.33,
3620,Vb-461.FN400-FDE-RMS,461.FN400,,2025-08-19,1.4,0.92,1.11,
3621,Vb-461.FN400-FNDE-RMS,461.FN400,,2025-08-17,1.05,0.68,0.72,
3622,Vb-461.FN400-MDE-RMS,461.FN400,,2025-08-19,1.02,0.77,0.41,
3623,Vb-461.FN400-MNDE-RMS,461.FN400,,2025-08-17,0.48,0.96,0.73,
3624,Vb-641.BE050-MDE-RMS,641.BE050,,2025-08-24,4.34,5.36,4.79,
3625,Vb-641.BE050-MNDE-RMS,641.BE050,,2025-08-24,6.54,5.77,5.23,
3626,,641.BE050,Shaft 1 inboard  DE,2025-08-24,2.84,4.81,3.79,
3627,,641.BE050,Shaft 2  inboard  DE,2025-08-24,2.84,5.24,2.3,
3628,,641.BE050,Shaft 2  outboard NDE,2025-08-24,3.55,4.65,3.3,
3629,Vb-642.BE050-MDE-RMS,642.BE050,,2025-08-24,3.34,3.57,4.28,
3630,Vb-642.BE050-MNDE-RMS,642.BE050,,2025-08-24,5.53,4.31,6.38,
3631,,642.BE050,Shaft 1 inboard  DE,2025-08-24,2,4.23,3.88,
3632,,642.BE050,Shaft 2  inboard  DE,2025-08-24,2.91,3.92,1.91,
3633,,642.BE050,Shaft 2  outboard NDE,2025-08-24,3.16,4.61,2.85,
3634,Vb-643.BE050-MDE-RMS,643.BE050,,2025-08-24,3.59,3.81,3.95,
3635,Vb-643.BE050-MNDE-RMS,643.BE050,,2025-08-24,4.5,3.7,4.32,
3636,,643.BE050,Shaft 1 inboard  DE,2025-08-24,2.71,3.52,3.65,
3637,,643.BE050,Shaft 2  inboard  DE,2025-08-24,3.14,3.44,2.32,
3638,,643.BE050,Shaft 2  outboard NDE,2025-08-24,3.74,3.43,3.5,
3639,Vb-644.BE050-MDE-RMS,644.BE050,,2025-08-20,4.09,5.04,5.4,
3640,Vb-644.BE050-MNDE-RMS,644.BE050,,2025-08-20,5.49,4.78,5.59,
3641,,644.BE050,Shaft 1 inboard  DE,2025-08-20,2.88,5.85,4.85,
3642,,644.BE050,Shaft 2  inboard  DE,2025-08-20,3.74,5.9,2.27,
3643,,644.BE050,Shaft 2  outboard NDE,2025-08-20,5.06,4.91,3.8,
3644,Vb-645.BE050-MDE-RMS,645.BE050,,2025-08-20,3.84,3.6,3.04,
3645,Vb-645.BE050-MNDE-RMS,645.BE050,,2025-08-20,4.09,4.24,3.43,
3646,,645.BE050,Shaft 1 inboard  DE,2025-08-20,2.86,3.23,3.04,
3647,,645.BE050,Shaft 2  inboard  DE,2025-08-20,2.71,2.81,2.52,
3648,,645.BE050,Shaft 2  outboard NDE,2025-08-20,3.45,3.3,3.36,
3649,Vb-646.BE050-MDE-RMS,646.BE050,,2025-08-20,5.96,4.9,6.19,
3650,Vb-646.BE050-MNDE-RMS,646.BE050,,2025-08-20,5.89,4.65,5.96,
3651,,646.BE050,Shaft 1 inboard  DE,2025-08-20,2.74,3.48,6.79,
3652,,646.BE050,Shaft 2  inboard  DE,2025-08-20,3.65,3.36,3.05,
3653,,646.BE050,Shaft 2  outboard NDE,2025-08-20,6.78,4.58,4.29,
3654,Vb-641.FN.952-FDE-RMS,641.FN952,,2025-09-10,4.64,9.77,11.36,
3655,Vb-641.FN.952-FNDE-RMS,641.FN952,,2025-09-10,9.52,7.91,9.91,
3656,Vb-641.FN.952-MDE-RMS,641.FN952,,2025-09-10,7.26,8.41,,
3657,Vb-641.FN.952-MNDE-RMS,641.FN952,,2025-09-10,4.68,5.17,4.95,
3658,Vb-642.FN.952-FDE-RMS,642.FN952,,2025-09-10,2.01,2.14,1.99,
3659,Vb-642.FN.952-FNDE-RMS,642.FN952,,2025-09-10,1.43,1.29,1.91,
3660,Vb-642.FN.952-MDE-RMS,642.FN952,,2025-07-05,,,1.21,
3661,Vb-642.FN.952-MDE-RMS,642.FN952,,2025-09-10,2.38,1.81,,
3662,Vb-642.FN.952-MNDE-RMS,642.FN952,,2025-09-10,1.04,1.7,1.48,
3663,Vb-643.FN.952-FDE-RMS,643.FN952,,2025-09-10,4.83,8.69,11.43,
3664,Vb-643.FN.952-FNDE-RMS,643.FN952,,2025-09-10,7.75,7.39,11.39,
3665,Vb-643.FN.952-MDE-RMS,643.FN952,,2025-09-10,9.18,5.18,,
3666,Vb-643.FN.952-MNDE-RMS,643.FN952,,2025-09-10,3.97,6.66,7.4,
3667,Vb-644.FN.952-FDE-RMS,644.FN952,,2025-09-15,5.69,6.25,3.09,
3668,Vb-644.FN.952-FNDE-RMS,644.FN952,,2025-09-15,2.63,3.12,3.09,
3669,Vb-644.FN.952-MDE-RMS,644.FN952,,2025-07-30,,,3.44,
3670,Vb-644.FN.952-MDE-RMS,644.FN952,,2025-09-15,5.8,3.81,,
3671,Vb-644.FN.952-MNDE-RMS,644.FN952,,2025-09-15,2.06,4.52,4.78,
3672,Vb-645.FN.952-FDE-RMS,645.FN952,,2025-09-15,3.1,2.96,3.93,
3673,Vb-645.FN.952-FNDE-RMS,645.FN952,,2025-09-15,2.27,3.53,4.69,
3674,Vb-645.FN.952-MDE-RMS,645.FN952,,2025-05-06,,,10.05,
3675,Vb-645.FN.952-MDE-RMS,645.FN952,,2025-09-15,2.76,2.39,,
3676,Vb-645.FN.952-MNDE-RMS,645.FN952,,2025-09-15,2.88,2.76,3.19,
3677,Vb-646.FN.952-FDE-RMS,646.FN952,,2025-09-15,4.42,1.53,2.86,
3678,Vb-646.FN.952-FNDE-RMS,646.FN952,,2025-09-15,4.77,3.3,2.87,
3679,Vb-646.FN.952-MDE-RMS,646.FN952,,2025-09-15,3.33,5.3,,
3680,Vb-646.FN.952-MNDE-RMS,646.FN952,,2025-09-15,3.2,7.26,6.96,
3681,Vb-431.FN560-MDE-RMS,431.FN560,,2025-09-16,1.03,1.56,2.75,
3682,Vb-431.FN560-MNDE-RMS,431.FN560,,2025-09-16,3.72,1.56,2.44,
3683,Vb-451.FN010-FDE-RMS,451.FN010,,2025-09-02,1.65,1.09,3.91,
3684,Vb-451.FN010-FNDE-RMS,451.FN010,,2025-09-02,1.9,1.12,1.89,
3685,Vb-451.FN010-MDE-RMS,451.FN010,,2025-09-02,1.59,1.35,2,
3686,Vb-451.FN010-MNDE-RMS,451.FN010,,2025-09-02,0.68,0.41,1.86,
3687,Vb-321.MD140-GBHSS0,321.MD140,,2025-08-07,,,,1.66
3688,Vb-321.MD140-GBHSS1,321.MD140,,2025-08-07,,,,4.01
3689,Vb-321.MD140-GBHSS6,321.MD140,,2025-08-07,,,,2.48
3690,Vb-321.MD140-MDE-RMS,321.MD140,,2025-08-07,2.11,2.5,1.31,
3691,Vb-321.MD140-MNDE-RMS,321.MD140,,2025-08-07,0.95,2.02,1.29,
3692,Vb-321.MD140-RG2,321.MD140,,2025-08-07,,,,1.29
3693,Vb-321.MD140-RG3,321.MD140,,2025-08-07,,,,1.55
3694,Vb-321.MD140-RG4,321.MD140,,2025-08-07,,,,1.55
3695,Vb-321.MD140-RG5,321.MD140,,2025-08-07,,,,1.59
3696,Vb-321.FN400-FDE-RMS,321.FN400,,2025-08-07,1.48,0.79,1,
3697,Vb-321.FN400-FNDE-RMS,321.FN400,,2025-08-07,1.67,0.62,1.25,
3698,Vb-321.FN400-MDE-RMS,321.FN400,,2025-08-07,0.7,0.59,0.23,
3699,Vb-321.FN400-MNDE-RMS,321.FN400,,2025-08-07,0.54,0.39,0.26,
3700,Vb-321.MD152-MDE-RMS,321.MD152,,2025-08-24,1.02,0.82,0.68,
3701,Vb-321.MD152-MNDE-RMS,321.MD152,,2025-08-24,0.83,0.57,0.74,
3702,Vb-321.MD152-S1DE-RMS,321.MD152,,2025-08-24,0.92,0.8,0.9,
3703,Vb-321.MD152-S1NDE-RMS,321.MD152,,2025-08-24,0.8,0.99,0.84,
3704,Vb-321.MD152-S2DE-RMS,321.MD152,,2025-08-24,0.7,0.63,1.05,
3705,Vb-321.MD152-S2NDE-RMS,321.MD152,,2025-08-24,0.86,0.76,0.99,
3706,Vb-321.FN125-FDE-RMS,321.FN125,,2025-08-07,9.38,4.55,11.89,
3707,Vb-321.FN125-FNDE-RMS,321.FN125,,2025-08-07,9.18,4.22,5.94,
3708,Vb-321.FN125-MDE-RMS,321.FN125,,2025-08-07,9.86,4.58,,
3709,Vb-321.FN125-MNDE-RMS,321.FN125,,2025-08-07,10.85,6.28,8.34,
3710,Vb-531.FN530-FDE-RMS,531.FN530,,2025-08-26,0.85,1.19,0.83,
3711,Vb-531.FN530-FNDE-RMS,531.FN530,,2025-08-26,1.11,0.82,1.09,
3712,Vb-531.FN530-MDE-RMS,531.FN530,,2025-08-26,1.38,1.38,1.02,
3713,Vb-531.FN530-MNDE-RMS,531.FN530,,2025-08-26,1.14,1,0.83,
3714,,532.MD302,Fan DE,2025-08-26,1.49,1.02,1.03,
3715,,532.MD302,Fan NDE,2025-08-26,3.7,2.83,1.33,
3716,Vb-532.MD302-MDE-RMS,532.MD302,,2025-08-26,1.16,1,0.97,
3717,Vb-532.MD302-MNDE-RMS,532.MD302,,2025-08-26,0.8,0.81,0.89,
3718,Vb-532.MD302-MDE-RMS,532.MD302,,2025-08-10,1.64,1.1,1.05,
3719,Vb-532.MD302-MNDE-RMS,532.MD302,,2025-08-10,1.85,1.38,0.76,
3720,Vb-532.MD302-S1DE-RMS,532.MD302,,2025-08-26,1.14,1.09,0.8,
3721,Vb-532.MD302-S1NDE-RMS,532.MD302,,2025-08-26,1.03,0.99,0.53,
3722,Vb-532.MD302-S2DE-RMS,532.MD302,,2025-08-26,1.11,0.8,0.75,
3723,Vb-532.MD302-S2NDE-RMS,532.MD302,,2025-08-26,2.09,1.01,0.52,
3724,Vb-532.MD302-MDE-RMS,532.MD302,,2025-08-22,1.09,1.2,0.68,
3725,Vb-532.MD302-MNDE-RMS,532.MD302,,2025-08-22,1.8,1.02,1.61,
3726,Vb-532.MD302-S1DE-RMS,532.MD302,,2025-08-22,1.04,0.71,0.74,
3727,Vb-532.MD302-S1NDE-RMS,532.MD302,,2025-08-22,0.92,0.65,0.65,
3728,Vb-532.MD302-S2DE-RMS,532.MD302,,2025-08-22,0.58,1.08,0.7,
3729,Vb-532.MD302-S2NDE-RMS,532.MD302,,2025-08-22,1.28,1.29,0.51,
3730,Vb-531.FN380-FDE-RMS,531.FN380,,2025-08-26,2,1.78,2.19,
3731,Vb-531.FN380-FNDE-RMS,531.FN380,,2025-08-26,1.62,1.66,1.96,
3732,Vb-531.FN380-MDE-RMS,531.FN380,,2025-08-26,1.18,0.84,0.58,
3733,Vb-531.FN380-MNDE-RMS,531.FN380,,2025-08-26,0.98,0.94,0.62,
3734,Vb-532.FN380-FDE-RMS,532.FN380,,2025-08-24,0.36,0.41,0.37,
3735,Vb-532.FN380-FNDE-RMS,532.FN380,,2025-08-24,0.75,0.79,0.99,
3736,Vb-532.FN380-MDE-RMS,532.FN380,,2025-08-24,0.41,0.37,0.26,
3737,Vb-532.FN380-MNDE-RMS,532.FN380,,2025-08-24,0.43,0.62,0.34,
3738,Vb-611.BL300-BLDE-RMS,611.BL300,,2025-09-10,5.57,5.68,5.32,
3739,Vb-611.BL300-BLNDE-RMS,611.BL300,,2025-09-10,5.94,6.77,5.08,
3740,Vb-611.BL300-MDE-RMS,611.BL300,,2025-09-10,4.55,4.78,11.86,
3741,Vb-611.BL300-MNDE-RMS,611.BL300,,2025-09-10,5.87,4.5,2.8,
3742,Vb-612.BL300-BLDE-RMS,612.BL300,,2025-09-10,4.71,7.09,5.7,
3743,Vb-612.BL300-BLNDE-RMS,612.BL300,,2025-07-31,,,5.79,
3744,Vb-612.BL300-BLNDE-RMS,612.BL300,,2025-09-10,7.07,9.5,,
3745,Vb-612.BL300-MDE-RMS,612.BL300,,2025-09-10,8.23,5.75,7.3,
3746,Vb-612.BL300-MNDE-RMS,612.BL300,,2025-09-10,4.84,4.56,3.07,
3747,Vb-351.BL110-BLDE-RMS,351.BL110,,2025-09-24,3.51,3.51,4.44,
3748,Vb-351.BL110-BLNDE-RMS,351.BL110,,2025-09-24,6.65,5.17,3.52,
3749,Vb-351.BL110-MDE-RMS,351.BL110,,2025-09-24,1.93,4.03,3.09,
3750,Vb-351.BL110-MNDE-RMS,351.BL110,,2025-09-24,4.79,3.75,3.05,
3751,Vb-341.BL300-BLDE-RMS,341.BL300,,2025-09-09,1.87,1.94,4.42,
3752,Vb-341.BL300-BLNDE-RMS,341.BL300,,2025-09-09,3.64,3.7,6.47,
3753,Vb-341.BL300-MDE-RMS,341.BL300,,2025-09-09,3,9.68,14.8,
3754,Vb-341.BL300-MNDE-RMS,341.BL300,,2025-09-09,7.94,1.58,5.86,
3755,Vb-341.BL305-BLDE-RMS,341.BL305,,2025-09-09,2.53,1.85,2.65,
3756,Vb-341.BL305-BLNDE-RMS,341.BL305,,2025-09-09,3.52,2.95,2.54,
3757,Vb-341.BL305-MDE-RMS,341.BL305,,2025-09-09,2.45,5.18,6.8,
3758,Vb-341.BL305-MNDE-RMS,341.BL305,,2025-09-09,3.81,2.68,3.37,
3759,Vb-341.BL310-BLDE-RMS,341.BL310,,2025-09-09,2.64,3.52,5.98,
3760,Vb-341.BL310-BLNDE-RMS,341.BL310,,2025-09-09,3.21,3.39,5.58,
3761,Vb-341.BL310-MDE-RMS,341.BL310,,2025-09-09,5.08,8.64,17.16,
3762,Vb-341.BL310-MNDE-RMS,341.BL310,,2025-09-09,4.99,4.41,5.44,
3763,Vb-465.BL580-BLDE-RMS,465.BL580,,2025-09-09,8.35,11.99,9.16,
3764,Vb-465.BL580-BLNDE-RMS,465.BL580,,2025-08-10,,9.22,6.78,
3765,Vb-465.BL580-BLNDE-RMS,465.BL580,,2025-09-09,7.1,,,
3766,Vb-465.BL580-MDE-RMS,465.BL580,,2025-09-09,6,4.02,3.12,
3767,Vb-465.BL580-MNDE-RMS,465.BL580,,2025-09-09,2.79,3.39,4.54,
3768,,645.BL585,BL DE,2025-07-08,4.66,10.1,7.47,
3769,,645.BL585,BL NDE,2025-07-08,3.88,4.01,5.25,
3770,,645.BL585,Motor DE,2025-07-08,2.91,1.5,2.27,
3771,,645.BL585,Motor NDE,2025-07-08,1.72,2.39,9.31,
3772,Vb-465.BL630-BLDE-RMS,465.BL630,,2025-08-26,1.99,2.41,4.38,
3773,Vb-465.BL630-BLNDE-RMS,465.BL630,,2025-08-26,2.27,2.75,4.58,
3774,Vb-465.BL630-MDE-RMS,465.BL630,,2025-08-26,1.59,1.69,1.26,
3775,Vb-465.BL630-MNDE-RMS,465.BL630,,2025-08-26,1.84,2.1,2.14,
3776,Vb-465.BL635-BLDE-RMS,465.BL635,,2025-09-02,1.58,2.02,2.06,
3777,Vb-465.BL635-BLNDE-RMS,465.BL635,,2025-09-02,3.91,3.93,1.68,
3778,Vb-465.BL635-MDE-RMS,465.BL635,,2025-09-02,1.82,0.96,1.19,
3779,Vb-465.BL635-MNDE-RMS,465.BL635,,2025-09-02,1.56,4.04,4.41,
3780,Vb-461.FN450-FDE-RMS,461.FN450,,2025-09-25,0.13,0.13,0.34,
3781,Vb-461.FN450-FNDE-RMS,461.FN450,,2025-09-25,0.12,0.5,0.83,
3782,Vb-461.FN450-MDE-RMS,461.FN450,,2025-09-25,0.13,0.55,0.06,
3783,Vb-461.FN450-MNDE-RMS,461.FN450,,2025-09-25,0.13,0.05,0.08,
3784,Vb-341.BE040-MDE-RMS,341.BE040,,2025-08-11,2.87,2.01,2.24,
3785,Vb-341.BE040-MNDE-RMS,341.BE040,,2025-08-11,2.68,1.72,1.61,
3786,Vb-341.BE040-S1NDE-RMS,341.BE040,,2025-08-11,1.77,1.47,1.33,
3787,Vb-341.BE040-S2NDE-RMS,341.BE040,,2025-08-11,1.14,1.26,1.15,
3788,Vb-341.BE040-S3DE-RMS,341.BE040,,2025-08-11,0.94,1.43,1.85,
3789,Vb-341.BE040-S3NDE-RMS,341.BE040,,2025-08-11,1.01,1.4,1.65,
3790,Vb-351.BE340-MDE-RMS,351.BE340,,2025-08-11,1.4,1.71,1.27,
3791,Vb-351.BE340-MNDE-RMS,351.BE340,,2025-08-11,2.54,2.77,1.29,
3792,Vb-351.BE340-S1NDE-RMS,351.BE340,,2025-08-11,1.18,1.64,1.36,
3793,Vb-351.BE340-S2NDE-RMS,351.BE340,,2025-08-11,1.29,2.2,1.41,
3794,Vb-351.BE340-S3DE-RMS,351.BE340,,2025-08-11,0.88,2.66,0.73,
3795,Vb-351.BE340-S3NDE-RMS,351.BE340,,2025-08-11,0.95,3.44,0.91,
3796,Vb-342.BE041-MDE-RMS,342.BE041,,2025-08-11,1.87,1.76,1.41,
3797,Vb-342.BE041-MNDE-RMS,342.BE041,,2025-08-11,0.96,1.49,1.12,
3798,Vb-342.BE041-S1NDE-RMS,342.BE041,,2025-08-11,1.15,1.75,1.3,
3799,Vb-342.BE041-S2NDE-RMS,342.BE041,,2025-08-11,1,1.19,1.17,
3800,Vb-342.BE041-S3DE-RMS,342.BE041,,2025-08-11,1.32,1.47,1.26,
3801,Vb-342.BE041-S3NDE-RMS,342.BE041,,2025-08-11,0.88,1.49,0.85,
3802,Vb-351.BE341-MDE-RMS,351.BE341,,2025-08-11,2.11,2.1,1.97,
3803,Vb-351.BE341-MNDE-RMS,351.BE341,,2025-08-11,1.32,2.52,1.49,
3804,Vb-351.BE341-S1NDE-RMS,351.BE341,,2025-08-11,0.86,1.91,1.22,
3805,Vb-351.BE341-S2NDE-RMS,351.BE341,,2025-08-11,0.96,1.99,0.76,
3806,Vb-351.BE341-S3DE-RMS,351.BE341,,2025-08-11,0.89,1.54,0.89,
3807,Vb-351.BE341-S3NDE-RMS,351.BE341,,2025-08-11,0.81,2.16,1.41,
3808,Vb-451.FN240-FDE-RMS,451.FN240,,2025-09-14,1.35,1.62,1.19,
3809,Vb-451.FN240-FNDE-RMS,451.FN240,,2025-09-14,3.79,1.39,0.7,
3810,Vb-451.FN240-MDE-RMS,451.FN240,,2025-09-14,2.84,2.21,1.36,
3811,Vb-451.FN240-MNDE-RMS,451.FN240,,2025-09-14,1.15,0.85,1.58,
3812,Vb-451.WI210-MDE-RMS,451.WI210,,2025-10-07,2.13,2.02,2.5,
3813,Vb-451.WI210-PDE-RMS,451.WI210,,2025-10-07,1.28,2.48,0.81,
3814,Vb-451.WI210-PNDE-RMS,451.WI210,,2025-10-07,0.55,0.81,0.68,
3815,Vb-451.WI111-MDE-RMS,451.WI111,,2025-09-30,3.21,3.25,0.64,
3816,Vb-451.WI111-MNDE-RMS,451.WI111,,2025-09-30,1.5,1.85,0.67,
3817,Vb-451.WI111-PDE-RMS,451.WI111,,2025-09-30,,2.95,2.49,
3818,Vb-451.WI111-PDE-RMS,451.WI111,,2025-10-08,1.37,,,
3819,Vb-451.WI111-PNDE-RMS,451.WI111,,2025-10-08,1.29,0.99,1.44,
3820,Vb-531.BE220-MDE-RMS,531.BE220,,2025-08-26,7.08,6.59,7.93,
3821,Vb-531.BE220-MNDE-RMS,531.BE220,,2025-08-26,8.02,9.56,6.21,
3822,Vb-531.BE220-S1DE-RMS,531.BE220,,2025-08-26,4.33,6.67,5,
3823,Vb-531.BE220-S2DE-RMS,531.BE220,,2025-08-26,5.09,5.2,2.52,
3824,Vb-531.BE220-S2NDE-RMS,531.BE220,,2025-08-26,7.38,4.99,4.84,
3825,Vb-532.BE220-MDE-RMS,532.BE220,,2025-08-26,5.81,5.65,6.2,
3826,Vb-532.BE220-MNDE-RMS,532.BE220,,2025-08-26,8.26,11.74,5.89,
3827,,532.BE220,Shaft 1 inboard  DE,2025-08-26,2.98,5.22,6.05,
3828,,532.BE220,Shaft 2  inboard  DE,2025-08-26,2.58,4.32,5.57,
3829,,532.BE220,Shaft 2  outboard NDE,2025-08-26,4.82,4.45,4.88,
3830,Vb-531.MD140-MDE-RMS,531.MD140,,2025-10-15,1.59,1.47,0.83,
3831,Vb-531.MD140-MNDE-RMS,531.MD140,,2025-10-15,0.85,0.74,0.85,
3832,Vb-531.MD140-S1DE-RMS,531.MD140,,2025-10-15,7.46,6.62,4.67,
3833,Vb-531.MD140-S1NDE-RMS,531.MD140,,2025-10-15,7.38,4.68,7.41,
3834,Vb-531.MD140-S2DE-RMS,531.MD140,,2025-10-15,3.79,4.5,3.43,
3835,Vb-531.MD140-S2NDE-RMS,531.MD140,,2025-10-15,2.62,3.04,4.46,
3836,Vb-531.MD140-S3DE-RMS,531.MD140,,2025-10-15,3.59,5.05,3.91,
3837,Vb-531.MD140-S3NDE-RMS,531.MD140,,2025-10-15,2.77,2.81,4.2,
3838,Vb-531.MD140-S4DE-RMS,531.MD140,,2025-10-15,4.15,4.65,4.18,
3839,Vb-531.MD140-S4NDE-RMS,531.MD140,,2025-10-15,3.13,3.39,2.34,
3840,Vb-531.MD140-TGB-RMS,531.MD140,,2025-10-15,,5.87,,
3841,Vb-532.MD140-MDE-RMS,532.MD140,,2025-09-28,0.9,0.7,0.93,
3842,Vb-532.MD140-MNDE-RMS,532.MD140,,2025-09-28,0.88,0.7,0.74,
3843,Vb-532.MD140-S1DE-RMS,532.MD140,,2025-09-28,3.67,6.67,4.03,
3844,Vb-532.MD140-S1NDE-RMS,532.MD140,,2025-09-28,3.38,2.22,5.58,
3845,Vb-532.MD140-S2DE-RMS,532.MD140,,2025-09-28,2.82,2.11,3.32,
3846,Vb-532.MD140-S2NDE-RMS,532.MD140,,2025-09-28,1.93,2.35,3.07,
3847,Vb-532.MD140-S3DE-RMS,532.MD140,,2025-09-28,2.89,3.11,3.07,
3848,Vb-532.MD140-S3NDE-RMS,532.MD140,,2025-09-28,2.37,2.35,3.33,
3849,Vb-532.MD140-S4DE-RMS,532.MD140,,2025-09-28,3.05,3.05,3.72,
3850,Vb-532.MD140-S4NDE-RMS,532.MD140,,2025-09-28,2.3,3.13,2.67,
3851,Vb-341.FN315-FDE-RMS,341.FN315,,2025-09-16,7.37,2.39,5.24,
3852,Vb-341.FN315-FNDE-RMS,341.FN315,,2025-09-16,7.45,2.52,5.4,
3853,Vb-341.FN315-MDE-RMS,341.FN315,,2025-09-16,3.45,3.53,,
3854,Vb-341.FN315-MNDE-RMS,341.FN315,,2025-09-16,4.26,1.59,5.58,
3855,Vb-341.FN316-FDE-RMS,341.FN316,,2025-09-16,1.98,0.85,1.19,
3856,Vb-341.FN316-FNDE-RMS,341.FN316,,2025-09-16,1.84,2.23,1.02,
3857,Vb-341.FN316-MDE-RMS,341.FN316,,2025-09-16,1.25,1.27,,
3858,Vb-341.FN316-MNDE-RMS,341.FN316,,2025-09-16,1.97,1.67,1.99,
3859,Vb-441.CR400-CRDE-RMS,441.CR400,,2025-09-14,1.48,1.21,1.01,
3860,Vb-441.CR400-CRNDE-RMS,441.CR400,,2025-09-14,1.31,1.02,0.62,
3861,Vb-441.CR400-MDE-RMS,441.CR400,,2025-09-14,1.76,1.22,0.72,
3862,Vb-441.CR400-MNDE-RMS,441.CR400,,2025-09-14,0.73,0.66,0.77,
3863,Vb-461.MD140-MDE-RMS,461.MD140,,2025-09-25,0.57,0.51,0.46,
3864,Vb-461.MD140-MNDE-RMS,461.MD140,,2025-09-25,0.37,0.73,0.68,
3865,Vb-461.MD140-PHSS-RMS,461.MD140,,2025-09-25,0.73,1.39,1.08,
3866,Vb-461.MD140-RGT-RMS,461.MD140,,2025-09-25,1.14,0.79,2.03,
3867,Vb-461.FN125-FDE-RMS,461.FN125,,2025-09-25,3.49,3.94,4.2,
3868,Vb-461.FN125-FNDE-RMS,461.FN125,,2025-09-25,4.29,3.82,5.89,
3869,Vb-461.FN125-MDE-RMS,461.FN125,,2025-09-25,6.91,4.7,,
3870,Vb-461.FN125-MNDE-RMS,461.FN125,,2025-09-25,4.97,6.59,11.16,
3871,Vb-461.MD152-MDE-RMS,461.MD152,,2025-08-25,0.57,0.78,0.3,
3872,Vb-461.MD152-MNDE-RMS,461.MD152,,2025-08-25,0.65,0.8,0.43,
3873,Vb-461.MD152-S1DE-RMS,461.MD152,,2025-08-25,0.75,0.26,0.29,
3874,Vb-461.MD152-S1NDE-RMS,461.MD152,,2025-08-25,0.7,0.33,0.25,
3875,Vb-461.MD152-S2DE-RMS,461.MD152,,2025-08-25,0.63,0.29,0.31,
3876,Vb-461.MD152-S2NDE-RMS,461.MD152,,2025-08-25,0.64,0.28,0.29,
3877,Vb-331.WI210-MDE-RMS,331.WI210,,2025-10-10,4.52,1.73,0.81,
3878,Vb-331.WI210-MNDE-RMS,331.WI210,,2025-10-10,1.44,3.99,0.88,
3879,Vb-331.WI210-PDE-RMS,331.WI210,,2025-10-10,5.71,2.13,2.08,
3880,Vb-331.WI210-PNDE-RMS,331.WI210,,2025-10-10,4.03,1.44,1.38,
3881,Vb-331.WI211-MDE-RMS,331.WI211,,2025-10-07,19.06,13.51,7.29,
3882,Vb-331.WI211-MNDE-RMS,331.WI211,,2025-10-07,6.12,10.84,3.01,
3883,Vb-331.WI211-PDE-RMS,331.WI211,,2025-10-07,8.64,12.09,7.51,
3884,Vb-331.WI211-PNDE-RMS,331.WI211,,2025-10-07,7.61,6.11,9.15,
3885,Vb-441.FN300-FDE-RMS,441.FN300,,2025-10-12,2.48,1.78,2.38,
3886,Vb-441.FN300-FNDE-RMS,441.FN300,,2025-10-12,2.35,2.87,1.96,
3887,Vb-441.FN300-MDE-RMS,441.FN300,,2025-10-12,1.04,1.93,2.64,
3888,Vb-441.FN300-MNDE-RMS,441.FN300,,2025-10-12,1.15,2.27,1.94,
3889,Vb-441.FN305-FDE-RMS,441.FN305,,2025-10-12,1.16,1.36,0.71,
3890,Vb-441.FN305-FNDE-RMS,441.FN305,,2025-10-12,1.24,1.34,0.88,
3891,Vb-441.FN305-MDE-RMS,441.FN305,,2025-10-12,1.42,1.82,2.36,
3892,Vb-441.FN305-MNDE-RMS,441.FN305,,2025-10-12,1.15,1.33,0.77,
3893,Vb-441.FN310-FDE-RMS,441.FN310,,2025-10-12,0.82,0.66,0.6,
3894,Vb-441.FN310-FNDE-RMS,441.FN310,,2025-10-12,2.27,0.99,1.02,
3895,Vb-441.FN310-MDE-RMS,441.FN310,,2025-10-12,1.29,1.2,0.87,
3896,Vb-441.FN310-MNDE-RMS,441.FN310,,2025-10-12,0.67,0.79,0.51,
3897,Vb-441.FN315-FDE-RMS,441.FN315,,2025-10-12,1.71,1.6,2.5,
3898,Vb-441.FN315-FNDE-RMS,441.FN315,,2025-10-12,2.71,1.56,2.32,
3899,Vb-441.FN315-MDE-RMS,441.FN315,,2025-10-12,3.7,4.13,2.48,
3900,Vb-441.FN315-MNDE-RMS,441.FN315,,2025-10-12,2.25,2.23,2.04,
3901,Vb-441.FN325-FDE-RMS,441.FN325,,2025-10-12,0.87,0.83,0.57,
3902,Vb-441.FN325-FNDE-RMS,441.FN325,,2025-10-12,1.3,1.3,0.74,
3903,Vb-441.FN325-MDE-RMS,441.FN325,,2025-10-12,1.7,1.41,1.82,
3904,Vb-441.FN325-MNDE-RMS,441.FN325,,2025-10-12,0.76,0.88,0.58,
3905,Vb-441.FN335-FDE-RMS,441.FN335,,2025-10-12,0.47,0.38,0.37,
3906,Vb-441.FN335-FNDE-RMS,441.FN335,,2025-10-12,0.85,0.58,0.41,
3907,Vb-441.FN335-MDE-RMS,441.FN335,,2025-10-12,0.39,0.6,0.32,
3908,Vb-441.FN335-MNDE-RMS,441.FN335,,2025-10-12,0.32,0.41,0.32,
3909,Vb-441.FN340-FDE-RMS,441.FN340,,2025-09-14,0.51,0.47,0.41,
3910,Vb-441.FN340-FNDE-RMS,441.FN340,,2025-09-14,0.55,0.57,0.46,
3911,Vb-441.FN340-MDE-RMS,441.FN340,,2025-09-14,0.89,0.96,0.56,
3912,Vb-441.FN340-MNDE-RMS,441.FN340,,2025-09-14,0.51,0.43,1.25,
3913,Vb-441.FN345-FDE-RMS,441.FN345,,2025-09-01,1.85,1.36,0.99,
3914,Vb-441.FN345-FNDE-RMS,441.FN345,,2025-09-01,3.38,2.58,1.68,
3915,Vb-441.FN345-MDE-RMS,441.FN345,,2025-09-01,3.45,3.36,0.91,
3916,Vb-441.FN345-MNDE-RMS,441.FN345,,2025-09-01,2.3,1.39,0.79,
3917,Vb-441.FN350-FDE-RMS,441.FN350,,2025-09-14,0.76,0.6,0.54,
3918,Vb-441.FN350-FNDE-RMS,441.FN350,,2025-09-14,0.61,0.61,0.67,
3919,Vb-441.FN350-MDE-RMS,441.FN350,,2025-09-14,0.71,1.23,1.32,
3920,Vb-441.FN350-MNDE-RMS,441.FN350,,2025-09-14,0.35,0.83,0.46,
3921,Vb-741.CP110-CDE-RMS,741.CP110,,2025-08-07,3.62,3.92,2.51,
3922,Vb-741.CP110-CNDE-RMS,741.CP110,,2025-08-07,3.52,3.69,3.28,
3923,Vb-741.CP110-MDE-RMS,741.CP110,,2025-08-07,2.36,2.81,2.8,
3924,Vb-741.CP110-MNDE-RMS,741.CP110,,2025-08-07,2.8,1.4,2.43,
3925,Vb-742.CP110-CDE-RMS,742.CP110,,2025-08-24,1.6,1.81,1.62,
3926,Vb-742.CP110-CNDE-RMS,742.CP110,,2025-08-24,1.64,2.37,3.12,
3927,Vb-742.CP110-MDE-RMS,742.CP110,,2025-08-24,1.22,1.68,1.81,
3928,Vb-742.CP110-MNDE-RMS,742.CP110,,2025-08-24,1.26,1.27,1.83,
3929,Vb-741.CP111-CDE-RMS,741.CP111,,2025-09-24,4.23,6.42,3.3,
3930,Vb-741.CP111-CNDE-RMS,741.CP111,,2025-09-24,3.48,4.14,4.07,
3931,Vb-741.CP111-MDE-RMS,741.CP111,,2025-09-24,3.45,2.54,2.73,
3932,Vb-741.CP111-MNDE-RMS,741.CP111,,2025-09-24,3.83,3.29,2.6,
3933,Vb-742.CP111-CDE-RMS,742.CP111,,2025-07-31,1.41,2.56,4.26,
3934,Vb-742.CP111-CNDE-RMS,742.CP111,,2025-07-31,3.65,4.86,4.66,
3935,Vb-742.CP111-MDE-RMS,742.CP111,,2025-07-31,0.75,1.85,1.67,
3936,Vb-742.CP111-MNDE-RMS,742.CP111,,2025-07-31,0.79,0.73,1.18,
3937,Vb-741.CP112-CDE-RMS,741.CP112,,2025-09-03,3.68,4.2,4.64,
3938,Vb-741.CP112-CNDE-RMS,741.CP112,,2025-09-03,3.7,1.94,5.65,
3939,Vb-741.CP112-MDE-RMS,741.CP112,,2025-09-03,3.88,3.34,4.02,
3940,Vb-741.CP112-MNDE-RMS,741.CP112,,2025-09-03,6.38,1.87,3.94,
3941,Vb-742.CP112-CDE-RMS,742.CP112,,2025-09-28,2.44,5.95,2.17,
3942,Vb-742.CP112-CNDE-RMS,742.CP112,,2025-09-28,2.8,7.03,4.42,
3943,Vb-742.CP112-MDE-RMS,742.CP112,,2025-09-28,1.59,5.82,2.07,
3944,Vb-742.CP112-MNDE-RMS,742.CP112,,2025-09-28,1.23,1.07,2.56,
3945,Vb-741.CP113-CDE-RMS,741.CP113,,2025-09-24,6.71,6.73,2.84,
3946,Vb-741.CP113-CNDE-RMS,741.CP113,,2025-09-24,6.86,6.05,8.31,
3947,Vb-741.CP113-MDE-RMS,741.CP113,,2025-09-24,5.86,8.98,7.52,
3948,Vb-741.CP113-MNDE-RMS,741.CP113,,2025-09-24,4.61,2.44,4.04,
3949,Vb-742.CP113-CDE-RMS,742.CP113,,2025-09-28,2.33,1.82,1.04,
3950,Vb-742.CP113-CNDE-RMS,742.CP113,,2025-09-28,1,0.81,2.23,
3951,Vb-742.CP113-MDE-RMS,742.CP113,,2025-09-28,2.29,1.59,1.04,
3952,Vb-742.CP113-MNDE-RMS,742.CP113,,2025-09-28,2.15,2.21,1.81,
3953,Vb-331.CP280-CDE-RMS,331.CP280,,2025-09-24,25.55,12.24,7.36,
3954,Vb-331.CP280-CNDE-RMS,331.CP280,,2025-09-24,4.12,18.04,14.35,
3955,Vb-331.CP280-MDE-RMS,331.CP280,,2025-09-24,4.15,3.51,10.29,
3956,Vb-331.CP280-MNDE-RMS,331.CP280,,2025-09-24,5.74,1.75,4.45,
3957,Vb-331.CP281-CDE-RMS,331.CP281,,2025-07-08,20.45,20,14.79,
3958,Vb-331.CP281-CNDE-RMS,331.CP281,,2025-07-08,13.24,16.34,18.43,
3959,Vb-331.CP281-MDE-RMS,331.CP281,,2025-07-08,11.84,7.46,5.78,
3960,Vb-331.CP281-MNDE-RMS,331.CP281,,2025-07-08,24.93,11.48,11.52,
3961,Vb-331.CP282-CDE-RMS,331.CP282,,2025-09-24,6.56,5.64,3.97,
3962,Vb-331.CP282-CNDE-RMS,331.CP282,,2025-09-24,8.87,8.49,9.17,
3963,Vb-331.CP282-MDE-RMS,331.CP282,,2025-09-24,8.34,5.32,7.37,
3964,Vb-331.CP282-MNDE-RMS,331.CP282,,2025-09-24,13.02,3.14,6.27,
3965,Vb-461.CP524-CDE-RMS,461.CP524,,2025-09-25,1.24,1.72,1.64,
3966,Vb-461.CP524-CNDE-RMS,461.CP524,,2025-09-25,3.3,3.05,1.31,
3967,Vb-461.CP524-MDE-RMS,461.CP524,,2025-09-25,1.42,1.2,1.84,
3968,Vb-461.CP524-MNDE-RMS,461.CP524,,2025-09-25,1.44,3.19,0.83,
3969,Vb-461.CP526-CDE-RMS,461.CP526,,2025-09-25,1.5,0.98,1.32,
3970,Vb-461.CP526-CNDE-RMS,461.CP526,,2025-09-25,3.66,1.87,1.29,
3971,Vb-461.CP526-MDE-RMS,461.CP526,,2025-09-25,1.26,1.34,1.72,
3972,Vb-461.CP526-MNDE-RMS,461.CP526,,2025-09-25,1.61,3.55,1.76,
3973,Vb-111.CP400-CDE-RMS,111.CP400,,2025-06-17,3.57,3.29,2.42,
3974,Vb-111.CP400-CNDE-RMS,111.CP400,,2025-06-17,4.9,3.68,2.92,
3975,Vb-111.CP400-MDE-RMS,111.CP400,,2025-06-17,3.86,3.93,2.03,
3976,Vb-111.CP400-MNDE-RMS,111.CP400,,2025-06-17,1.79,3.15,2.31,
3977,Vb-331.FN400-FDE-RMS,331.FN400,,2025-09-14,0.84,0.28,0.63,
3978,Vb-331.FN400-FNDE-RMS,331.FN400,,2025-09-14,1.25,0.36,,
3979,Vb-331.FN400-MDE-RMS,331.FN400,,2025-09-14,0.59,1.46,0.31,
3980,Vb-331.FN400-MNDE-RMS,331.FN400,,2025-09-14,0.45,0.33,0.34,
3981,Vb-441.FN.590-FDE-RMS,441.FN590,,2025-09-14,0.23,0.29,0.54,
3982,Vb-441.FN.590-FNDE-RMS,441.FN590,,2025-09-14,1.34,0.28,2.38,
3983,Vb-441.FN.590-MDE-RMS,441.FN590,,2025-09-14,0.4,0.39,0.36,
3984,Vb-441.FN.590-MNDE-RMS,441.FN590,,2025-09-14,0.21,0.1,0.13,
3985,Vb-441.FN.590-S1DE-RMS,441.FN590,,2025-09-14,0.19,0.21,0.16,
3986,Vb-441.FN.590-S1NDE-RMS,441.FN590,,2025-09-14,0.21,0.27,0.16,
3987,Vb-441.FN.590-S2DE-RMS,441.FN590,,2025-09-14,0.36,0.3,0.84,
3988,Vb-441.FN.590-S2NDE-RMS,441.FN590,,2025-09-14,0.36,0.45,0.42,
3989,Vb-461.PP515-MDE-RMS,461.PP515,,2025-09-25,0.31,0.35,0.09,
3990,Vb-461.PP515-MNDE-RMS,461.PP515,,2025-09-25,0.14,0.11,0.08,
3991,Vb-461.PP515-PDE-RMS,461.PP515,,2025-09-25,1.22,0.7,0.43,
3992,Vb-461.PP515-PNDE-RMS,461.PP515,,2025-09-25,0.8,0.72,0.74,
3993,Vb-461.PP513-MDE-RMS,461.PP513,,2025-07-13,0.56,0.45,0.15,
3994,Vb-461.PP513-MNDE-RMS,461.PP513,,2025-07-13,0.49,0.17,0.19,
3995,Vb-461.PP513-PDE-RMS,461.PP513,,2025-07-13,2.04,1.12,0.79,
3996,Vb-461.PP513-PNDE-RMS,461.PP513,,2025-07-13,1.47,0.79,0.75,
3997,Vb-331.FN110-FDE-RMS,331.FN110,,2025-10-05,,,3.64,
3998,Vb-331.FN110-FDE-RMS,331.FN110,,2025-10-09,0.85,0.38,,
3999,Vb-331.FN110-FNDE-RMS,331.FN110,,2025-10-09,1.09,0.62,1.41,
4000,Vb-331.FN110-MDE-RMS,331.FN110,,2025-10-05,2.62,2.13,0.42,
4001,Vb-331.FN110-MNDE-RMS,331.FN110,,2025-10-05,1.43,1.44,0.64,
4002,Vb-431.MD140-MDE-RMS,431.MD140,,2025-09-16,0.25,0.19,0.23,
4003,Vb-431.MD140-MNDE-RMS,431.MD140,,2025-09-16,0.26,0.16,0.23,
4004,Vb-431.MD140-S1DE-RMS,431.MD140,,2025-09-16,0.41,0.22,0.37,
4005,Vb-431.MD140-S1NDE-RMS,431.MD140,,2025-09-16,0.31,0.17,0.48,
4006,Vb-431.MD140-S2DE-RMS,431.MD140,,2025-08-12,,,0.44,
4007,Vb-431.MD140-S2DE-RMS,431.MD140,,2025-09-16,0.32,0.21,,
4008,Vb-431.MD140-S2NDE-RMS,431.MD140,,2025-09-16,0.33,0.44,0.4,
4009,Vb-431.MD140-S3DE-RMS,431.MD140,,2025-09-16,0.31,0.18,0.45,
4010,Vb-431.MD140-S3NDE-RMS,431.MD140,,2025-09-16,0.38,0.26,0.47,
4011,Vb-431.MD140-S4DE-RMS,431.MD140,,2025-09-16,0.34,0.34,0.72,
4012,Vb-431.MD140-S4NDE-RMS,431.MD140,,2025-09-16,0.32,0.38,0.38,
4013,Vb-431.MD160-MDE-RMS,431.MD160,,2025-09-16,0.31,0.2,0.29,
4014,Vb-431.MD160-MNDE-RMS,431.MD160,,2025-09-16,0.34,0.6,0.32,
4015,Vb-431.MD160-S1DE-RMS,431.MD160,,2025-09-16,0.38,0.37,0.77,
4016,Vb-431.MD160-S1NDE-RMS,431.MD160,,2025-09-16,0.34,0.3,0.61,
4017,Vb-431.MD160-S2DE-RMS,431.MD160,,2025-09-16,0.35,0.99,0.93,
4018,Vb-431.MD160-S2NDE-RMS,431.MD160,,2025-09-16,0.35,0.24,0.4,
4019,Vb-431.MD160-S3DE-RMS,431.MD160,,2025-09-16,0.36,0.56,0.57,
4020,Vb-431.MD160-S3NDE-RMS,431.MD160,,2025-09-16,0.38,0.3,0.41,
4021,Vb-431.MD160-S4DE-RMS,431.MD160,,2025-09-16,0.33,0.52,0.37,
4022,Vb-431.MD160-S4NDE-RMS,431.MD160,,2025-09-16,0.38,0.51,0.46,
4023,Vb-431.FN171-FDE-RMS,431.FN171,,2025-09-16,1.08,0.51,0.72,
4024,Vb-431.FN171-FNDE-RMS,431.FN171,,2025-09-16,1.29,1,0.76,
4025,Vb-431.FN171-MDE-RMS,431.FN171,,2025-09-16,1.18,1.01,1.03,
4026,Vb-431.FN171-MNDE-RMS,431.FN171,,2025-09-16,0.79,0.62,0.75,
4027,Vb-431.FN176-FDE-RMS,431.FN176,,2025-10-12,0.37,0.25,0.34,
4028,Vb-431.FN176-FNDE-RMS,431.FN176,,2025-10-12,0.65,0.57,0.43,
4029,Vb-431.FN176-MDE-RMS,431.FN176,,2025-10-12,0.56,0.54,0.72,
4030,Vb-431.FN176-MNDE-RMS,431.FN176,,2025-10-12,0.33,0.34,0.33,
4031,Vb-111.HC100-MDE-RMS,111.HC100,,2025-06-17,1.94,1.54,0.89,
4032,Vb-111.HC100-MNDE-RMS,111.HC100,,2025-06-17,1.72,0.38,0.49,
4033,Vb-111.HC100-RDE-RMS,111.HC100,,2025-06-17,2.15,1.85,1.65,
4034,Vb-111.HC100-RNDE-RMS,111.HC100,,2025-06-17,3.55,3.51,2.73,
4035,Vb-111.HC100-S1DE-RMS,111.HC100,,2025-06-17,1.22,0.73,1.35,
4036,Vb-111.HC100-S1NDE-RMS,111.HC100,,2025-06-17,1.65,0.69,1.37,
4037,Vb-111.HC100-S2DE-RMS,111.HC100,,2025-06-17,1.2,1.06,1.53,
4038,Vb-111.HC100-S2NDE-RMS,111.HC100,,2025-06-17,1.46,1,1.33,
4039,Vb-461.FN400-FDE-RMS,461.FN400,,2025-09-25,1.39,0.89,1.04,
4040,Vb-461.FN400-FNDE-RMS,461.FN400,,2025-09-25,1.13,0.71,1.14,
4041,Vb-461.FN400-MDE-RMS,461.FN400,,2025-09-25,0.95,0.78,0.61,
4042,Vb-461.FN400-MNDE-RMS,461.FN400,,2025-09-25,0.62,0.45,0.55,
4043,Vb-641.BE050-MDE-RMS,641.BE050,,2025-08-24,4.34,5.36,4.79,
4044,Vb-641.BE050-MNDE-RMS,641.BE050,,2025-08-24,6.54,5.77,5.23,
4045,,641.BE050,Shaft 1 inboard  DE,2025-08-24,2.84,4.81,3.79,
4046,,641.BE050,Shaft 2  inboard  DE,2025-08-24,2.84,5.24,2.3,
4047,,641.BE050,Shaft 2  outboard NDE,2025-08-24,3.55,4.65,3.3,
4048,Vb-642.BE050-MDE-RMS,642.BE050,,2025-08-24,3.34,3.57,4.28,
4049,Vb-642.BE050-MNDE-RMS,642.BE050,,2025-08-24,5.53,4.31,6.38,
4050,,642.BE050,Shaft 1 inboard  DE,2025-08-24,2,4.23,3.88,
4051,,642.BE050,Shaft 2  inboard  DE,2025-08-24,2.91,3.92,1.91,
4052,,642.BE050,Shaft 2  outboard NDE,2025-08-24,3.16,4.61,2.85,
4053,Vb-643.BE050-MDE-RMS,643.BE050,,2025-08-24,3.59,3.81,3.95,
4054,Vb-643.BE050-MNDE-RMS,643.BE050,,2025-08-24,4.5,3.7,4.32,
4055,,643.BE050,Shaft 1 inboard  DE,2025-08-24,2.71,3.52,3.65,
4056,,643.BE050,Shaft 2  inboard  DE,2025-08-24,3.14,3.44,2.32,
4057,,643.BE050,Shaft 2  outboard NDE,2025-08-24,3.74,3.43,3.5,
4058,Vb-644.BE050-MDE-RMS,644.BE050,,2025-08-20,4.09,5.04,5.4,
4059,Vb-644.BE050-MNDE-RMS,644.BE050,,2025-08-20,5.49,4.78,5.59,
4060,,644.BE050,Shaft 1 inboard  DE,2025-08-20,2.88,5.85,4.85,
4061,,644.BE050,Shaft 2  inboard  DE,2025-08-20,3.74,5.9,2.27,
4062,,644.BE050,Shaft 2  outboard NDE,2025-08-20,5.06,4.91,3.8,
4063,Vb-645.BE050-MDE-RMS,645.BE050,,2025-08-20,3.84,3.6,3.04,
4064,Vb-645.BE050-MNDE-RMS,645.BE050,,2025-08-20,4.09,4.24,3.43,
4065,,645.BE050,Shaft 1 inboard  DE,2025-08-20,2.86,3.23,3.04,
4066,,645.BE050,Shaft 2  inboard  DE,2025-08-20,2.71,2.81,2.52,
4067,,645.BE050,Shaft 2  outboard NDE,2025-08-20,3.45,3.3,3.36,
4068,Vb-646.BE050-MDE-RMS,646.BE050,,2025-08-20,5.96,4.9,6.19,
4069,Vb-646.BE050-MNDE-RMS,646.BE050,,2025-08-20,5.89,4.65,5.96,
4070,,646.BE050,Shaft 1 inboard  DE,2025-08-20,2.74,3.48,6.79,
4071,,646.BE050,Shaft 2  inboard  DE,2025-08-20,3.65,3.36,3.05,
4072,,646.BE050,Shaft 2  outboard NDE,2025-08-20,6.78,4.58,4.29,
4073,Vb-641.FN.952-FDE-RMS,641.FN952,,2025-09-10,4.64,9.77,11.36,
4074,Vb-641.FN.952-FNDE-RMS,641.FN952,,2025-09-10,9.52,7.91,9.91,
4075,Vb-641.FN.952-MDE-RMS,641.FN952,,2025-09-10,7.26,8.41,,
4076,Vb-641.FN.952-MNDE-RMS,641.FN952,,2025-09-10,4.68,5.17,4.95,
4077,Vb-642.FN.952-FDE-RMS,642.FN952,,2025-09-10,2.01,2.14,1.99,
4078,Vb-642.FN.952-FNDE-RMS,642.FN952,,2025-09-10,1.43,1.29,1.91,
4079,Vb-642.FN.952-MDE-RMS,642.FN952,,2025-09-10,2.38,1.81,,
4080,Vb-642.FN.952-MNDE-RMS,642.FN952,,2025-09-10,1.04,1.7,1.48,
4081,Vb-643.FN.952-FDE-RMS,643.FN952,,2025-09-10,4.83,8.69,11.43,
4082,Vb-643.FN.952-FNDE-RMS,643.FN952,,2025-09-10,7.75,7.39,11.39,
4083,Vb-643.FN.952-MDE-RMS,643.FN952,,2025-09-10,9.18,5.18,,
4084,Vb-643.FN.952-MNDE-RMS,643.FN952,,2025-09-10,3.97,6.66,7.4,
4085,Vb-644.FN.952-FDE-RMS,644.FN952,,2025-09-15,5.69,6.25,3.09,
4086,Vb-644.FN.952-FNDE-RMS,644.FN952,,2025-09-15,2.63,3.12,3.09,
4087,Vb-644.FN.952-MDE-RMS,644.FN952,,2025-07-30,,,3.44,
4088,Vb-644.FN.952-MDE-RMS,644.FN952,,2025-09-15,5.8,3.81,,
4089,Vb-644.FN.952-MNDE-RMS,644.FN952,,2025-09-15,2.06,4.52,4.78,
4090,Vb-645.FN.952-FDE-RMS,645.FN952,,2025-09-15,3.1,2.96,3.93,
4091,Vb-645.FN.952-FNDE-RMS,645.FN952,,2025-09-15,2.27,3.53,4.69,
4092,Vb-645.FN.952-MDE-RMS,645.FN952,,2025-09-15,2.76,2.39,,
4093,Vb-645.FN.952-MNDE-RMS,645.FN952,,2025-09-15,2.88,2.76,3.19,
4094,Vb-646.FN.952-FDE-RMS,646.FN952,,2025-09-15,4.42,1.53,2.86,
4095,Vb-646.FN.952-FNDE-RMS,646.FN952,,2025-09-15,4.77,3.3,2.87,
4096,Vb-646.FN.952-MDE-RMS,646.FN952,,2025-09-15,3.33,5.3,,
4097,Vb-646.FN.952-MNDE-RMS,646.FN952,,2025-09-15,3.2,7.26,6.96,
4098,Vb-431.FN560-MDE-RMS,431.FN560,,2025-09-16,1.03,1.56,2.75,
4099,Vb-431.FN560-MNDE-RMS,431.FN560,,2025-09-16,3.72,1.56,2.44,
4100,Vb-451.FN010-FDE-RMS,451.FN010,,2025-09-02,1.65,1.09,3.91,
4101,Vb-451.FN010-FNDE-RMS,451.FN010,,2025-09-02,1.9,1.12,1.89,
4102,Vb-451.FN010-MDE-RMS,451.FN010,,2025-09-02,1.59,1.35,2,
4103,Vb-451.FN010-MNDE-RMS,451.FN010,,2025-09-02,0.68,0.41,1.86,
4104,Vb-321.MD140-GBHSS0,321.MD140,,2025-09-21,,,,1.74
4105,Vb-321.MD140-GBHSS1,321.MD140,,2025-10-12,,,,0.54
4106,Vb-321.MD140-GBHSS6,321.MD140,,2025-10-12,,,,0.14
4107,Vb-321.MD140-MDE-RMS,321.MD140,,2025-10-12,2.05,2.24,0.67,
4108,Vb-321.MD140-MNDE-RMS,321.MD140,,2025-10-12,1.32,1.12,0.83,
4109,Vb-321.MD140-RG2,321.MD140,,2025-09-21,,,,1.56
4110,Vb-321.MD140-RG3,321.MD140,,2025-09-21,,,,2.11
4111,Vb-321.MD140-RG4,321.MD140,,2025-09-21,,,,2.32
4112,Vb-321.MD140-RG5,321.MD140,,2025-09-21,,,,1.78
4113,Vb-321.FN400-FDE-RMS,321.FN400,,2025-09-21,1.59,0.92,1.62,
4114,Vb-321.FN400-FNDE-RMS,321.FN400,,2025-09-21,1.65,0.71,1.11,
4115,Vb-321.FN400-MDE-RMS,321.FN400,,2025-09-21,0.75,0.57,0.27,
4116,Vb-321.FN400-MNDE-RMS,321.FN400,,2025-09-21,0.77,0.3,0.28,
4117,Vb-321.MD152-MDE-RMS,321.MD152,,2025-08-24,1.02,0.82,0.68,
4118,Vb-321.MD152-MNDE-RMS,321.MD152,,2025-08-24,0.83,0.57,0.74,
4119,Vb-321.MD152-S1DE-RMS,321.MD152,,2025-08-24,0.92,0.8,0.9,
4120,Vb-321.MD152-S1NDE-RMS,321.MD152,,2025-08-24,0.8,0.99,0.84,
4121,Vb-321.MD152-S2DE-RMS,321.MD152,,2025-08-24,0.7,0.63,1.05,
4122,Vb-321.MD152-S2NDE-RMS,321.MD152,,2025-08-24,0.86,0.76,0.99,
4123,Vb-321.FN125-FDE-RMS,321.FN125,,2025-09-21,12.42,5.19,12.19,
4124,Vb-321.FN125-FNDE-RMS,321.FN125,,2025-09-21,10.66,3.93,7.26,
4125,Vb-321.FN125-MDE-RMS,321.FN125,,2025-09-21,8.55,5.6,,
4126,Vb-321.FN125-MNDE-RMS,321.FN125,,2025-09-21,10.31,5.53,8.81,
4127,Vb-531.FN530-FDE-RMS,531.FN530,,2025-09-28,0.71,1.3,0.79,
4128,Vb-531.FN530-FNDE-RMS,531.FN530,,2025-09-28,0.95,0.98,1.05,
4129,Vb-531.FN530-MDE-RMS,531.FN530,,2025-09-28,1.37,1.31,1.34,
4130,Vb-531.FN530-MNDE-RMS,531.FN530,,2025-09-28,0.99,0.98,1.12,
4131,Vb-532.FN530-FDE-RMS,532.FN530,,2025-09-28,1.7,1.15,1.59,
4132,Vb-532.FN530-FNDE-RMS,532.FN530,,2025-09-28,3.18,4.22,2.19,
4133,Vb-532.FN530-MDE-RMS,532.FN530,,2025-09-28,2.15,1.71,1.6,
4134,Vb-532.FN530-MNDE-RMS,532.FN530,,2025-09-28,1.36,1.34,1.58,
4135,Vb-531.MD302-MDE-RMS,531.MD302,,2025-08-26,1.64,1.1,1.05,
4136,Vb-531.MD302-MNDE-RMS,531.MD302,,2025-08-26,1.85,1.38,0.76,
4137,Vb-531.MD302-S1DE-RMS,531.MD302,,2025-08-26,1.14,1.09,0.8,
4138,Vb-531.MD302-S1NDE-RMS,531.MD302,,2025-08-26,1.03,0.99,0.53,
4139,Vb-531.MD302-S2DE-RMS,531.MD302,,2025-08-26,1.11,0.8,0.75,
4140,Vb-531.MD302-S2NDE-RMS,531.MD302,,2025-08-26,2.09,1.01,0.52,
4141,Vb-532.MD302-MDE-RMS,532.MD302,,2025-08-19,1.09,1.2,0.68,
4142,Vb-532.MD302-MNDE-RMS,532.MD302,,2025-08-19,1.8,1.02,1.61,
4143,Vb-532.MD302-S1DE-RMS,532.MD302,,2025-08-19,1.04,0.71,0.74,
4144,Vb-532.MD302-S1NDE-RMS,532.MD302,,2025-08-19,0.92,0.65,0.65,
4145,Vb-532.MD302-S2DE-RMS,532.MD302,,2025-08-19,0.58,1.08,0.7,
4146,Vb-532.MD302-S2NDE-RMS,532.MD302,,2025-08-19,1.28,1.29,0.51,
4147,Vb-531.FN380-FDE-RMS,531.FN380,,2025-10-06,0.68,0.75,0.72,
4148,Vb-531.FN380-FNDE-RMS,531.FN380,,2025-10-06,0.73,0.55,0.51,
4149,Vb-531.FN380-MDE-RMS,531.FN380,,2025-09-28,0.85,0.67,0.47,
4150,Vb-531.FN380-MNDE-RMS,531.FN380,,2025-09-28,0.89,1.01,0.45,
4151,Vb-532.FN380-FDE-RMS,532.FN380,,2025-10-01,0.43,0.5,0.42,
4152,Vb-532.FN380-FNDE-RMS,532.FN380,,2025-09-28,,0.33,0.35,
4153,Vb-532.FN380-FNDE-RMS,532.FN380,,2025-10-01,0.81,,,
4154,Vb-532.FN380-MDE-RMS,532.FN380,,2025-10-01,0.52,0.48,0.73,
4155,Vb-532.FN380-MNDE-RMS,532.FN380,,2025-10-01,0.49,0.78,0.62,
4156,Vb-613.BL300-BLDE-RMS,613.BL300,,2025-09-10,2.16,4.38,2.5,
4157,Vb-613.BL300-BLNDE-RMS,613.BL300,,2025-09-10,2.43,2.55,3.14,
4158,Vb-613.BL300-MDE-RMS,613.BL300,,2025-09-10,5.63,4.76,5.65,
4159,Vb-613.BL300-MNDE-RMS,613.BL300,,2025-09-10,3.8,4.92,2.7,
4160,Vb-614.BL300-BLDE-RMS,614.BL300,,2025-09-10,5.08,4.63,4.05,
4161,Vb-614.BL300-BLNDE-RMS,614.BL300,,2025-09-10,5.23,3.4,4.09,
4162,Vb-614.BL300-MDE-RMS,614.BL300,,2025-09-10,1.86,6.08,8.38,
4163,Vb-614.BL300-MNDE-RMS,614.BL300,,2025-09-10,5.06,2.62,2.08,
4164,Vb-352.BL110-BLDE-RMS,352.BL110,,2025-10-07,6.15,7.19,4.19,
4165,Vb-352.BL110-BLNDE-RMS,352.BL110,,2025-10-07,6.16,6.25,4.54,
4166,Vb-352.BL110-MDE-RMS,352.BL110,,2025-10-07,4.97,5.09,8.06,
4167,Vb-352.BL110-MNDE-RMS,352.BL110,,2025-10-07,3.06,2.17,1.85,
4168,Vb-342.BL300-BLDE-RMS,342.BL300,,2025-10-07,1.36,2.77,2.21,
4169,Vb-342.BL300-BLNDE-RMS,342.BL300,,2025-10-07,1.22,1.42,1.5,
4170,Vb-342.BL300-MDE-RMS,342.BL300,,2025-10-07,1.11,1.45,2.67,
4171,Vb-342.BL300-MNDE-RMS,342.BL300,,2025-10-07,1.53,1.28,2.15,
4172,Vb-342.BL305-BLDE-RMS,342.BL305,,2025-10-07,3.67,3.82,2.89,
4173,Vb-342.BL305-BLNDE-RMS,342.BL305,,2025-10-07,3.46,2.63,2.53,
4174,Vb-342.BL305-MDE-RMS,342.BL305,,2025-10-07,2.64,3.86,2.91,
4175,Vb-342.BL305-MNDE-RMS,342.BL305,,2025-10-07,1.46,0.91,7.69,
4176,Vb-342.BL310-BLDE-RMS,342.BL310,,2025-10-07,2.38,1.85,2.19,
4177,Vb-342.BL310-BLNDE-RMS,342.BL310,,2025-10-07,1.99,1.95,2.04,
4178,Vb-342.BL310-MDE-RMS,342.BL310,,2025-10-07,1.59,4.29,5.66,
4179,Vb-342.BL310-MNDE-RMS,342.BL310,,2025-10-07,4.05,4.39,4.84,
4180,Vb-466.BL585-BLDE-RMS,466.BL585,,2025-10-07,7.85,6.75,5.73,
4181,Vb-466.BL585-BLNDE-RMS,466.BL585,,2025-10-07,5.76,6.91,5.33,
4182,Vb-466.BL585-MDE-RMS,466.BL585,,2025-10-07,4.74,3.3,1.59,
4183,Vb-466.BL585-MNDE-RMS,466.BL585,,2025-10-07,2.51,2.64,3.24,
4184,Vb-466.BL630-BLDE-RMS,466.BL630,,2025-07-29,5.48,5.51,7.07,
4185,Vb-466.BL630-BLNDE-RMS,466.BL630,,2025-07-29,8.02,6.57,6.52,
4186,Vb-466.BL630-MDE-RMS,466.BL630,,2025-07-29,4.13,4.61,2.51,
4187,Vb-466.BL630-MNDE-RMS,466.BL630,,2025-07-29,4.01,4.76,5.12,
4188,Vb-466.BL635-BLDE-RMS,466.BL635,,2025-10-07,2.67,2.66,3.57,
4189,Vb-466.BL635-BLNDE-RMS,466.BL635,,2025-10-07,2.44,3.66,3.17,
4190,Vb-466.BL635-MDE-RMS,466.BL635,,2025-10-07,1.45,1.5,1.06,
4191,Vb-466.BL635-MNDE-RMS,466.BL635,,2025-10-07,1.98,4.57,2.28,
4192,Vb-462.FN450-FDE-RMS,462.FN450,,2025-09-25,0.17,0.83,0.16,
4193,Vb-462.FN450-FNDE-RMS,462.FN450,,2025-09-25,0.13,0.33,0.13,
4194,Vb-462.FN450-MDE-RMS,462.FN450,,2025-09-25,0.18,0.14,0.19,
4195,Vb-462.FN450-MNDE-RMS,462.FN450,,2025-09-25,0.13,0.37,0.08,
4196,Vb-342.BE050-MDE-RMS,342.BE050,,2025-08-19,2.62,2.51,1.86,
4197,Vb-342.BE050-MNDE-RMS,342.BE050,,2025-08-19,4.77,2.87,2.55,
4198,Vb-342.BE050-S1NDE-RMS,342.BE050,,2025-08-19,2.82,2.3,1.36,
4199,Vb-342.BE050-S2NDE-RMS,342.BE050,,2025-08-19,1.5,1.93,1.82,
4200,Vb-342.BE050-S3DE-RMS,342.BE050,,2025-08-19,1.38,2.74,1.71,
4201,Vb-342.BE050-S3NDE-RMS,342.BE050,,2025-08-19,1.51,2.38,1.81,
4202,Vb-352.BE340-MDE-RMS,352.BE340,,2025-08-19,3.38,3.82,3.52,
4203,Vb-352.BE340-MNDE-RMS,352.BE340,,2025-08-19,4.56,5.16,2.67,
4204,Vb-352.BE340-S1NDE-RMS,352.BE340,,2025-08-19,1.52,2.42,2.43,
4205,Vb-352.BE340-S2NDE-RMS,352.BE340,,2025-08-19,2.22,2.43,2.57,
4206,Vb-352.BE340-S3DE-RMS,352.BE340,,2025-08-19,1.92,1.79,1.74,
4207,Vb-352.BE340-S3NDE-RMS,352.BE340,,2025-08-19,1.78,2.07,1.97,
4208,Vb-342.BE051-MDE-RMS,342.BE051,,2025-08-19,2.56,3.62,1.38,
4209,Vb-342.BE051-MNDE-RMS,342.BE051,,2025-08-19,3.86,4.15,1.9,
4210,Vb-342.BE051-S1NDE-RMS,342.BE051,,2025-08-19,1.23,2.39,2.37,
4211,Vb-342.BE051-S2NDE-RMS,342.BE051,,2025-08-19,1.58,1.79,1.07,
4212,Vb-342.BE051-S3DE-RMS,342.BE051,,2025-08-19,1.53,2.76,1.21,
4213,Vb-342.BE051-S3NDE-RMS,342.BE051,,2025-08-19,1.46,2.8,1.4,
4214,Vb-352.BE341-MDE-RMS,352.BE341,,2025-08-19,3.41,2.12,2.48,
4215,Vb-352.BE341-MNDE-RMS,352.BE341,,2025-08-19,3.55,3.23,2.24,
4216,Vb-352.BE341-S1NDE-RMS,352.BE341,,2025-08-19,1.69,2.71,2.81,
4217,Vb-352.BE341-S2NDE-RMS,352.BE341,,2025-08-19,1.89,2.21,1.45,
4218,Vb-352.BE341-S3DE-RMS,352.BE341,,2025-08-19,1.32,3.11,1.29,
4219,Vb-352.BE341-S3NDE-RMS,352.BE341,,2025-08-19,1.94,2.78,1.46,
4220,Vb-452.FN240-FDE-RMS,452.FN240,,2025-09-21,0.23,0.24,0.29,
4221,Vb-452.FN240-FNDE-RMS,452.FN240,,2025-09-21,0.2,0.22,0.47,
4222,Vb-452.FN240-MDE-RMS,452.FN240,,2025-09-21,0.21,0.16,0.14,
4223,Vb-452.FN240-MNDE-RMS,452.FN240,,2025-09-21,0.21,0.17,0.65,
4224,Vb-452.WI112-MDE-RMS,452.WI112,,2025-09-21,8.87,11.13,9.11,
4225,Vb-452.WI112-MNDE-RMS,452.WI112,,2025-09-21,8.29,6.43,1.38,
4226,Vb-452.WI112-PDE-RMS,452.WI112,,2025-09-21,30.83,34.52,18.52,
4227,Vb-452.WI112-PNDE-RMS,452.WI112,,2025-09-21,3.45,6.36,14.04,
4228,Vb-452.WI111-MDE-RMS,452.WI111,,2025-10-06,1.88,1.19,2.59,
4229,Vb-452.WI111-MNDE-RMS,452.WI111,,2025-10-06,1.88,2.7,3.42,
4230,Vb-452.WI111-PDE-RMS,452.WI111,,2025-10-06,1.54,1.78,1.39,
4231,Vb-452.WI111-PNDE-RMS,452.WI111,,2025-10-06,0.85,1.07,0.59,
4232,Vb-533.BE220-MDE-RMS,533.BE220,,2025-08-28,4.47,4.73,4.65,
4233,Vb-533.BE220-MNDE-RMS,533.BE220,,2025-08-28,5.87,5.17,3.81,
4234,Vb-533.BE220-S1DE-RMS,533.BE220,,2025-08-28,2.27,2.53,4.17,
4235,Vb-533.BE220-S2DE-RMS,533.BE220,,2025-08-28,3.15,2.34,2.12,
4236,Vb-533.BE220-S2NDE-RMS,533.BE220,,2025-08-28,3.58,2.38,5.92,
4237,Vb-534.BE220-MDE-RMS,534.BE220,,2025-08-28,5.79,5,5.19,
4238,Vb-534.BE220-MNDE-RMS,534.BE220,,2025-08-28,6.24,6.94,3.33,
4239,,534.BE220,Shaft 1 inboard  DE,2025-08-28,2.01,2.95,3.93,
4240,,534.BE220,Shaft 2  inboard  DE,2025-08-28,2.34,2.17,2.81,
4241,,534.BE220,Shaft 2  outboard NDE,2025-08-28,3.19,2.45,3.84,
4242,Vb-533.MD140-MDE-RMS,533.MD140,,2025-09-18,0.87,0.89,0.43,
4243,Vb-533.MD140-MNDE-RMS,533.MD140,,2025-10-01,0.72,0.57,0.48,
4244,Vb-533.MD140-S1DE-RMS,533.MD140,,2025-09-18,1.99,2.33,1.99,
4245,Vb-533.MD140-S1NDE-RMS,533.MD140,,2025-09-18,2.15,1.68,1.94,
4246,Vb-533.MD140-S2DE-RMS,533.MD140,,2025-09-18,1.88,1.41,2.22,
4247,Vb-533.MD140-S2NDE-RMS,533.MD140,,2025-09-18,1.47,1.91,1.63,
4248,Vb-533.MD140-S3DE-RMS,533.MD140,,2025-09-18,1.75,1.53,1.96,
4249,Vb-533.MD140-S3NDE-RMS,533.MD140,,2025-09-18,1.81,1.74,2.9,
4250,Vb-533.MD140-S4DE-RMS,533.MD140,,2025-09-18,1.88,1.41,2.49,
4251,Vb-533.MD140-S4NDE-RMS,533.MD140,,2025-09-18,1.8,1.77,1.5,
4252,Vb-534.MD140-MDE-RMS,534.MD140,,2025-10-01,0.75,0.64,0.3,
4253,Vb-534.MD140-MNDE-RMS,534.MD140,,2025-10-01,0.56,0.5,0.34,
4254,Vb-534.MD140-S1DE-RMS,534.MD140,,2025-10-01,1.81,2.12,1.8,
4255,Vb-534.MD140-S1NDE-RMS,534.MD140,,2025-10-01,1.94,2.25,1.88,
4256,Vb-534.MD140-S2DE-RMS,534.MD140,,2025-10-01,1.03,1.38,0.87,
4257,Vb-534.MD140-S2NDE-RMS,534.MD140,,2025-10-01,1.48,1.11,1.19,
4258,Vb-534.MD140-S3DE-RMS,534.MD140,,2025-10-01,1.1,0.78,0.93,
4259,Vb-534.MD140-S3NDE-RMS,534.MD140,,2025-10-01,1.28,1.5,1.49,
4260,Vb-534.MD140-S4DE-RMS,534.MD140,,2025-10-01,1.07,1.58,1.12,
4261,Vb-534.MD140-S4NDE-RMS,534.MD140,,2025-10-01,1.37,0.91,1.14,
4262,Vb-342.FN315-FDE-RMS,342.FN315,,2025-09-25,6.68,4.05,6.62,
4263,Vb-342.FN315-FNDE-RMS,342.FN315,,2025-09-25,6,4.98,5.21,
4264,Vb-342.FN315-MDE-RMS,342.FN315,,2025-09-25,3.42,3.51,,
4265,Vb-342.FN315-MNDE-RMS,342.FN315,,2025-09-25,2.41,2.92,2.83,
4266,Vb-442.CR400-CRDE-RMS,442.CR400,,2025-10-07,1.15,0.96,0.99,
4267,Vb-442.CR400-CRNDE-RMS,442.CR400,,2025-10-07,1.98,1.28,0.82,
4268,Vb-442.CR400-MDE-RMS,442.CR400,,2025-10-07,0.97,0.95,0.53,
4269,Vb-442.CR400-MNDE-RMS,442.CR400,,2025-10-07,0.59,0.65,0.6,
4270,Vb-462.MD140-MDE-RMS,462.MD140,,2025-09-25,1.18,0.81,0.76,
4271,Vb-462.MD140-MNDE-RMS,462.MD140,,2025-09-25,0.99,0.51,0.77,
4272,Vb-462.MD140-PHSS-RMS,462.MD140,,2025-09-25,1.26,0.79,3.66,
4273,Vb-462.MD140-RGT-RMS,462.MD140,,2025-09-25,2.19,0.75,1.7,
4274,Vb-462.FN125-FDE-RMS,462.FN125,,2025-09-25,3.66,6.55,4.12,
4275,Vb-462.FN125-FNDE-RMS,462.FN125,,2025-09-25,6.73,4.03,3.15,
4276,Vb-462.FN125-MDE-RMS,462.FN125,,2025-09-25,5.77,4.89,,
4277,Vb-462.FN125-MNDE-RMS,462.FN125,,2025-09-25,5.18,5.45,19.66,
4278,Vb-332.WI210-MDE-RMS,332.WI210,,2025-10-06,3.63,1.77,1.39,
4279,Vb-332.WI210-MNDE-RMS,332.WI210,,2025-10-06,1.71,2.29,1.63,
4280,Vb-332.WI210-PDE-RMS,332.WI210,,2025-10-06,7.33,1.25,2.64,
4281,Vb-332.WI210-PNDE-RMS,332.WI210,,2025-10-06,3.47,1.7,1.38,
4282,Vb-332.WI211-MDE-RMS,332.WI211,,2025-10-06,4.79,2.13,2.22,
4283,Vb-332.WI211-MNDE-RMS,332.WI211,,2025-10-06,2.68,2.72,1.95,
4284,Vb-332.WI211-PDE-RMS,332.WI211,,2025-10-06,5.37,5.35,1.75,
4285,Vb-332.WI211-PNDE-RMS,332.WI211,,2025-10-06,4.51,2.81,2.59,
4286,Vb-442.FN300-FDE-RMS,442.FN300,,2025-10-05,7.04,1.7,1.33,
4287,Vb-442.FN300-FNDE-RMS,442.FN300,,2025-10-05,5.39,1.05,1.5,
4288,Vb-442.FN300-MDE-RMS,442.FN300,,2025-10-05,6.46,6.32,1.76,
4289,Vb-442.FN300-MNDE-RMS,442.FN300,,2025-10-05,4.61,2.06,1.72,
4290,Vb-442.FN305-FDE-RMS,442.FN305,,2025-10-05,1.68,1.23,0.96,
4291,Vb-442.FN305-FNDE-RMS,442.FN305,,2025-10-05,1.75,1.34,1.4,
4292,Vb-442.FN305-MDE-RMS,442.FN305,,2025-10-05,2.28,2.2,0.89,
4293,Vb-442.FN305-MNDE-RMS,442.FN305,,2025-10-05,0.9,1.33,0.79,
4294,Vb-442.FN310-FDE-RMS,442.FN310,,2025-10-05,7.15,1.23,4.22,
4295,Vb-442.FN310-FNDE-RMS,442.FN310,,2025-10-05,6.37,1.92,2.27,
4296,Vb-442.FN310-MDE-RMS,442.FN310,,2025-10-05,7.66,6.83,5.04,
4297,Vb-442.FN310-MNDE-RMS,442.FN310,,2025-10-05,5.55,1.04,3.19,
4298,Vb-442.FN315-FDE-RMS,442.FN315,,2025-10-05,3.28,3.29,1.97,
4299,Vb-442.FN315-FNDE-RMS,442.FN315,,2025-10-05,4.31,4.95,2.41,
4300,Vb-442.FN315-MDE-RMS,442.FN315,,2025-10-05,2.04,3.63,2.33,
4301,Vb-442.FN315-MNDE-RMS,442.FN315,,2025-10-05,3.35,3.18,1.68,
4302,Vb-442.FN325-FDE-RMS,442.FN325,,2025-10-05,4.08,6.35,2.15,
4303,Vb-442.FN325-FNDE-RMS,442.FN325,,2025-10-05,7.08,7.52,2.41,
4304,Vb-442.FN325-MDE-RMS,442.FN325,,2025-10-05,2.89,5.29,2.36,
4305,Vb-442.FN325-MNDE-RMS,442.FN325,,2025-10-05,3.82,5.29,1.73,
4306,Vb-442.FN335-FDE-RMS,442.FN335,,2025-10-05,4.1,2.35,1.43,
4307,Vb-442.FN335-FNDE-RMS,442.FN335,,2025-10-05,2.89,0.97,1,
4308,Vb-442.FN335-MDE-RMS,442.FN335,,2025-10-05,2.87,1.94,2.05,
4309,Vb-442.FN335-MNDE-RMS,442.FN335,,2025-10-05,2.35,0.51,1.25,
4310,Vb-442.FN340-FDE-RMS,442.FN340,,2025-10-07,3.49,4.81,11.88,
4311,Vb-442.FN340-FNDE-RMS,442.FN340,,2025-10-07,6.17,8.83,11.5,
4312,Vb-442.FN340-MDE-RMS,442.FN340,,2025-10-07,2.1,4.48,10.51,
4313,Vb-442.FN340-MNDE-RMS,442.FN340,,2025-10-07,1.06,3.31,10.35,
4314,Vb-442.FN345-FDE-RMS,442.FN345,,2025-10-05,4.98,2.63,3.4,
4315,Vb-442.FN345-FNDE-RMS,442.FN345,,2025-10-05,4.66,2.37,3.14,
4316,Vb-442.FN345-MDE-RMS,442.FN345,,2025-10-05,5.76,4.82,3.81,
4317,Vb-442.FN345-MNDE-RMS,442.FN345,,2025-10-05,4.44,3.66,2.97,
4318,Vb-442.FN350-FDE-RMS,442.FN350,,2025-10-05,0.46,0.87,0.54,
4319,Vb-442.FN350-FNDE-RMS,442.FN350,,2025-10-05,0.78,0.56,1.36,
4320,Vb-442.FN350-MDE-RMS,442.FN350,,2025-10-05,0.52,0.41,0.76,
4321,Vb-442.FN350-MNDE-RMS,442.FN350,,2025-10-05,0.31,0.35,0.42,
4322,Vb-462.CP525-CDE-RMS,462.CP525,,2025-09-25,1.25,4.07,1.1,
4323,Vb-462.CP525-CNDE-RMS,462.CP525,,2025-09-25,5.46,4.12,1.06,
4324,Vb-462.CP525-MDE-RMS,462.CP525,,2025-09-25,2.49,2.83,2.57,
4325,Vb-462.CP525-MNDE-RMS,462.CP525,,2025-09-25,1.02,3.32,4.02,
4326,Vb-743.CP110-CDE-RMS,743.CP110,,2025-09-07,1.25,1.28,1.33,
4327,Vb-743.CP110-CNDE-RMS,743.CP110,,2025-09-07,1.39,1.93,3.22,
4328,Vb-743.CP110-MDE-RMS,743.CP110,,2025-09-07,0.75,0.8,2.05,
4329,Vb-743.CP110-MNDE-RMS,743.CP110,,2025-09-07,0.6,1.14,1.84,
4330,Vb-744.CP110-CDE-RMS,744.CP110,,2025-09-15,1.59,5.05,7.08,
4331,Vb-744.CP110-CNDE-RMS,744.CP110,,2025-09-15,3.45,7.19,7.75,
4332,Vb-744.CP110-MDE-RMS,744.CP110,,2025-09-15,1.08,3.27,2.11,
4333,Vb-744.CP110-MNDE-RMS,744.CP110,,2025-09-15,1.22,1.02,2.08,
4334,Vb-743.CP111-CDE-RMS,743.CP111,,2025-09-07,3.34,2.13,2.71,
4335,Vb-743.CP111-CNDE-RMS,743.CP111,,2025-09-07,5.12,5.03,3.11,
4336,Vb-743.CP111-MDE-RMS,743.CP111,,2025-09-07,3.33,3.18,3.06,
4337,Vb-743.CP111-MNDE-RMS,743.CP111,,2025-09-07,5.53,4.72,5.22,
4338,Vb-744.CP111-CDE-RMS,744.CP111,,2025-08-05,2.07,0.86,0.88,
4339,Vb-744.CP111-CNDE-RMS,744.CP111,,2025-08-05,2.61,1.82,1.28,
4340,Vb-744.CP111-MDE-RMS,744.CP111,,2025-08-05,1.44,0.98,1.03,
4341,Vb-744.CP111-MNDE-RMS,744.CP111,,2025-08-05,1.13,0.92,1.16,
4342,Vb-743.CP112-CDE-RMS,743.CP112,,2025-09-07,0.77,1.34,1.13,
4343,Vb-743.CP112-CNDE-RMS,743.CP112,,2025-09-07,1.71,2.86,2.56,
4344,Vb-743.CP112-MDE-RMS,743.CP112,,2025-09-07,0.68,1.11,1.37,
4345,Vb-743.CP112-MNDE-RMS,743.CP112,,2025-09-07,0.59,0.99,1.68,
4346,Vb-744.CP112-CDE-RMS,744.CP112,,2025-09-15,3.43,3.96,8.19,
4347,Vb-744.CP112-CNDE-RMS,744.CP112,,2025-09-15,5.67,7.08,9.15,
4348,Vb-744.CP112-MDE-RMS,744.CP112,,2025-09-15,2.17,5.19,3.62,
4349,Vb-744.CP112-MNDE-RMS,744.CP112,,2025-09-15,5.28,4.77,4.84,
4350,Vb-743.CP113-CDE-RMS,743.CP113,,2025-09-07,1.57,1.46,1.25,
4351,Vb-743.CP113-CNDE-RMS,743.CP113,,2025-09-07,2.2,2.26,3.78,
4352,Vb-743.CP113-MDE-RMS,743.CP113,,2025-09-07,0.95,1.16,1.89,
4353,Vb-743.CP113-MNDE-RMS,743.CP113,,2025-09-07,1.19,1.74,1.98,
4354,Vb-744.CP113-CDE-RMS,744.CP113,,2025-09-15,2.88,3.89,7.79,
4355,Vb-744.CP113-CNDE-RMS,744.CP113,,2025-09-15,2.61,7.81,8.48,
4356,Vb-744.CP113-MDE-RMS,744.CP113,,2025-09-15,1.84,3.89,5.01,
4357,Vb-744.CP113-MNDE-RMS,744.CP113,,2025-09-15,1.56,1.5,4.05,
4358,Vb-332.CP281-CDE-RMS,332.CP281,,2025-09-07,1.89,1.35,1.26,
4359,Vb-332.CP281-CNDE-RMS,332.CP281,,2025-09-07,3.01,2.42,3.62,
4360,Vb-332.CP281-MDE-RMS,332.CP281,,2025-09-07,1.25,1.16,0.89,
4361,Vb-332.CP281-MNDE-RMS,332.CP281,,2025-09-07,1.03,1.28,1.14,
4362,Vb-332.CP282-CDE-RMS,332.CP282,,2025-09-07,1.64,4.04,5.04,
4363,Vb-332.CP282-CNDE-RMS,332.CP282,,2025-09-07,3.47,4.65,3.41,
4364,Vb-332.CP282-MDE-RMS,332.CP282,,2025-09-07,0.9,2.53,1.74,
4365,Vb-332.CP282-MNDE-RMS,332.CP282,,2025-09-07,0.75,1.01,1.81,
4366,Vb-462.CP530-CDE-RMS,462.CP530,,2025-09-25,1.1,9.59,1.54,
4367,Vb-462.CP530-CNDE-RMS,462.CP530,,2025-09-25,4.06,3.42,1.46,
4368,Vb-462.CP530-MDE-RMS,462.CP530,,2025-09-25,1.63,2.45,6.35,
4369,Vb-462.CP530-MNDE-RMS,462.CP530,,2025-09-25,1.72,5.72,2.86,
4370,Vb-332.FN400-FDE-RMS,332.FN400,,2025-09-21,0.99,0.36,0.66,
4371,Vb-332.FN400-FNDE-RMS,332.FN400,,2025-09-21,1.53,1.54,,
4372,Vb-332.FN400-MDE-RMS,332.FN400,,2025-09-21,0.37,0.19,0.37,
4373,Vb-332.FN400-MNDE-RMS,332.FN400,,2025-09-21,0.33,0.21,0.31,
4374,Vb-442.FN590-FDE-RMS,442.FN590,,2025-10-07,0.3,0.19,0.19,
4375,Vb-442.FN590-FNDE-RMS,442.FN590,,2025-10-07,0.31,0.22,0.21,
4376,Vb-442.FN590-MDE-RMS,442.FN590,,2025-10-07,0.39,0.24,0.16,
4377,Vb-442.FN590-MNDE-RMS,442.FN590,,2025-10-07,1.19,0.19,0.11,
4378,Vb-442.FN590-S1DE-RMS,442.FN590,,2025-10-07,0.36,0.41,0.3,
4379,Vb-442.FN590-S1NDE-RMS,442.FN590,,2025-10-07,0.35,0.54,0.24,
4380,Vb-442.FN590-S2DE-RMS,442.FN590,,2025-10-07,0.49,0.49,0.57,
4381,Vb-442.FN590-S2NDE-RMS,442.FN590,,2025-10-07,0.47,0.39,0.48,
4382,Vb-462.PP515-MDE-RMS,462.PP515,,2025-07-28,0.73,0.79,1.11,
4383,Vb-462.PP515-MNDE-RMS,462.PP515,,2025-07-28,0.25,1.24,0.34,
4384,Vb-462.PP515-PDE-RMS,462.PP515,,2025-07-28,1.73,1.91,1.18,
4385,Vb-462.PP515-PNDE-RMS,462.PP515,,2025-07-28,1.22,0.91,0.51,
4386,Vb-462.PP545-MDE-RMS,462.PP545,,2025-09-25,0.63,0.51,0.15,
4387,Vb-462.PP545-MNDE-RMS,462.PP545,,2025-09-25,0.67,0.3,0.24,
4388,Vb-462.PP545-PDE-RMS,462.PP545,,2025-09-25,0.79,0.66,0.62,
4389,Vb-462.PP545-PNDE-RMS,462.PP545,,2025-09-25,0.48,0.43,0.28,
4390,Vb-213.HC100-CRDE-RMS,213.HC100,,2025-08-25,4.77,2.14,1.95,
4391,Vb-213.HC100-CRNDE-RMS,213.HC100,,2025-08-25,6.45,2.4,3.13,
4392,Vb-213.HC100-MDE-RMS,213.HC100,,2025-08-25,1.02,1.64,1.16,
4393,Vb-213.HC100-MNDE-RMS,213.HC100,,2025-08-25,0.67,1.32,1.18,
4394,Vb-332.FN110-FDE-RMS,332.FN110,,2025-10-05,3.39,1.13,0.91,
4395,Vb-332.FN110-FNDE-RMS,332.FN110,,2025-10-05,3.54,0.83,1.59,
4396,Vb-332.FN110-MDE-RMS,332.FN110,,2025-10-05,1.91,0.89,0.45,
4397,Vb-332.FN110-MNDE-RMS,332.FN110,,2025-10-05,1.76,0.8,0.39,
4398,Vb-432.MD140-MDE-RMS,432.MD140,,2025-09-25,0.4,0.22,0.25,
4399,Vb-432.MD140-MNDE-RMS,432.MD140,,2025-09-25,0.38,0.19,0.22,
4400,Vb-432.MD140-S1DE-RMS,432.MD140,,2025-09-25,0.47,0.28,0.29,
4401,Vb-432.MD140-S1NDE-RMS,432.MD140,,2025-09-25,0.44,0.27,0.3,
4402,Vb-432.MD140-S2DE-RMS,432.MD140,,2025-09-25,0.41,0.19,0.24,
4403,Vb-432.MD140-S2NDE-RMS,432.MD140,,2025-09-25,0.37,0.23,0.29,
4404,Vb-432.MD140-S3DE-RMS,432.MD140,,2025-09-25,0.37,0.36,0.25,
4405,Vb-432.MD140-S3NDE-RMS,432.MD140,,2025-09-25,0.38,0.15,0.31,
4406,Vb-432.MD140-S4DE-RMS,432.MD140,,2025-09-25,0.61,2.03,0.47,
4407,Vb-432.MD140-S4NDE-RMS,432.MD140,,2025-09-25,0.48,0.21,0.27,
4408,Vb-432.MD160-MDE-RMS,432.MD160,,2025-09-25,0.6,0.55,0.23,
4409,Vb-432.MD160-MNDE-RMS,432.MD160,,2025-09-25,0.5,0.15,0.36,
4410,Vb-432.MD160-S1DE-RMS,432.MD160,,2025-09-25,0.36,0.21,0.26,
4411,Vb-432.MD160-S1NDE-RMS,432.MD160,,2025-09-25,0.39,0.23,0.46,
4412,Vb-432.MD160-S2DE-RMS,432.MD160,,2025-09-25,0.41,0.18,0.26,
4413,Vb-432.MD160-S2NDE-RMS,432.MD160,,2025-09-25,0.47,0.36,0.38,
4414,Vb-432.MD160-S3DE-RMS,432.MD160,,2025-09-25,0.44,0.34,0.59,
4415,Vb-432.MD160-S3NDE-RMS,432.MD160,,2025-09-25,0.39,0.34,0.34,
4416,Vb-432.MD160-S4DE-RMS,432.MD160,,2025-09-25,0.39,0.23,0.31,
4417,Vb-432.MD160-S4NDE-RMS,432.MD160,,2025-09-25,0.32,0.25,0.55,
4418,Vb-432.FN171-FDE-RMS,432.FN171,,2025-09-25,3.14,1.46,1.77,
4419,Vb-432.FN171-FNDE-RMS,432.FN171,,2025-09-25,3.29,1.98,1.89,
4420,Vb-432.FN171-MDE-RMS,432.FN171,,2025-09-25,3.7,2.11,1.78,
4421,Vb-432.FN171-MNDE-RMS,432.FN171,,2025-09-25,2.64,1.82,1.25,
4422,Vb-432.FN176-FDE-RMS,432.FN176,,2025-10-05,0.84,1.05,0.63,
4423,Vb-432.FN176-FNDE-RMS,432.FN176,,2025-10-05,0.76,0.91,0.84,
4424,Vb-432.FN176-MDE-RMS,432.FN176,,2025-10-05,0.77,0.71,0.55,
4425,Vb-432.FN176-MNDE-RMS,432.FN176,,2025-10-05,0.53,0.69,0.43,
4426,Vb-462.FN400-FDE-RMS,462.FN400,,2025-09-25,0.88,0.56,0.89,
4427,Vb-462.FN400-FNDE-RMS,462.FN400,,2025-09-25,1.06,0.71,0.76,
4428,Vb-462.FN400-MDE-RMS,462.FN400,,2025-09-25,0.31,0.25,0.26,
4429,Vb-462.FN400-MNDE-RMS,462.FN400,,2025-09-25,0.27,0.24,0.29,
4430,Vb-432.FN560-MDE-RMS,432.FN560,,2025-09-25,2.32,2.67,1.38,
4431,Vb-432.FN560-MNDE-RMS,432.FN560,,2025-09-25,1.55,1.14,1.42,
4432,Vb-452.FN010-FDE-RMS,452.FN010,,2025-09-21,0.6,0.59,0.32,
4433,Vb-452.FN010-FNDE-RMS,452.FN010,,2025-09-21,0.76,0.75,0.45,
4434,Vb-452.FN010-MDE-RMS,452.FN010,,2025-09-21,0.54,0.42,0.26,
4435,Vb-452.FN010-MNDE-RMS,452.FN010,,2025-09-21,0.28,0.13,0.37,
4436,Vb-322.MD140-GBHSS0,322.MD140,,2025-09-21,,,,1.11
4437,Vb-322.MD140-GBHSS1,322.MD140,,2025-09-21,,,,0.92
4438,Vb-322.MD140-GBHSS6,322.MD140,,2025-09-21,,,,1.68
4439,Vb-322.MD140-MDE-RMS,322.MD140,,2025-09-21,3,2.62,1.03,
4440,Vb-322.MD140-MNDE-RMS,322.MD140,,2025-09-21,1.35,1.15,0.92,
4441,Vb-322.MD140-RG2,322.MD140,,2025-09-21,,,,1.4
4442,Vb-322.MD140-RG3,322.MD140,,2025-09-21,,,,1.24
4443,Vb-322.MD140-RG4,322.MD140,,2025-09-21,,,,2.17
4444,Vb-322.MD140-RG5,322.MD140,,2025-09-21,,,,1.27
4445,Vb-322.FN400-FDE-RMS,322.FN400,,2025-09-21,0.86,1.03,3.21,
4446,Vb-322.FN400-FNDE-RMS,322.FN400,,2025-09-21,0.77,0.61,2,
4447,Vb-322.FN400-MDE-RMS,322.FN400,,2025-09-21,1.37,1.36,0.34,
4448,Vb-322.FN400-MNDE-RMS,322.FN400,,2025-09-21,1.08,0.5,0.37,
4449,Vb-322.FN125-FDE-RMS,322.FN125,,2025-09-21,4.13,5.93,8.3,
4450,Vb-322.FN125-FNDE-RMS,322.FN125,,2025-09-21,13.65,6.75,6.64,
4451,Vb-322.FN125-MDE-RMS,322.FN125,,2025-09-21,8.78,6.94,,
4452,Vb-322.FN125-MNDE-RMS,322.FN125,,2025-09-21,9.08,6.47,5.09,
4453,Vb-533.MD302-MDE-RMS,533.MD302,,2025-08-28,3.82,4.04,2.43,
4454,Vb-533.MD302-MNDE-RMS,533.MD302,,2025-08-28,4.56,5.04,2.24,
4455,Vb-533.MD302-S1DE-RMS,533.MD302,,2025-08-28,4.19,3.64,1.18,
4456,Vb-533.MD302-S1NDE-RMS,533.MD302,,2025-08-28,3.88,3.82,1.9,
4457,Vb-533.MD302-S2DE-RMS,533.MD302,,2025-08-28,2.94,3.26,1.07,
4458,Vb-533.MD302-S2NDE-RMS,533.MD302,,2025-08-28,3.65,3.3,0.76,
4459,Vb-534.MD302-MDE-RMS,534.MD302,,2025-08-28,4.94,5.27,1.65,
4460,Vb-534.MD302-MNDE-RMS,534.MD302,,2025-08-28,5.05,6.06,3.57,
4461,Vb-534.MD302-S1DE-RMS,534.MD302,,2025-08-28,2.66,4.19,2,
4462,Vb-534.MD302-S1NDE-RMS,534.MD302,,2025-08-28,1.96,4.84,1.86,
4463,Vb-534.MD302-S2DE-RMS,534.MD302,,2025-08-28,2.02,3.91,0.94,
4464,Vb-534.MD302-S2NDE-RMS,534.MD302,,2025-08-28,3.1,3.83,0.96,
4465,Vb-533.FN350-FDE-RMS,533.FN350,,2025-10-01,0.87,0.31,1.16,
4466,Vb-533.FN350-FNDE-RMS,533.FN350,,2025-10-01,0.5,0.85,0.78,
4467,Vb-533.FN350-MDE-RMS,533.FN350,,2025-10-01,0.71,0.5,0.45,
4468,Vb-533.FN350-MNDE-RMS,533.FN350,,2025-10-01,0.76,0.49,0.61,
4469,Vb-534.FN350-FDE-RMS,534.FN350,,2025-10-01,2.27,1.66,1.09,
4470,Vb-534.FN350-FNDE-RMS,534.FN350,,2025-10-01,1.9,0.39,0.47,
4471,Vb-534.FN350-MDE-RMS,534.FN350,,2025-10-01,0.94,0.78,0.66,
4472,Vb-534.FN350-MNDE-RMS,534.FN350,,2025-10-01,0.79,0.44,0.66,
4473,Vb-533.FN530-FDE-RMS,533.FN530,,2025-09-18,1.54,1.55,1.65,
4474,Vb-533.FN530-FNDE-RMS,533.FN530,,2025-09-18,2.3,2.19,2.53,
4475,Vb-533.FN530-MDE-RMS,533.FN530,,2025-09-18,1.88,1.43,2.42,
4476,Vb-533.FN530-MNDE-RMS,533.FN530,,2025-09-18,1.68,1.61,1.39,
4477,Vb-534.FN530-FDE-RMS,534.FN530,,2025-09-29,1.37,1.63,1.44,
4478,Vb-534.FN530-FNDE-RMS,534.FN530,,2025-09-29,1.38,2.27,1.46,
4479,Vb-534.FN530-MDE-RMS,534.FN530,,2025-09-29,1.32,1.91,1.87,
4480,Vb-534.FN530-MNDE-RMS,534.FN530,,2025-09-29,1.76,1.82,1.68,
4481,Vb-351.BL110-BLDE-RMS,351.BL110,,2026-02-17,2.39,3.24,3.35,
4482,Vb-351.BL110-BLNDE-RMS,351.BL110,,2026-02-17,5.68,4.53,2.83,
4483,Vb-351.BL110-MDE-RMS,351.BL110,,2026-02-17,2.89,2.96,3.85,
4484,Vb-351.BL110-MNDE-RMS,351.BL110,,2026-02-17,3.83,3.83,3.38,
4485,Vb-341.BL300-BLDE-RMS,341.BL300,,2026-02-17,3.11,2.3,3.82,
4486,Vb-341.BL300-BLNDE-RMS,341.BL300,,2026-02-17,3.73,3.59,3.87,
4487,Vb-341.BL300-MDE-RMS,341.BL300,,2026-02-17,3.66,7.49,6.81,
4488,Vb-341.BL300-MNDE-RMS,341.BL300,,2026-02-17,5.53,3.37,3.2,
4489,Vb-341.BL305-BLDE-RMS,341.BL305,,2026-02-17,3.87,2.41,4.21,
4490,Vb-341.BL305-BLNDE-RMS,341.BL305,,2026-02-17,4.21,2.12,4.38,
4491,Vb-341.BL305-MDE-RMS,341.BL305,,2026-02-17,5.6,9.44,17.74,
4492,Vb-341.BL305-MNDE-RMS,341.BL305,,2026-02-17,6.76,4.7,9.37,
4493,Vb-341.BL310-BLDE-RMS,341.BL310,,2026-02-17,2.33,2.32,3.36,
4494,Vb-341.BL310-BLNDE-RMS,341.BL310,,2026-02-17,2.28,1.81,3.52,
4495,Vb-341.BL310-MDE-RMS,341.BL310,,2026-02-17,2.31,3.46,7.96,
4496,Vb-341.BL310-MNDE-RMS,341.BL310,,2026-02-17,2.62,2.53,3.24,
4497,Vb-465.BL580-BLDE-RMS,465.BL580,,2026-02-17,7.59,8.33,7.12,
4498,Vb-465.BL580-BLNDE-RMS,465.BL580,,2026-02-17,6.31,6.64,5.94,
4499,Vb-465.BL580-MDE-RMS,465.BL580,,2026-02-17,3.29,4.17,3.14,
4500,Vb-465.BL580-MNDE-RMS,465.BL580,,2026-02-17,3.44,2.29,2.08,
4501,Vb-465.BL630-BLDE-RMS,465.BL630,,2026-02-17,2.1,3.69,3.49,
4502,Vb-465.BL630-BLNDE-RMS,465.BL630,,2026-02-17,2.1,2.19,3.97,
4503,Vb-465.BL630-MDE-RMS,465.BL630,,2026-02-17,1.87,2.01,1.15,
4504,Vb-465.BL630-MNDE-RMS,465.BL630,,2026-02-17,1.67,1.87,1.38,
4505,Vb-465.BL635-BLDE-RMS,465.BL635,,2026-01-14,2.82,11.26,4.62,
4506,Vb-465.BL635-BLNDE-RMS,465.BL635,,2026-01-14,3.8,5.24,6.04,
4507,Vb-465.BL635-MDE-RMS,465.BL635,,2026-01-14,2.17,2.74,1.55,
4508,Vb-465.BL635-MNDE-RMS,465.BL635,,2026-01-14,2.11,1.44,3.63,
4509,Vb-461.FN450-FDE-RMS,461.FN450,,2026-02-14,0.21,0.34,0.36,
4510,Vb-461.FN450-FNDE-RMS,461.FN450,,2026-02-14,0.2,0.15,0.47,
4511,Vb-461.FN450-MDE-RMS,461.FN450,,2026-02-14,0.25,0.16,0.47,
4512,Vb-461.FN450-MNDE-RMS,461.FN450,,2026-02-14,0.33,0.08,0.49,
4513,Vb-341.BE040-MDE-RMS,341.BE040,,2026-02-17,1.69,1.75,1.67,
4514,Vb-341.BE040-MNDE-RMS,341.BE040,,2026-02-17,1.94,1.77,1.88,
4515,Vb-341.BE040-S1NDE-RMS,341.BE040,,2026-02-17,1.5,1.58,1.67,
4516,Vb-341.BE040-S2NDE-RMS,341.BE040,,2026-02-17,2.24,1.49,1.59,
4517,Vb-341.BE040-S3DE-RMS,341.BE040,,2026-02-17,1.12,1.89,2.03,
4518,Vb-341.BE040-S3NDE-RMS,341.BE040,,2026-02-17,1.92,1.89,1.49,
4519,Vb-351.BE340-MDE-RMS,351.BE340,,2026-02-17,1.85,1.75,1.75,
4520,Vb-351.BE340-MNDE-RMS,351.BE340,,2026-02-17,3.24,3.47,1.6,
4521,Vb-351.BE340-S1NDE-RMS,351.BE340,,2026-02-17,1.32,1.56,1.73,
4522,Vb-351.BE340-S2NDE-RMS,351.BE340,,2026-02-17,1.57,2.13,1.82,
4523,Vb-351.BE340-S3DE-RMS,351.BE340,,2026-02-17,1.42,2.4,1.1,
4524,Vb-351.BE340-S3NDE-RMS,351.BE340,,2026-02-17,1.39,3,1.43,
4525,Vb-342.BE041-MDE-RMS,342.BE041,,2026-02-17,2.03,2.32,1.52,
4526,Vb-342.BE041-MNDE-RMS,342.BE041,,2026-02-17,3.11,1.5,1.07,
4527,Vb-342.BE041-S1NDE-RMS,342.BE041,,2026-02-17,1.02,1.81,1.24,
4528,Vb-342.BE041-S2NDE-RMS,342.BE041,,2026-02-17,1.74,1.64,1.57,
4529,Vb-342.BE041-S3DE-RMS,342.BE041,,2026-02-17,0.78,1.39,1.24,
4530,Vb-342.BE041-S3NDE-RMS,342.BE041,,2026-02-17,1.12,1.39,1.21,
4531,Vb-351.BE341-MDE-RMS,351.BE341,,2026-02-17,2.57,2.4,2.68,
4532,Vb-351.BE341-MNDE-RMS,351.BE341,,2026-02-17,4.79,3.75,2.31,
4533,Vb-351.BE341-S1NDE-RMS,351.BE341,,2026-02-17,1.72,1.68,1.73,
4534,Vb-351.BE341-S2NDE-RMS,351.BE341,,2026-02-17,1.75,1.73,1.85,
4535,Vb-351.BE341-S3DE-RMS,351.BE341,,2026-02-17,1.39,1.6,1.34,
4536,Vb-351.BE341-S3NDE-RMS,351.BE341,,2026-02-17,1.71,1.85,1.6,
4537,Vb-451.FN240-FDE-RMS,451.FN240,,2026-02-17,0.73,0.7,0.52,
4538,Vb-451.FN240-FNDE-RMS,451.FN240,,2026-02-17,0.87,0.92,1.01,
4539,Vb-451.FN240-MDE-RMS,451.FN240,,2026-02-17,1.09,1.08,1.13,
4540,Vb-451.FN240-MNDE-RMS,451.FN240,,2026-02-17,0.77,0.28,0.75,
4541,Vb-451.WI210-MDE-RMS,451.WI210,,2026-01-14,2.59,2.17,3.15,
4542,Vb-451.WI210-PDE-RMS,451.WI210,,2026-01-14,1.18,1.21,0.76,
4543,Vb-451.WI210-PNDE-RMS,451.WI210,,2026-01-14,0.58,0.92,0.42,
4544,Vb-451.WI111-MDE-RMS,451.WI111,,2026-07-02,3.62,1.57,0.51,
4545,Vb-451.WI111-MNDE-RMS,451.WI111,,2026-07-02,0.98,1.53,0.41,
4546,Vb-451.WI111-PDE-RMS,451.WI111,,2026-07-02,6.31,6.82,3.26,
4547,Vb-451.WI111-PNDE-RMS,451.WI111,,2026-07-02,1.62,1.63,2.19,
4548,Vb-341.FN315-FDE-RMS,341.FN315,,2026-01-21,5,1.87,2.09,
4549,Vb-341.FN315-FNDE-RMS,341.FN315,,2026-01-21,5.96,1.45,4.76,
4550,Vb-341.FN315-MDE-RMS,341.FN315,,2026-01-21,5.22,2.74,,
4551,Vb-341.FN315-MNDE-RMS,341.FN315,,2026-01-21,3.21,2.25,3.13,
4552,Vb-341.FN316-FDE-RMS,341.FN316,,2026-02-17,5.01,4.83,2.74,
4553,Vb-341.FN316-FNDE-RMS,341.FN316,,2026-02-17,5.5,4.58,2.07,
4554,Vb-341.FN316-MDE-RMS,341.FN316,,2026-02-17,6.84,6.65,,
4555,Vb-341.FN316-MNDE-RMS,341.FN316,,2026-02-17,4.25,9.74,5.25,
4556,Vb-441.CR400-CRDE-RMS,441.CR400,,2026-07-02,0.85,1.63,0.99,
4557,Vb-441.CR400-CRNDE-RMS,441.CR400,,2026-07-02,0.69,1.27,0.89,
4558,Vb-441.CR400-MDE-RMS,441.CR400,,2026-07-02,1.05,1.35,1.53,
4559,Vb-441.CR400-MNDE-RMS,441.CR400,,2026-07-02,0.97,0.98,0.92,
4560,Vb-461.MD140-MDE-RMS,461.MD140,,2026-02-14,0.53,0.59,0.52,
4561,Vb-461.MD140-MNDE-RMS,461.MD140,,2026-02-14,0.31,0.34,0.52,
4562,Vb-461.MD140-PHSS-RMS,461.MD140,,2026-02-15,0.26,0.29,0.31,
4563,Vb-461.MD140-RGT-RMS,461.MD140,,2026-02-15,1.13,0.76,0.74,
4564,Vb-461.FN125-FDE-RMS,461.FN125,,2026-02-14,4.04,4.68,5.63,
4565,Vb-461.FN125-FNDE-RMS,461.FN125,,2026-02-14,5.11,5.28,6.2,
4566,Vb-461.FN125-MDE-RMS,461.FN125,,2026-02-14,6.56,6.43,,
4567,Vb-461.FN125-MNDE-RMS,461.FN125,,2026-02-14,4.49,4,9.93,
4568,Vb-331.WI211-MDE-RMS,331.WI211,,2026-02-17,7.83,5.22,5.15,
4569,Vb-331.WI211-MNDE-RMS,331.WI211,,2026-02-17,3.44,6.4,0.37,
4570,Vb-331.WI211-PDE-RMS,331.WI211,,2026-02-17,1.83,2.35,1.32,
4571,Vb-331.WI211-PNDE-RMS,331.WI211,,2026-02-17,1.15,0.9,1.17,
4572,Vb-441.FN300-FDE-RMS,441.FN300,,2026-02-14,2.12,1.68,2.29,
4573,Vb-441.FN300-FNDE-RMS,441.FN300,,2026-02-14,1.89,0.86,2.07,
4574,Vb-441.FN300-MDE-RMS,441.FN300,,2026-02-14,1.76,2.63,1.96,
4575,Vb-441.FN300-MNDE-RMS,441.FN300,,2026-02-14,2.24,1.35,1.77,
4576,Vb-441.FN305-FDE-RMS,441.FN305,,2026-02-14,0.93,1.28,0.75,
4577,Vb-441.FN305-FNDE-RMS,441.FN305,,2026-02-14,0.9,1.07,0.81,
4578,Vb-441.FN305-MDE-RMS,441.FN305,,2026-02-14,1.83,2.01,2.42,
4579,Vb-441.FN305-MNDE-RMS,441.FN305,,2026-02-14,0.91,1.05,0.71,
4580,Vb-441.FN310-FDE-RMS,441.FN310,,2026-02-14,1.24,1.41,0.84,
4581,Vb-441.FN310-FNDE-RMS,441.FN310,,2026-02-14,1.32,1.35,0.76,
4582,Vb-441.FN310-MDE-RMS,441.FN310,,2026-02-14,1.64,1.72,2.6,
4583,Vb-441.FN310-MNDE-RMS,441.FN310,,2026-02-14,0.75,1.67,0.61,
4584,Vb-441.FN315-FDE-RMS,441.FN315,,2026-02-14,4.45,4.12,1.41,
4585,Vb-441.FN315-FNDE-RMS,441.FN315,,2026-02-14,2.37,1.47,1.35,
4586,Vb-441.FN315-MDE-RMS,441.FN315,,2026-02-14,2.97,3.37,1.27,
4587,Vb-441.FN315-MNDE-RMS,441.FN315,,2026-02-14,1.11,2.19,1.35,
4588,Vb-441.FN325-FDE-RMS,441.FN325,,2026-02-14,1.49,0.76,0.61,
4589,Vb-441.FN325-FNDE-RMS,441.FN325,,2026-02-14,1.78,1.59,0.65,
4590,Vb-441.FN325-MDE-RMS,441.FN325,,2026-02-14,2.05,1.66,0.86,
4591,Vb-441.FN325-MNDE-RMS,441.FN325,,2026-02-14,1.18,1.02,0.6,
4592,Vb-441.FN335-FDE-RMS,441.FN335,,2026-02-14,1.96,1.25,1.01,
4593,Vb-441.FN335-FNDE-RMS,441.FN335,,2026-02-14,3.43,3,0.99,
4594,Vb-441.FN335-MDE-RMS,441.FN335,,2026-02-14,1.96,2.02,0.71,
4595,Vb-441.FN335-MNDE-RMS,441.FN335,,2026-02-14,1.59,0.84,0.78,
4596,Vb-441.FN340-FDE-RMS,441.FN340,,2026-02-14,0.58,0.4,0.23,
4597,Vb-441.FN340-FNDE-RMS,441.FN340,,2026-02-14,0.4,0.64,0.3,
4598,Vb-441.FN340-MDE-RMS,441.FN340,,2026-02-14,0.25,0.53,0.36,
4599,Vb-441.FN340-MNDE-RMS,441.FN340,,2026-02-14,0.25,0.35,0.23,
4600,Vb-441.FN345-FDE-RMS,441.FN345,,2026-02-14,1.63,0.75,0.9,
4601,Vb-441.FN345-FNDE-RMS,441.FN345,,2026-02-14,1.4,1.12,0.67,
4602,Vb-441.FN345-MDE-RMS,441.FN345,,2026-02-14,1.91,2.41,1.24,
4603,Vb-441.FN345-MNDE-RMS,441.FN345,,2026-02-14,0.73,0.92,0.78,
4604,Vb-441.FN350-FDE-RMS,441.FN350,,2026-02-14,0.68,0.69,0.36,
4605,Vb-441.FN350-FNDE-RMS,441.FN350,,2026-02-14,0.87,0.8,0.4,
4606,Vb-441.FN350-MDE-RMS,441.FN350,,2026-02-14,1.27,1.31,1.04,
4607,Vb-441.FN350-MNDE-RMS,441.FN350,,2026-02-14,0.44,0.73,0.39,
4608,Vb-741.CP110-CDE-RMS,741.CP110,,2026-02-15,6.76,3.14,3.87,
4609,Vb-741.CP110-CNDE-RMS,741.CP110,,2026-02-15,3.59,3.58,4.12,
4610,Vb-741.CP110-MDE-RMS,741.CP110,,2026-02-15,3.71,3.3,7.61,
4611,Vb-741.CP110-MNDE-RMS,741.CP110,,2026-02-15,1.76,1.94,3.18,
4612,Vb-741.CP111-CDE-RMS,741.CP111,,2026-02-15,2.53,2.63,3.87,
4613,Vb-741.CP111-CNDE-RMS,741.CP111,,2026-01-21,,,4.5,
4614,Vb-741.CP111-CNDE-RMS,741.CP111,,2026-02-15,4.03,6.04,,
4615,Vb-741.CP111-MDE-RMS,741.CP111,,2026-02-15,2.82,1.82,3.69,
4616,Vb-741.CP111-MNDE-RMS,741.CP111,,2026-02-15,2.44,7.04,2.37,
4617,Vb-742.CP111-CDE-RMS,742.CP111,,2026-04-01,1.48,3.87,4.71,
4618,Vb-742.CP111-CNDE-RMS,742.CP111,,2026-04-01,4.05,5.28,4.9,
4619,Vb-742.CP111-MDE-RMS,742.CP111,,2026-04-01,1.49,1.81,1.94,
4620,Vb-742.CP111-MNDE-RMS,742.CP111,,2026-04-01,1.09,0.81,,
4621,Vb-741.CP112-CDE-RMS,741.CP112,,2026-02-15,5.94,4.09,5.25,
4622,Vb-741.CP112-CNDE-RMS,741.CP112,,2026-02-15,2.91,4.49,6.5,
4623,Vb-741.CP112-MDE-RMS,741.CP112,,2026-02-15,3.52,3.02,4.48,
4624,Vb-741.CP112-MNDE-RMS,741.CP112,,2026-02-15,2.76,2.11,4.96,
4625,Vb-742.CP112-CDE-RMS,742.CP112,,2026-04-01,3.12,5.46,5.19,
4626,Vb-742.CP112-CNDE-RMS,742.CP112,,2026-04-01,5.22,8.45,4.8,
4627,Vb-742.CP112-MDE-RMS,742.CP112,,2026-04-01,3.91,3.44,6.31,
4628,Vb-742.CP112-MNDE-RMS,742.CP112,,2026-04-01,2.72,1.38,3.07,
4629,Vb-741.CP113-CDE-RMS,741.CP113,,2026-02-15,3.35,5.34,3.74,
4630,Vb-741.CP113-CNDE-RMS,741.CP113,,2026-02-15,2.43,6.7,4.27,
4631,Vb-741.CP113-MDE-RMS,741.CP113,,2026-02-15,2.12,2.32,3.72,
4632,Vb-741.CP113-MNDE-RMS,741.CP113,,2026-02-15,3.37,1.94,1.79,
4633,Vb-742.CP113-CDE-RMS,742.CP113,,2026-04-01,2.78,1.9,0.73,
4634,Vb-742.CP113-CNDE-RMS,742.CP113,,2026-04-01,1.5,0.94,1.59,
4635,Vb-742.CP113-MDE-RMS,742.CP113,,2026-04-01,2.61,2.01,1.93,
4636,Vb-742.CP113-MNDE-RMS,742.CP113,,2026-04-01,2.07,2.36,1.13,
4637,Vb-331.CP280-CDE-RMS,331.CP280,,2026-02-15,4.83,2.9,2.39,
4638,Vb-331.CP280-CNDE-RMS,331.CP280,,2026-02-15,4.25,6.27,4.62,
4639,Vb-331.CP280-MDE-RMS,331.CP280,,2026-02-15,4.66,3.14,2.06,
4640,Vb-331.CP280-MNDE-RMS,331.CP280,,2026-02-15,4.41,2.59,2.28,
4641,Vb-331.CP281-CDE-RMS,331.CP281,,2026-02-15,3.53,3.33,2.43,
4642,Vb-331.CP281-CNDE-RMS,331.CP281,,2026-02-15,4.85,7.07,4.91,
4643,Vb-331.CP281-MDE-RMS,331.CP281,,2026-02-15,3.32,3.06,2.52,
4644,Vb-331.CP281-MNDE-RMS,331.CP281,,2026-02-15,8.04,3.8,2.11,
4645,Vb-461.CP524-CDE-RMS,461.CP524,,2026-01-21,1.08,2.67,2.14,
4646,Vb-461.CP524-CNDE-RMS,461.CP524,,2026-01-21,2.83,2.27,1.55,
4647,Vb-461.CP524-MDE-RMS,461.CP524,,2026-01-21,1.57,2.34,1.6,
4648,Vb-461.CP524-MNDE-RMS,461.CP524,,2026-01-21,2.02,2.7,2.15,
4649,,461.CP525,Compressor DE,2026-02-14,2.91,3.46,4.37,
4650,,461.CP525,Compressor NDE,2026-02-14,2.9,2.29,1.81,
4651,,461.CP525,Motor DE,2026-02-14,1.52,1.51,2.49,
4652,,461.CP525,Motor NDE,2026-02-14,1.13,0.93,1.09,
4653,Vb-331.FN400-FDE-RMS,331.FN400,,2026-01-14,0.77,1.15,0.71,
4654,Vb-331.FN400-FNDE-RMS,331.FN400,,2026-01-14,0.83,0.42,,
4655,Vb-331.FN400-MDE-RMS,331.FN400,,2026-01-14,0.59,0.32,0.22,
4656,Vb-331.FN400-MNDE-RMS,331.FN400,,2026-01-14,0.36,0.3,0.19,
4657,Vb-441.FN.590-FDE-RMS,441.FN590,,2026-02-14,0.25,0.17,0.2,
4658,Vb-441.FN.590-FNDE-RMS,441.FN590,,2026-02-14,0.57,0.47,0.17,
4659,Vb-441.FN.590-MDE-RMS,441.FN590,,2026-02-14,1,0.58,0.2,
4660,Vb-441.FN.590-MNDE-RMS,441.FN590,,2026-02-14,0.9,0.17,0.6,
4661,Vb-441.FN.590-S1DE-RMS,441.FN590,,2026-02-14,0.75,0.27,0.28,
4662,Vb-441.FN.590-S1NDE-RMS,441.FN590,,2026-02-14,0.93,0.37,0.2,
4663,Vb-441.FN.590-S2DE-RMS,441.FN590,,2026-02-14,0.5,0.29,0.5,
4664,Vb-441.FN.590-S2NDE-RMS,441.FN590,,2026-02-14,0.45,0.22,0.65,
4665,Vb-461.PP515-MDE-RMS,461.PP515,,2026-02-14,0.27,0.22,0.12,
4666,Vb-461.PP515-MNDE-RMS,461.PP515,,2026-02-14,0.18,0.97,0.17,
4667,Vb-461.PP515-PDE-RMS,461.PP515,,2026-02-14,1,0.88,0.37,
4668,Vb-461.PP515-PNDE-RMS,461.PP515,,2026-02-14,0.77,0.44,0.49,
4669,Vb-331.FN110-FDE-RMS,331.FN110,,2026-02-16,0.75,0.61,0.65,
4670,Vb-331.FN110-FNDE-RMS,331.FN110,,2026-02-16,1.32,0.67,1.69,
4671,Vb-331.FN110-MDE-RMS,331.FN110,,2026-02-16,1.74,2.05,0.39,
4672,Vb-331.FN110-MNDE-RMS,331.FN110,,2026-02-16,0.48,0.87,0.62,
4673,Vb-431.MD140-MDE-RMS,431.MD140,,2026-02-17,0.38,0.16,0.21,
4674,Vb-431.MD140-MNDE-RMS,431.MD140,,2026-02-17,0.26,0.24,0.26,
4675,Vb-431.MD140-S1DE-RMS,431.MD140,,2026-02-17,0.4,0.4,0.41,
4676,Vb-431.MD140-S1NDE-RMS,431.MD140,,2026-02-17,0.36,0.29,0.47,
4677,Vb-431.MD140-S2DE-RMS,431.MD140,,2026-02-17,0.34,0.28,0.55,
4678,Vb-431.MD140-S2NDE-RMS,431.MD140,,2026-02-17,0.34,0.38,0.64,
4679,Vb-431.MD140-S3DE-RMS,431.MD140,,2026-02-17,0.37,0.27,0.62,
4680,Vb-431.MD140-S3NDE-RMS,431.MD140,,2026-02-17,0.38,0.33,0.65,
4681,Vb-431.MD140-S4DE-RMS,431.MD140,,2026-02-17,0.34,0.28,0.56,
4682,Vb-431.MD140-S4NDE-RMS,431.MD140,,2026-02-17,0.38,0.26,0.56,
4683,Vb-431.MD160-MDE-RMS,431.MD160,,2026-02-17,0.59,0.61,0.35,
4684,Vb-431.MD160-MNDE-RMS,431.MD160,,2026-02-17,0.4,0.36,0.4,
4685,Vb-431.MD160-S1DE-RMS,431.MD160,,2026-02-17,0.51,0.73,0.51,
4686,Vb-431.MD160-S1NDE-RMS,431.MD160,,2026-02-17,0.5,0.69,0.56,
4687,Vb-431.MD160-S2DE-RMS,431.MD160,,2026-02-17,0.51,0.35,0.67,
4688,Vb-431.MD160-S2NDE-RMS,431.MD160,,2026-02-17,0.64,0.37,0.86,
4689,Vb-431.MD160-S3DE-RMS,431.MD160,,2026-02-17,0.41,0.34,0.71,
4690,Vb-431.MD160-S3NDE-RMS,431.MD160,,2026-02-17,0.46,0.4,0.78,
4691,Vb-431.MD160-S4DE-RMS,431.MD160,,2026-02-17,0.46,0.4,0.53,
4692,Vb-431.MD160-S4NDE-RMS,431.MD160,,2026-02-17,0.43,0.44,0.55,
4693,Vb-431.FN171-FDE-RMS,431.FN171,,2026-02-17,1.45,0.63,1.41,
4694,Vb-431.FN171-FNDE-RMS,431.FN171,,2026-02-17,1.48,1,1.51,
4695,Vb-431.FN171-MDE-RMS,431.FN171,,2026-02-17,1.5,1.16,1.85,
4696,Vb-431.FN171-MNDE-RMS,431.FN171,,2026-02-17,1,0.79,1.21,
4697,Vb-431.FN176-FDE-RMS,431.FN176,,2026-08-02,0.88,0.63,0.91,
4698,Vb-431.FN176-FNDE-RMS,431.FN176,,2026-08-02,1.64,1.56,0.92,
4699,Vb-431.FN176-MDE-RMS,431.FN176,,2026-08-02,1.23,1.06,0.63,
4700,Vb-431.FN176-MNDE-RMS,431.FN176,,2026-08-02,0.67,0.58,0.65,
4701,Vb-111.HC100-MDE-RMS,111.HC100,,2026-01-31,1.03,1.05,0.24,
4702,Vb-111.HC100-MNDE-RMS,111.HC100,,2026-01-31,0.39,0.13,0.22,
4703,Vb-111.HC100-RDE-RMS,111.HC100,,2026-01-31,0.98,0.89,1.07,
4704,Vb-111.HC100-RNDE-RMS,111.HC100,,2026-01-31,1.11,0.67,0.98,
4705,Vb-111.HC100-S1DE-RMS,111.HC100,,2026-01-31,0.97,0.64,0.73,
4706,Vb-111.HC100-S1NDE-RMS,111.HC100,,2026-01-31,1.33,0.61,0.87,
4707,Vb-111.HC100-S2DE-RMS,111.HC100,,2026-01-31,0.94,1.22,0.98,
4708,Vb-111.HC100-S2NDE-RMS,111.HC100,,2026-01-31,0.9,1.23,0.99,
4709,Vb-461.FN400-FDE-RMS,461.FN400,,2026-02-14,1.34,0.81,1.37,
4710,Vb-461.FN400-FNDE-RMS,461.FN400,,2026-02-14,1.13,0.69,0.81,
4711,Vb-461.FN400-MDE-RMS,461.FN400,,2026-02-14,0.93,0.82,0.85,
4712,Vb-461.FN400-MNDE-RMS,461.FN400,,2026-02-14,0.55,0.63,0.88,
4713,Vb-431.FN560-MDE-RMS,431.FN560,,2026-02-17,1.75,1.15,3.2,
4714,Vb-431.FN560-MNDE-RMS,431.FN560,,2026-02-17,2.91,1.25,3.09,
4715,,761.WI210,Motor DE,2026-02-22,3.1,1.89,5.37,
4716,,761.WI210,Motor NDE,2026-02-22,24.83,13.47,2.39,
4717,,761.WI211,Motor DE,2026-02-14,,1.99,1.86,
4718,,761.WI211,Motor DE,2026-02-22,0.65,,,
4719,,761.WI211,Motor NDE,2026-02-22,0.55,3.74,0.91,
4720,,761.WI212,Motor DE,2026-02-22,3.75,3.61,5.91,
4721,,761.WI212,Motor NDE,2026-02-22,1.22,8.09,5.41,
4722,,761.WI213,Motor DE,2026-02-22,9.2,8.01,14.89,
4723,,761.WI213,Motor NDE,2026-02-22,5.42,8.91,10.41,
4724,,761.WI215,Motor DE,2026-02-14,9.66,3.06,4.49,
4725,,761.WI215,Motor NDE,2026-02-14,2.85,5.83,5.05,
4726,,761.WI216,Motor DE,2026-02-22,4.1,6.68,8.36,
4727,,761.WI216,Motor NDE,2026-02-22,4.15,3.86,8.24,
4728,Vb-451.FN010-FDE-RMS,451.FN010,,2026-02-17,0.43,0.68,0.52,
4729,Vb-451.FN010-FNDE-RMS,451.FN010,,2026-02-17,0.63,0.5,0.43,
4730,Vb-451.FN010-MDE-RMS,451.FN010,,2026-02-17,1.15,1,0.55,
4731,Vb-451.FN010-MNDE-RMS,451.FN010,,2026-02-17,0.55,0.43,0.57,
4732,Vb-321.MD140-GBHSS1,321.MD140,,2026-03-01,,,,1.75
4733,Vb-321.MD140-GBHSS6,321.MD140,,2026-03-01,,,,1.66
4734,Vb-321.MD140-MDE-RMS,321.MD140,,2026-01-14,0.81,0.63,1.27,
4735,Vb-321.MD140-MNDE-RMS,321.MD140,,2026-01-14,0.79,0.65,1.12,
4736,Vb-321.MD140-RG2,321.MD140,,2026-03-01,,,,1.75
4737,Vb-321.MD140-RG3,321.MD140,,2026-03-01,,,,1.5
4738,Vb-321.MD140-RG4,321.MD140,,2026-03-01,,,,1.39
4739,Vb-321.MD140-RG5,321.MD140,,2026-03-01,,,,1.89
4740,Vb-321.FN400-FDE-RMS,321.FN400,,2026-01-03,1.77,0.83,1.13,
4741,Vb-321.FN400-FNDE-RMS,321.FN400,,2026-01-03,1.85,0.52,1.02,
4742,Vb-321.FN400-MDE-RMS,321.FN400,,2026-01-03,0.83,0.46,0.29,
4743,Vb-321.FN400-MNDE-RMS,321.FN400,,2026-01-03,0.69,0.3,0.28,
4744,Vb-321.FN125-FDE-RMS,321.FN125,,2026-01-14,9.58,7.26,11.08,
4745,Vb-321.FN125-FNDE-RMS,321.FN125,,2026-01-14,8.95,5.43,5.53,
4746,Vb-321.FN125-MDE-RMS,321.FN125,,2026-01-14,6.18,11.53,,
4747,Vb-321.FN125-MNDE-RMS,321.FN125,,2026-01-14,8.38,6.07,7.61,
4748,,352.BL115,BL DE,2026-02-05,2.27,3.24,2.92,
4749,,352.BL115,BL NDE,2026-02-05,1.84,2.91,2.38,
4750,,352.BL115,Motor DE,2026-02-05,1.16,4.95,4.09,
4751,,352.BL115,Motor NDE,2026-02-05,1.67,1.69,2.71,
4752,Vb-342.BL300-BLDE-RMS,342.BL300,,2026-02-05,1.6,1.97,1.43,
4753,Vb-342.BL300-BLNDE-RMS,342.BL300,,2026-02-05,1.51,1.51,1.82,
4754,Vb-342.BL300-MDE-RMS,342.BL300,,2026-02-05,1.73,1.41,3.6,
4755,Vb-342.BL300-MNDE-RMS,342.BL300,,2026-02-05,1.23,1.3,2.43,
4756,Vb-342.BL305-BLDE-RMS,342.BL305,,2026-02-05,1.3,1.63,1.65,
4757,Vb-342.BL305-BLNDE-RMS,342.BL305,,2026-02-05,1.19,1.14,1.61,
4758,Vb-342.BL305-MDE-RMS,342.BL305,,2026-02-05,2.08,2.97,3.57,
4759,Vb-342.BL305-MNDE-RMS,342.BL305,,2026-02-05,2.36,2.5,2.36,
4760,Vb-342.BL310-BLDE-RMS,342.BL310,,2026-02-05,2.07,2.43,1.82,
4761,Vb-342.BL310-BLNDE-RMS,342.BL310,,2026-02-05,2.19,1.53,1.82,
4762,Vb-342.BL310-MDE-RMS,342.BL310,,2026-02-05,2.33,4.61,5.67,
4763,Vb-342.BL310-MNDE-RMS,342.BL310,,2026-02-05,2.57,1.99,1.73,
4764,Vb-466.BL580-BLDE-RMS,466.BL580,,2026-02-04,6.23,6.82,8.64,
4765,Vb-466.BL580-BLNDE-RMS,466.BL580,,2026-02-04,5.01,5.83,4.4,
4766,Vb-466.BL580-MDE-RMS,466.BL580,,2026-02-04,4.75,4.37,2.49,
4767,Vb-466.BL580-MNDE-RMS,466.BL580,,2026-02-04,2.76,4.08,3.15,
4768,Vb-466.BL630-BLDE-RMS,466.BL630,,2026-02-04,4.41,4.42,6.41,
4769,Vb-466.BL630-BLNDE-RMS,466.BL630,,2026-02-04,5.64,5.46,5.49,
4770,Vb-466.BL630-MDE-RMS,466.BL630,,2026-02-04,4.1,2.34,1.82,
4771,Vb-466.BL630-MNDE-RMS,466.BL630,,2026-02-04,2.74,3.25,1.9,
4772,Vb-462.FN450-FDE-RMS,462.FN450,,2026-02-09,0.38,0.4,0.34,
4773,Vb-462.FN450-FNDE-RMS,462.FN450,,2026-01-21,,,0.24,
4774,Vb-462.FN450-FNDE-RMS,462.FN450,,2026-02-09,0.33,0.11,,
4775,Vb-462.FN450-MDE-RMS,462.FN450,,2026-02-09,0.44,0.16,0.77,
4776,Vb-462.FN450-MNDE-RMS,462.FN450,,2026-02-09,0.18,0.07,0.13,
4777,Vb-342.BE050-MDE-RMS,342.BE050,,2026-02-09,2.48,3.05,1.79,
4778,Vb-342.BE050-MNDE-RMS,342.BE050,,2026-02-09,4.93,5.07,1.84,
4779,Vb-342.BE050-S1NDE-RMS,342.BE050,,2026-02-09,2.04,2.03,1.14,
4780,Vb-342.BE050-S2NDE-RMS,342.BE050,,2026-02-09,1.94,1.58,2.22,
4781,Vb-342.BE050-S3DE-RMS,342.BE050,,2026-02-09,1.19,2.39,1.62,
4782,Vb-342.BE050-S3NDE-RMS,342.BE050,,2026-02-09,1.26,3.05,1.37,
4783,Vb-352.BE340-MDE-RMS,352.BE340,,2026-02-09,3.71,3.25,2.97,
4784,Vb-352.BE340-MNDE-RMS,352.BE340,,2026-02-09,3.78,4.37,2.8,
4785,Vb-352.BE340-S1NDE-RMS,352.BE340,,2026-02-09,1.38,2.18,2.42,
4786,Vb-352.BE340-S2NDE-RMS,352.BE340,,2026-02-09,1.72,2.58,1.91,
4787,Vb-352.BE340-S3DE-RMS,352.BE340,,2026-02-09,1.88,2.12,1.69,
4788,Vb-352.BE340-S3NDE-RMS,352.BE340,,2026-02-09,2.11,3.13,1.9,
4789,Vb-342.BE051-MDE-RMS,342.BE051,,2026-02-09,1.53,2.1,1.67,
4790,Vb-342.BE051-MNDE-RMS,342.BE051,,2026-02-09,2.91,3.18,1.76,
4791,Vb-342.BE051-S1NDE-RMS,342.BE051,,2026-02-09,1.01,1.88,1.24,
4792,Vb-342.BE051-S2NDE-RMS,342.BE051,,2026-02-09,1.04,1.73,0.9,
4793,Vb-342.BE051-S3DE-RMS,342.BE051,,2026-02-09,1.27,2.06,1.12,
4794,Vb-342.BE051-S3NDE-RMS,342.BE051,,2026-02-09,1.48,2.28,1.4,
4795,Vb-352.BE341-MDE-RMS,352.BE341,,2026-02-09,3.39,2.7,2.61,
4796,Vb-352.BE341-MNDE-RMS,352.BE341,,2026-02-09,3.3,3.21,3.02,
4797,Vb-352.BE341-S1NDE-RMS,352.BE341,,2026-02-09,1.93,2.14,2.07,
4798,Vb-352.BE341-S2NDE-RMS,352.BE341,,2026-02-09,0.88,2.51,1.94,
4799,Vb-352.BE341-S3DE-RMS,352.BE341,,2026-02-09,2.39,2.06,1.47,
4800,Vb-352.BE341-S3NDE-RMS,352.BE341,,2026-02-09,1.89,1.93,1.5,
4801,Vb-452.FN240-FDE-RMS,452.FN240,,2026-02-05,0.58,0.47,0.82,
4802,Vb-452.FN240-FNDE-RMS,452.FN240,,2026-02-05,0.57,0.56,0.97,
4803,Vb-452.FN240-MDE-RMS,452.FN240,,2026-02-05,0.51,0.39,0.39,
4804,Vb-452.FN240-MNDE-RMS,452.FN240,,2026-02-05,0.38,0.24,0.41,
4805,Vb-452.WI111-MDE-RMS,452.WI111,,2026-02-05,4.89,4.02,8.22,
4806,Vb-452.WI111-MNDE-RMS,452.WI111,,2026-02-05,2.32,4.66,3.15,
4807,Vb-452.WI111-PDE-RMS,452.WI111,,2026-02-05,14.65,9.43,5.75,
4808,Vb-452.WI111-PNDE-RMS,452.WI111,,2026-02-05,3.86,3.18,3.48,
4809,Vb-342.FN315-FDE-RMS,342.FN315,,2026-01-25,9.88,4.57,6.86,
4810,Vb-342.FN315-FNDE-RMS,342.FN315,,2026-01-25,11.13,5.04,6.24,
4811,Vb-342.FN315-MDE-RMS,342.FN315,,2026-01-25,5.33,4.48,,
4812,Vb-342.FN315-MNDE-RMS,342.FN315,,2026-01-25,5.12,4.89,5.92,
4813,Vb-442.CR400-CRDE-RMS,442.CR400,,2026-02-26,1.09,1,0.97,
4814,Vb-442.CR400-CRNDE-RMS,442.CR400,,2026-02-26,1.52,1.72,0.53,
4815,Vb-442.CR400-MDE-RMS,442.CR400,,2026-02-26,1.17,0.96,0.59,
4816,Vb-442.CR400-MNDE-RMS,442.CR400,,2026-02-26,0.56,0.66,0.48,
4817,Vb-462.MD140-MDE-RMS,462.MD140,,2026-02-09,1.54,0.89,0.93,
4818,Vb-462.MD140-MNDE-RMS,462.MD140,,2026-02-09,1.55,0.72,0.97,
4819,Vb-462.MD140-PHSS-RMS,462.MD140,,2026-02-09,1.07,0.83,1.52,
4820,Vb-462.MD140-RGT-RMS,462.MD140,,2026-02-09,1.81,1.62,2.11,
4821,Vb-462.FN125-FDE-RMS,462.FN125,,2026-02-09,4.35,4.8,4.2,
4822,Vb-462.FN125-FNDE-RMS,462.FN125,,2026-02-09,4.92,2.52,3.83,
4823,Vb-462.FN125-MDE-RMS,462.FN125,,2026-02-09,4.49,4.74,,
4824,Vb-462.FN125-MNDE-RMS,462.FN125,,2026-02-09,4.36,4.61,10.94,
4825,Vb-332.WI210-MDE-RMS,332.WI210,,2026-02-12,4.86,3.73,1.7,
4826,Vb-332.WI210-MNDE-RMS,332.WI210,,2026-02-12,1.66,0.89,0.32,
4827,Vb-332.WI210-PDE-RMS,332.WI210,,2026-02-12,4.48,3.88,0.85,
4828,Vb-332.WI210-PNDE-RMS,332.WI210,,2026-02-12,2.33,1.01,1.31,
4829,Vb-442.FN300-FDE-RMS,442.FN300,,2026-02-01,5.77,0.72,3.21,
4830,Vb-442.FN300-FNDE-RMS,442.FN300,,2026-02-01,5.08,1.89,3.35,
4831,Vb-442.FN300-MDE-RMS,442.FN300,,2026-02-01,7.94,4.44,4.04,
4832,Vb-442.FN300-MNDE-RMS,442.FN300,,2026-02-01,6.28,3.45,3.92,
4833,Vb-442.FN305-FDE-RMS,442.FN305,,2026-02-01,1.63,0.91,1.31,
4834,Vb-442.FN305-FNDE-RMS,442.FN305,,2026-02-01,2.59,1.59,2.49,
4835,Vb-442.FN305-MDE-RMS,442.FN305,,2026-02-01,1.68,1.81,1.2,
4836,Vb-442.FN305-MNDE-RMS,442.FN305,,2026-02-01,1.81,1.54,1.15,
4837,Vb-442.FN310-FDE-RMS,442.FN310,,2026-02-01,6.25,1.11,2.47,
4838,Vb-442.FN310-FNDE-RMS,442.FN310,,2026-02-01,6.71,5.32,2.05,
4839,Vb-442.FN310-MDE-RMS,442.FN310,,2026-02-01,6.78,6.54,3.33,
4840,Vb-442.FN310-MNDE-RMS,442.FN310,,2026-02-01,4.97,3.19,3.05,
4841,Vb-442.FN315-FDE-RMS,442.FN315,,2026-02-01,2.46,6.27,1.76,
4842,Vb-442.FN315-FNDE-RMS,442.FN315,,2026-02-01,4.83,7.74,1.42,
4843,Vb-442.FN315-MDE-RMS,442.FN315,,2026-02-01,3.2,6.1,1.85,
4844,Vb-442.FN315-MNDE-RMS,442.FN315,,2026-02-01,6.38,4.18,2.02,
4845,Vb-442.FN325-FDE-RMS,442.FN325,,2026-02-01,2.1,1.18,2.25,
4846,Vb-442.FN325-FNDE-RMS,442.FN325,,2026-02-01,1.56,2.73,1.62,
4847,Vb-442.FN325-MDE-RMS,442.FN325,,2026-02-01,,2.67,1.98,
4848,Vb-442.FN325-MDE-RMS,442.FN325,,2026-02-18,7.51,,,
4849,Vb-442.FN325-MNDE-RMS,442.FN325,,2026-02-18,9.35,9.12,7.65,
4850,Vb-442.FN335-FDE-RMS,442.FN335,,2026-02-18,2.83,1.37,1.24,
4851,Vb-442.FN335-FNDE-RMS,442.FN335,,2026-02-18,2.41,1.74,1.02,
4852,Vb-442.FN335-MDE-RMS,442.FN335,,2026-02-18,1.99,1.99,1.47,
4853,Vb-442.FN335-MNDE-RMS,442.FN335,,2026-02-18,1.7,0.57,1.26,
4854,Vb-442.FN340-FDE-RMS,442.FN340,,2026-02-04,2.73,2.45,7.69,
4855,Vb-442.FN340-FNDE-RMS,442.FN340,,2026-02-04,3.67,2.38,5.13,
4856,Vb-442.FN340-MDE-RMS,442.FN340,,2026-02-04,4.17,4.72,7.84,
4857,Vb-442.FN340-MNDE-RMS,442.FN340,,2026-02-04,2.06,1.37,5.44,
4858,Vb-442.FN345-FDE-RMS,442.FN345,,2026-02-18,9.29,3.6,5.8,
4859,Vb-442.FN345-FNDE-RMS,442.FN345,,2026-02-04,6.95,,,
4860,Vb-442.FN345-FNDE-RMS,442.FN345,,2026-02-18,,9.67,5.9,
4861,Vb-442.FN345-MDE-RMS,442.FN345,,2026-02-18,8.2,4.37,6,
4862,Vb-442.FN345-MNDE-RMS,442.FN345,,2026-02-18,7.81,3.67,5.94,
4863,Vb-442.FN350-FDE-RMS,442.FN350,,2026-02-18,1.44,0.92,0.5,
4864,Vb-442.FN350-FNDE-RMS,442.FN350,,2026-02-18,1.08,1.06,0.41,
4865,Vb-442.FN350-MDE-RMS,442.FN350,,2026-02-18,0.74,0.95,0.61,
4866,Vb-442.FN350-MNDE-RMS,442.FN350,,2026-02-18,0.59,0.72,0.34,
4867,Vb-462.CP525-CDE-RMS,462.CP525,,2026-02-09,2.25,1.49,2.93,
4868,Vb-462.CP525-CNDE-RMS,462.CP525,,2026-02-09,4.86,4.62,1.59,
4869,Vb-462.CP525-MDE-RMS,462.CP525,,2026-02-09,2.09,2.42,4.53,
4870,Vb-462.CP525-MNDE-RMS,462.CP525,,2026-02-09,1.1,3.37,1.65,
4871,Vb-743.CP110-CDE-RMS,743.CP110,,2026-02-04,1.05,1.42,3.64,
4872,Vb-743.CP110-CNDE-RMS,743.CP110,,2026-02-04,1.35,2.07,3.04,
4873,Vb-743.CP110-MDE-RMS,743.CP110,,2026-02-04,0.57,0.62,1.66,
4874,Vb-743.CP110-MNDE-RMS,743.CP110,,2026-02-04,0.84,0.88,1.53,
4875,Vb-743.CP111-CDE-RMS,743.CP111,,2026-02-04,2.79,3.15,3.78,
4876,Vb-743.CP111-CNDE-RMS,743.CP111,,2026-02-04,9.7,3.31,5.86,
4877,Vb-743.CP111-MDE-RMS,743.CP111,,2026-02-04,3.31,2.22,2.88,
4878,Vb-743.CP111-MNDE-RMS,743.CP111,,2026-02-04,1.87,3.9,3.11,
4879,Vb-743.CP112-CDE-RMS,743.CP112,,2026-01-22,0.88,1.14,2.63,
4880,Vb-743.CP112-CNDE-RMS,743.CP112,,2026-01-22,1.32,1.5,2.38,
4881,Vb-743.CP112-MDE-RMS,743.CP112,,2026-01-22,0.53,0.48,1.15,
4882,Vb-743.CP112-MNDE-RMS,743.CP112,,2026-02-04,1.13,1.01,2.85,
4883,Vb-744.CP112-CDE-RMS,744.CP112,,2026-01-26,2.75,3.37,4.96,
4884,Vb-744.CP112-CNDE-RMS,744.CP112,,2026-01-26,5.38,5.16,3.71,
4885,Vb-744.CP112-MDE-RMS,744.CP112,,2026-01-26,2.44,3.54,2.76,
4886,Vb-744.CP112-MNDE-RMS,744.CP112,,2026-01-26,2.32,2.37,3.02,
4887,Vb-743.CP113-CDE-RMS,743.CP113,,2026-02-04,2.13,2.76,5.62,
4888,Vb-743.CP113-CNDE-RMS,743.CP113,,2026-02-04,4.03,3.86,6.21,
4889,Vb-743.CP113-MDE-RMS,743.CP113,,2026-02-04,1.62,5.46,4.57,
4890,Vb-743.CP113-MNDE-RMS,743.CP113,,2026-02-04,1.08,1.47,5.49,
4891,Vb-744.CP113-CDE-RMS,744.CP113,,2026-01-26,2.65,5.34,4.92,
4892,Vb-744.CP113-CNDE-RMS,744.CP113,,2026-01-26,5.96,8.85,4.62,
4893,Vb-744.CP113-MDE-RMS,744.CP113,,2026-01-26,1.97,4.96,4.22,
4894,Vb-744.CP113-MNDE-RMS,744.CP113,,2026-01-26,1.64,1.43,3.94,
4895,,332.CP280,Compressor DE,2026-02-04,1.58,1.86,0.8,
4896,,332.CP280,Compressor NDE,2026-02-04,0.94,1.4,1.53,
4897,,332.CP280,Motor DE,2026-02-04,1.49,1.49,1.94,
4898,,332.CP280,Motor NDE,2026-02-04,1.36,1.65,1.59,
4899,Vb-332.CP281-CDE-RMS,332.CP281,,2026-02-04,1.6,1.3,1.31,
4900,Vb-332.CP281-CNDE-RMS,332.CP281,,2026-02-04,1.77,3.11,2.16,
4901,Vb-332.CP281-MDE-RMS,332.CP281,,2026-02-04,1.15,1.11,0.92,
4902,Vb-332.CP281-MNDE-RMS,332.CP281,,2026-02-04,0.97,1.38,1.34,
4903,Vb-462.CP530-CDE-RMS,462.CP530,,2026-01-21,0.95,0.76,1.82,
4904,Vb-462.CP530-CNDE-RMS,462.CP530,,2026-01-21,4.51,4.2,1.57,
4905,Vb-462.CP530-MDE-RMS,462.CP530,,2026-01-21,1.85,1.84,3.26,
4906,Vb-462.CP530-MNDE-RMS,462.CP530,,2026-01-21,1.21,2.08,1.6,
4907,,462.CP.535,Compressor DE,2026-02-09,1.33,1.34,1.94,
4908,,462.CP.535,Compressor NDE,2026-02-09,5.33,4.51,1.29,
4909,,462.CP.535,Motor NDE,2026-02-09,1.02,2.07,1.85,
4910,Vb-332.FN400-FDE-RMS,332.FN400,,2026-02-16,0.52,0.25,0.6,
4911,Vb-332.FN400-FNDE-RMS,332.FN400,,2026-02-16,0.6,0.28,,
4912,Vb-332.FN400-MDE-RMS,332.FN400,,2026-02-16,0.38,0.51,0.24,
4913,Vb-332.FN400-MNDE-RMS,332.FN400,,2026-02-16,0.31,0.33,0.25,
4914,Vb-442.FN590-FDE-RMS,442.FN590,,2026-02-04,0.31,0.3,0.22,
4915,Vb-442.FN590-FNDE-RMS,442.FN590,,2026-02-04,0.42,0.42,0.24,
4916,Vb-442.FN590-MDE-RMS,442.FN590,,2026-02-04,0.33,0.33,0.35,
4917,Vb-442.FN590-MNDE-RMS,442.FN590,,2026-02-04,0.28,0.2,0.17,
4918,Vb-442.FN590-S1DE-RMS,442.FN590,,2026-02-04,0.89,0.57,0.63,
4919,Vb-442.FN590-S1NDE-RMS,442.FN590,,2026-02-04,0.66,0.64,0.58,
4920,Vb-442.FN590-S2DE-RMS,442.FN590,,2026-02-04,1.22,0.8,0.55,
4921,Vb-442.FN590-S2NDE-RMS,442.FN590,,2026-02-04,0.76,0.8,0.52,
4922,Vb-462.PP515-MDE-RMS,462.PP515,,2026-02-08,0.62,0.6,0.78,
4923,Vb-462.PP515-MNDE-RMS,462.PP515,,2026-02-08,0.39,0.35,0.26,
4924,Vb-462.PP515-PDE-RMS,462.PP515,,2026-02-08,2.46,2.5,1.61,
4925,Vb-462.PP515-PNDE-RMS,462.PP515,,2026-02-08,1.21,0.89,0.66,
4926,Vb-213.HC100-CRDE-RMS,213.HC100,,2026-01-26,8.46,1.57,4.42,
4927,Vb-213.HC100-CRNDE-RMS,213.HC100,,2026-01-26,5.34,1.76,2.56,
4928,Vb-213.HC100-MDE-RMS,213.HC100,,2026-01-26,1.41,1.58,1.19,
4929,Vb-213.HC100-MNDE-RMS,213.HC100,,2026-01-26,0.64,1.12,1.18,
4930,Vb-332.FN110-FDE-RMS,332.FN110,,2026-02-05,2.32,1.72,1.56,
4931,Vb-332.FN110-FNDE-RMS,332.FN110,,2026-02-05,2.07,0.7,1.09,
4932,Vb-332.FN110-MDE-RMS,332.FN110,,2026-02-05,1.23,1.2,0.39,
4933,Vb-332.FN110-MNDE-RMS,332.FN110,,2026-02-05,1.04,0.77,0.4,
4934,Vb-432.MD140-MDE-RMS,432.MD140,,2026-02-09,0.41,0.38,0.43,
4935,Vb-432.MD140-MNDE-RMS,432.MD140,,2026-02-09,0.44,0.25,0.39,
4936,Vb-432.MD140-S1DE-RMS,432.MD140,,2026-02-09,0.38,0.4,0.49,
4937,Vb-432.MD140-S1NDE-RMS,432.MD140,,2026-02-09,0.39,0.46,0.63,
4938,Vb-432.MD140-S2DE-RMS,432.MD140,,2026-02-09,0.57,0.31,0.51,
4939,Vb-432.MD140-S2NDE-RMS,432.MD140,,2026-02-09,0.5,0.51,0.64,
4940,Vb-432.MD140-S3DE-RMS,432.MD140,,2026-02-09,0.42,0.31,0.56,
4941,Vb-432.MD140-S3NDE-RMS,432.MD140,,2026-02-09,0.43,0.56,0.61,
4942,Vb-432.MD140-S4DE-RMS,432.MD140,,2026-02-09,0.49,0.55,2.35,
4943,Vb-432.MD140-S4NDE-RMS,432.MD140,,2026-02-09,0.54,0.3,1.19,
4944,Vb-432.MD160-MDE-RMS,432.MD160,,2026-02-09,0.46,0.39,0.34,
4945,Vb-432.MD160-MNDE-RMS,432.MD160,,2026-02-09,0.53,0.23,0.42,
4946,Vb-432.MD160-S1DE-RMS,432.MD160,,2026-02-09,0.75,0.64,0.62,
4947,Vb-432.MD160-S1NDE-RMS,432.MD160,,2026-01-27,,0.49,0.55,
4948,Vb-432.MD160-S1NDE-RMS,432.MD160,,2026-02-09,0.47,,,
4949,Vb-432.MD160-S2DE-RMS,432.MD160,,2026-02-09,0.6,0.53,0.61,
4950,Vb-432.MD160-S2NDE-RMS,432.MD160,,2026-02-09,0.54,0.46,0.98,
4951,Vb-432.MD160-S3DE-RMS,432.MD160,,2026-02-09,0.44,0.58,3.32,
4952,Vb-432.MD160-S3NDE-RMS,432.MD160,,2026-02-09,0.53,0.45,0.56,
4953,Vb-432.MD160-S4DE-RMS,432.MD160,,2026-02-09,0.51,0.68,0.47,
4954,Vb-432.MD160-S4NDE-RMS,432.MD160,,2026-02-09,0.71,0.32,0.91,
4955,Vb-432.FN171-FDE-RMS,432.FN171,,2026-02-09,1.65,0.54,0.64,
4956,Vb-432.FN171-FNDE-RMS,432.FN171,,2026-02-09,1.63,1.2,0.93,
4957,Vb-432.FN171-MDE-RMS,432.FN171,,2026-02-09,1.56,1.46,1.29,
4958,Vb-432.FN171-MNDE-RMS,432.FN171,,2026-02-09,1.1,0.51,0.63,
4959,Vb-432.FN176-FDE-RMS,432.FN176,,2026-02-01,1.26,0.83,0.85,
4960,Vb-432.FN176-FNDE-RMS,432.FN176,,2026-02-01,1.84,1.42,1.08,
4961,Vb-432.FN176-MDE-RMS,432.FN176,,2026-02-01,2.08,1.74,0.99,
4962,Vb-432.FN176-MNDE-RMS,432.FN176,,2026-02-01,1,1.05,0.67,
4963,Vb-462.FN400-FDE-RMS,462.FN400,,2026-02-09,0.98,0.78,0.65,
4964,Vb-462.FN400-FNDE-RMS,462.FN400,,2026-02-08,1.03,0.85,1.28,
4965,Vb-462.FN400-MDE-RMS,462.FN400,,2026-02-09,0.38,0.45,0.32,
4966,Vb-462.FN400-MNDE-RMS,462.FN400,,2026-02-09,0.34,0.26,1.31,
4967,Vb-432.FN560-MDE-RMS,432.FN560,,2026-02-09,3.82,1.83,1.81,
4968,Vb-432.FN560-MNDE-RMS,432.FN560,,2026-02-09,1.61,2.74,1.98,
4969,,762.WI211,Motor DE,2026-02-09,0.61,0.89,1.65,
4970,,762.WI211,Motor NDE,2026-02-09,0.53,1.19,0.68,
4971,,762.WI212,Motor DE,2026-02-10,17.17,4.5,10.67,
4972,,762.WI212,Motor NDE,2026-02-10,3.19,3.66,9.82,
4973,,762.WI213,Motor DE,2026-01-27,3.95,3.23,3.07,
4974,,762.WI213,Motor NDE,2026-01-27,5.39,3.79,3.17,
4975,,762.WI216,Motor DE,2026-01-27,2.16,2.05,1.41,
4976,,762.WI216,Motor NDE,2026-01-27,1.87,2.21,1.6,
4977,Vb-452.FN010-FDE-RMS,452.FN010,,2026-02-05,0.39,0.63,0.42,
4978,Vb-452.FN010-FNDE-RMS,452.FN010,,2026-02-05,1,1.01,0.68,
4979,Vb-452.FN010-MDE-RMS,452.FN010,,2026-02-05,0.35,0.25,0.58,
4980,Vb-452.FN010-MNDE-RMS,452.FN010,,2026-02-05,0.32,0.24,0.36,
4981,Vb-322.MD140-GBHSS0,322.MD140,,2026-02-16,,,,1.47
4982,Vb-322.MD140-GBHSS1,322.MD140,,2026-02-16,,,,3.91
4983,Vb-322.MD140-GBHSS6,322.MD140,,2026-02-16,,,,2.36
4984,Vb-322.MD140-MDE-RMS,322.MD140,,2026-02-16,2.2,2.33,1.29,
4985,Vb-322.MD140-MNDE-RMS,322.MD140,,2026-02-16,0.98,1.81,1.35,
4986,Vb-322.MD140-RG2,322.MD140,,2026-02-16,,,,1.96
4987,Vb-322.MD140-RG3,322.MD140,,2026-02-16,,,,1.59
4988,Vb-322.MD140-RG4,322.MD140,,2026-02-16,,,,1.8
4989,Vb-322.MD140-RG5,322.MD140,,2026-02-16,,,,1.45
4990,Vb-322.FN400-FDE-RMS,322.FN400,,2026-02-16,1.71,1,1.63,
4991,Vb-322.FN400-FNDE-RMS,322.FN400,,2026-02-16,1.65,0.69,0.97,
4992,Vb-322.FN400-MDE-RMS,322.FN400,,2026-02-16,0.73,0.61,0.3,
4993,Vb-322.FN400-MNDE-RMS,322.FN400,,2026-02-16,0.74,0.8,0.41,
4994,Vb-322.FN125-FDE-RMS,322.FN125,,2026-02-16,11.02,5.75,10.92,
4995,Vb-322.FN125-FNDE-RMS,322.FN125,,2026-02-16,7.49,4.64,6.46,
4996,Vb-322.FN125-MDE-RMS,322.FN125,,2026-02-16,7.75,13.72,,
4997,Vb-322.FN125-MNDE-RMS,322.FN125,,2026-02-16,10.08,8.75,7.96,
4998,Vb-351.BL110-BLDE-RMS,351.BL110,,2026-03-26,3.03,3.33,3.97,
4999,Vb-351.BL110-BLNDE-RMS,351.BL110,,2026-03-26,5.41,4.52,3.01,
5000,Vb-351.BL110-MDE-RMS,351.BL110,,2026-03-26,1.7,3.32,2.5,
5001,Vb-351.BL110-MNDE-RMS,351.BL110,,2026-03-26,4.62,3.65,2.81,
5002,Vb-341.BL300-BLDE-RMS,341.BL300,,2026-04-16,4.58,3.37,3.43,
5003,Vb-341.BL300-BLNDE-RMS,341.BL300,,2026-04-16,6.21,4.31,3.68,
5004,Vb-341.BL300-MDE-RMS,341.BL300,,2026-04-16,3.39,7.18,7.38,
5005,Vb-341.BL300-MNDE-RMS,341.BL300,,2026-04-16,4.03,2.68,3.55,
5006,Vb-341.BL305-BLDE-RMS,341.BL305,,2026-03-26,4.04,3.01,5.06,
5007,Vb-341.BL305-BLNDE-RMS,341.BL305,,2026-03-26,3.69,2.71,5.92,
5008,Vb-341.BL305-MDE-RMS,341.BL305,,2026-02-17,,,17.74,
5009,Vb-341.BL305-MDE-RMS,341.BL305,,2026-03-26,3.14,4.37,,
5010,Vb-341.BL305-MNDE-RMS,341.BL305,,2026-03-26,7.12,4.16,6.77,
5011,Vb-341.BL310-BLDE-RMS,341.BL310,,2026-02-17,2.33,2.32,3.36,
5012,Vb-341.BL310-BLNDE-RMS,341.BL310,,2026-02-17,2.28,1.81,3.52,
5013,Vb-341.BL310-MDE-RMS,341.BL310,,2026-02-17,2.31,3.46,7.96,
5014,Vb-341.BL310-MNDE-RMS,341.BL310,,2026-02-17,2.62,2.53,3.24,
5015,Vb-465.BL580-BLDE-RMS,465.BL580,,2026-03-26,7.33,10.56,6.24,
5016,Vb-465.BL580-BLNDE-RMS,465.BL580,,2026-03-26,5.43,5.53,6.19,
5017,Vb-465.BL580-MDE-RMS,465.BL580,,2026-03-26,3.81,4.04,2.78,
5018,Vb-465.BL580-MNDE-RMS,465.BL580,,2026-03-26,3.17,6.88,3.34,
5019,Vb-465.BL630-BLDE-RMS,465.BL630,,2026-03-25,2.07,3.81,3.61,
5020,Vb-465.BL630-BLNDE-RMS,465.BL630,,2026-03-25,2.36,2.19,4.31,
5021,Vb-465.BL630-MDE-RMS,465.BL630,,2026-03-25,1.79,2.13,1.27,
5022,Vb-465.BL630-MNDE-RMS,465.BL630,,2026-03-25,2.07,1.55,1.58,
5023,Vb-465.BL635-BLDE-RMS,465.BL635,,2026-01-14,2.82,11.26,4.62,
5024,Vb-465.BL635-BLNDE-RMS,465.BL635,,2026-01-14,3.8,5.24,6.04,
5025,Vb-465.BL635-MDE-RMS,465.BL635,,2026-01-14,2.17,2.74,1.55,
5026,Vb-465.BL635-MNDE-RMS,465.BL635,,2026-01-14,2.11,1.44,3.63,
5027,Vb-461.FN450-FDE-RMS,461.FN450,,2026-03-26,0.35,0.22,0.21,
5028,Vb-461.FN450-FNDE-RMS,461.FN450,,2026-03-26,0.43,0.42,0.52,
5029,Vb-461.FN450-MDE-RMS,461.FN450,,2026-03-26,0.33,0.21,0.23,
5030,Vb-461.FN450-MNDE-RMS,461.FN450,,2026-03-26,0.27,0.14,0.12,
5031,Vb-341.BE040-MDE-RMS,341.BE040,,2026-02-17,1.69,1.75,1.67,
5032,Vb-341.BE040-MNDE-RMS,341.BE040,,2026-02-17,1.94,1.77,1.88,
5033,Vb-341.BE040-S1NDE-RMS,341.BE040,,2026-02-17,1.5,1.58,1.67,
5034,Vb-341.BE040-S2NDE-RMS,341.BE040,,2026-02-17,2.24,1.49,1.59,
5035,Vb-341.BE040-S3DE-RMS,341.BE040,,2026-02-17,1.12,1.89,2.03,
5036,Vb-341.BE040-S3NDE-RMS,341.BE040,,2026-02-17,1.92,1.89,1.49,
5037,Vb-351.BE340-MDE-RMS,351.BE340,,2026-02-17,1.85,1.75,1.75,
5038,Vb-351.BE340-MNDE-RMS,351.BE340,,2026-02-17,3.24,3.47,1.6,
5039,Vb-351.BE340-S1NDE-RMS,351.BE340,,2026-02-17,1.32,1.56,1.73,
5040,Vb-351.BE340-S2NDE-RMS,351.BE340,,2026-02-17,1.57,2.13,1.82,
5041,Vb-351.BE340-S3DE-RMS,351.BE340,,2026-02-17,1.42,2.4,1.1,
5042,Vb-351.BE340-S3NDE-RMS,351.BE340,,2026-02-17,1.39,3,1.43,
5043,Vb-342.BE041-MDE-RMS,342.BE041,,2026-02-17,2.03,2.32,1.52,
5044,Vb-342.BE041-MNDE-RMS,342.BE041,,2026-02-17,3.11,1.5,1.07,
5045,Vb-342.BE041-S1NDE-RMS,342.BE041,,2026-02-17,1.02,1.81,1.24,
5046,Vb-342.BE041-S2NDE-RMS,342.BE041,,2026-02-17,1.74,1.64,1.57,
5047,Vb-342.BE041-S3DE-RMS,342.BE041,,2026-02-17,0.78,1.39,1.24,
5048,Vb-342.BE041-S3NDE-RMS,342.BE041,,2026-02-17,1.12,1.39,1.21,
5049,Vb-351.BE341-MDE-RMS,351.BE341,,2026-02-17,2.57,2.4,2.68,
5050,Vb-351.BE341-MNDE-RMS,351.BE341,,2026-02-17,4.79,3.75,2.31,
5051,Vb-351.BE341-S1NDE-RMS,351.BE341,,2026-02-17,1.72,1.68,1.73,
5052,Vb-351.BE341-S2NDE-RMS,351.BE341,,2026-02-17,1.75,1.73,1.85,
5053,Vb-351.BE341-S3DE-RMS,351.BE341,,2026-02-17,1.39,1.6,1.34,
5054,Vb-351.BE341-S3NDE-RMS,351.BE341,,2026-02-17,1.71,1.85,1.6,
5055,Vb-451.FN240-FDE-RMS,451.FN240,,2026-03-26,0.44,0.46,0.46,
5056,Vb-451.FN240-FNDE-RMS,451.FN240,,2026-03-26,0.65,0.77,0.46,
5057,Vb-451.FN240-MDE-RMS,451.FN240,,2026-03-26,0.93,1.13,0.43,
5058,Vb-451.FN240-MNDE-RMS,451.FN240,,2026-03-26,0.51,0.51,0.38,
5059,Vb-451.WI210-MDE-RMS,451.WI210,,2026-04-12,2.28,1.83,1.69,
5060,Vb-451.WI210-PDE-RMS,451.WI210,,2026-04-12,6.06,4.85,3,
5061,Vb-451.WI210-PNDE-RMS,451.WI210,,2026-04-12,1.52,1.86,1.89,
5062,Vb-451.WI111-MDE-RMS,451.WI111,,2026-04-12,2.94,2.1,0.5,
5063,Vb-451.WI111-MNDE-RMS,451.WI111,,2026-04-12,0.71,2.62,0.43,
5064,Vb-451.WI111-PDE-RMS,451.WI111,,2026-03-30,,,1.51,
5065,Vb-451.WI111-PDE-RMS,451.WI111,,2026-04-12,2.02,1.99,,
5066,Vb-451.WI111-PNDE-RMS,451.WI111,,2026-04-12,0.81,0.83,1.02,
5067,Vb-341.FN315-FDE-RMS,341.FN315,,2026-01-21,5,1.87,2.09,
5068,Vb-341.FN315-FNDE-RMS,341.FN315,,2026-01-21,5.96,1.45,4.76,
5069,Vb-341.FN315-MDE-RMS,341.FN315,,2026-01-21,5.22,2.74,,
5070,Vb-341.FN315-MNDE-RMS,341.FN315,,2026-01-21,3.21,2.25,3.13,
5071,Vb-341.FN316-FDE-RMS,341.FN316,,2026-03-10,6.2,5.24,5.11,
5072,Vb-341.FN316-FNDE-RMS,341.FN316,,2026-03-10,6.9,5.43,4.88,
5073,Vb-341.FN316-MDE-RMS,341.FN316,,2026-03-10,6.84,6.64,,
5074,Vb-341.FN316-MNDE-RMS,341.FN316,,2026-03-10,6.46,6.61,5.59,
5075,Vb-441.CR400-CRDE-RMS,441.CR400,,2026-04-07,1.28,1.61,0.71,
5076,Vb-441.CR400-CRNDE-RMS,441.CR400,,2026-04-07,1.16,0.99,0.97,
5077,Vb-441.CR400-MDE-RMS,441.CR400,,2026-04-07,0.73,0.76,0.76,
5078,Vb-441.CR400-MNDE-RMS,441.CR400,,2026-04-07,0.77,0.51,0.87,
5079,Vb-461.MD140-MDE-RMS,461.MD140,,2026-03-26,0.53,0.46,0.54,
5080,Vb-461.MD140-MNDE-RMS,461.MD140,,2026-03-26,0.35,0.3,0.6,
5081,Vb-461.MD140-PHSS-RMS,461.MD140,,2026-03-26,0.77,0.74,1.08,
5082,Vb-461.MD140-RGT-RMS,461.MD140,,2026-03-26,1.23,0.96,1.44,
5083,Vb-461.FN125-FDE-RMS,461.FN125,,2026-03-26,4.33,4.78,6,
5084,Vb-461.FN125-FNDE-RMS,461.FN125,,2026-03-26,4.65,5.2,6.53,
5085,Vb-461.FN125-MDE-RMS,461.FN125,,2026-03-26,6.22,6.07,,
5086,Vb-461.FN125-MNDE-RMS,461.FN125,,2026-03-26,4.92,3.77,10.92,
5087,Vb-461.MD152-MDE-RMS,461.MD152,,2026-03-26,1.17,0.85,0.35,
5088,Vb-461.MD152-MNDE-RMS,461.MD152,,2026-03-26,1.04,1.52,0.42,
5089,Vb-461.MD152-S1DE-RMS,461.MD152,,2026-03-26,0.89,0.56,0.36,
5090,Vb-461.MD152-S1NDE-RMS,461.MD152,,2026-03-26,0.77,0.5,0.39,
5091,Vb-461.MD152-S2DE-RMS,461.MD152,,2026-03-26,0.72,1.03,0.59,
5092,Vb-461.MD152-S2NDE-RMS,461.MD152,,2026-03-26,0.65,0.68,,
5093,Vb-331.WI211-MDE-RMS,331.WI211,,2026-03-24,5.7,4.36,2.79,
5094,Vb-331.WI211-MNDE-RMS,331.WI211,,2026-03-24,2.07,1.29,0.62,
5095,Vb-331.WI211-PDE-RMS,331.WI211,,2026-03-24,2.23,3.29,1.89,
5096,Vb-331.WI211-PNDE-RMS,331.WI211,,2026-03-24,1.41,1.06,2.01,
5097,Vb-441.FN300-FDE-RMS,441.FN300,,2026-04-06,7.41,3.15,3.56,
5098,Vb-441.FN300-FNDE-RMS,441.FN300,,2026-04-06,7.78,3.08,3.72,
5099,Vb-441.FN300-MDE-RMS,441.FN300,,2026-04-06,7,4.14,3.53,
5100,Vb-441.FN300-MNDE-RMS,441.FN300,,2026-04-06,5.32,1.54,2.87,
5101,Vb-441.FN305-FDE-RMS,441.FN305,,2026-04-06,1.25,1.36,0.71,
5102,Vb-441.FN305-FNDE-RMS,441.FN305,,2026-04-06,0.93,1.12,0.98,
5103,Vb-441.FN305-MDE-RMS,441.FN305,,2026-04-06,1.84,2.72,2.08,
5104,Vb-441.FN305-MNDE-RMS,441.FN305,,2026-04-06,1.11,1.35,0.77,
5105,Vb-441.FN310-FDE-RMS,441.FN310,,2026-04-06,1.45,1.42,0.84,
5106,Vb-441.FN310-FNDE-RMS,441.FN310,,2026-04-06,1.41,1.11,1.04,
5107,Vb-441.FN310-MDE-RMS,441.FN310,,2026-04-06,1.71,2.51,2.51,
5108,Vb-441.FN310-MNDE-RMS,441.FN310,,2026-04-06,0.69,1.53,1.11,
5109,Vb-441.FN315-FDE-RMS,441.FN315,,2026-04-06,12.04,4.01,1.41,
5110,Vb-441.FN315-FNDE-RMS,441.FN315,,2026-04-06,2.35,1.25,1.32,
5111,Vb-441.FN315-MDE-RMS,441.FN315,,2026-04-06,4.22,3.05,0.95,
5112,Vb-441.FN315-MNDE-RMS,441.FN315,,2026-04-06,2.14,1.01,1.04,
5113,Vb-441.FN325-FDE-RMS,441.FN325,,2026-04-06,0.94,0.87,0.88,
5114,Vb-441.FN325-FNDE-RMS,441.FN325,,2026-04-06,1.49,1.89,0.93,
5115,Vb-441.FN325-MDE-RMS,441.FN325,,2026-04-06,1.94,1.6,1.59,
5116,Vb-441.FN325-MNDE-RMS,441.FN325,,2026-04-06,0.73,1.27,0.59,
5117,Vb-441.FN335-FDE-RMS,441.FN335,,2026-04-06,0.75,0.75,0.47,
5118,Vb-441.FN335-FNDE-RMS,441.FN335,,2026-04-06,1.45,0.9,1.48,
5119,Vb-441.FN335-MDE-RMS,441.FN335,,2026-04-06,0.74,0.78,0.54,
5120,Vb-441.FN335-MNDE-RMS,441.FN335,,2026-04-06,0.51,0.63,0.44,
5121,Vb-441.FN340-FDE-RMS,441.FN340,,2026-04-07,0.34,0.35,0.51,
5122,Vb-441.FN340-FNDE-RMS,441.FN340,,2026-04-07,0.39,0.39,0.45,
5123,Vb-441.FN340-MDE-RMS,441.FN340,,2026-04-07,0.62,0.61,0.36,
5124,Vb-441.FN340-MNDE-RMS,441.FN340,,2026-04-07,0.28,0.46,0.21,
5125,Vb-441.FN345-FDE-RMS,441.FN345,,2026-04-07,1.75,0.85,0.34,
5126,Vb-441.FN345-FNDE-RMS,441.FN345,,2026-04-07,1.07,1.15,0.63,
5127,Vb-441.FN345-MDE-RMS,441.FN345,,2026-04-07,1.77,2.11,1.25,
5128,Vb-441.FN345-MNDE-RMS,441.FN345,,2026-04-07,0.61,0.99,0.56,
5129,Vb-441.FN350-FDE-RMS,441.FN350,,2026-04-07,0.35,0.36,0.2,
5130,Vb-441.FN350-FNDE-RMS,441.FN350,,2026-04-07,0.36,0.43,0.3,
5131,Vb-441.FN350-MDE-RMS,441.FN350,,2026-04-07,0.58,0.57,1,
5132,Vb-441.FN350-MNDE-RMS,441.FN350,,2026-04-07,0.3,0.58,0.27,
5133,Vb-741.CP110-CDE-RMS,741.CP110,,2026-03-24,6.04,3.23,3.43,
5134,Vb-741.CP110-CNDE-RMS,741.CP110,,2026-03-24,3.86,3.59,3.94,
5135,Vb-741.CP110-MDE-RMS,741.CP110,,2026-03-24,3.64,3.28,5.54,
5136,Vb-741.CP110-MNDE-RMS,741.CP110,,2026-03-24,1.68,2.18,5.04,
5137,Vb-741.CP111-CDE-RMS,741.CP111,,2026-03-24,2.89,2.47,3.05,
5138,Vb-741.CP111-CNDE-RMS,741.CP111,,2026-03-24,4.64,5.24,5.82,
5139,Vb-741.CP111-MDE-RMS,741.CP111,,2026-03-24,2.47,2.73,4.82,
5140,Vb-741.CP111-MNDE-RMS,741.CP111,,2026-03-24,3.66,3.82,2.39,
5141,Vb-742.CP111-CDE-RMS,742.CP111,,2026-01-04,1.48,3.87,4.71,
5142,Vb-742.CP111-CNDE-RMS,742.CP111,,2026-01-04,4.05,5.28,4.9,
5143,Vb-742.CP111-MDE-RMS,742.CP111,,2026-01-04,1.49,1.81,1.94,
5144,Vb-742.CP111-MNDE-RMS,742.CP111,,2026-01-04,1.09,0.81,,
5145,Vb-741.CP112-CDE-RMS,741.CP112,,2026-03-24,4.68,4,5.17,
5146,Vb-741.CP112-CNDE-RMS,741.CP112,,2026-03-24,3.84,4.5,5.95,
5147,Vb-741.CP112-MDE-RMS,741.CP112,,2026-03-24,3.55,3.01,4.07,
5148,Vb-741.CP112-MNDE-RMS,741.CP112,,2026-03-24,5.15,2.26,4.46,
5149,Vb-742.CP112-CDE-RMS,742.CP112,,2026-01-04,3.12,5.46,5.19,
5150,Vb-742.CP112-CNDE-RMS,742.CP112,,2026-01-04,5.22,8.45,4.8,
5151,Vb-742.CP112-MDE-RMS,742.CP112,,2026-01-04,3.91,3.44,6.31,
5152,Vb-742.CP112-MNDE-RMS,742.CP112,,2026-01-04,2.72,1.38,3.07,
5153,Vb-741.CP113-CDE-RMS,741.CP113,,2026-03-24,4.09,3.97,2.41,
5154,Vb-741.CP113-CNDE-RMS,741.CP113,,2026-03-24,2.73,4.7,3.97,
5155,Vb-741.CP113-MDE-RMS,741.CP113,,2026-03-24,2.48,2.71,3.04,
5156,Vb-741.CP113-MNDE-RMS,741.CP113,,2026-03-24,3.1,1.6,2.64,
5157,Vb-742.CP113-CDE-RMS,742.CP113,,2026-01-04,2.78,1.9,0.73,
5158,Vb-742.CP113-CNDE-RMS,742.CP113,,2026-01-04,1.5,0.94,1.59,
5159,Vb-742.CP113-MDE-RMS,742.CP113,,2026-01-04,2.61,2.01,1.93,
5160,Vb-742.CP113-MNDE-RMS,742.CP113,,2026-01-04,2.07,2.36,1.13,
5161,Vb-331.CP280-CDE-RMS,331.CP280,,2026-03-24,7,4.74,3.7,
5162,Vb-331.CP280-CNDE-RMS,331.CP280,,2026-03-24,5.32,9.48,6.27,
5163,Vb-331.CP280-MDE-RMS,331.CP280,,2026-03-24,6.33,3.24,3.41,
5164,Vb-331.CP280-MNDE-RMS,331.CP280,,2026-03-24,6.77,3.26,3.61,
5165,Vb-331.CP281-CDE-RMS,331.CP281,,2026-03-24,5.95,5.43,3.52,
5166,Vb-331.CP281-CNDE-RMS,331.CP281,,2026-03-24,7.29,9.6,6.57,
5167,Vb-331.CP281-MDE-RMS,331.CP281,,2026-03-24,4.25,3.8,3.39,
5168,Vb-331.CP281-MNDE-RMS,331.CP281,,2026-03-24,5.86,6.03,3.39,
5169,Vb-331.CP282-CDE-RMS,331.CP282,,2026-04-05,3.3,,,
5170,Vb-331.CP282-CNDE-RMS,331.CP282,,2026-04-05,5.57,,,
5171,Vb-331.CP282-MDE-RMS,331.CP282,,2026-04-05,4.12,,,
5172,Vb-461.CP524-CDE-RMS,461.CP524,,2026-01-21,1.08,2.67,2.14,
5173,Vb-461.CP524-CNDE-RMS,461.CP524,,2026-01-21,2.83,2.27,1.55,
5174,Vb-461.CP524-MDE-RMS,461.CP524,,2026-01-21,1.57,2.34,1.6,
5175,Vb-461.CP524-MNDE-RMS,461.CP524,,2026-01-21,2.02,2.7,2.15,
5176,,461.CP525,Compressor DE,2026-02-14,2.91,3.46,4.37,
5177,,461.CP525,Compressor NDE,2026-02-14,2.9,2.29,1.81,
5178,,461.CP525,Motor DE,2026-02-14,1.52,1.51,2.49,
5179,,461.CP525,Motor NDE,2026-02-14,1.13,0.93,1.09,
5180,Vb-111.CP400-CDE-RMS,111.CP400,,2026-03-15,4.83,4.24,6.99,
5181,Vb-111.CP400-CNDE-RMS,111.CP400,,2026-03-15,5.35,6.6,7.01,
5182,Vb-111.CP400-MDE-RMS,111.CP400,,2026-03-15,9.8,9.77,10.66,
5183,Vb-111.CP400-MNDE-RMS,111.CP400,,2026-03-15,4.82,5.2,8.96,
5184,Vb-331.FN400-FDE-RMS,331.FN400,,2026-04-14,0.43,0.23,0.35,
5185,Vb-331.FN400-FNDE-RMS,331.FN400,,2026-04-14,0.47,0.31,,
5186,Vb-331.FN400-MDE-RMS,331.FN400,,2026-04-14,0.31,0.32,0.23,
5187,Vb-331.FN400-MNDE-RMS,331.FN400,,2026-04-14,0.39,0.47,0.2,
5188,Vb-441.FN.590-FDE-RMS,441.FN590,,2026-04-06,0.19,0.15,0.14,
5189,Vb-441.FN.590-FNDE-RMS,441.FN590,,2026-04-06,0.26,0.18,0.13,
5190,Vb-441.FN.590-MDE-RMS,441.FN590,,2026-04-06,0.42,0.33,0.1,
5191,Vb-441.FN.590-MNDE-RMS,441.FN590,,2026-04-06,0.25,0.11,0.11,
5192,Vb-441.FN.590-S1DE-RMS,441.FN590,,2026-04-06,0.19,0.18,0.14,
5193,Vb-441.FN.590-S1NDE-RMS,441.FN590,,2026-04-06,0.14,0.28,0.13,
5194,Vb-441.FN.590-S2DE-RMS,441.FN590,,2026-04-06,0.25,0.16,0.3,
5195,Vb-441.FN.590-S2NDE-RMS,441.FN590,,2026-04-06,0.26,0.18,0.31,
5196,Vb-461.PP515-MDE-RMS,461.PP515,,2026-03-26,0.42,0.26,0.21,
5197,Vb-461.PP515-MNDE-RMS,461.PP515,,2026-03-26,0.13,0.22,0.1,
5198,Vb-461.PP515-PDE-RMS,461.PP515,,2026-03-26,0.99,0.63,0.33,
5199,Vb-461.PP515-PNDE-RMS,461.PP515,,2026-03-26,0.67,0.61,0.53,
5200,Vb-331.FN110-FDE-RMS,331.FN110,,2026-04-01,1.61,0.95,0.72,
5201,Vb-331.FN110-FNDE-RMS,331.FN110,,2026-04-01,1.89,0.88,1.56,
5202,Vb-331.FN110-MDE-RMS,331.FN110,,2026-04-01,2.31,1.91,0.32,
5203,Vb-331.FN110-MNDE-RMS,331.FN110,,2026-03-26,,,0.55,
5204,Vb-331.FN110-MNDE-RMS,331.FN110,,2026-04-01,0.87,1.04,,
5205,Vb-431.MD140-MDE-RMS,431.MD140,,2026-03-24,0.26,0.12,0.24,
5206,Vb-431.MD140-MNDE-RMS,431.MD140,,2026-03-24,0.24,0.15,0.24,
5207,Vb-431.MD140-S1DE-RMS,431.MD140,,2026-03-24,0.33,0.28,0.45,
5208,Vb-431.MD140-S1NDE-RMS,431.MD140,,2026-03-24,0.31,0.26,0.42,
5209,Vb-431.MD140-S2DE-RMS,431.MD140,,2026-03-24,0.36,0.2,0.43,
5210,Vb-431.MD140-S2NDE-RMS,431.MD140,,2026-03-24,0.33,0.3,0.45,
5211,Vb-431.MD140-S3DE-RMS,431.MD140,,2026-03-24,0.33,0.22,0.42,
5212,Vb-431.MD140-S3NDE-RMS,431.MD140,,2026-03-24,0.35,0.41,0.45,
5213,Vb-431.MD140-S4DE-RMS,431.MD140,,2026-03-24,0.28,0.3,0.39,
5214,Vb-431.MD140-S4NDE-RMS,431.MD140,,2026-03-24,0.27,0.29,0.41,
5215,Vb-431.MD160-MDE-RMS,431.MD160,,2026-03-25,0.62,0.81,0.48,
5216,Vb-431.MD160-MNDE-RMS,431.MD160,,2026-03-25,0.48,0.59,0.45,
5217,Vb-431.MD160-S1DE-RMS,431.MD160,,2026-03-25,0.39,0.69,0.45,
5218,Vb-431.MD160-S1NDE-RMS,431.MD160,,2026-03-25,0.41,0.68,0.42,
5219,Vb-431.MD160-S2DE-RMS,431.MD160,,2026-03-25,0.44,0.5,0.57,
5220,Vb-431.MD160-S2NDE-RMS,431.MD160,,2026-03-25,0.47,0.42,0.54,
5221,Vb-431.MD160-S3DE-RMS,431.MD160,,2026-03-25,0.42,0.4,0.59,
5222,Vb-431.MD160-S3NDE-RMS,431.MD160,,2026-03-25,0.41,0.32,0.51,
5223,Vb-431.MD160-S4DE-RMS,431.MD160,,2026-03-25,0.51,0.43,0.51,
5224,Vb-431.MD160-S4NDE-RMS,431.MD160,,2026-03-25,0.42,0.54,0.52,
5225,Vb-431.FN171-FDE-RMS,431.FN171,,2026-03-24,1.3,0.58,1.18,
5226,Vb-431.FN171-FNDE-RMS,431.FN171,,2026-03-24,1.54,0.95,1.02,
5227,Vb-431.FN171-MDE-RMS,431.FN171,,2026-03-24,1.52,1.2,1.5,
5228,Vb-431.FN171-MNDE-RMS,431.FN171,,2026-03-24,0.94,0.69,0.79,
5229,Vb-431.FN176-FDE-RMS,431.FN176,,2026-04-06,1.26,0.82,1.23,
5230,Vb-431.FN176-FNDE-RMS,431.FN176,,2026-04-06,1.6,1.92,1.27,
5231,Vb-431.FN176-MDE-RMS,431.FN176,,2026-04-06,1.44,1.28,1.01,
5232,Vb-431.FN176-MNDE-RMS,431.FN176,,2026-04-06,0.86,0.79,0.88,
5233,Vb-111.HC100-MDE-RMS,111.HC100,,2026-01-30,1.03,1.05,0.24,
5234,Vb-111.HC100-MNDE-RMS,111.HC100,,2026-01-30,0.39,0.13,0.22,
5235,Vb-111.HC100-RDE-RMS,111.HC100,,2026-01-30,0.98,0.89,1.07,
5236,Vb-111.HC100-RNDE-RMS,111.HC100,,2026-01-30,1.11,0.67,0.98,
5237,Vb-111.HC100-S1DE-RMS,111.HC100,,2026-01-30,0.97,0.64,0.73,
5238,Vb-111.HC100-S1NDE-RMS,111.HC100,,2026-01-30,1.33,0.61,0.87,
5239,Vb-111.HC100-S2DE-RMS,111.HC100,,2026-01-30,0.94,1.22,0.98,
5240,Vb-111.HC100-S2NDE-RMS,111.HC100,,2026-01-30,0.9,1.23,0.99,
5241,Vb-461.FN400-FDE-RMS,461.FN400,,2026-03-26,1.56,0.93,1.86,
5242,Vb-461.FN400-FNDE-RMS,461.FN400,,2026-03-26,1.09,0.62,0.73,
5243,Vb-461.FN400-MDE-RMS,461.FN400,,2026-03-26,0.88,0.78,0.91,
5244,Vb-461.FN400-MNDE-RMS,461.FN400,,2026-03-26,0.61,0.63,0.9,
5245,Vb-431.FN560-MDE-RMS,431.FN560,,2026-03-25,0.85,1.2,1.86,
5246,Vb-431.FN560-MNDE-RMS,431.FN560,,2026-03-25,1.17,0.74,1.8,
5247,,441.WI001,Motor DE,2026-03-25,2.45,2.99,2.37,
5248,,441.WI001,Motor NDE,2026-03-25,1.6,2.75,2.19,
5249,,761.WI210,Motor DE,2026-04-08,3.27,5.27,3.96,
5250,,761.WI210,Motor NDE,2026-04-08,1.92,8.43,6.85,
5251,,441.WI002,Motor DE,2026-03-25,1.76,1.56,3.05,
5252,,441.WI002,Motor NDE,2026-03-25,1.43,2.72,1.77,
5253,,761.WI211,Motor DE,2026-04-08,3.39,2.21,2.74,
5254,,761.WI211,Motor NDE,2026-04-08,0.86,1.71,1.88,
5255,,441.WI003,Motor DE,2026-03-25,1.79,1.62,2.35,
5256,,441.WI003,Motor NDE,2026-03-25,1.61,1.91,0.98,
5257,,761.WI212,Motor DE,2026-04-08,3.11,4.34,2.95,
5258,,761.WI212,Motor NDE,2026-04-08,1.83,8.88,6.81,
5259,,441.WI004,Motor DE,2026-03-25,1.53,1.53,2.33,
5260,,441.WI004,Motor NDE,2026-03-25,2.15,2.84,1.69,
5261,,761.WI213,Motor DE,2026-04-08,3.74,3.5,9.19,
5262,,761.WI213,Motor NDE,2026-04-08,0.78,5.4,7.95,
5263,,761.WI214,Motor DE,2026-04-08,8.63,6.81,4.97,
5264,,761.WI214,Motor NDE,2026-04-08,0.94,4.42,5.64,
5265,,761.WI215,Motor DE,2026-02-14,9.66,3.06,4.49,
5266,,761.WI215,Motor NDE,2026-02-14,2.85,5.83,5.05,
5267,,761.WI216,Motor DE,2026-04-08,2.89,6.56,4.03,
5268,,761.WI216,Motor NDE,2026-04-08,6.07,7.02,2.67,
5269,Vb-451.FN010-FDE-RMS,451.FN010,,2026-03-26,0.53,0.69,0.41,
5270,Vb-451.FN010-FNDE-RMS,451.FN010,,2026-03-26,0.88,0.79,0.66,
5271,Vb-451.FN010-MDE-RMS,451.FN010,,2026-03-26,1.24,1.05,0.64,
5272,Vb-451.FN010-MNDE-RMS,451.FN010,,2026-03-26,0.61,0.24,0.51,
5273,Vb-321.MD140-GBHSS0,321.MD140,,2026-04-14,,,,0.3
5274,Vb-321.MD140-GBHSS1,321.MD140,,2026-04-14,,,,4
5275,Vb-321.MD140-GBHSS6,321.MD140,,2026-04-14,,,,0.64
5276,Vb-321.MD140-MDE-RMS,321.MD140,,2026-04-14,1.9,2.28,1.42,
5277,Vb-321.MD140-MNDE-RMS,321.MD140,,2026-04-14,0.8,1.68,1.33,
5278,Vb-321.MD140-RG2,321.MD140,,2026-04-14,,,,0.17
5279,Vb-321.MD140-RG3,321.MD140,,2026-04-14,,,,0.2
5280,Vb-321.MD140-RG4,321.MD140,,2026-04-14,,,,0.16
5281,Vb-321.MD140-RG5,321.MD140,,2026-04-14,,,,0.25
5282,Vb-321.FN400-FDE-RMS,321.FN400,,2026-04-14,1.68,0.84,1.11,
5283,Vb-321.FN400-FNDE-RMS,321.FN400,,2026-04-14,1.85,1.02,0.92,
5284,Vb-321.FN400-MDE-RMS,321.FN400,,2026-04-14,0.8,0.52,0.26,
5285,Vb-321.FN400-MNDE-RMS,321.FN400,,2026-04-14,0.64,0.37,0.31,
5286,Vb-321.MD152-MDE-RMS,321.MD152,,2026-03-26,9.76,5.81,12.94,
5287,Vb-321.MD152-MNDE-RMS,321.MD152,,2026-03-26,8.64,8.18,13.46,
5288,Vb-321.MD152-S1DE-RMS,321.MD152,,2026-03-26,8.27,7.09,14.04,
5289,Vb-321.MD152-S1NDE-RMS,321.MD152,,2026-03-26,12.75,5.37,13.46,
5290,Vb-321.MD152-S2DE-RMS,321.MD152,,2026-03-26,8.19,5.49,11.96,
5291,Vb-321.MD152-S2NDE-RMS,321.MD152,,2026-03-26,7.38,3.62,13.88,
5292,Vb-321.FN125-FDE-RMS,321.FN125,,2026-04-14,11.78,5.09,10.47,
5293,Vb-321.FN125-FNDE-RMS,321.FN125,,2026-04-14,8.93,3.97,7.24,
5294,Vb-321.FN125-MDE-RMS,321.FN125,,2026-04-14,8.56,8.31,,
5295,Vb-321.FN125-MNDE-RMS,321.FN125,,2026-04-14,9.21,6.78,6.66,
5296,,352.BL115,BL DE,2026-04-15,3.13,3.62,2.19,
5297,,352.BL115,BL NDE,2026-04-15,2.48,1.85,2.21,
5298,,352.BL115,Motor DE,2026-04-15,1.04,2.14,2.99,
5299,,352.BL115,Motor NDE,2026-04-15,,,2.71,
5300,,352.BL115,Motor NDE,2026-04-15,1.56,1.65,,
5301,Vb-342.BL300-BLDE-RMS,342.BL300,,2026-03-30,1.42,1.7,1.38,
5302,Vb-342.BL300-BLNDE-RMS,342.BL300,,2026-03-30,1.33,1.52,1.8,
5303,Vb-342.BL300-MDE-RMS,342.BL300,,2026-03-30,1.2,1.45,3.67,
5304,Vb-342.BL300-MNDE-RMS,342.BL300,,2026-03-30,,,2.43,
5305,Vb-342.BL300-MNDE-RMS,342.BL300,,2026-03-30,1.4,1.58,,
5306,Vb-342.BL305-BLDE-RMS,342.BL305,,2026-04-15,1.87,2.25,2.06,
5307,Vb-342.BL305-BLNDE-RMS,342.BL305,,2026-04-15,1.72,1.82,2.04,
5308,Vb-342.BL305-MDE-RMS,342.BL305,,2026-04-15,2.25,2.23,4.14,
5309,Vb-342.BL305-MNDE-RMS,342.BL305,,2026-04-15,2.2,2.43,1.92,
5310,Vb-342.BL310-BLDE-RMS,342.BL310,,2026-04-15,3.4,1.95,1.53,
5311,Vb-342.BL310-BLNDE-RMS,342.BL310,,2026-04-15,2.7,2.28,1.56,
5312,Vb-342.BL310-MDE-RMS,342.BL310,,2026-04-15,2.66,2.11,5.45,
5313,Vb-342.BL310-MNDE-RMS,342.BL310,,2026-04-15,3.15,3.21,2.45,
5314,Vb-466.BL580-BLDE-RMS,466.BL580,,2026-02-04,6.23,6.82,8.64,
5315,Vb-466.BL580-BLNDE-RMS,466.BL580,,2026-02-04,5.01,5.83,4.4,
5316,Vb-466.BL580-MDE-RMS,466.BL580,,2026-02-04,4.75,4.37,2.49,
5317,Vb-466.BL580-MNDE-RMS,466.BL580,,2026-02-04,2.76,4.08,3.15,
5318,Vb-466.BL585-BLDE-RMS,466.BL585,,2026-03-29,6.86,8.38,6.94,
5319,Vb-466.BL585-BLNDE-RMS,466.BL585,,2026-03-29,7.23,6.13,6.92,
5320,Vb-466.BL585-MDE-RMS,466.BL585,,2026-03-29,5.59,4.26,3.11,
5321,Vb-466.BL585-MNDE-RMS,466.BL585,,2026-03-29,4.59,4.47,4.25,
5322,Vb-466.BL630-BLDE-RMS,466.BL630,,2026-03-29,5.45,7.44,6.33,
5323,Vb-466.BL630-BLNDE-RMS,466.BL630,,2026-03-29,6.67,6.18,6.17,
5324,Vb-466.BL630-MDE-RMS,466.BL630,,2026-03-29,2.09,4.03,2.43,
5325,Vb-466.BL630-MNDE-RMS,466.BL630,,2026-03-29,3.34,2.01,1.49,
5326,Vb-462.FN450-FDE-RMS,462.FN450,,2026-04-15,0.1,0.1,0.15,
5327,Vb-462.FN450-FNDE-RMS,462.FN450,,2026-03-29,,,0.13,
5328,Vb-462.FN450-FNDE-RMS,462.FN450,,2026-04-15,0.1,0.44,,
5329,Vb-462.FN450-MDE-RMS,462.FN450,,2026-04-15,0.1,0.09,0.08,
5330,Vb-462.FN450-MNDE-RMS,462.FN450,,2026-04-15,0.12,0.07,0.08,
5331,Vb-342.BE050-MDE-RMS,342.BE050,,2026-02-09,2.48,3.05,1.79,
5332,Vb-342.BE050-MNDE-RMS,342.BE050,,2026-02-09,4.93,5.07,1.84,
5333,Vb-342.BE050-S1NDE-RMS,342.BE050,,2026-02-09,2.04,2.03,1.14,
5334,Vb-342.BE050-S2NDE-RMS,342.BE050,,2026-02-09,1.94,1.58,2.22,
5335,Vb-342.BE050-S3DE-RMS,342.BE050,,2026-02-09,1.19,2.39,1.62,
5336,Vb-342.BE050-S3NDE-RMS,342.BE050,,2026-02-09,1.26,3.05,1.37,
5337,Vb-352.BE340-MDE-RMS,352.BE340,,2026-02-09,3.71,3.25,2.97,
5338,Vb-352.BE340-MNDE-RMS,352.BE340,,2026-02-09,3.78,4.37,2.8,
5339,Vb-352.BE340-S1NDE-RMS,352.BE340,,2026-02-09,1.38,2.18,2.42,
5340,Vb-352.BE340-S2NDE-RMS,352.BE340,,2026-02-09,1.72,2.58,1.91,
5341,Vb-352.BE340-S3DE-RMS,352.BE340,,2026-02-09,1.88,2.12,1.69,
5342,Vb-352.BE340-S3NDE-RMS,352.BE340,,2026-02-09,2.11,3.13,1.9,
5343,Vb-342.BE051-MDE-RMS,342.BE051,,2026-02-09,1.53,2.1,1.67,
5344,Vb-342.BE051-MNDE-RMS,342.BE051,,2026-02-09,2.91,3.18,1.76,
5345,Vb-342.BE051-S1NDE-RMS,342.BE051,,2026-02-09,1.01,1.88,1.24,
5346,Vb-342.BE051-S2NDE-RMS,342.BE051,,2026-02-09,1.04,1.73,0.9,
5347,Vb-342.BE051-S3DE-RMS,342.BE051,,2026-02-09,1.27,2.06,1.12,
5348,Vb-342.BE051-S3NDE-RMS,342.BE051,,2026-02-09,1.48,2.28,1.4,
5349,Vb-352.BE341-MDE-RMS,352.BE341,,2026-02-09,3.39,2.7,2.61,
5350,Vb-352.BE341-MNDE-RMS,352.BE341,,2026-02-09,3.3,3.21,3.02,
5351,Vb-352.BE341-S1NDE-RMS,352.BE341,,2026-02-09,1.93,2.14,2.07,
5352,Vb-352.BE341-S2NDE-RMS,352.BE341,,2026-02-09,0.88,2.51,1.94,
5353,Vb-352.BE341-S3DE-RMS,352.BE341,,2026-02-09,2.39,2.06,1.47,
5354,Vb-352.BE341-S3NDE-RMS,352.BE341,,2026-02-09,1.89,1.93,1.5,
5355,Vb-452.FN240-FDE-RMS,452.FN240,,2026-03-31,0.32,0.41,0.35,
5356,Vb-452.FN240-FNDE-RMS,452.FN240,,2026-03-31,0.62,0.41,0.37,
5357,Vb-452.FN240-MDE-RMS,452.FN240,,2026-03-31,0.42,0.35,0.25,
5358,Vb-452.FN240-MNDE-RMS,452.FN240,,2026-03-31,0.42,0.29,0.28,
5359,Vb-452.WI112-MDE-RMS,452.WI112,,2026-04-09,2.39,3.42,4.65,
5360,Vb-452.WI112-MNDE-RMS,452.WI112,,2026-04-09,1.75,1.87,0.49,
5361,Vb-452.WI112-PDE-RMS,452.WI112,,2026-04-09,5.72,8.24,2.45,
5362,Vb-452.WI112-PNDE-RMS,452.WI112,,2026-04-09,1.65,2.12,2.9,
5363,Vb-452.WI111-MDE-RMS,452.WI111,,2026-03-24,,,7.41,
5364,Vb-452.WI111-MDE-RMS,452.WI111,,2026-04-09,2.52,1.3,,
5365,Vb-452.WI111-MNDE-RMS,452.WI111,,2026-03-24,,,2.19,
5366,Vb-452.WI111-MNDE-RMS,452.WI111,,2026-04-09,1.17,2.27,,
5367,Vb-452.WI111-PDE-RMS,452.WI111,,2026-03-24,,,5.11,
5368,Vb-452.WI111-PDE-RMS,452.WI111,,2026-04-09,2.28,1.54,,
5369,Vb-452.WI111-PNDE-RMS,452.WI111,,2026-03-09,1.92,1.34,2.71,
5370,Vb-342.FN315-FDE-RMS,342.FN315,,2026-03-31,10.72,5.07,7.28,
5371,Vb-342.FN315-FNDE-RMS,342.FN315,,2026-03-31,12.14,6.16,6.22,
5372,Vb-342.FN315-MDE-RMS,342.FN315,,2026-01-25,4.69,4.53,,
5373,Vb-342.FN315-MNDE-RMS,342.FN315,,2026-01-25,,,5.92,
5374,Vb-342.FN315-MNDE-RMS,342.FN315,,2026-03-31,3.74,7.5,,
5375,Vb-442.CR400-CRDE-RMS,442.CR400,,2026-03-29,,,1.59,
5376,Vb-442.CR400-CRDE-RMS,442.CR400,,2026-04-07,0.83,0.82,,
5377,Vb-442.CR400-CRNDE-RMS,442.CR400,,2026-04-07,1.38,1.13,0.71,
5378,Vb-442.CR400-MDE-RMS,442.CR400,,2026-04-07,1.42,1.22,0.57,
5379,Vb-442.CR400-MNDE-RMS,442.CR400,,2026-04-07,0.72,0.57,0.53,
5380,Vb-462.MD140-MDE-RMS,462.MD140,,2026-04-15,1.54,1.14,1.2,
5381,Vb-462.MD140-MNDE-RMS,462.MD140,,2026-04-15,1.49,0.98,1.27,
5382,Vb-462.MD140-PHSS-RMS,462.MD140,,2026-04-15,0.76,0.6,0.67,
5383,Vb-462.MD140-RGT-RMS,462.MD140,,2026-04-15,1,0.7,1.36,
5384,Vb-462.FN125-FDE-RMS,462.FN125,,2026-04-15,3.06,3.6,2.45,
5385,Vb-462.FN125-FNDE-RMS,462.FN125,,2026-04-15,3.08,2.02,2.93,
5386,Vb-462.FN125-MDE-RMS,462.FN125,,2026-02-09,2.51,2.51,,
5387,Vb-462.FN125-MNDE-RMS,462.FN125,,2026-02-09,,,10.94,
5388,Vb-462.FN125-MNDE-RMS,462.FN125,,2026-04-15,2.76,3.23,,
5389,Vb-461.MD152-MDE-RMS,461.MD152,,2026-04-15,5.33,5.33,1.28,
5390,Vb-461.MD152-MNDE-RMS,461.MD152,,2026-04-15,4.93,5.6,4.15,
5391,Vb-461.MD152-S1DE-RMS,461.MD152,,2026-04-15,3.62,1.72,3.23,
5392,Vb-461.MD152-S1NDE-RMS,461.MD152,,2026-04-15,3.4,1.6,3.51,
5393,Vb-461.MD152-S2DE-RMS,461.MD152,,2026-04-15,3.61,2,4.07,
5394,Vb-461.MD152-S2NDE-RMS,461.MD152,,2026-04-15,2.59,,,
5395,Vb-332.WI210-MDE-RMS,332.WI210,,2026-02-12,4.86,3.73,1.7,
5396,Vb-332.WI210-MNDE-RMS,332.WI210,,2026-02-12,1.66,0.89,0.32,
5397,Vb-332.WI210-PDE-RMS,332.WI210,,2026-02-12,4.48,3.88,0.85,
5398,Vb-332.WI210-PNDE-RMS,332.WI210,,2026-02-12,2.33,1.01,1.31,
5399,Vb-442.FN300-FDE-RMS,442.FN300,,2026-03-29,5.79,1.15,3.85,
5400,Vb-442.FN300-FNDE-RMS,442.FN300,,2026-03-29,6.05,2.82,4.23,
5401,Vb-442.FN300-MDE-RMS,442.FN300,,2026-03-29,6.95,5,4.87,
5402,Vb-442.FN300-MNDE-RMS,442.FN300,,2026-03-29,5.92,4.37,4.63,
5403,Vb-442.FN305-FDE-RMS,442.FN305,,2026-03-29,2.74,1.02,1.77,
5404,Vb-442.FN305-FNDE-RMS,442.FN305,,2026-03-29,2.52,1.09,1.88,
5405,Vb-442.FN305-MDE-RMS,442.FN305,,2026-03-29,3.09,1.55,2.13,
5406,Vb-442.FN305-MNDE-RMS,442.FN305,,2026-03-29,2.25,1.41,1.34,
5407,Vb-442.FN310-FDE-RMS,442.FN310,,2026-03-29,2.45,0.8,1.39,
5408,Vb-442.FN310-FNDE-RMS,442.FN310,,2026-03-29,3.77,2.6,2.11,
5409,Vb-442.FN310-MDE-RMS,442.FN310,,2026-03-29,3.06,1.88,2.42,
5410,Vb-442.FN310-MNDE-RMS,442.FN310,,2026-03-29,2.5,0.9,1.77,
5411,Vb-442.FN315-FDE-RMS,442.FN315,,2026-03-29,5.72,3.45,4.4,
5412,Vb-442.FN315-FNDE-RMS,442.FN315,,2026-03-29,14.45,6.24,3.86,
5413,Vb-442.FN315-MDE-RMS,442.FN315,,2026-03-29,2.8,3.19,4.75,
5414,Vb-442.FN315-MNDE-RMS,442.FN315,,2026-03-29,14.4,4.59,5.87,
5415,Vb-442.FN325-FDE-RMS,442.FN325,,2026-03-29,1.57,1.38,3.42,
5416,Vb-442.FN325-FNDE-RMS,442.FN325,,2026-03-29,4.51,3.2,1.99,
5417,Vb-442.FN325-MDE-RMS,442.FN325,,2026-03-29,4.22,3.53,3.7,
5418,Vb-442.FN325-MNDE-RMS,442.FN325,,2026-03-29,7.96,2.07,3.73,
5419,Vb-442.FN335-FDE-RMS,442.FN335,,2026-03-29,1.83,1.32,0.68,
5420,Vb-442.FN335-FNDE-RMS,442.FN335,,2026-03-29,1.24,0.89,0.6,
5421,Vb-442.FN335-MDE-RMS,442.FN335,,2026-03-29,0.72,0.74,1.02,
5422,Vb-442.FN335-MNDE-RMS,442.FN335,,2026-03-29,0.8,0.61,0.65,
5423,Vb-442.FN340-FDE-RMS,442.FN340,,2026-04-07,1.48,1.61,3.1,
5424,Vb-442.FN340-FNDE-RMS,442.FN340,,2026-04-07,2.67,3.1,3.71,
5425,Vb-442.FN340-MDE-RMS,442.FN340,,2026-04-07,2.99,2.36,2.72,
5426,Vb-442.FN340-MNDE-RMS,442.FN340,,2026-04-07,1.67,0.65,2.88,
5427,Vb-442.FN345-FDE-RMS,442.FN345,,2026-04-07,4.5,2.92,3.73,
5428,Vb-442.FN345-FNDE-RMS,442.FN345,,2026-04-07,6.88,4.5,3.81,
5429,Vb-442.FN345-MDE-RMS,442.FN345,,2026-04-07,6.82,5.64,4.73,
5430,Vb-442.FN345-MNDE-RMS,442.FN345,,2026-04-07,6.08,4.13,3.57,
5431,Vb-442.FN350-FDE-RMS,442.FN350,,2026-04-07,0.56,0.85,0.73,
5432,Vb-442.FN350-FNDE-RMS,442.FN350,,2026-04-07,0.85,0.88,0.42,
5433,Vb-442.FN350-MDE-RMS,442.FN350,,2026-04-07,0.46,0.55,0.48,
5434,Vb-442.FN350-MNDE-RMS,442.FN350,,2026-04-07,0.29,0.46,0.3,
5435,Vb-462.CP525-CDE-RMS,462.CP525,,2026-04-15,1.34,1.19,1.51,
5436,Vb-462.CP525-CNDE-RMS,462.CP525,,2026-04-15,3.97,4.6,1.22,
5437,Vb-462.CP525-MDE-RMS,462.CP525,,2026-04-15,1.06,2.3,1.97,
5438,Vb-462.CP525-MNDE-RMS,462.CP525,,2026-04-15,1.11,2.94,1.31,
5439,Vb-743.CP110-CDE-RMS,743.CP110,,2026-03-30,1.08,1.32,1.06,
5440,Vb-743.CP110-CNDE-RMS,743.CP110,,2026-03-30,1.32,1.84,2.57,
5441,Vb-743.CP110-MDE-RMS,743.CP110,,2026-03-30,0.56,0.47,1.61,
5442,Vb-743.CP110-MNDE-RMS,743.CP110,,2026-03-30,0.45,0.44,1.9,
5443,Vb-743.CP111-CDE-RMS,743.CP111,,2026-02-04,2.79,3.15,3.78,
5444,Vb-743.CP111-CNDE-RMS,743.CP111,,2026-02-04,9.7,3.31,5.86,
5445,Vb-743.CP111-MDE-RMS,743.CP111,,2026-02-04,3.31,2.22,2.88,
5446,Vb-743.CP111-MNDE-RMS,743.CP111,,2026-02-04,1.87,3.9,3.11,
5447,Vb-743.CP112-CDE-RMS,743.CP112,,2026-03-30,1.28,1.21,1.76,
5448,Vb-743.CP112-CNDE-RMS,743.CP112,,2026-03-30,1.67,2.01,2.08,
5449,Vb-743.CP112-MDE-RMS,743.CP112,,2026-03-30,0.61,0.53,1.2,
5450,Vb-743.CP112-MNDE-RMS,743.CP112,,2026-03-30,0.6,0.61,1.35,
5451,Vb-744.CP112-CDE-RMS,744.CP112,,2026-01-26,2.75,3.37,4.96,
5452,Vb-744.CP112-CNDE-RMS,744.CP112,,2026-01-26,5.38,5.16,3.71,
5453,Vb-744.CP112-MDE-RMS,744.CP112,,2026-01-26,2.44,3.54,2.76,
5454,Vb-744.CP112-MNDE-RMS,744.CP112,,2026-01-26,2.32,2.37,3.02,
5455,Vb-743.CP113-CDE-RMS,743.CP113,,2026-03-30,1.89,1.86,2.24,
5456,Vb-743.CP113-CNDE-RMS,743.CP113,,2026-03-30,3.19,3.7,2.59,
5457,Vb-743.CP113-MDE-RMS,743.CP113,,2026-03-30,1.2,1.94,1.77,
5458,Vb-743.CP113-MNDE-RMS,743.CP113,,2026-03-30,1.77,1.78,1.59,
5459,Vb-744.CP113-CDE-RMS,744.CP113,,2026-01-26,2.65,5.34,4.92,
5460,Vb-744.CP113-CNDE-RMS,744.CP113,,2026-01-26,5.96,8.85,4.62,
5461,Vb-744.CP113-MDE-RMS,744.CP113,,2026-01-26,1.97,4.96,4.22,
5462,Vb-744.CP113-MNDE-RMS,744.CP113,,2026-01-26,1.64,1.43,3.94,
5463,,332.CP280,Compressor DE,2026-03-31,1.63,1.7,0.64,
5464,,332.CP280,Compressor NDE,2026-03-31,0.84,1.28,1.32,
5465,,332.CP280,Motor DE,2026-03-31,1.31,1.63,1.72,
5466,,332.CP280,Motor NDE,2026-03-31,1.39,1.39,1.36,
5467,Vb-332.CP281-CDE-RMS,332.CP281,,2026-03-31,1.75,1.22,0.92,
5468,Vb-332.CP281-CNDE-RMS,332.CP281,,2026-03-31,2.14,3.11,2.33,
5469,Vb-332.CP281-MDE-RMS,332.CP281,,2026-03-31,1.21,1.16,0.94,
5470,Vb-332.CP281-MNDE-RMS,332.CP281,,2026-03-31,1.92,1.93,0.98,
5471,Vb-462.CP530-CDE-RMS,462.CP530,,2026-01-21,0.95,0.76,1.82,
5472,Vb-462.CP530-CNDE-RMS,462.CP530,,2026-01-21,4.51,4.2,1.57,
5473,Vb-462.CP530-MDE-RMS,462.CP530,,2026-01-21,1.85,1.84,3.26,
5474,Vb-462.CP530-MNDE-RMS,462.CP530,,2026-01-21,1.21,2.08,1.6,
5475,,462.CP.535,Compressor DE,2026-04-15,1.32,0.81,1.56,
5476,,462.CP.535,Compressor NDE,2026-04-15,5.39,4.75,1.06,
5477,,462.CP.535,Motor DE,2026-04-15,1.09,1.4,3.06,
5478,,462.CP.535,Motor NDE,2026-04-15,1.09,2.39,2.13,
5479,Vb-332.FN400-FDE-RMS,332.FN400,,2026-04-14,2.33,0.92,1.74,
5480,Vb-332.FN400-FNDE-RMS,332.FN400,,2026-04-14,3.26,0.98,,
5481,Vb-332.FN400-MDE-RMS,332.FN400,,2026-04-14,0.72,1.1,0.56,
5482,Vb-332.FN400-MNDE-RMS,332.FN400,,2026-04-14,0.8,0.89,0.55,
5483,Vb-442.FN590-FDE-RMS,442.FN590,,2026-04-07,0.34,0.29,0.25,
5484,Vb-442.FN590-FNDE-RMS,442.FN590,,2026-04-07,0.39,0.3,0.21,
5485,Vb-442.FN590-MDE-RMS,442.FN590,,2026-04-07,0.31,0.28,0.19,
5486,Vb-442.FN590-MNDE-RMS,442.FN590,,2026-04-07,0.29,0.23,0.18,
5487,Vb-442.FN590-S1DE-RMS,442.FN590,,2026-04-07,0.98,0.58,0.85,
5488,Vb-442.FN590-S1NDE-RMS,442.FN590,,2026-04-07,0.86,0.47,0.78,
5489,Vb-442.FN590-S2DE-RMS,442.FN590,,2026-04-07,0.93,0.91,0.44,
5490,Vb-442.FN590-S2NDE-RMS,442.FN590,,2026-04-07,0.67,0.72,0.51,
5491,Vb-462.PP515-MDE-RMS,462.PP515,,2026-04-15,0.51,0.53,0.77,
5492,Vb-462.PP515-MNDE-RMS,462.PP515,,2026-04-15,0.42,0.41,0.25,
5493,Vb-462.PP515-PDE-RMS,462.PP515,,2026-04-15,2.76,2.36,2.03,
5494,Vb-462.PP515-PNDE-RMS,462.PP515,,2026-04-15,1.38,1.05,0.56,
5495,Vb-213.HC100-CRDE-RMS,213.HC100,,2026-01-26,8.46,1.57,4.42,
5496,Vb-213.HC100-CRNDE-RMS,213.HC100,,2026-01-26,5.34,1.76,2.56,
5497,Vb-213.HC100-MDE-RMS,213.HC100,,2026-01-26,1.41,1.58,1.19,
5498,Vb-213.HC100-MNDE-RMS,213.HC100,,2026-01-26,0.64,1.12,1.18,
5499,Vb-332.FN110-FDE-RMS,332.FN110,,2026-04-01,3.55,1.08,1.09,
5500,Vb-332.FN110-FNDE-RMS,332.FN110,,2026-04-01,3.7,0.79,2.09,
5501,Vb-332.FN110-MDE-RMS,332.FN110,,2026-04-01,1.82,1.04,0.36,
5502,Vb-332.FN110-MNDE-RMS,332.FN110,,2026-04-01,1.73,1.31,0.29,
5503,Vb-432.MD140-MDE-RMS,432.MD140,,2026-03-31,0.39,0.34,0.59,
5504,Vb-432.MD140-MNDE-RMS,432.MD140,,2026-03-31,0.4,0.22,0.5,
5505,Vb-432.MD140-S1DE-RMS,432.MD140,,2026-03-31,0.41,0.46,0.72,
5506,Vb-432.MD140-S1NDE-RMS,432.MD140,,2026-03-31,0.36,0.5,0.79,
5507,Vb-432.MD140-S2DE-RMS,432.MD140,,2026-03-31,0.51,0.42,0.87,
5508,Vb-432.MD140-S2NDE-RMS,432.MD140,,2026-03-31,0.45,0.58,0.96,
5509,Vb-432.MD140-S3DE-RMS,432.MD140,,2026-03-31,0.49,0.42,0.8,
5510,Vb-432.MD140-S3NDE-RMS,432.MD140,,2026-03-31,0.42,0.53,1.01,
5511,Vb-432.MD140-S4DE-RMS,432.MD140,,2026-03-31,0.88,0.61,1.75,
5512,Vb-432.MD140-S4NDE-RMS,432.MD140,,2026-03-31,0.57,0.51,1.1,
5513,Vb-432.MD160-MDE-RMS,432.MD160,,2026-03-31,0.47,0.4,0.55,
5514,Vb-432.MD160-MNDE-RMS,432.MD160,,2026-03-31,0.38,0.21,0.68,
5515,Vb-432.MD160-S1DE-RMS,432.MD160,,2026-03-31,0.49,0.55,0.7,
5516,Vb-432.MD160-S1NDE-RMS,432.MD160,,2026-03-31,0.37,0.59,0.59,
5517,Vb-432.MD160-S2DE-RMS,432.MD160,,2026-03-31,0.65,0.44,0.81,
5518,Vb-432.MD160-S2NDE-RMS,432.MD160,,2026-03-31,0.7,0.59,0.88,
5519,Vb-432.MD160-S3DE-RMS,432.MD160,,2026-03-31,0.5,0.38,0.76,
5520,Vb-432.MD160-S3NDE-RMS,432.MD160,,2026-03-31,0.7,0.59,1.02,
5521,Vb-432.MD160-S4DE-RMS,432.MD160,,2026-03-31,0.61,0.43,1.26,
5522,Vb-432.MD160-S4NDE-RMS,432.MD160,,2026-03-31,0.52,0.32,1.18,
5523,Vb-432.FN171-FDE-RMS,432.FN171,,2026-03-31,2.5,0.87,1.54,
5524,Vb-432.FN171-FNDE-RMS,432.FN171,,2026-03-31,2.55,0.98,1.61,
5525,Vb-432.FN171-MDE-RMS,432.FN171,,2026-03-31,3.07,2.32,1.54,
5526,Vb-432.FN171-MNDE-RMS,432.FN171,,2026-03-31,2,1.26,1.17,
5527,Vb-432.FN176-FDE-RMS,432.FN176,,2026-04-07,0.87,0.49,0.51,
5528,Vb-432.FN176-FNDE-RMS,432.FN176,,2026-04-07,1.18,1.03,0.74,
5529,Vb-432.FN176-MDE-RMS,432.FN176,,2026-04-07,1.17,1.12,0.66,
5530,Vb-432.FN176-MNDE-RMS,432.FN176,,2026-04-07,0.6,0.54,0.46,
5531,Vb-462.FN400-FDE-RMS,462.FN400,,2026-04-14,,,1.16,
5532,Vb-462.FN400-FDE-RMS,462.FN400,,2026-04-15,1.86,1.02,,
5533,Vb-462.FN400-FNDE-RMS,462.FN400,,2026-04-15,1.56,1.09,1.1,
5534,Vb-462.FN400-MDE-RMS,462.FN400,,2026-04-15,0.65,0.41,0.4,
5535,Vb-462.FN400-MNDE-RMS,462.FN400,,2026-04-15,0.84,0.29,0.37,
5536,Vb-432.FN560-MDE-RMS,432.FN560,,2026-03-31,2.87,1.51,1.08,
5537,Vb-432.FN560-MNDE-RMS,432.FN560,,2026-03-31,1.18,2.5,1.09,
5538,,442.WI001,Motor DE,2026-03-31,7.11,5.34,3.36,
5539,,442.WI001,Motor NDE,2026-03-31,2.58,1.84,12.6,
5540,,762.WI210,Motor DE,2026-04-08,2.26,2.62,6.09,
5541,,762.WI210,Motor NDE,2026-04-08,2,6.25,4.89,
5542,,442.WI002,Motor DE,2026-03-31,1.46,1.1,1.43,
5543,,442.WI002,Motor NDE,2026-03-31,4.91,0.94,1.81,
5544,,762.WI211,Motor DE,2026-04-08,2.99,3.6,4.1,
5545,,762.WI211,Motor NDE,2026-04-08,2.58,3,2.65,
5546,,442.WI003,Motor DE,2026-03-16,1.42,1.43,1.8,
5547,,442.WI003,Motor NDE,2026-03-16,1.49,2.88,1.34,
5548,,762.WI212,Motor DE,2026-04-08,1.96,3.64,6.49,
5549,,762.WI212,Motor NDE,2026-04-08,1.32,3.26,2.56,
5550,,442.WI004,Motor DE,2026-03-31,3.56,3.44,1.43,
5551,,442.WI004,Motor NDE,2026-03-31,6.3,1.64,2.29,
5552,,762.WI213,Motor DE,2026-01-27,3.95,3.23,3.07,
5553,,762.WI213,Motor NDE,2026-01-27,5.39,3.79,3.17,
5554,,442.WI005,Motor DE,2026-03-31,1.41,1.24,1.21,
5555,,442.WI005,Motor NDE,2026-03-31,1.63,0.97,1.37,
5556,,762.WI214,Motor DE,2026-04-08,8.9,2.01,8.56,
5557,,762.WI214,Motor NDE,2026-04-08,3.47,2.97,8.06,
5558,,762.WI216,Motor DE,2026-04-08,3.55,3.46,5.01,
5559,,762.WI216,Motor NDE,2026-04-08,3.07,6.81,5.9,
5560,Vb-452.FN010-FDE-RMS,452.FN010,,2026-03-31,0.31,0.4,0.21,
5561,Vb-452.FN010-FNDE-RMS,452.FN010,,2026-03-31,0.52,0.36,0.34,
5562,Vb-452.FN010-MDE-RMS,452.FN010,,2026-03-31,0.43,0.4,0.17,
5563,Vb-452.FN010-MNDE-RMS,452.FN010,,2026-03-31,0.24,0.16,0.18,
5564,Vb-322.MD140-GBHSS0,322.MD140,,2026-04-14,,,,1.33
5565,Vb-322.MD140-GBHSS1,322.MD140,,2026-04-14,,,,0.88
5566,Vb-322.MD140-GBHSS6,322.MD140,,2026-04-14,,,,1.78
5567,Vb-322.MD140-MDE-RMS,322.MD140,,2026-04-14,2.38,2.34,0.88,
5568,Vb-322.MD140-MNDE-RMS,322.MD140,,2026-04-14,1.27,1.15,0.86,
5569,Vb-322.MD140-RG2,322.MD140,,2026-04-14,,,,1.45
5570,Vb-322.MD140-RG3,322.MD140,,2026-04-14,,,,1.22
5571,Vb-322.MD140-RG4,322.MD140,,2026-04-14,,,,1.59
5572,Vb-322.MD140-RG5,322.MD140,,2026-04-14,,,,1.76
5573,Vb-322.FN400-FDE-RMS,322.FN400,,2026-04-14,0.69,0.49,1.48,
5574,Vb-322.FN400-FNDE-RMS,322.FN400,,2026-04-14,0.75,0.58,1.58,
5575,Vb-322.FN400-MDE-RMS,322.FN400,,2026-04-14,1.14,1,0.18,
5576,Vb-322.FN400-MNDE-RMS,322.FN400,,2026-04-14,0.99,0.56,0.27,
5577,,322.MD152,Motor DE,2026-04-14,15,8.89,15.8,
5578,,322.MD152,Motor NDE,2026-04-14,8.75,5.2,15.77,
5579,,322.MD152,Shaft 1 inboard  DE,2026-04-14,13.31,6.7,19.37,
5580,,322.MD152,Shaft 1 Outboard NDE,2026-04-14,21.15,4.48,17.56,
5581,,322.MD152,Shaft 2  inboard  DE,2026-04-14,13.23,7.59,9.29,
5582,,322.MD152,Shaft 2  outboard NDE,2026-04-14,15.34,3.63,10.64,
5583,Vb-322.FN125-FDE-RMS,322.FN125,,2026-04-14,6.27,8.94,8.93,
5584,Vb-322.FN125-FNDE-RMS,322.FN125,,2026-04-14,17.67,7.35,7.16,
5585,Vb-322.FN125-MDE-RMS,322.FN125,,2026-04-14,8.11,5.8,,
5586,Vb-322.FN125-MNDE-RMS,322.FN125,,2026-04-14,14.4,8.66,6.17,
5587,Vb-531.FN242-FNDE-RMS,531.FN242,,2026-04-23,3.537,5.431,13.25,
5588,,531.FN242,Fan NDE,2026-04-23,7.955,8.103,10.81,
5589,Vb-531.FN242-MNDE-RMS,531.FN242,,2026-04-23,3.572,6.594,8.431,
5590,Vb-531.FN242-MDE-RMS,531.FN242,,2026-04-23,4.48,7.992,7.838,
5591,Vb-531.FN530-FDE-RMS,531.FN530,,2026-04-23,1.27,1.157,2.53,
5592,Vb-531.FN530-FNDE-RMS,531.FN530,,2026-04-23,1.507,1.43,1.676,
5593,Vb-531.FN530-MNDE-RMS,531.FN530,,2026-04-23,1.57,1.213,1.401,
5594,Vb-531.FN530-MDE-RMS,531.FN530,,2026-04-23,2.018,1.816,2.263,
5595,Vb-531.MD140-S1DE-RMS,531.MD140,,2026-04-27,4.096,4.356,6.51,
5596,Vb-531.MD140-S1NDE-RMS,531.MD140,,2026-04-27,1.989,2.599,5.264,
5597,Vb-531.MD140-S2DE-RMS,531.MD140,,2026-04-27,3.575,2.625,2.766,
5598,Vb-531.MD140-S2NDE-RMS,531.MD140,,2026-04-27,1.964,2.333,1.86,
5599,Vb-531.MD140-S3DE-RMS,531.MD140,,2026-04-27,2.932,2.449,2.646,
5600,Vb-531.MD140-S3NDE-RMS,531.MD140,,2026-04-27,3.007,1.624,3.882,
5601,Vb-531.MD140-S4DE-RMS,531.MD140,,2026-04-27,3.687,2.335,2.098,
5602,Vb-531.MD140-S4NDE-RMS,531.MD140,,2026-04-27,1.941,2.03,1.778,
5603,Vb-531.MD140-MNDE-RMS,531.MD140,,2026-04-27,0.823,0.696,1.462,
5604,Vb-531.MD140-MDE-RMS,531.MD140,,2026-04-27,1.416,0.633,3.228,
5605,Vb-531.FN380-FDE-RMS,531.FN380,,2026-04-23,1.607,1.839,10.76,
5606,Vb-531.FN380-FNDE-RMS,531.FN380,,2026-04-23,0.705,1.659,3.641,
5607,Vb-531.FN380-MNDE-RMS,531.FN380,,2026-04-23,0.729,0.467,0.822,
5608,Vb-531.FN380-MDE-RMS,531.FN380,,2026-04-23,1.369,0.66,1.097,
5609,Vb-531.MD302-S1DE-RMS,531.MD302,,2026-04-23,1.471,0.585,0.643,
5610,Vb-531.MD302-S1NDE-RMS,531.MD302,,2026-04-23,0.578,0.883,0.707,
5611,Vb-531.MD302-S2DE-RMS,531.MD302,,2026-04-23,0.926,0.624,0.633,
5612,Vb-531.MD302-S2NDE-RMS,531.MD302,,2026-04-23,1.139,0.709,0.611,
5613,Vb-531.MD302-MNDE-RMS,531.MD302,,2026-04-23,2.006,1.069,0.664,
5614,Vb-531.MD302-MDE-RMS,531.MD302,,2026-04-23,1.082,0.644,0.792,
5615,,532.BE220,Bearing DE,2026-04-23,8.631,3.873,3.978,
5616,,532.BE220,Bearing NDE,2026-04-23,8.794,4.033,2.65,
5617,,532.BE220,Shaft 1 inboard  DE,2026-04-23,3.924,6.146,5.916,
5618,,532.BE220,Shaft 2  inboard  DE,2026-04-23,2.868,4.664,7.378,
5619,,532.BE220,Shaft 2  outboard NDE,2026-04-23,4.221,4.629,3.215,
5620,Vb-532.BE220-MNDE-RMS,532.BE220,,2026-04-23,6.166,16.34,9.814,
5621,Vb-532.BE220-MDE-RMS,532.BE220,,2026-04-23,7.287,12.21,8.63,
5622,Vb-532.FN242-FNDE-RMS,532.FN242,,2026-03-17,7.301,8.882,10.93,
5623,,532.FN242,Fan NDE,2026-03-17,9.381,8.589,12.1,
5624,Vb-532.FN242-MNDE-RMS,532.FN242,,2026-03-17,8.237,9.65,10.75,
5625,Vb-532.FN242-MDE-RMS,532.FN242,,2026-03-17,8.579,10.69,13.2,
5626,Vb-532.FN380-FDE-RMS,532.FN380,,2026-04-27,0.596,0.356,1.882,
5627,Vb-532.FN380-FNDE-RMS,532.FN380,,2026-04-27,0.948,0.979,1.882,
5628,Vb-532.FN380-MNDE-RMS,532.FN380,,2026-04-27,0.607,0.929,0.827,
5629,Vb-532.FN380-MDE-RMS,532.FN380,,2026-04-27,0.56,0.608,0.646,
5630,Vb-532.FN530-FDE-RMS,532.FN530,,2026-04-23,3.284,1.561,3.594,
5631,Vb-532.FN530-FNDE-RMS,532.FN530,,2026-04-23,3.199,3.1,3.745,
5632,Vb-532.FN530-MNDE-RMS,532.FN530,,2026-04-23,2.079,2.842,1.84,
5633,Vb-532.FN530-MDE-RMS,532.FN530,,2026-04-23,3.61,3.253,3.385,
5634,Vb-532.MD140-S1DE-RMS,532.MD140,,2026-04-23,9.064,11.22,8.714,
5635,Vb-532.MD140-S1NDE-RMS,532.MD140,,2026-04-23,8.921,8.096,6.685,
5636,Vb-532.MD140-S2DE-RMS,532.MD140,,2026-04-23,5.019,4.797,5.686,
5637,Vb-532.MD140-S2NDE-RMS,532.MD140,,2026-04-23,3.726,4.075,4.41,
5638,Vb-532.MD140-S3DE-RMS,532.MD140,,2026-04-23,4.623,4.892,5.612,
5639,Vb-532.MD140-S3NDE-RMS,532.MD140,,2026-04-23,3.746,3.406,5.814,
5640,Vb-532.MD140-S4DE-RMS,532.MD140,,2026-04-23,5.502,5.057,5.826,
5641,Vb-532.MD140-S4NDE-RMS,532.MD140,,2026-04-23,4.156,5.255,4.135,
5642,Vb-532.MD140-MNDE-RMS,532.MD140,,2026-04-23,1.331,0.81,1.114,
5643,Vb-532.MD140-MDE-RMS,532.MD140,,2026-04-23,2.227,1.429,1.799,
5644,Vb-532.MD302-S1DE-RMS,532.MD302,,2026-04-23,1.769,1.072,0.784,
5645,Vb-532.MD302-S1NDE-RMS,532.MD302,,2026-04-23,1.216,1.043,0.91,
5646,Vb-532.MD302-S2DE-RMS,532.MD302,,2026-04-23,1.301,1.373,0.855,
5647,Vb-532.MD302-S2NDE-RMS,532.MD302,,2026-04-23,1.161,1.268,0.785,
5648,Vb-532.MD302-MNDE-RMS,532.MD302,,2026-04-23,2.315,1.323,0.849,
5649,Vb-532.MD302-MDE-RMS,532.MD302,,2026-04-23,1.438,1.654,0.69,
5650,Vb-533.BE220-S1DE-RMS,533.BE220,,2026-04-22,3.292,7.022,5.093,
5651,Vb-533.BE220-S2DE-RMS,533.BE220,,2026-04-22,6.834,5.307,4.188,
5652,Vb-533.BE220-MNDE-RMS,533.BE220,,2026-04-22,7.243,16.08,5.966,
5653,Vb-533.BE220-MDE-RMS,533.BE220,,2026-04-22,7.228,11.84,9.932,
5654,Vb-533.FN364-FNDE-RMS,533.FN364,,2026-04-22,5.115,4.29,5.379,
5655,,533.FN364,Fan NDE,2026-04-22,4.578,4.21,4.295,
5656,Vb-533.FN364-MNDE-RMS,533.FN364,,2026-04-22,8.879,6.034,4.893,
5657,Vb-533.FN364-MDE-RMS,533.FN364,,2026-04-22,9.186,6.79,7.311,
5658,Vb-533.FN530-FDE-RMS,533.FN530,,2026-04-22,6.988,6.581,7.586,
5659,Vb-533.FN530-FNDE-RMS,533.FN530,,2026-04-22,10.8,10.5,9.34,
5660,Vb-533.FN530-MNDE-RMS,533.FN530,,2026-04-22,3.875,5.43,6.224,
5661,Vb-533.FN530-MDE-RMS,533.FN530,,2026-04-22,1.981,5.778,5.627,
5662,Vb-533.MD140-S1DE-RMS,533.MD140,,2026-04-22,9.714,11.1,6.95,
5663,Vb-533.MD140-S1NDE-RMS,533.MD140,,2026-04-22,4.895,7.658,5.014,
5664,Vb-533.MD140-S2DE-RMS,533.MD140,,2026-04-22,3.996,4.183,5.248,
5665,Vb-533.MD140-S2NDE-RMS,533.MD140,,2026-04-22,3.545,4.22,4.149,
5666,Vb-533.MD140-S3DE-RMS,533.MD140,,2026-04-22,5.281,5.187,6.182,
5667,Vb-533.MD140-S3NDE-RMS,533.MD140,,2026-04-22,4.516,4.28,5.091,
5668,Vb-533.MD140-S4DE-RMS,533.MD140,,2026-04-22,5.75,4.956,6.268,
5669,Vb-533.MD140-S4NDE-RMS,533.MD140,,2026-04-22,4.681,4.3,3.992,
5670,Vb-533.MD140-MNDE-RMS,533.MD140,,2026-04-22,1.222,0.977,1.522,
5671,Vb-533.MD140-MDE-RMS,533.MD140,,2026-04-22,1.784,1.396,3.55,
5672,Vb-533.FN350-FDE-RMS,533.FN350,,2026-04-22,2.06,0.885,2.052,
5673,Vb-533.FN350-FNDE-RMS,533.FN350,,2026-04-22,2.045,0.732,1.989,
5674,Vb-533.FN350-MNDE-RMS,533.FN350,,2026-04-22,0.85,0.713,0.713,
5675,Vb-533.FN350-MDE-RMS,533.FN350,,2026-04-22,1.096,0.599,0.58,
5676,Vb-533.MD302-S1DE-RMS,533.MD302,,2026-04-22,3.577,3.241,1.742,
5677,Vb-533.MD302-S1NDE-RMS,533.MD302,,2026-04-22,4.393,3.24,1.444,
5678,Vb-533.MD302-S2DE-RMS,533.MD302,,2026-04-22,3.826,2.476,1.826,
5679,Vb-533.MD302-S2NDE-RMS,533.MD302,,2026-04-22,4.274,2.581,1.53,
5680,Vb-533.MD302-MNDE-RMS,533.MD302,,2026-04-22,4.293,5.043,2.725,
5681,Vb-533.MD302-MDE-RMS,533.MD302,,2026-04-22,3.59,5.237,1.919,
5682,,534.BE220,Shaft 1 inboard  DE,2026-04-27,7.757,4.871,7.661,
5683,,534.BE220,Shaft 2  inboard  DE,2026-04-27,8.161,4.176,5.283,
5684,,534.BE220,Shaft 2  outboard NDE,2026-04-27,54.26,,,
5685,Vb-534.BE220-MNDE-RMS,534.BE220,,2026-04-27,10.11,14.94,10.17,
5686,Vb-534.BE220-MDE-RMS,534.BE220,,2026-04-27,10.56,14.15,4.996,
5687,Vb-534.FN530-FDE-RMS,534.FN530,,2026-04-27,5.365,9.957,6.834,
5688,Vb-534.FN530-FNDE-RMS,534.FN530,,2026-04-27,14.8,16.69,10.7,
5689,Vb-534.FN530-MNDE-RMS,534.FN530,,2026-04-27,4.893,9.95,4.927,
5690,Vb-534.FN530-MDE-RMS,534.FN530,,2026-04-27,6.604,10.08,5.866,
5691,Vb-534.FN364-FNDE-RMS,534.FN364,,2026-04-27,10.99,5.668,14.21,
5692,,534.FN364,Fan NDE,2026-04-27,10.93,5.442,17.51,
5693,Vb-534.FN364-MNDE-RMS,534.FN364,,2026-04-27,16.47,12.42,17.91,
5694,Vb-534.FN364-MDE-RMS,534.FN364,,2026-04-27,8.124,8.586,11.73,
5695,Vb-534.MD140-S1DE-RMS,534.MD140,,2026-04-27,5.6,11.41,8.954,
5696,Vb-534.MD140-S1NDE-RMS,534.MD140,,2026-04-27,7.07,9.967,7.728,
5697,Vb-534.MD140-S2DE-RMS,534.MD140,,2026-04-27,3.82,6.821,5.087,
5698,Vb-534.MD140-S2NDE-RMS,534.MD140,,2026-04-27,4.638,5.859,3.133,
5699,Vb-534.MD140-S3DE-RMS,534.MD140,,2026-04-27,3.635,4.156,2.95,
5700,Vb-534.MD140-S3NDE-RMS,534.MD140,,2026-04-27,4.266,4.546,5.491,
5701,Vb-534.MD140-S4DE-RMS,534.MD140,,2026-04-27,3.871,5.848,5.206,
5702,Vb-534.MD140-S4NDE-RMS,534.MD140,,2026-04-27,4.431,4.221,3.362,
5703,Vb-534.MD140-MNDE-RMS,534.MD140,,2026-04-27,1.454,0.897,2.039,
5704,Vb-534.MD140-MDE-RMS,534.MD140,,2026-04-27,2.092,1.856,1.522,
5705,Vb-534.FN350-FDE-RMS,534.FN350,,2026-04-27,4.02,1.757,5.847,
5706,Vb-534.FN350-FNDE-RMS,534.FN350,,2026-04-27,1.779,0.645,1.038,
5707,Vb-534.FN350-MNDE-RMS,534.FN350,,2026-04-27,0.906,1.044,1.894,
5708,Vb-534.FN350-MDE-RMS,534.FN350,,2026-04-27,1.654,1.571,1.31,
5709,Vb-534.MD302-S1DE-RMS,534.MD302,,2026-04-27,23.78,8.958,2.016,
5710,Vb-534.MD302-S1NDE-RMS,534.MD302,,2026-04-27,23.48,9.28,5.592,
5711,Vb-534.MD302-S2DE-RMS,534.MD302,,2026-04-27,23.09,3.674,9.315,
5712,Vb-534.MD302-S2NDE-RMS,534.MD302,,2026-04-27,3.846,22.49,4.866,
5713,Vb-534.MD302-MNDE-RMS,534.MD302,,2026-04-27,,7.401,4.956,
5714,Vb-534.MD302-MDE-RMS,534.MD302,,2026-04-27,6.673,24.1,2.497,
5715,Vb-612.BL300-BLDE-RMS,612.BL300,,2026-04-27,24.13,11.04,8.336,
5716,Vb-612.BL300-BLNDE-RMS,612.BL300,,2026-04-27,11.77,9.519,6.512,
5717,Vb-612.BL300-MNDE-RMS,612.BL300,,2026-04-27,5.923,8.234,5.892,
5718,Vb-612.BL300-MDE-RMS,612.BL300,,2026-04-27,15.49,5.168,5.317,
5719,Vb-613.BL300-BLDE-RMS,613.BL300,,2026-04-27,7.224,15.56,9.421,
5720,Vb-613.BL300-BLNDE-RMS,613.BL300,,2026-04-27,9.381,9.312,10.9,
5721,Vb-613.BL300-MNDE-RMS,613.BL300,,2026-04-27,6.905,7.493,4.24,
5722,Vb-613.BL300-MDE-RMS,613.BL300,,2026-04-27,9.665,8.039,4.293,
5723,Vb-614.BL300-BLDE-RMS,614.BL300,,2026-04-27,10.01,10.52,6.922,
5724,Vb-614.BL300-BLNDE-RMS,614.BL300,,2026-04-27,7.91,9.876,7.812,
5725,Vb-614.BL300-MNDE-RMS,614.BL300,,2026-04-27,6.319,3.558,5.251,
5726,Vb-614.BL300-MDE-RMS,614.BL300,,2026-04-27,2.716,15.77,4.989,
5727,Vb-641.FN.952-FDE-RMS,641.FN952,,2026-04-27,4.13,6.685,4.622,
5728,Vb-641.FN.952-FNDE-RMS,641.FN952,,2026-04-27,3.997,2.946,5.54,
5729,Vb-641.FN.952-MNDE-RMS,641.FN952,,2026-04-27,5.437,3.38,12.3,
5730,Vb-641.FN.952-MDE-RMS,641.FN952,,2026-04-27,2.621,3.752,10.08,
5731,Vb-642.FN.952-FDE-RMS,642.FN952,,2026-04-27,2.813,2.225,3.351,
5732,Vb-642.FN.952-FNDE-RMS,642.FN952,,2026-04-27,3.217,1.907,3.28,
5733,Vb-642.FN.952-MNDE-RMS,642.FN952,,2026-04-27,4.594,2.784,3.575,
5734,Vb-642.FN.952-MDE-RMS,642.FN952,,2026-04-27,4.388,3.517,2.291,
5735,Vb-643.FN.952-FDE-RMS,643.FN952,,2026-04-27,4.573,4.123,8.821,
5736,Vb-643.FN.952-FNDE-RMS,643.FN952,,2026-04-27,4.528,2.561,9.18,
5737,Vb-643.FN.952-MNDE-RMS,643.FN952,,2026-04-27,4.443,2.761,4.515,
5738,Vb-643.FN.952-MDE-RMS,643.FN952,,2026-04-27,4.354,4.574,4.963,
5739,Vb-644.FN.952-FDE-RMS,644.FN952,,2026-04-27,5.053,4.836,9.214,
5740,Vb-644.FN.952-FNDE-RMS,644.FN952,,2026-04-27,4.579,7.333,7.586,
5741,Vb-644.FN.952-MNDE-RMS,644.FN952,,2026-04-27,22.9,14.98,4.057,
5742,Vb-644.FN.952-MDE-RMS,644.FN952,,2026-04-27,13.88,7.316,6.932,
5743,Vb-645.FN.952-FDE-RMS,645.FN952,,2026-04-27,4.306,2.563,3.453,
5744,Vb-645.FN.952-FNDE-RMS,645.FN952,,2026-04-27,3.081,2.606,3.971,
5745,Vb-645.FN.952-MNDE-RMS,645.FN952,,2026-04-27,4.816,3.303,1.616,
5746,Vb-645.FN.952-MDE-RMS,645.FN952,,2026-04-27,4.923,4.332,1.932,
5747,Vb-646.FN.952-FDE-RMS,646.FN952,,2026-04-27,3.746,2.406,5.453,
5748,Vb-646.FN.952-FNDE-RMS,646.FN952,,2026-04-27,2.994,3.072,5.728,
5749,Vb-646.FN.952-MNDE-RMS,646.FN952,,2026-04-27,4.733,3.331,3.845,
5750,Vb-646.FN.952-MDE-RMS,646.FN952,,2026-04-27,2.333,3.157,5.829,
5751,Vb-742.CP110-CDE-RMS,742.CP110,,2026-04-22,1.378,3.348,1.953,
5752,Vb-742.CP110-CNDE-RMS,742.CP110,,2026-04-22,2.34,2.55,3.444,
5753,Vb-742.CP110-MNDE-RMS,742.CP110,,2026-04-22,0.968,1.426,1.14,
5754,Vb-742.CP110-MDE-RMS,742.CP110,,2026-04-22,1.292,2.435,2.043,
5755,Vb-742.CP111-CDE-RMS,742.CP111,,2026-04-22,3.621,7.396,5.062,
5756,Vb-742.CP111-CNDE-RMS,742.CP111,,2026-04-22,5.315,7.014,6.046,
5757,Vb-742.CP111-MNDE-RMS,742.CP111,,2026-04-22,1.433,2.461,1.997,
5758,Vb-742.CP111-MDE-RMS,742.CP111,,2026-04-22,2.026,3.089,2.91,
5759,Vb-744.CP110-CDE-RMS,744.CP110,,2026-03-18,13.35,11.87,15.86,
5760,Vb-744.CP110-CNDE-RMS,744.CP110,,2026-03-18,8.187,11.31,11.22,
5761,Vb-744.CP110-MNDE-RMS,744.CP110,,2026-03-18,8.467,3.83,5.946,
5762,Vb-744.CP110-MDE-RMS,744.CP110,,2026-03-18,3.084,5.925,5.655,
5763,Vb-744.CP111-CDE-RMS,744.CP111,,2026-02-08,3.237,2.483,2.493,
5764,Vb-744.CP111-CNDE-RMS,744.CP111,,2026-02-08,4.269,5.105,2.486,
5765,Vb-744.CP111-MNDE-RMS,744.CP111,,2026-02-08,1.993,2.091,1.46,
5766,Vb-744.CP111-MDE-RMS,744.CP111,,2026-02-08,2.632,1.342,1.191,
5767,Vb-351.BL110-BLDE-RMS,351.BL110,,2026-04-26,3.06,5.91,3.21,
5768,Vb-351.BL110-BLNDE-RMS,351.BL110,,2026-04-26,3.29,5.86,2.76,
5769,Vb-351.BL110-MDE-RMS,351.BL110,,2026-04-26,1.71,2.27,2.53,
5770,Vb-351.BL110-MNDE-RMS,351.BL110,,2026-04-26,4.01,5.2,2.21,
5771,Vb-341.BL300-BLDE-RMS,341.BL300,,2026-04-26,3.59,2.92,3.16,
5772,Vb-341.BL300-BLNDE-RMS,341.BL300,,2026-04-26,4.98,4.27,3.87,
5773,Vb-341.BL300-MDE-RMS,341.BL300,,2026-04-26,3.91,7.91,6.94,
5774,Vb-341.BL300-MNDE-RMS,341.BL300,,2026-04-26,4.08,2.53,3.71,
5775,Vb-341.BL305-BLDE-RMS,341.BL305,,2026-04-26,3.6,2.55,5.04,
5776,Vb-341.BL305-BLNDE-RMS,341.BL305,,2026-04-26,2.7,2.09,4.94,
5777,Vb-341.BL305-MDE-RMS,341.BL305,,2026-04-26,5.92,8.45,18.33,
5778,Vb-341.BL305-MNDE-RMS,341.BL305,,2026-04-26,7.76,6.33,7.53,
5779,Vb-341.BL310-BLDE-RMS,341.BL310,,2026-04-26,2.91,3.49,4.52,
5780,Vb-341.BL310-BLNDE-RMS,341.BL310,,2026-04-26,2.55,2.16,4.36,
5781,Vb-341.BL310-MDE-RMS,341.BL310,,2026-04-26,3.08,3.47,6.94,
5782,Vb-341.BL310-MNDE-RMS,341.BL310,,2026-04-26,2.84,3.78,4.08,
5783,Vb-465.BL580-BLDE-RMS,465.BL580,,2026-04-19,7.14,10.89,7.09,
5784,Vb-465.BL580-BLNDE-RMS,465.BL580,,2026-04-19,5.64,6.49,5.61,
5785,Vb-465.BL580-MDE-RMS,465.BL580,,2026-04-19,3,3.8,2.24,
5786,Vb-465.BL580-MNDE-RMS,465.BL580,,2026-04-19,2.48,2.58,2.92,
5787,Vb-465.BL630-BLDE-RMS,465.BL630,,2026-03-25,2.07,3.81,3.61,
5788,Vb-465.BL630-BLNDE-RMS,465.BL630,,2026-03-25,2.36,2.19,4.31,
5789,Vb-465.BL630-MDE-RMS,465.BL630,,2026-03-25,1.79,2.13,1.27,
5790,Vb-465.BL630-MNDE-RMS,465.BL630,,2026-03-25,2.07,1.55,1.58,
5791,Vb-465.BL635-BLDE-RMS,465.BL635,,2026-04-19,2.69,8.66,3.67,
5792,Vb-465.BL635-BLNDE-RMS,465.BL635,,2026-04-19,6.69,4.68,4.69,
5793,Vb-465.BL635-MDE-RMS,465.BL635,,2026-04-19,2.93,1.84,2.13,
5794,Vb-465.BL635-MNDE-RMS,465.BL635,,2026-04-19,4.8,6.41,2.16,
5795,Vb-461.FN450-FDE-RMS,461.FN450,,2026-03-26,0.35,0.22,0.21,
5796,Vb-461.FN450-FNDE-RMS,461.FN450,,2026-03-26,0.43,0.42,0.52,
5797,Vb-461.FN450-MDE-RMS,461.FN450,,2026-03-26,,0.21,0.23,
5798,Vb-461.FN450-MDE-RMS,461.FN450,,2026-04-30,0.14,,,
5799,Vb-461.FN450-MNDE-RMS,461.FN450,,2026-04-30,0.11,0.07,0.09,
5800,Vb-341.BE040-MDE-RMS,341.BE040,,2026-04-29,1.8,1.7,1.9,
5801,Vb-341.BE040-MNDE-RMS,341.BE040,,2026-04-29,1.89,2.47,1.84,
5802,,341.BE040,Shaft 1 inboard,2026-04-29,1.8,1.98,1.45,
5803,,341.BE040,Shaft 2 inboard,2026-04-29,1.78,2.44,2.61,
5804,Vb-341.BE040-S3DE-RMS,341.BE040,,2026-04-29,1.67,1.76,1.75,
5805,Vb-351.BE340-MDE-RMS,351.BE340,,2026-04-29,1.9,2.16,1.47,
5806,Vb-351.BE340-MNDE-RMS,351.BE340,,2026-04-29,3.48,3.36,1.44,
5807,,351.BE340,Shaft 1 inboard,2026-04-29,1.25,1.43,1.53,
5808,,351.BE340,Shaft 2 inboard,2026-04-29,1.31,1.77,1.68,
5809,Vb-351.BE340-S3DE-RMS,351.BE340,,2026-04-29,1.36,2.68,1.19,
5810,Vb-342.BE041-MDE-RMS,342.BE041,,2026-04-29,4.54,1.65,1.85,
5811,Vb-342.BE041-MNDE-RMS,342.BE041,,2026-04-29,1.42,2.49,2.56,
5812,,342.BE041,Shaft 1 inboard,2026-04-29,0.83,1.36,1.26,
5813,,342.BE041,Shaft 2 inboard,2026-04-29,1.26,1.49,1.94,
5814,Vb-342.BE041-S3DE-RMS,342.BE041,,2026-04-29,1.62,1.56,2.09,
5815,Vb-351.BE341-MDE-RMS,351.BE341,,2026-04-29,3.09,2.45,3.18,
5816,Vb-351.BE341-MNDE-RMS,351.BE341,,2026-04-29,4.66,3.51,2.31,
5817,,351.BE341,Shaft 1 inboard,2026-04-29,1.64,1.87,1.82,
5818,,351.BE341,Shaft 2 inboard,2026-04-29,1.92,1.75,1.64,
5819,Vb-351.BE341-S3DE-RMS,351.BE341,,2026-04-29,2.05,3,1.43,
5820,Vb-451.FN240-FDE-RMS,451.FN240,,2026-04-26,0.6,0.77,0.56,
5821,Vb-451.FN240-FNDE-RMS,451.FN240,,2026-04-26,1.29,1.44,0.43,
5822,Vb-451.FN240-MDE-RMS,451.FN240,,2026-04-26,1.41,1,0.68,
5823,Vb-451.FN240-MNDE-RMS,451.FN240,,2026-04-26,0.64,0.41,0.42,
5824,Vb-451.WI210-MDE-RMS,451.WI210,,2026-04-12,2.28,1.83,1.69,
5825,Vb-451.WI210-PDE-RMS,451.WI210,,2026-04-12,6.06,4.85,3,
5826,Vb-451.WI210-PNDE-RMS,451.WI210,,2026-04-12,1.52,1.86,1.89,
5827,Vb-451.WI111-MDE-RMS,451.WI111,,2026-04-12,2.94,2.1,0.5,
5828,Vb-451.WI111-MNDE-RMS,451.WI111,,2026-04-12,0.71,2.62,0.43,
5829,Vb-451.WI111-PDE-RMS,451.WI111,,2026-03-30,,,1.51,
5830,Vb-451.WI111-PDE-RMS,451.WI111,,2026-04-12,2.02,1.99,,
5831,Vb-451.WI111-PNDE-RMS,451.WI111,,2026-04-12,0.81,0.83,1.02,
5832,Vb-341.FN315-FDE-RMS,341.FN315,,2026-01-21,5,1.87,2.09,
5833,Vb-341.FN315-FNDE-RMS,341.FN315,,2026-01-21,5.96,1.45,4.76,
5834,Vb-341.FN315-MDE-RMS,341.FN315,,2026-01-21,5.22,2.74,,
5835,Vb-341.FN315-MNDE-RMS,341.FN315,,2026-01-21,3.21,2.25,3.13,
5836,Vb-341.FN316-FDE-RMS,341.FN316,,2026-04-29,5.6,4.9,5.09,
5837,Vb-341.FN316-FNDE-RMS,341.FN316,,2026-04-29,7.44,5.23,5.68,
5838,Vb-341.FN316-MDE-RMS,341.FN316,,2026-04-29,6.05,6.09,,
5839,Vb-341.FN316-MNDE-RMS,341.FN316,,2026-04-29,4.94,5.54,3.79,
5840,Vb-441.CR400-CRDE-RMS,441.CR400,,2026-04-07,1.28,1.61,0.71,
5841,Vb-441.CR400-CRNDE-RMS,441.CR400,,2026-04-07,1.16,0.99,0.97,
5842,Vb-441.CR400-MDE-RMS,441.CR400,,2026-04-07,0.73,0.76,0.76,
5843,Vb-441.CR400-MNDE-RMS,441.CR400,,2026-04-07,0.77,0.51,0.87,
5844,Vb-461.MD140-MDE-RMS,461.MD140,,2026-04-30,0.46,0.31,0.23,
5845,Vb-461.MD140-MNDE-RMS,461.MD140,,2026-04-30,0.36,0.28,0.24,
5846,Vb-461.MD140-PHSS-RMS,461.MD140,,2026-04-30,0.23,0.12,0.17,
5847,Vb-461.MD140-RGT-RMS,461.MD140,,2026-04-30,0.17,0.13,0.19,
5848,Vb-461.FN125-FDE-RMS,461.FN125,,2026-04-30,2.55,4.51,7.02,
5849,Vb-461.FN125-FNDE-RMS,461.FN125,,2026-04-30,2.58,5.63,6.08,
5850,Vb-461.FN125-MDE-RMS,461.FN125,,2026-04-30,2.56,3.86,,
5851,Vb-461.FN125-MNDE-RMS,461.FN125,,2026-04-30,1.76,4.22,13.09,
5852,Vb-461.MD152-MDE-RMS,461.MD152,,2026-03-26,1.17,0.85,0.35,
5853,Vb-461.MD152-MNDE-RMS,461.MD152,,2026-03-26,1.04,1.52,0.42,
5854,Vb-461.MD152-S1DE-RMS,461.MD152,,2026-03-26,0.89,0.56,0.36,
5855,Vb-461.MD152-S1NDE-RMS,461.MD152,,2026-03-26,0.77,0.5,0.39,
5856,Vb-461.MD152-S2DE-RMS,461.MD152,,2026-03-26,0.72,1.03,0.59,
5857,Vb-461.MD152-S2NDE-RMS,461.MD152,,2026-03-26,0.65,0.68,,
5858,Vb-331.WI211-MDE-RMS,331.WI211,,2026-04-29,1.92,1.02,0.54,
5859,Vb-331.WI211-MNDE-RMS,331.WI211,,2026-04-29,2.99,1.39,1.03,
5860,Vb-331.WI211-PDE-RMS,331.WI211,,2026-04-29,2.55,2.15,0.63,
5861,Vb-331.WI211-PNDE-RMS,331.WI211,,2026-04-29,1.38,0.78,0.66,
5862,Vb-441.FN300-FDE-RMS,441.FN300,,2026-04-29,6.25,2.79,5.42,
5863,Vb-441.FN300-FNDE-RMS,441.FN300,,2026-04-29,6.01,4.3,6.62,
5864,Vb-441.FN300-MDE-RMS,441.FN300,,2026-04-29,5.67,2.78,6.04,
5865,Vb-441.FN300-MNDE-RMS,441.FN300,,2026-04-29,4.7,3.29,5.07,
5866,Vb-441.FN305-FDE-RMS,441.FN305,,2026-04-06,1.25,1.36,0.71,
5867,Vb-441.FN305-FNDE-RMS,441.FN305,,2026-04-06,0.93,1.12,0.98,
5868,Vb-441.FN305-MDE-RMS,441.FN305,,2026-04-06,1.84,2.72,2.08,
5869,Vb-441.FN305-MNDE-RMS,441.FN305,,2026-04-06,1.11,1.35,0.77,
5870,Vb-441.FN310-FDE-RMS,441.FN310,,2026-04-27,1.14,1.58,0.71,
5871,Vb-441.FN310-FNDE-RMS,441.FN310,,2026-04-06,,,1.04,
5872,Vb-441.FN310-FNDE-RMS,441.FN310,,2026-04-27,1.27,1.91,,
5873,Vb-441.FN310-MDE-RMS,441.FN310,,2026-04-27,1.86,2.5,2.66,
5874,Vb-441.FN310-MNDE-RMS,441.FN310,,2026-04-27,0.73,2.07,0.99,
5875,Vb-441.FN315-FDE-RMS,441.FN315,,2026-04-29,1.02,1.04,0.81,
5876,Vb-441.FN315-FNDE-RMS,441.FN315,,2026-04-29,0.97,0.84,0.67,
5877,Vb-441.FN315-MDE-RMS,441.FN315,,2026-04-29,2.09,1.78,1.66,
5878,Vb-441.FN315-MNDE-RMS,441.FN315,,2026-04-29,0.77,0.98,0.44,
5879,Vb-441.FN325-FDE-RMS,441.FN325,,2026-04-06,0.94,0.87,0.88,
5880,Vb-441.FN325-FNDE-RMS,441.FN325,,2026-04-06,1.49,1.89,0.93,
5881,Vb-441.FN325-MDE-RMS,441.FN325,,2026-04-06,1.94,1.6,1.59,
5882,Vb-441.FN325-MNDE-RMS,441.FN325,,2026-04-06,0.73,1.27,0.59,
5883,Vb-441.FN335-FDE-RMS,441.FN335,,2026-04-06,0.75,0.75,0.47,
5884,Vb-441.FN335-FNDE-RMS,441.FN335,,2026-04-06,1.45,0.9,1.48,
5885,Vb-441.FN335-MDE-RMS,441.FN335,,2026-04-06,0.74,0.78,0.54,
5886,Vb-441.FN335-MNDE-RMS,441.FN335,,2026-04-06,0.51,0.63,0.44,
5887,Vb-441.FN340-FDE-RMS,441.FN340,,2026-04-07,0.34,0.35,0.51,
5888,Vb-441.FN340-FNDE-RMS,441.FN340,,2026-04-07,0.39,0.39,0.45,
5889,Vb-441.FN340-MDE-RMS,441.FN340,,2026-04-07,0.62,0.61,0.36,
5890,Vb-441.FN340-MNDE-RMS,441.FN340,,2026-04-07,0.28,0.46,0.21,
5891,Vb-441.FN345-FDE-RMS,441.FN345,,2026-04-29,1.69,1.18,0.52,
5892,Vb-441.FN345-FNDE-RMS,441.FN345,,2026-04-29,1.45,1.39,0.61,
5893,Vb-441.FN345-MDE-RMS,441.FN345,,2026-04-29,1.56,1.86,1.28,
5894,Vb-441.FN345-MNDE-RMS,441.FN345,,2026-04-29,0.52,1.02,0.51,
5895,Vb-441.FN350-FDE-RMS,441.FN350,,2026-04-29,0.39,0.36,0.22,
5896,Vb-441.FN350-FNDE-RMS,441.FN350,,2026-04-29,0.66,0.53,0.43,
5897,Vb-441.FN350-MDE-RMS,441.FN350,,2026-04-29,0.59,0.82,1.02,
5898,Vb-441.FN350-MNDE-RMS,441.FN350,,2026-04-29,0.26,0.56,0.38,
5899,Vb-741.CP110-CDE-RMS,741.CP110,,2026-04-26,6.21,3.52,2.58,
5900,Vb-741.CP110-CNDE-RMS,741.CP110,,2026-04-26,3.92,3.59,4.1,
5901,Vb-741.CP110-MDE-RMS,741.CP110,,2026-04-26,3.91,4.08,3.95,
5902,Vb-741.CP110-MNDE-RMS,741.CP110,,2026-04-26,3.04,1.63,3.27,
5903,Vb-741.CP111-CDE-RMS,741.CP111,,2026-03-24,2.89,2.47,3.05,
5904,Vb-741.CP111-CNDE-RMS,741.CP111,,2026-03-24,4.64,5.24,5.82,
5905,Vb-741.CP111-MDE-RMS,741.CP111,,2026-03-24,2.47,2.73,4.82,
5906,Vb-741.CP111-MNDE-RMS,741.CP111,,2026-03-24,3.66,3.82,2.39,
5907,Vb-742.CP111-CDE-RMS,742.CP111,,2026-01-04,1.48,3.87,4.71,
5908,Vb-742.CP111-CNDE-RMS,742.CP111,,2026-01-04,4.05,5.28,4.9,
5909,Vb-742.CP111-MDE-RMS,742.CP111,,2026-01-04,1.49,1.81,1.94,
5910,Vb-742.CP111-MNDE-RMS,742.CP111,,2026-01-04,1.09,0.81,,
5911,Vb-741.CP112-CDE-RMS,741.CP112,,2026-04-26,4.35,5.85,4.55,
5912,Vb-741.CP112-CNDE-RMS,741.CP112,,2026-04-26,4.86,4.99,3.58,
5913,Vb-741.CP112-MDE-RMS,741.CP112,,2026-04-26,3.19,2.63,4.98,
5914,Vb-741.CP112-MNDE-RMS,741.CP112,,2026-04-26,4.34,2.06,4.69,
5915,Vb-742.CP112-CDE-RMS,742.CP112,,2026-01-04,3.12,5.46,5.19,
5916,Vb-742.CP112-CNDE-RMS,742.CP112,,2026-01-04,5.22,8.45,4.8,
5917,Vb-742.CP112-MDE-RMS,742.CP112,,2026-01-04,3.91,3.44,6.31,
5918,Vb-742.CP112-MNDE-RMS,742.CP112,,2026-01-04,2.72,1.38,3.07,
5919,Vb-741.CP113-CDE-RMS,741.CP113,,2026-04-26,4.43,4.26,3.09,
5920,Vb-741.CP113-CNDE-RMS,741.CP113,,2026-04-26,2.05,3.82,2.87,
5921,Vb-741.CP113-MDE-RMS,741.CP113,,2026-04-26,2.13,1.91,2.49,
5922,Vb-741.CP113-MNDE-RMS,741.CP113,,2026-04-26,4.58,3.77,1.67,
5923,Vb-742.CP113-CDE-RMS,742.CP113,,2026-01-04,2.78,1.9,0.73,
5924,Vb-742.CP113-CNDE-RMS,742.CP113,,2026-01-04,1.5,0.94,1.59,
5925,Vb-742.CP113-MDE-RMS,742.CP113,,2026-01-04,2.61,2.01,1.93,
5926,Vb-742.CP113-MNDE-RMS,742.CP113,,2026-01-04,2.07,2.36,1.13,
5927,Vb-331.CP280-CDE-RMS,331.CP280,,2026-04-26,12.55,7.3,6.07,
5928,Vb-331.CP280-CNDE-RMS,331.CP280,,2026-04-26,7.2,12.13,11.82,
5929,Vb-331.CP280-MDE-RMS,331.CP280,,2026-04-26,6.43,5.06,4.69,
5930,Vb-331.CP280-MNDE-RMS,331.CP280,,2026-04-26,8.82,8.65,6.36,
5931,Vb-331.CP281-CDE-RMS,331.CP281,,2026-04-26,5.29,6.62,3.98,
5932,Vb-331.CP281-CNDE-RMS,331.CP281,,2026-04-26,7.86,6.1,8.72,
5933,Vb-331.CP281-MDE-RMS,331.CP281,,2026-04-26,5.03,3.75,4.79,
5934,Vb-331.CP281-MNDE-RMS,331.CP281,,2026-04-26,7.95,5.23,5.35,
5935,Vb-331.CP282-CDE-RMS,331.CP282,,2026-04-05,3.3,,,
5936,Vb-331.CP282-CNDE-RMS,331.CP282,,2026-04-05,5.57,,,
5937,Vb-331.CP282-MDE-RMS,331.CP282,,2026-04-05,4.12,,,
5938,Vb-461.CP524-CDE-RMS,461.CP524,,2026-01-21,1.08,2.67,2.14,
5939,Vb-461.CP524-CNDE-RMS,461.CP524,,2026-01-21,2.83,2.27,1.55,
5940,Vb-461.CP524-MDE-RMS,461.CP524,,2026-01-21,1.57,2.34,1.6,
5941,Vb-461.CP524-MNDE-RMS,461.CP524,,2026-01-21,2.02,2.7,2.15,
5942,,461.CP525,Compressor DE,2026-04-30,2.75,2.09,4.4,
5943,,461.CP525,Compressor NDE,2026-04-30,4.19,1.94,1.34,
5944,,461.CP525,Motor DE,2026-04-30,1.04,2.01,2.79,
5945,,461.CP525,Motor NDE,2026-04-30,1.17,2.5,1.06,
5946,Vb-461.CP526-CDE-RMS,461.CP526,,2026-04-30,2.53,2.01,3.28,
5947,Vb-461.CP526-CNDE-RMS,461.CP526,,2026-04-30,4.3,2.59,1.6,
5948,Vb-461.CP526-MDE-RMS,461.CP526,,2026-04-30,1.34,3.57,2.7,
5949,Vb-461.CP526-MNDE-RMS,461.CP526,,2026-04-30,1.79,2.7,1.3,
5950,Vb-111.CP400-CDE-RMS,111.CP400,,2026-03-15,4.83,4.24,6.99,
5951,Vb-111.CP400-CNDE-RMS,111.CP400,,2026-03-15,5.35,6.6,7.01,
5952,Vb-111.CP400-MDE-RMS,111.CP400,,2026-03-15,9.8,9.77,10.66,
5953,Vb-111.CP400-MNDE-RMS,111.CP400,,2026-03-15,4.82,5.2,8.96,
5954,Vb-331.FN400-FDE-RMS,331.FN400,,2026-04-14,0.43,0.23,0.35,
5955,Vb-331.FN400-FNDE-RMS,331.FN400,,2026-04-14,0.47,0.31,,
5956,Vb-331.FN400-MDE-RMS,331.FN400,,2026-04-14,0.31,0.32,0.23,
5957,Vb-331.FN400-MNDE-RMS,331.FN400,,2026-04-14,0.39,0.47,0.2,
5958,Vb-441.FN.590-FDE-RMS,441.FN590,,2026-04-06,0.19,0.15,0.14,
5959,Vb-441.FN.590-FNDE-RMS,441.FN590,,2026-04-06,0.26,0.18,0.13,
5960,Vb-441.FN.590-MDE-RMS,441.FN590,,2026-04-06,0.42,0.33,0.1,
5961,Vb-441.FN.590-MNDE-RMS,441.FN590,,2026-04-06,0.25,0.11,0.11,
5962,Vb-441.FN.590-S1DE-RMS,441.FN590,,2026-04-06,0.19,0.18,0.14,
5963,Vb-441.FN.590-S1NDE-RMS,441.FN590,,2026-04-06,0.14,0.28,0.13,
5964,Vb-441.FN.590-S2DE-RMS,441.FN590,,2026-04-06,0.25,0.16,0.3,
5965,Vb-441.FN.590-S2NDE-RMS,441.FN590,,2026-04-06,0.26,0.18,0.31,
5966,Vb-461.PP515-MDE-RMS,461.PP515,,2026-04-30,0.37,0.27,0.1,
5967,Vb-461.PP515-MNDE-RMS,461.PP515,,2026-04-30,0.18,0.21,0.11,
5968,Vb-461.PP515-PDE-RMS,461.PP515,,2026-04-30,1.44,0.84,0.52,
5969,Vb-461.PP515-PNDE-RMS,461.PP515,,2026-04-30,0.66,0.63,0.42,
5970,Vb-331.FN110-FDE-RMS,331.FN110,,2026-04-26,1.26,0.83,1.08,
5971,Vb-331.FN110-FNDE-RMS,331.FN110,,2026-04-26,1.06,0.41,1.1,
5972,Vb-331.FN110-MDE-RMS,331.FN110,,2026-04-26,2.01,2.12,1,
5973,Vb-331.FN110-MNDE-RMS,331.FN110,,2026-04-26,0.41,0.84,0.65,
5974,Vb-431.MD140-MDE-RMS,431.MD140,,2026-04-29,0.3,0.24,0.43,
5975,Vb-431.MD140-MNDE-RMS,431.MD140,,2026-04-29,0.31,0.2,0.35,
5976,Vb-431.MD140-S1DE-RMS,431.MD140,,2026-04-29,0.45,0.32,0.55,
5977,Vb-431.MD140-S1NDE-RMS,431.MD140,,2026-04-29,0.39,0.32,0.5,
5978,Vb-431.MD140-S2DE-RMS,431.MD140,,2026-04-29,0.5,0.32,0.56,
5979,Vb-431.MD140-S2NDE-RMS,431.MD140,,2026-04-29,0.43,0.39,0.62,
5980,Vb-431.MD140-S3DE-RMS,431.MD140,,2026-04-29,0.45,0.26,0.58,
5981,Vb-431.MD140-S3NDE-RMS,431.MD140,,2026-04-29,0.46,0.49,0.64,
5982,Vb-431.MD140-S4DE-RMS,431.MD140,,2026-04-29,0.44,0.29,0.62,
5983,Vb-431.MD140-S4NDE-RMS,431.MD140,,2026-04-29,0.42,0.28,0.55,
5984,Vb-431.MD160-MDE-RMS,431.MD160,,2026-04-29,0.75,0.81,0.51,
5985,Vb-431.MD160-MNDE-RMS,431.MD160,,2026-04-29,0.5,0.4,0.4,
5986,Vb-431.MD160-S1DE-RMS,431.MD160,,2026-04-29,0.52,0.5,0.64,
5987,Vb-431.MD160-S1NDE-RMS,431.MD160,,2026-04-29,0.4,0.43,0.62,
5988,Vb-431.MD160-S2DE-RMS,431.MD160,,2026-04-29,0.44,0.24,0.63,
5989,Vb-431.MD160-S2NDE-RMS,431.MD160,,2026-04-29,0.37,0.39,0.53,
5990,Vb-431.MD160-S3DE-RMS,431.MD160,,2026-04-29,0.34,0.37,0.56,
5991,Vb-431.MD160-S3NDE-RMS,431.MD160,,2026-04-29,0.36,0.31,0.48,
5992,Vb-431.MD160-S4DE-RMS,431.MD160,,2026-04-29,0.52,0.41,0.81,
5993,Vb-431.MD160-S4NDE-RMS,431.MD160,,2026-04-29,0.43,0.41,0.78,
5994,Vb-431.FN171-FDE-RMS,431.FN171,,2026-04-29,1.24,0.44,0.87,
5995,Vb-431.FN171-FNDE-RMS,431.FN171,,2026-04-29,1.47,0.86,0.99,
5996,Vb-431.FN171-MDE-RMS,431.FN171,,2026-04-29,1.39,1.03,1.38,
5997,Vb-431.FN171-MNDE-RMS,431.FN171,,2026-04-29,0.99,0.56,0.79,
5998,Vb-431.FN176-FDE-RMS,431.FN176,,2026-04-29,1.54,1.07,1.41,
5999,Vb-431.FN176-FNDE-RMS,431.FN176,,2026-04-29,1.79,2.35,1.55,
6000,Vb-431.FN176-MDE-RMS,431.FN176,,2026-04-29,1.75,1.68,1.19,
6001,Vb-431.FN176-MNDE-RMS,431.FN176,,2026-04-29,1.05,0.61,0.98,
6002,Vb-111.HC100-MDE-RMS,111.HC100,,2026-01-31,1.03,1.05,0.24,
6003,Vb-111.HC100-MNDE-RMS,111.HC100,,2026-01-31,0.39,0.13,0.22,
6004,Vb-111.HC100-RDE-RMS,111.HC100,,2026-01-31,0.98,0.89,1.07,
6005,Vb-111.HC100-RNDE-RMS,111.HC100,,2026-01-31,1.11,0.67,0.98,
6006,Vb-111.HC100-S1DE-RMS,111.HC100,,2026-01-31,0.97,0.64,0.73,
6007,Vb-111.HC100-S1NDE-RMS,111.HC100,,2026-01-31,1.33,0.61,0.87,
6008,Vb-111.HC100-S2DE-RMS,111.HC100,,2026-01-31,0.94,1.22,0.98,
6009,Vb-111.HC100-S2NDE-RMS,111.HC100,,2026-01-31,0.9,1.23,0.99,
6010,Vb-461.FN400-FDE-RMS,461.FN400,,2026-04-30,1.44,0.85,1.76,
6011,Vb-461.FN400-FNDE-RMS,461.FN400,,2026-04-30,1.37,0.73,1.31,
6012,Vb-461.FN400-MDE-RMS,461.FN400,,2026-04-30,0.8,0.64,0.7,
6013,Vb-461.FN400-MNDE-RMS,461.FN400,,2026-04-30,0.52,0.37,0.65,
6014,Vb-431.FN560-MDE-RMS,431.FN560,,2026-04-29,1.61,1.66,1.53,
6015,Vb-431.FN560-MNDE-RMS,431.FN560,,2026-04-29,1.17,1.32,1.46,
6016,,441.WI001,Motor DE,2026-04-29,1.96,2.28,2.34,
6017,,441.WI001,Motor NDE,2026-04-29,1.54,2.45,2.36,
6018,,761.WI210,Motor DE,2026-04-08,3.27,5.27,3.96,
6019,,761.WI210,Motor NDE,2026-04-08,1.92,8.43,6.85,
6020,,441.WI002,Motor DE,2026-04-29,1.55,1.79,2.16,
6021,,441.WI002,Motor NDE,2026-04-29,1.39,1.9,1.47,
6022,,761.WI211,Motor DE,2026-04-08,3.39,2.21,2.74,
6023,,761.WI211,Motor NDE,2026-04-08,0.86,1.71,1.88,
6024,,441.WI003,Motor DE,2026-04-29,1.35,1.75,1.67,
6025,,441.WI003,Motor NDE,2026-04-29,1.56,1.28,2.18,
6026,,761.WI212,Motor DE,2026-04-08,3.11,4.34,2.95,
6027,,761.WI212,Motor NDE,2026-04-08,1.83,8.88,6.81,
6028,,441.WI004,Motor DE,2026-04-29,1.56,2.87,3.12,
6029,,441.WI004,Motor NDE,2026-04-29,1.8,3.25,2.47,
6030,,761.WI213,Motor DE,2026-04-08,3.74,3.5,9.19,
6031,,761.WI213,Motor NDE,2026-04-08,0.78,5.4,7.95,
6032,,761.WI214,Motor DE,2026-04-08,8.63,6.81,4.97,
6033,,761.WI214,Motor NDE,2026-04-08,0.94,4.42,5.64,
6034,,761.WI215,Motor DE,2026-02-14,9.66,3.06,4.49,
6035,,761.WI215,Motor NDE,2026-02-14,2.85,5.83,5.05,
6036,,761.WI216,Motor DE,2026-04-08,2.89,6.56,4.03,
6037,,761.WI216,Motor NDE,2026-04-08,6.07,7.02,2.67,
6038,Vb-451.FN010-FDE-RMS,451.FN010,,2026-04-26,0.55,0.87,0.88,
6039,Vb-451.FN010-FNDE-RMS,451.FN010,,2026-04-26,0.77,0.68,0.52,
6040,Vb-451.FN010-MDE-RMS,451.FN010,,2026-04-26,1.36,1.14,0.5,
6041,Vb-451.FN010-MNDE-RMS,451.FN010,,2026-04-26,0.57,0.45,0.57,
6042,Vb-321.MD140-MDE-RMS,321.MD140,,2026-04-14,1.9,2.28,1.42,
6043,Vb-321.MD140-MNDE-RMS,321.MD140,,2026-04-14,0.8,1.68,1.33,
6044,Vb-321.MD140-GBHSS1,321.MD140,,2026-04-14,,,,4
6045,Vb-321.MD140-GBHSS6,321.MD140,,2026-04-14,,,,0.64
6046,Vb-321.MD140-GBHSS0,321.MD140,,2026-04-14,,,,0.3
6047,Vb-321.MD140-RG3,321.MD140,,2026-04-14,,,,0.2
6048,Vb-321.MD140-RG5,321.MD140,,2026-04-14,,,,0.25
6049,Vb-321.MD140-RG4,321.MD140,,2026-04-14,,,,0.16
6050,Vb-321.MD140-RG2,321.MD140,,2026-04-14,,,,0.17
6051,Vb-321.FN400-FDE-RMS,321.FN400,,2026-04-14,1.68,0.84,1.11,
6052,Vb-321.FN400-FNDE-RMS,321.FN400,,2026-04-14,1.85,1.02,0.92,
6053,Vb-321.FN400-MDE-RMS,321.FN400,,2026-04-14,0.8,0.52,0.26,
6054,Vb-321.FN400-MNDE-RMS,321.FN400,,2026-04-14,0.64,0.37,0.31,
6055,Vb-321.MD152-MDE-RMS,321.MD152,,2026-03-26,9.76,5.81,12.94,
6056,Vb-321.MD152-MNDE-RMS,321.MD152,,2026-03-26,8.64,8.18,13.46,
6057,Vb-321.MD152-S1DE-RMS,321.MD152,,2026-03-26,8.27,7.09,14.04,
6058,Vb-321.MD152-S1NDE-RMS,321.MD152,,2026-03-26,12.75,5.37,13.46,
6059,Vb-321.MD152-S2DE-RMS,321.MD152,,2026-03-26,8.19,5.49,11.96,
6060,Vb-321.MD152-S2NDE-RMS,321.MD152,,2026-03-26,7.38,3.62,13.88,
6061,Vb-321.FN125-FDE-RMS,321.FN125,,2026-04-14,11.78,5.09,10.47,
6062,Vb-321.FN125-FNDE-RMS,321.FN125,,2026-04-14,8.93,3.97,7.24,
6063,Vb-321.FN125-MDE-RMS,321.FN125,,2026-04-14,8.56,8.31,,
6064,Vb-321.FN125-MNDE-RMS,321.FN125,,2026-04-14,9.21,6.78,6.66,
6065,,352.BL115,BL DE,2026-04-15,3.13,3.62,2.19,
6066,,352.BL115,BL NDE,2026-04-15,2.48,1.85,2.21,
6067,,352.BL115,Motor DE,2026-04-15,1.04,2.14,2.99,
6068,,352.BL115,Motor NDE,2026-02-05,,,2.71,
6069,,352.BL115,Motor NDE,2026-04-15,1.56,1.65,,
6070,Vb-342.BL300-BLDE-RMS,342.BL300,,2026-03-30,1.42,1.7,1.38,
6071,Vb-342.BL300-BLNDE-RMS,342.BL300,,2026-03-30,1.33,1.52,1.8,
6072,Vb-342.BL300-MDE-RMS,342.BL300,,2026-03-30,1.2,1.45,3.67,
6073,Vb-342.BL300-MNDE-RMS,342.BL300,,2026-02-05,,,2.43,
6074,Vb-342.BL300-MNDE-RMS,342.BL300,,2026-03-30,1.4,1.58,,
6075,Vb-342.BL305-BLDE-RMS,342.BL305,,2026-04-15,1.87,2.25,2.06,
6076,Vb-342.BL305-BLNDE-RMS,342.BL305,,2026-04-15,1.72,1.82,2.04,
6077,Vb-342.BL305-MDE-RMS,342.BL305,,2026-04-15,2.25,2.23,4.14,
6078,Vb-342.BL305-MNDE-RMS,342.BL305,,2026-04-15,2.2,2.43,1.92,
6079,Vb-342.BL310-BLDE-RMS,342.BL310,,2026-04-15,3.4,1.95,1.53,
6080,Vb-342.BL310-BLNDE-RMS,342.BL310,,2026-04-15,2.7,2.28,1.56,
6081,Vb-342.BL310-MDE-RMS,342.BL310,,2026-04-15,2.66,2.11,5.45,
6082,Vb-342.BL310-MNDE-RMS,342.BL310,,2026-04-15,3.15,3.21,2.45,
6083,Vb-466.BL580-BLDE-RMS,466.BL580,,2026-02-04,6.23,6.82,8.64,
6084,Vb-466.BL580-BLNDE-RMS,466.BL580,,2026-02-04,5.01,5.83,4.4,
6085,Vb-466.BL580-MDE-RMS,466.BL580,,2026-02-04,4.75,4.37,2.49,
6086,Vb-466.BL580-MNDE-RMS,466.BL580,,2026-02-04,2.76,4.08,3.15,
6087,Vb-466.BL585-BLDE-RMS,466.BL585,,2026-04-23,10.08,11.52,9.91,
6088,Vb-466.BL585-BLNDE-RMS,466.BL585,,2026-04-23,8.7,10.66,7.92,
6089,Vb-466.BL585-MDE-RMS,466.BL585,,2026-04-23,8.06,4.57,4.78,
6090,Vb-466.BL585-MNDE-RMS,466.BL585,,2026-04-23,5.2,6.11,8.69,
6091,Vb-466.BL630-BLDE-RMS,466.BL630,,2026-04-23,4.73,8.51,5.77,
6092,Vb-466.BL630-BLNDE-RMS,466.BL630,,2026-04-23,5.95,7.71,5.44,
6093,Vb-466.BL630-MDE-RMS,466.BL630,,2026-04-23,2.63,1.72,1.75,
6094,Vb-466.BL630-MNDE-RMS,466.BL630,,2026-04-23,3.79,3.21,2.23,
6095,Vb-462.FN450-FDE-RMS,462.FN450,,2026-04-15,0.1,0.1,0.15,
6096,Vb-462.FN450-FNDE-RMS,462.FN450,,2026-03-29,,,0.13,
6097,Vb-462.FN450-FNDE-RMS,462.FN450,,2026-04-15,0.1,0.44,,
6098,Vb-462.FN450-MDE-RMS,462.FN450,,2026-04-15,0.1,0.09,0.08,
6099,Vb-462.FN450-MNDE-RMS,462.FN450,,2026-04-15,0.12,0.07,0.08,
6100,Vb-342.BE050-MDE-RMS,342.BE050,,2026-04-20,2.15,2.33,2.21,
6101,Vb-342.BE050-MNDE-RMS,342.BE050,,2026-04-20,4.46,2.94,2.53,
6102,,342.BE050,Shaft 1 inboard,2026-04-20,1.94,2.21,1.03,
6103,,342.BE050,Shaft 2 inboard,2026-04-20,1.73,2.3,1.3,
6104,Vb-342.BE050-S3DE-RMS,342.BE050,,2026-04-20,1.4,2.42,1.67,
6105,Vb-352.BE340-MDE-RMS,352.BE340,,2026-04-20,6.98,5.11,2.95,
6106,Vb-352.BE340-MNDE-RMS,352.BE340,,2026-04-20,7.17,4.27,3.17,
6107,,352.BE340,Shaft 1 inboard,2026-04-20,4.19,2.16,2.81,
6108,,352.BE340,Shaft 2 inboard,2026-04-20,2.89,2.02,2.67,
6109,Vb-352.BE340-S3DE-RMS,352.BE340,,2026-04-20,3.4,2.92,2.51,
6110,Vb-342.BE051-MDE-RMS,342.BE051,,2026-04-20,1.94,1.94,1.73,
6111,Vb-342.BE051-MNDE-RMS,342.BE051,,2026-04-20,2.34,2.83,1.39,
6112,,342.BE051,Shaft 1 inboard,2026-04-20,1.19,1.86,1.32,
6113,,342.BE051,Shaft 2 inboard,2026-04-20,1.1,2.16,1.08,
6114,Vb-342.BE051-S3DE-RMS,342.BE051,,2026-04-20,1.58,2.38,1.42,
6115,Vb-352.BE341-MDE-RMS,352.BE341,,2026-04-20,2.79,2.33,1.98,
6116,Vb-352.BE341-MNDE-RMS,352.BE341,,2026-04-20,2.27,1.82,1.65,
6117,,352.BE341,Shaft 1 inboard,2026-04-20,1.35,1.45,1.51,
6118,,352.BE341,Shaft 2 inboard,2026-04-20,1.45,1.22,1.59,
6119,Vb-352.BE341-S3DE-RMS,352.BE341,,2026-04-20,2,1.69,1.41,
6120,Vb-452.FN240-FDE-RMS,452.FN240,,2026-04-21,0.35,0.47,0.33,
6121,Vb-452.FN240-FNDE-RMS,452.FN240,,2026-04-21,0.61,0.57,0.37,
6122,Vb-452.FN240-MDE-RMS,452.FN240,,2026-04-21,0.42,0.4,0.26,
6123,Vb-452.FN240-MNDE-RMS,452.FN240,,2026-04-21,0.43,0.28,0.19,
6124,Vb-452.WI112-MDE-RMS,452.WI112,,2026-04-09,2.39,3.42,4.65,
6125,Vb-452.WI112-MNDE-RMS,452.WI112,,2026-04-09,1.75,1.87,0.49,
6126,Vb-452.WI112-PDE-RMS,452.WI112,,2026-04-09,5.72,8.24,2.45,
6127,Vb-452.WI112-PNDE-RMS,452.WI112,,2026-04-09,1.65,2.12,2.9,
6128,Vb-452.WI111-MDE-RMS,452.WI111,,2026-03-24,,,7.41,
6129,Vb-452.WI111-MDE-RMS,452.WI111,,2026-04-09,2.52,1.3,,
6130,Vb-452.WI111-MNDE-RMS,452.WI111,,2026-03-24,,,2.19,
6131,Vb-452.WI111-MNDE-RMS,452.WI111,,2026-04-09,1.17,2.27,,
6132,Vb-452.WI111-PDE-RMS,452.WI111,,2026-03-24,,,5.11,
6133,Vb-452.WI111-PDE-RMS,452.WI111,,2026-04-09,2.28,1.54,,
6134,Vb-452.WI111-PNDE-RMS,452.WI111,,2026-03-09,1.92,1.34,2.71,
6135,Vb-342.FN315-FDE-RMS,342.FN315,,2026-04-21,13.21,5.91,4.47,
6136,Vb-342.FN315-FNDE-RMS,342.FN315,,2026-04-21,12.81,5.62,3.62,
6137,Vb-342.FN315-MDE-RMS,342.FN315,,2026-04-21,7.57,7.3,,
6138,Vb-342.FN315-MNDE-RMS,342.FN315,,2026-04-21,4.99,8.57,9.67,
6139,Vb-442.CR400-CRDE-RMS,442.CR400,,2026-03-29,,,1.59,
6140,Vb-442.CR400-CRDE-RMS,442.CR400,,2026-04-07,0.83,0.82,,
6141,Vb-442.CR400-CRNDE-RMS,442.CR400,,2026-04-07,1.38,1.13,0.71,
6142,Vb-442.CR400-MDE-RMS,442.CR400,,2026-04-07,1.42,1.22,0.57,
6143,Vb-442.CR400-MNDE-RMS,442.CR400,,2026-04-07,0.72,0.57,0.53,
6144,Vb-462.MD140-MDE-RMS,462.MD140,,2026-04-15,1.54,1.14,1.2,
6145,Vb-462.MD140-MNDE-RMS,462.MD140,,2026-04-15,1.49,0.98,1.27,
6146,Vb-462.MD140-PHSS-RMS,462.MD140,,2026-04-15,0.76,0.6,0.67,
6147,Vb-462.MD140-RGT-RMS,462.MD140,,2026-04-15,1,0.7,1.36,
6148,Vb-462.FN125-FDE-RMS,462.FN125,,2026-04-15,3.06,3.6,2.45,
6149,Vb-462.FN125-FNDE-RMS,462.FN125,,2026-04-15,3.08,2.02,2.93,
6150,Vb-462.FN125-MDE-RMS,462.FN125,,2026-04-15,2.51,2.51,,
6151,Vb-462.FN125-MNDE-RMS,462.FN125,,2026-02-09,,,10.94,
6152,Vb-462.FN125-MNDE-RMS,462.FN125,,2026-04-15,2.76,3.23,,
6153,Vb-461.MD152-MDE-RMS,461.MD152,,2026-04-15,5.33,5.33,1.28,
6154,Vb-461.MD152-MNDE-RMS,461.MD152,,2026-04-15,4.93,5.6,4.15,
6155,Vb-461.MD152-S1DE-RMS,461.MD152,,2026-04-15,3.62,1.72,3.23,
6156,Vb-461.MD152-S1NDE-RMS,461.MD152,,2026-04-15,3.4,1.6,3.51,
6157,Vb-461.MD152-S2DE-RMS,461.MD152,,2026-04-15,3.61,2,4.07,
6158,Vb-461.MD152-S2NDE-RMS,461.MD152,,2026-04-15,2.59,,,
6159,Vb-332.WI210-MDE-RMS,332.WI210,,2026-04-27,2.73,3.85,3.43,
6160,Vb-332.WI210-MNDE-RMS,332.WI210,,2026-04-27,2,2.15,2.97,
6161,Vb-332.WI210-PDE-RMS,332.WI210,,2026-04-27,5.41,3.93,2.1,
6162,Vb-332.WI210-PNDE-RMS,332.WI210,,2026-04-27,17.97,1.54,1.52,
6163,Vb-332.WI211-MDE-RMS,332.WI211,,2026-04-27,3.79,1.41,1.5,
6164,Vb-332.WI211-MNDE-RMS,332.WI211,,2026-04-27,3.21,1.34,2.22,
6165,Vb-332.WI211-PDE-RMS,332.WI211,,2026-04-27,6.02,2.85,1.26,
6166,Vb-332.WI211-PNDE-RMS,332.WI211,,2026-04-27,4.39,2.53,1.9,
6167,Vb-442.FN300-FDE-RMS,442.FN300,,2026-04-23,5.45,1.35,3.18,
6168,Vb-442.FN300-FNDE-RMS,442.FN300,,2026-04-23,4.75,3.36,3.72,
6169,Vb-442.FN300-MDE-RMS,442.FN300,,2026-04-23,7.23,3.92,4.33,
6170,Vb-442.FN300-MNDE-RMS,442.FN300,,2026-04-23,5.76,4.22,3.59,
6171,Vb-442.FN305-FDE-RMS,442.FN305,,2026-04-23,2.05,0.6,1.29,
6172,Vb-442.FN305-FNDE-RMS,442.FN305,,2026-04-23,1.41,1.02,1.72,
6173,Vb-442.FN305-MDE-RMS,442.FN305,,2026-04-23,3,1.96,0.62,
6174,Vb-442.FN305-MNDE-RMS,442.FN305,,2026-04-23,0.94,0.72,1.63,
6175,Vb-442.FN310-FDE-RMS,442.FN310,,2026-04-27,3.92,0.93,2.08,
6176,Vb-442.FN310-FNDE-RMS,442.FN310,,2026-04-23,,,2.93,
6177,Vb-442.FN310-FNDE-RMS,442.FN310,,2026-04-27,3.42,2.14,,
6178,Vb-442.FN310-MDE-RMS,442.FN310,,2026-04-27,4.33,2.36,2.67,
6179,Vb-442.FN310-MNDE-RMS,442.FN310,,2026-04-27,2.43,0.87,1.85,
6180,Vb-442.FN315-FDE-RMS,442.FN315,,2026-04-23,4.76,6.72,3.21,
6181,Vb-442.FN315-FNDE-RMS,442.FN315,,2026-04-23,11.51,6.22,4.7,
6182,Vb-442.FN315-MDE-RMS,442.FN315,,2026-04-23,2.85,3.59,6.11,
6183,Vb-442.FN315-MNDE-RMS,442.FN315,,2026-04-23,13.09,4.01,4.76,
6184,Vb-442.FN325-FDE-RMS,442.FN325,,2026-04-23,2.2,1.35,3.85,
6185,Vb-442.FN325-FNDE-RMS,442.FN325,,2026-04-23,1.24,2.97,4.73,
6186,Vb-442.FN325-MDE-RMS,442.FN325,,2026-04-23,1.35,1.33,4.79,
6187,Vb-442.FN325-MNDE-RMS,442.FN325,,2026-04-23,1.77,1.77,3.98,
6188,Vb-442.FN335-FDE-RMS,442.FN335,,2026-04-23,1.12,1.25,0.73,
6189,Vb-442.FN335-FNDE-RMS,442.FN335,,2026-04-23,0.75,0.83,1.11,
6190,Vb-442.FN335-MDE-RMS,442.FN335,,2026-04-23,0.49,0.68,0.75,
6191,Vb-442.FN335-MNDE-RMS,442.FN335,,2026-04-23,0.5,0.64,0.54,
6192,Vb-442.FN340-FDE-RMS,442.FN340,,2026-04-07,1.48,1.61,3.1,
6193,Vb-442.FN340-FNDE-RMS,442.FN340,,2026-04-07,2.67,3.1,3.71,
6194,Vb-442.FN340-MDE-RMS,442.FN340,,2026-04-07,2.99,2.36,2.72,
6195,Vb-442.FN340-MNDE-RMS,442.FN340,,2026-04-07,1.67,0.65,2.88,
6196,Vb-442.FN345-FDE-RMS,442.FN345,,2026-04-07,4.5,2.92,3.73,
6197,Vb-442.FN345-FNDE-RMS,442.FN345,,2026-04-07,6.88,4.5,3.81,
6198,Vb-442.FN345-MDE-RMS,442.FN345,,2026-04-07,6.82,5.64,4.73,
6199,Vb-442.FN345-MNDE-RMS,442.FN345,,2026-04-07,6.08,4.13,3.57,
6200,Vb-442.FN350-FDE-RMS,442.FN350,,2026-04-07,0.56,0.85,0.73,
6201,Vb-442.FN350-FNDE-RMS,442.FN350,,2026-04-07,0.85,0.88,0.42,
6202,Vb-442.FN350-MDE-RMS,442.FN350,,2026-04-07,0.46,0.55,0.48,
6203,Vb-442.FN350-MNDE-RMS,442.FN350,,2026-04-07,0.29,0.46,0.3,
6204,Vb-462.CP525-CDE-RMS,462.CP525,,2026-04-15,1.34,1.19,1.51,
6205,Vb-462.CP525-CNDE-RMS,462.CP525,,2026-04-15,3.97,4.6,1.22,
6206,Vb-462.CP525-MDE-RMS,462.CP525,,2026-04-15,1.06,2.3,1.97,
6207,Vb-462.CP525-MNDE-RMS,462.CP525,,2026-04-15,1.11,2.94,1.31,
6208,Vb-743.CP110-CDE-RMS,743.CP110,,2026-03-30,1.08,1.32,1.06,
6209,Vb-743.CP110-CNDE-RMS,743.CP110,,2026-03-30,1.32,1.84,2.57,
6210,Vb-743.CP110-MDE-RMS,743.CP110,,2026-03-30,0.56,0.47,1.61,
6211,Vb-743.CP110-MNDE-RMS,743.CP110,,2026-03-30,0.45,0.44,1.9,
6212,Vb-743.CP111-CDE-RMS,743.CP111,,2026-04-19,5.89,4.89,6.89,
6213,Vb-743.CP111-CNDE-RMS,743.CP111,,2026-04-19,,,9.58,
6214,Vb-743.CP111-MDE-RMS,743.CP111,,2026-04-19,4.22,4.16,5,
6215,Vb-743.CP111-MNDE-RMS,743.CP111,,2026-04-19,5.61,5.96,3.74,
6216,Vb-743.CP112-CDE-RMS,743.CP112,,2026-04-21,1.56,1.56,1.73,
6217,Vb-743.CP112-CNDE-RMS,743.CP112,,2026-04-21,1.99,2.17,2.47,
6218,Vb-743.CP112-MDE-RMS,743.CP112,,2026-04-21,0.78,1.49,1.39,
6219,Vb-743.CP112-MNDE-RMS,743.CP112,,2026-04-21,0.93,1.31,1.53,
6220,Vb-744.CP112-CDE-RMS,744.CP112,,2026-01-26,2.75,3.37,4.96,
6221,Vb-744.CP112-CNDE-RMS,744.CP112,,2026-01-26,5.38,5.16,3.71,
6222,Vb-744.CP112-MDE-RMS,744.CP112,,2026-01-26,2.44,3.54,2.76,
6223,Vb-744.CP112-MNDE-RMS,744.CP112,,2026-01-26,2.32,2.37,3.02,
6224,Vb-743.CP113-CDE-RMS,743.CP113,,2026-04-21,2.23,2.63,2.88,
6225,Vb-743.CP113-CNDE-RMS,743.CP113,,2026-04-21,3.93,5.02,5.11,
6226,Vb-743.CP113-MDE-RMS,743.CP113,,2026-04-21,1.52,1.66,3.26,
6227,Vb-743.CP113-MNDE-RMS,743.CP113,,2026-04-21,1.5,2.37,3.5,
6228,Vb-744.CP113-CDE-RMS,744.CP113,,2026-01-26,2.65,5.34,4.92,
6229,Vb-744.CP113-CNDE-RMS,744.CP113,,2026-01-26,5.96,8.85,4.62,
6230,Vb-744.CP113-MDE-RMS,744.CP113,,2026-01-26,1.97,4.96,4.22,
6231,Vb-744.CP113-MNDE-RMS,744.CP113,,2026-01-26,1.64,1.43,3.94,
6232,,743.CP115,Compressor DE,2026-04-21,2.68,6.71,5.7,
6233,,743.CP115,Compressor NDE,2026-04-21,5.88,6.61,6.77,
6234,,743.CP115,Motor DE,2026-04-21,1.8,4.48,3.49,
6235,,743.CP115,Motor NDE,2026-04-21,1.99,2.32,3.81,
6236,,332.CP280,Compressor DE,2026-04-21,1.74,1.87,0.69,
6237,,332.CP280,Compressor NDE,2026-04-21,0.97,0.9,1.38,
6238,,332.CP280,Motor DE,2026-04-21,1.45,1.47,1.67,
6239,,332.CP280,Motor NDE,2026-04-21,1.39,1.56,1.56,
6240,Vb-332.CP281-CDE-RMS,332.CP281,,2026-04-21,1.22,1.06,1.39,
6241,Vb-332.CP281-CNDE-RMS,332.CP281,,2026-04-21,1.3,2.57,1.71,
6242,Vb-332.CP281-MDE-RMS,332.CP281,,2026-04-21,0.94,1.03,1.11,
6243,Vb-332.CP281-MNDE-RMS,332.CP281,,2026-04-21,1.23,1.33,0.89,
6244,Vb-462.CP530-CDE-RMS,462.CP530,,2026-01-21,0.95,0.76,1.82,
6245,Vb-462.CP530-CNDE-RMS,462.CP530,,2026-01-21,4.51,4.2,1.57,
6246,Vb-462.CP530-MDE-RMS,462.CP530,,2026-01-21,1.85,1.84,3.26,
6247,Vb-462.CP530-MNDE-RMS,462.CP530,,2026-01-21,1.21,2.08,1.6,
6248,,462.CP.535,Compressor DE,2026-04-15,1.32,0.81,1.56,
6249,,462.CP.535,Compressor NDE,2026-04-15,5.39,4.75,1.06,
6250,,462.CP.535,Motor DE,2026-04-15,1.09,1.4,3.06,
6251,,462.CP.535,Motor NDE,2026-04-15,1.09,2.39,2.13,
6252,Vb-332.FN400-FDE-RMS,332.FN400,,2026-04-14,2.33,0.92,1.74,
6253,Vb-332.FN400-FNDE-RMS,332.FN400,,2026-04-14,3.26,0.98,,
6254,Vb-332.FN400-MDE-RMS,332.FN400,,2026-04-14,0.72,1.1,0.56,
6255,Vb-332.FN400-MNDE-RMS,332.FN400,,2026-04-14,0.8,0.89,0.55,
6256,Vb-442.FN590-FDE-RMS,442.FN590,,2026-04-07,0.34,0.29,0.25,
6257,Vb-442.FN590-FNDE-RMS,442.FN590,,2026-04-07,0.39,0.3,0.21,
6258,Vb-442.FN590-MDE-RMS,442.FN590,,2026-04-07,0.31,0.28,0.19,
6259,Vb-442.FN590-MNDE-RMS,442.FN590,,2026-04-07,0.29,0.23,0.18,
6260,Vb-442.FN590-S1DE-RMS,442.FN590,,2026-04-07,0.98,0.58,0.85,
6261,Vb-442.FN590-S1NDE-RMS,442.FN590,,2026-04-07,0.86,0.47,0.78,
6262,Vb-442.FN590-S2DE-RMS,442.FN590,,2026-04-07,0.93,0.91,0.44,
6263,Vb-442.FN590-S2NDE-RMS,442.FN590,,2026-04-07,0.67,0.72,0.51,
6264,Vb-462.PP515-MDE-RMS,462.PP515,,2026-04-15,0.51,0.53,0.77,
6265,Vb-462.PP515-MNDE-RMS,462.PP515,,2026-04-15,0.42,0.41,0.25,
6266,Vb-462.PP515-PDE-RMS,462.PP515,,2026-04-15,2.76,2.36,2.03,
6267,Vb-462.PP515-PNDE-RMS,462.PP515,,2026-04-15,1.38,1.05,0.56,
6268,Vb-332.FN110-FDE-RMS,332.FN110,,2026-04-21,1.02,0.8,0.57,
6269,Vb-332.FN110-FNDE-RMS,332.FN110,,2026-04-21,1.08,0.51,1.03,
6270,Vb-332.FN110-MDE-RMS,332.FN110,,2026-04-21,0.89,0.78,0.33,
6271,Vb-332.FN110-MNDE-RMS,332.FN110,,2026-04-21,0.92,0.8,0.32,
6272,Vb-432.MD140-MDE-RMS,432.MD140,,2026-04-21,0.39,0.35,0.39,
6273,Vb-432.MD140-MNDE-RMS,432.MD140,,2026-04-21,0.4,0.21,0.38,
6274,Vb-432.MD140-S1DE-RMS,432.MD140,,2026-04-21,0.41,0.26,0.43,
6275,Vb-432.MD140-S1NDE-RMS,432.MD140,,2026-04-21,0.36,0.21,0.45,
6276,Vb-432.MD140-S2DE-RMS,432.MD140,,2026-04-21,0.43,0.21,0.49,
6277,Vb-432.MD140-S2NDE-RMS,432.MD140,,2026-04-21,0.37,0.27,0.48,
6278,Vb-432.MD140-S3DE-RMS,432.MD140,,2026-04-21,0.38,0.25,0.48,
6279,Vb-432.MD140-S3NDE-RMS,432.MD140,,2026-04-21,0.44,0.3,0.44,
6280,Vb-432.MD140-S4DE-RMS,432.MD140,,2026-04-21,0.42,0.3,0.46,
6281,Vb-432.MD140-S4NDE-RMS,432.MD140,,2026-04-21,0.45,0.27,0.41,
6282,Vb-432.MD160-MDE-RMS,432.MD160,,2026-04-21,0.41,0.37,0.37,
6283,Vb-432.MD160-MNDE-RMS,432.MD160,,2026-04-21,0.37,0.37,0.4,
6284,Vb-432.MD160-S1DE-RMS,432.MD160,,2026-04-21,0.38,0.24,0.41,
6285,Vb-432.MD160-S1NDE-RMS,432.MD160,,2026-04-21,0.38,0.27,0.41,
6286,Vb-432.MD160-S2DE-RMS,432.MD160,,2026-04-21,0.39,0.24,0.5,
6287,Vb-432.MD160-S2NDE-RMS,432.MD160,,2026-04-21,0.37,0.5,0.57,
6288,Vb-432.MD160-S3DE-RMS,432.MD160,,2026-04-21,0.53,0.25,0.64,
6289,Vb-432.MD160-S3NDE-RMS,432.MD160,,2026-04-21,0.51,0.37,0.73,
6290,Vb-432.MD160-S4DE-RMS,432.MD160,,2026-04-21,0.38,0.3,0.48,
6291,Vb-432.MD160-S4NDE-RMS,432.MD160,,2026-04-21,0.43,0.29,0.41,
6292,Vb-432.FN171-FDE-RMS,432.FN171,,2026-04-20,4.71,1.95,2.12,
6293,Vb-432.FN171-FNDE-RMS,432.FN171,,2026-04-20,5.03,1.3,2.3,
6294,Vb-432.FN171-MDE-RMS,432.FN171,,2026-04-20,4.34,2.51,2.61,
6295,Vb-432.FN171-MNDE-RMS,432.FN171,,2026-04-20,3.25,1.25,1.64,
6296,Vb-432.FN176-FDE-RMS,432.FN176,,2026-04-07,0.87,0.49,0.51,
6297,Vb-432.FN176-FNDE-RMS,432.FN176,,2026-04-07,1.18,1.03,0.74,
6298,Vb-432.FN176-MDE-RMS,432.FN176,,2026-04-07,1.17,1.12,0.66,
6299,Vb-432.FN176-MNDE-RMS,432.FN176,,2026-04-07,0.6,0.54,0.46,
6300,Vb-462.FN400-FDE-RMS,462.FN400,,2026-04-27,2.88,1.9,1.08,
6301,Vb-462.FN400-FNDE-RMS,462.FN400,,2026-04-27,2.58,1.28,1.58,
6302,Vb-462.FN400-MDE-RMS,462.FN400,,2026-04-27,1.11,0.74,0.47,
6303,Vb-462.FN400-MNDE-RMS,462.FN400,,2026-04-27,1.33,0.28,0.47,
6304,Vb-432.FN560-MDE-RMS,432.FN560,,2026-04-20,0.77,0.63,1.19,
6305,Vb-432.FN560-MNDE-RMS,432.FN560,,2026-04-20,1.04,1.49,1.28,
6306,,442.WI001,Motor DE,2026-04-20,5.71,2.39,1.96,
6307,,442.WI001,Motor NDE,2026-04-20,2.17,1.82,2.17,
6308,,762.WI210,Motor DE,2026-04-08,2.26,2.62,6.09,
6309,,762.WI210,Motor NDE,2026-04-08,2,6.25,4.89,
6310,,442.WI002,Motor DE,2026-03-31,,,1.43,
6311,,442.WI002,Motor DE,2026-04-20,2.09,1.18,,
6312,,442.WI002,Motor NDE,2026-04-20,0,4.82,3.44,
6313,,762.WI211,Motor DE,2026-04-08,2.99,3.6,4.1,
6314,,762.WI211,Motor NDE,2026-04-08,2.58,3,2.65,
6315,,442.WI003,Motor DE,2026-03-16,1.42,1.43,1.8,
6316,,442.WI003,Motor NDE,2026-03-16,1.49,2.88,1.34,
6317,,762.WI212,Motor DE,2026-04-08,1.96,3.64,6.49,
6318,,762.WI212,Motor NDE,2026-04-08,1.32,3.26,2.56,
6319,,442.WI004,Motor DE,2026-04-20,1.59,1.31,1.68,
6320,,442.WI004,Motor NDE,2026-04-20,4.35,2.84,1.57,
6321,,762.WI213,Motor DE,2026-01-27,3.95,3.23,3.07,
6322,,762.WI213,Motor NDE,2026-01-27,5.39,3.79,3.17,
6323,,442.WI005,Motor DE,2026-04-20,2.75,2.9,2.13,
6324,,442.WI005,Motor NDE,2026-04-20,3.28,2.51,3.65,
6325,,762.WI214,Motor DE,2026-04-08,8.9,2.01,8.56,
6326,,762.WI214,Motor NDE,2026-04-08,3.47,2.97,8.06,
6327,,762.WI216,Motor DE,2026-04-08,3.55,3.46,5.01,
6328,,762.WI216,Motor NDE,2026-04-08,3.07,6.81,5.9,
6329,Vb-452.FN010-FDE-RMS,452.FN010,,2026-04-21,0.4,0.52,0.25,
6330,Vb-452.FN010-FNDE-RMS,452.FN010,,2026-04-21,0.61,0.72,0.2,
6331,Vb-452.FN010-MDE-RMS,452.FN010,,2026-04-21,0.46,0.43,0.46,
6332,Vb-452.FN010-MNDE-RMS,452.FN010,,2026-04-21,0.27,0.13,0.25,
6333,Vb-322.MD140-GBHSS0,322.MD140,,2026-04-14,,,,1.33
6334,Vb-322.MD140-GBHSS1,322.MD140,,2026-04-14,,,,0.88
6335,Vb-322.MD140-GBHSS6,322.MD140,,2026-04-14,,,,1.78
6336,Vb-322.MD140-MDE-RMS,322.MD140,,2026-04-14,2.38,2.34,0.88,
6337,Vb-322.MD140-MNDE-RMS,322.MD140,,2026-04-14,1.27,1.15,0.86,
6338,Vb-322.MD140-RG2,322.MD140,,2026-04-14,,,,1.45
6339,Vb-322.MD140-RG3,322.MD140,,2026-04-14,,,,1.22
6340,Vb-322.MD140-RG4,322.MD140,,2026-04-14,,,,1.76
6341,Vb-322.MD140-RG5,322.MD140,,2026-04-14,,,,1.59
6342,Vb-322.FN400-FDE-RMS,322.FN400,,2026-04-14,0.69,0.49,1.48,
6343,Vb-322.FN400-FNDE-RMS,322.FN400,,2026-04-14,0.75,0.58,1.58,
6344,Vb-322.FN400-MDE-RMS,322.FN400,,2026-04-14,1.14,1,0.18,
6345,Vb-322.FN400-MNDE-RMS,322.FN400,,2026-04-14,0.99,0.56,0.27,
6346,Vb-322.FN125-FDE-RMS,322.FN125,,2026-04-14,6.27,8.94,8.93,
6347,Vb-322.FN125-FNDE-RMS,322.FN125,,2026-04-14,17.67,7.35,7.16,
6348,Vb-322.FN125-MDE-RMS,322.FN125,,2026-04-14,8.11,5.8,,
6349,Vb-322.FN125-MNDE-RMS,322.FN125,,2026-04-14,14.4,8.66,6.17,
6350,Vb-213.HC100-MNDE-RMS,213.HC100,,2026-05-13,1.22,2.76,2.49,
6351,Vb-213.HC100-MDE-RMS,213.HC100,,2026-05-13,2.22,3.44,2.1,
6352,Vb-213.HC100-CRDE-RMS,213.HC100,,2026-05-13,18.59,6.36,9.47,
6353,Vb-213.HC100-CRNDE-RMS,213.HC100,,2026-05-13,14.99,6.04,21.07,
6354,Vb-531.BE220-BRDE-RMS,531.BE220,,2026-05-13,7.47,4.16,4.78,
6355,Vb-531.BE220-BRNDE-RMS,531.BE220,,2026-05-13,6.64,5.11,2.95,
6356,Vb-531.BE220-S1DE-RMS,531.BE220,,2026-05-13,,6.46,6.58,6.31
6357,Vb-531.BE220-S2DE-RMS,531.BE220,,2026-05-13,,6.78,4.39,6.6
6358,Vb-531.BE220-S2NDE-RMS,531.BE220,,2026-05-13,,5.86,4.96,5.96
6359,Vb-531.BE220-MNDE-RMS,531.BE220,,2026-05-13,12.62,14.84,9.53,
6360,Vb-531.BE220-MDE-RMS,531.BE220,,2026-05-13,8.71,12.94,9.06,
6361,Vb-531.FN242-FNDE-RMS,531.FN242,,2026-05-13,5.98,6.14,9.94,
6362,,531.FN242,Fan NDE,2026-05-13,8.06,7.55,7.83,
6363,Vb-531.FN242-MNDE-RMS,531.FN242,,2026-05-13,2.88,7.48,4.06,
6364,Vb-531.FN242-MDE-RMS,531.FN242,,2026-05-13,7.01,8.36,3.41,
6365,Vb-531.FN530-FDE-RMS,531.FN530,,2026-05-13,1.84,0.83,2.78,
6366,Vb-531.FN530-FNDE-RMS,531.FN530,,2026-05-13,1.59,1.41,1.66,
6367,Vb-531.FN530-MNDE-RMS,531.FN530,,2026-05-13,1.58,1.08,1.22,
6368,Vb-531.FN530-MDE-RMS,531.FN530,,2026-05-13,2.06,1.87,2.5,
6369,Vb-531.MD140-S1DE-RMS,531.MD140,,2026-05-13,,4.3,4.77,4.97
6370,Vb-531.MD140-S1NDE-RMS,531.MD140,,2026-05-13,,3.16,4.07,2.38
6371,Vb-531.MD140-S2DE-RMS,531.MD140,,2026-05-13,,2.52,2.65,3.69
6372,Vb-531.MD140-S2NDE-RMS,531.MD140,,2026-05-13,,2.45,2.02,1.98
6373,Vb-531.MD140-S3DE-RMS,531.MD140,,2026-05-13,,1.57,3.82,1.97
6374,Vb-531.MD140-S3NDE-RMS,531.MD140,,2026-05-13,,2.55,2.45,2.86
6375,Vb-531.MD140-S4DE-RMS,531.MD140,,2026-05-13,,2.33,2.34,3.42
6376,Vb-531.MD140-S4NDE-RMS,531.MD140,,2026-05-13,1,0.6,0.92,
6377,Vb-531.MD140-MDE-RMS,531.MD140,,2026-05-13,1.51,0.48,1.37,
6378,Vb-531.FN380-FDE-RMS,531.FN380,,2026-05-13,1.85,0.99,9.82,
6379,Vb-531.FN380-FNDE-RMS,531.FN380,,2026-05-13,1.49,1.1,2.85,
6380,Vb-531.FN380-MNDE-RMS,531.FN380,,2026-05-13,1.77,1.05,0.89,
6381,Vb-531.FN380-MDE-RMS,531.FN380,,2026-05-13,1.4,0.63,0.78,
6382,Vb-531.MD302-S1DE-RMS,531.MD302,,2026-05-13,,1.71,0.8,1.18
6383,Vb-531.MD302-S1NDE-RMS,531.MD302,,2026-05-13,,1.52,0.74,2.08
6384,Vb-531.MD302-S2DE-RMS,531.MD302,,2026-05-13,,1.65,0.88,1.74
6385,Vb-531.MD302-S2NDE-RMS,531.MD302,,2026-05-13,,1.52,0.72,1.4
6386,Vb-531.MD302-MNDE-RMS,531.MD302,,2026-05-13,2.21,2.28,1.6,
6387,Vb-531.MD302-MDE-RMS,531.MD302,,2026-05-13,1.58,2.35,0.8,
6388,Vb-532.FN242-FNDE-RMS,532.FN242,,2026-05-13,6.8,6.86,17.38,
6389,,532.FN242,Fan NDE,2026-05-13,9.98,5.68,20.71,
6390,Vb-532.FN242-MNDE-RMS,532.FN242,,2026-05-13,9.75,6.83,24.07,
6391,Vb-532.FN242-MDE-RMS,532.FN242,,2026-05-13,7.44,4.5,16.34,
6392,Vb-532.FN380-FDE-RMS,532.FN380,,2026-05-13,0.7,0.44,1.66,
6393,Vb-532.FN380-FNDE-RMS,532.FN380,,2026-05-13,1.12,0.54,1.72,
6394,Vb-532.FN380-MNDE-RMS,532.FN380,,2026-05-13,0.59,0.95,0.72,
6395,Vb-532.FN380-MDE-RMS,532.FN380,,2026-05-13,0.56,0.67,0.61,
6396,Vb-532.FN530-FDE-RMS,532.FN530,,2026-05-13,2.46,2.21,4.39,
6397,Vb-532.FN530-FNDE-RMS,532.FN530,,2026-05-13,3.29,4.27,3.73,
6398,Vb-532.FN530-MNDE-RMS,532.FN530,,2026-05-13,1.81,2.02,2.79,
6399,Vb-532.FN530-MDE-RMS,532.FN530,,2026-05-13,2.85,2.07,4.54,
6400,Vb-532.MD140-S1DE-RMS,532.MD140,,2026-05-13,,14.37,8.61,7.28
6401,Vb-532.MD140-S1NDE-RMS,532.MD140,,2026-05-13,,6.52,5.69,6.28
6402,Vb-532.MD140-S2NDE-RMS,532.MD140,,2026-05-13,,5.58,4.89,4.01
6403,Vb-532.MD140-S3NDE-RMS,532.MD140,,2026-05-13,,4.13,5.9,5.72
6404,Vb-532.MD140-S4NDE-RMS,532.MD140,,2026-05-13,,5.27,3.53,3.74
6405,Vb-532.MD140-MNDE-RMS,532.MD140,,2026-05-13,1.58,1.91,1.46,
6406,Vb-532.MD140-MDE-RMS,532.MD140,,2026-05-13,2.47,1.08,1.62,
6407,Vb-532.MD302-S1DE-RMS,532.MD302,,2026-05-13,,1.66,0.94,1.95
6408,Vb-532.MD302-S1NDE-RMS,532.MD302,,2026-05-13,,1.46,5.48,1.89
6409,Vb-532.MD302-S2DE-RMS,532.MD302,,2026-05-13,,1.48,1.07,1.65
6410,Vb-532.MD302-S2NDE-RMS,532.MD302,,2026-05-13,,1.68,0.88,4.17
6411,Vb-532.MD302-MNDE-RMS,532.MD302,,2026-05-13,2.65,1.58,0.84,
6412,Vb-532.MD302-MDE-RMS,532.MD302,,2026-05-13,1.09,1.63,0.85,
6413,Vb-533.BE220-BRDE-RMS,533.BE220,,2026-05-11,3.44,2,3.46,
6414,Vb-533.BE220-BRNDE-RMS,533.BE220,,2026-05-11,2.78,4.31,2.99,
6415,Vb-533.BE220-S1DE-RMS,533.BE220,,2026-05-11,,8.52,5.09,5.56
6416,Vb-533.BE220-S1NDE-RMS,533.BE220,,2026-05-11,,5.64,4.3,10.22
6417,Vb-533.BE220-S2DE-RMS,533.BE220,,2026-05-11,,4.56,5.6,5.14
6418,Vb-533.BE220-S2NDE-RMS,533.BE220,,2026-05-11,,7.66,5.32,4.27
6419,Vb-533.BE220-MNDE-RMS,533.BE220,,2026-05-11,7.38,16.24,6.43,
6420,Vb-533.BE220-MDE-RMS,533.BE220,,2026-05-11,9.02,9.96,9.41,
6421,Vb-533.FN364-FNDE-RMS,533.FN364,,2026-05-11,17.24,10.76,13.44,
6422,,533.FN364,Fan NDE,2026-05-11,13.69,17.31,26.95,
6423,Vb-533.FN364-MNDE-RMS,533.FN364,,2026-05-11,11.59,15.59,3.76,
6424,Vb-533.FN364-MDE-RMS,533.FN364,,2026-05-11,12.19,13.44,6.79,
6425,Vb-533.FN530-FDE-RMS,533.FN530,,2026-05-11,7.11,6.05,3.54,
6426,Vb-533.FN530-FNDE-RMS,533.FN530,,2026-05-11,11.43,8.02,7.12,
6427,Vb-533.FN530-MNDE-RMS,533.FN530,,2026-05-11,3.66,4.58,5.57,
6428,Vb-533.FN530-MDE-RMS,533.FN530,,2026-05-11,2.61,4.71,4.55,
6429,Vb-533.MD140-S1DE-RMS,533.MD140,,2026-05-11,,17,8.96,4.85
6430,Vb-533.MD140-S1NDE-RMS,533.MD140,,2026-05-11,,8.22,6.09,7.11
6431,Vb-533.MD140-S2DE-RMS,533.MD140,,2026-05-11,,4.23,6.92,5.2
6432,Vb-533.MD140-S2NDE-RMS,533.MD140,,2026-05-11,,4.35,4.43,4.34
6433,Vb-533.MD140-S3DE-RMS,533.MD140,,2026-05-11,,6.16,6.01,6.13
6434,Vb-533.MD140-S3NDE-RMS,533.MD140,,2026-05-11,,5.16,5.59,4.71
6435,Vb-533.MD140-S4DE-RMS,533.MD140,,2026-05-11,,5.64,6.41,6.67
6436,Vb-533.MD140-S4NDE-RMS,533.MD140,,2026-05-11,,4.99,4.45,4.86
6437,Vb-533.MD140-MNDE-RMS,533.MD140,,2026-05-11,1.45,0.75,0.97,
6438,Vb-533.MD140-MDE-RMS,533.MD140,,2026-05-11,1.79,0.86,1,
6439,Vb-533.FN350-FDE-RMS,533.FN350,,2026-05-11,2.32,0.85,1.91,
6440,Vb-533.FN350-FNDE-RMS,533.FN350,,2026-05-11,1.22,0.76,1.43,
6441,Vb-533.FN350-MNDE-RMS,533.FN350,,2026-05-11,1.38,0.78,0.65,
6442,Vb-533.FN350-MDE-RMS,533.FN350,,2026-05-11,1.01,0.57,0.59,
6443,Vb-533.MD302-S1DE-RMS,533.MD302,,2026-05-11,,3.64,2.45,2.63
6444,Vb-533.MD302-S1NDE-RMS,533.MD302,,2026-05-11,,3.42,1.46,2.5
6445,Vb-533.MD302-S2DE-RMS,533.MD302,,2026-05-11,,3.29,1.75,2.28
6446,Vb-533.MD302-S2NDE-RMS,533.MD302,,2026-05-11,,3.38,1.48,1.96
6447,Vb-533.MD302-MNDE-RMS,533.MD302,,2026-05-11,2.94,3.59,2,
6448,Vb-533.MD302-MDE-RMS,533.MD302,,2026-05-11,2.25,2.62,2.09,
6449,Vb-533.MD302-S3DE-RMS,533.MD302,,2026-05-11,5.13,3.89,1.48,
6450,Vb-533.MD302-S3NDE-RMS,533.MD302,,2026-05-11,5.17,2.85,1.57,
6451,Vb-534.FN530-FDE-RMS,534.FN530,,2026-05-13,12.17,10.22,4.84,
6452,Vb-534.FN530-FNDE-RMS,534.FN530,,2026-05-13,7.28,7.22,5.51,
6453,Vb-534.FN530-MNDE-RMS,534.FN530,,2026-05-13,8.73,8.27,5.47,
6454,Vb-534.FN530-MDE-RMS,534.FN530,,2026-05-13,10.82,6.53,7.59,
6455,Vb-534.MD140-S1DE-RMS,534.MD140,,2026-05-13,,12.55,6.06,5.65
6456,Vb-534.MD140-S1NDE-RMS,534.MD140,,2026-05-13,,12.72,6.04,6.42
6457,Vb-534.MD140-S2DE-RMS,534.MD140,,2026-05-13,,6.82,5.09,3.82
6458,Vb-534.MD140-S2NDE-RMS,534.MD140,,2026-05-13,,6.27,3.94,5.09
6459,Vb-534.MD140-S3DE-RMS,534.MD140,,2026-05-13,,4.16,2.95,3.64
6460,Vb-534.MD140-S3NDE-RMS,534.MD140,,2026-05-13,,4.89,5.48,4.66
6461,Vb-534.MD140-S4DE-RMS,534.MD140,,2026-05-13,,5.85,5.21,3.87
6462,Vb-534.MD140-S4NDE-RMS,534.MD140,,2026-05-13,,4.5,3.94,4.6
6463,Vb-534.MD140-MNDE-RMS,534.MD140,,2026-05-13,1.3,0.86,1.06,
6464,Vb-534.MD140-MDE-RMS,534.MD140,,2026-05-13,2.05,1.24,1.42,
6465,Vb-534.FN350-FDE-RMS,534.FN350,,2026-05-13,3.03,1.58,4.39,
6466,Vb-534.FN350-FNDE-RMS,534.FN350,,2026-05-13,1.78,0.65,1.04,
6467,Vb-534.FN350-MNDE-RMS,534.FN350,,2026-05-13,2.06,0.54,0.89,
6468,Vb-534.FN350-MDE-RMS,534.FN350,,2026-05-13,1.69,1.12,1.35,
6469,Vb-612.BL300-BLDE-RMS,612.BL300,,2026-05-13,8.68,12.2,7.99,
6470,Vb-612.BL300-BLNDE-RMS,612.BL300,,2026-05-13,10.33,9.69,5.44,
6471,Vb-612.BL300-MNDE-RMS,612.BL300,,2026-05-13,6.68,9.26,6.69,
6472,Vb-612.BL300-MDE-RMS,612.BL300,,2026-05-13,12.7,6.52,6.4,
6473,Vb-613.BL300-BLDE-RMS,613.BL300,,2026-05-13,14.23,19.57,11.48,
6474,Vb-613.BL300-BLNDE-RMS,613.BL300,,2026-05-13,11.98,12.85,7.99,
6475,Vb-613.BL300-MNDE-RMS,613.BL300,,2026-05-13,8.88,6.55,4.68,
6476,Vb-613.BL300-MDE-RMS,613.BL300,,2026-05-13,10.38,8.78,2.88,
6477,Vb-614.BL300-BLDE-RMS,614.BL300,,2026-05-13,10.86,11.84,9.19,
6478,Vb-614.BL300-BLNDE-RMS,614.BL300,,2026-05-13,8.65,9.99,8.88,
6479,Vb-614.BL300-MNDE-RMS,614.BL300,,2026-05-13,6.14,4.62,6.39,
6480,Vb-614.BL300-MDE-RMS,614.BL300,,2026-05-13,3.84,11.41,5.55,
6481,Vb-641.FN.952-FDE-RMS,641.FN952,,2026-05-13,5.68,7.82,3.94,
6482,Vb-641.FN.952-FNDE-RMS,641.FN952,,2026-05-13,4.07,4.24,4.82,
6483,Vb-641.FN.952-MNDE-RMS,641.FN952,,2026-05-13,7.67,4.31,8.4,
6484,Vb-641.FN.952-MDE-RMS,641.FN952,,2026-05-13,6.15,6.36,5.37,
6485,Vb-642.FN.952-FDE-RMS,642.FN952,,2026-05-13,4.24,5.08,3.81,
6486,Vb-642.FN.952-FNDE-RMS,642.FN952,,2026-05-13,5.36,3.01,5.03,
6487,Vb-642.FN.952-MNDE-RMS,642.FN952,,2026-05-13,11.19,4.94,5.81,
6488,Vb-642.FN.952-MDE-RMS,642.FN952,,2026-05-13,9.7,5.05,2.88,
6489,Vb-643.FN.952-FDE-RMS,643.FN952,,2026-05-13,5.16,4.22,6.27,
6490,Vb-643.FN.952-FNDE-RMS,643.FN952,,2026-05-13,4.41,2.57,6.4,
6491,Vb-643.FN.952-MNDE-RMS,643.FN952,,2026-05-13,4.5,3.22,4.99,
6492,Vb-643.FN.952-MDE-RMS,643.FN952,,2026-05-13,4.55,4.93,5.77,
6493,Vb-644.FN.952-FDE-RMS,644.FN952,,2026-05-13,8.31,9.2,14.47,
6494,Vb-644.FN.952-FNDE-RMS,644.FN952,,2026-05-13,11.84,12.28,7.57,
6495,Vb-644.FN.952-MNDE-RMS,644.FN952,,2026-05-13,23.84,10.81,10.52,
6496,Vb-644.FN.952-MDE-RMS,644.FN952,,2026-05-13,10.88,21.38,7.46,
6497,Vb-645.FN.952-FDE-RMS,645.FN952,,2026-05-13,9.36,5.25,8.97,
6498,Vb-645.FN.952-FNDE-RMS,645.FN952,,2026-05-13,7.2,3.02,7.44,
6499,Vb-645.FN.952-MNDE-RMS,645.FN952,,2026-05-13,15.37,6.4,8.31,
6500,Vb-645.FN.952-MDE-RMS,645.FN952,,2026-05-13,11.58,10.17,3.82,
6501,Vb-646.FN.952-FDE-RMS,646.FN952,,2026-05-13,3.7,3.08,6.59,
6502,Vb-646.FN.952-FNDE-RMS,646.FN952,,2026-05-13,2.91,2.52,4.92,
6503,Vb-646.FN.952-MNDE-RMS,646.FN952,,2026-05-13,5.48,3.81,4.93,
6504,Vb-646.FN.952-MDE-RMS,646.FN952,,2026-05-13,2.5,2.94,7.16,
6505,Vb-742.CP110-CDE-RMS,742.CP110,,2026-05-11,2.31,2.19,3.23,
6506,Vb-742.CP110-CNDE-RMS,742.CP110,,2026-05-11,2.37,3.61,2.53,
6507,Vb-742.CP110-MNDE-RMS,742.CP110,,2026-05-11,1.07,1.94,1.67,
6508,Vb-742.CP110-MDE-RMS,742.CP110,,2026-05-11,1.27,2.3,1.38,
6509,Vb-742.CP112-CDE-RMS,742.CP112,,2026-05-11,1.7,7.18,4.12,
6510,Vb-742.CP112-CNDE-RMS,742.CP112,,2026-05-11,4.73,6.33,4.64,
6511,Vb-742.CP112-MNDE-RMS,742.CP112,,2026-05-11,0.81,2.04,2.8,
6512,Vb-742.CP112-MDE-RMS,742.CP112,,2026-05-11,1.2,3.23,2.64,
6513,Vb-742.CP113-CDE-RMS,742.CP113,,2026-05-11,4.9,3.05,5.03,
6514,Vb-742.CP113-CNDE-RMS,742.CP113,,2026-05-11,2.56,1.26,2.66,
6515,Vb-742.CP113-MNDE-RMS,742.CP113,,2026-05-11,4.31,2.88,2.14,
6516,Vb-742.CP113-MDE-RMS,742.CP113,,2026-05-11,1.74,2.84,1.28,
6517,Vb-744.CP110-CDE-RMS,744.CP110,,2026-05-11,5.53,6.48,3.65,
6518,Vb-744.CP110-CNDE-RMS,744.CP110,,2026-05-11,7.93,11.29,6.51,
6519,Vb-744.CP110-MNDE-RMS,744.CP110,,2026-05-11,2.57,3.3,6.24,
6520,Vb-744.CP110-MDE-RMS,744.CP110,,2026-05-11,2.33,3.39,4.1,
6521,Vb-744.CP111-CDE-RMS,744.CP111,,2026-05-11,5.07,6.77,5.16,
6522,Vb-744.CP111-CNDE-RMS,744.CP111,,2026-05-11,10.07,12.83,6.93,
6523,Vb-744.CP111-MNDE-RMS,744.CP111,,2026-05-11,3.76,4.63,4.78,
6524,Vb-744.CP111-MDE-RMS,744.CP111,,2026-05-11,3.39,4.35,5.54,
6525,Vb-744.CP113-CDE-RMS,744.CP113,,2026-05-11,0.99,3.61,2.54,
6526,Vb-744.CP113-CNDE-RMS,744.CP113,,2026-05-11,4.08,4.35,2.03,
6527,Vb-744.CP113-MNDE-RMS,744.CP113,,2026-05-11,1.46,1.28,1.05,
6528,Vb-744.CP113-MDE-RMS,744.CP113,,2026-05-11,1.13,1.24,0.89,
6529,Vb-531.MD140-MDE-RMS,531.MD140,,2026-06-04,1.039,0.66,0.892,
6530,Vb-531.MD140-MNDE-RMS,531.MD140,,2026-06-04,1.541,0.566,1.084,
6531,Vb-531.MD140-S1DE-RMS,531.MD140,,2026-06-04,3.124,3.762,4.231,
6532,Vb-531.MD140-S1NDE-RMS,531.MD140,,2026-06-04,2.333,3.158,5.051,
6533,Vb-531.MD140-S2DE-RMS,531.MD140,,2026-06-04,3.594,2.317,2.745,
6534,Vb-531.MD140-S2NDE-RMS,531.MD140,,2026-06-04,1.913,2.177,2.088,
6535,Vb-531.MD140-S3DE-RMS,531.MD140,,2026-06-04,2.809,2.455,2.664,
6536,Vb-531.MD140-S3NDE-RMS,531.MD140,,2026-06-04,2.493,1.751,3.753,
6537,Vb-531.MD140-S4DE-RMS,531.MD140,,2026-06-04,3.522,2.369,2.192,
6538,Vb-531.MD140-S4NDE-RMS,531.MD140,,2026-06-04,2.183,2.28,2.327,
6539,Vb-532.MD140-MDE-RMS,532.MD140,,2026-06-09,1.507,1.053,2.625,
6540,Vb-532.MD140-MNDE-RMS,532.MD140,,2026-06-09,2.416,1.601,2.454,
6541,Vb-532.MD140-S1DE-RMS,532.MD140,,2026-06-09,6.567,14.94,8.659,
6542,Vb-532.MD140-S1NDE-RMS,532.MD140,,2026-06-09,7.824,7.425,7.773,
6543,Vb-532.MD140-S2NDE-RMS,532.MD140,,2026-06-09,4.803,5.129,4.445,
6544,Vb-532.MD140-S3NDE-RMS,532.MD140,,2026-06-09,4.094,4.683,6.017,
6545,Vb-532.MD140-S4NDE-RMS,532.MD140,,2026-06-09,4.426,5.368,3.876,
6546,Vb-534.MD140-MDE-RMS,534.MD140,,2026-06-04,1.42,1.035,1.458,
6547,Vb-534.MD140-MNDE-RMS,534.MD140,,2026-06-04,2.047,2.878,1.417,
6548,Vb-534.MD140-S1DE-RMS,534.MD140,,2026-06-04,5.63,13.14,8.628,
6549,Vb-534.MD140-S1NDE-RMS,534.MD140,,2026-06-04,6.442,13.45,9.54,
6550,Vb-534.MD140-S2NDE-RMS,534.MD140,,2026-06-04,5.186,6.087,3.821,
6551,Vb-534.MD140-S3NDE-RMS,534.MD140,,2026-06-04,4.829,4.802,5.66,
6552,Vb-534.MD140-S4NDE-RMS,534.MD140,,2026-06-04,4.781,4.257,3.457,
