#,VIB ID,Equipment ID,Point (unmatched only),Date,HDm (dBsv),HDc (dBsv)
1,Vb-531.MD140-MDE-SPM,531.MD140,,2025-01-06,25,1
2,Vb-531.MD140-MNDE-SPM,531.MD140,,2025-01-06,17,-8
3,Vb-531.MD140-S1DE-SPM,531.MD140,,2025-01-06,16,-8
4,Vb-531.MD140-S1NDE-SPM,531.MD140,,2025-01-06,28,0
5,Vb-531.MD140-S2DE-SPM,531.MD140,,2025-01-06,19,-6
6,Vb-531.MD140-S2NDE-SPM,531.MD140,,2025-01-06,20,-2
7,Vb-531.MD140-S3DE-SPM,531.MD140,,2025-01-06,46,-4
8,Vb-531.MD140-S3NDE-SPM,531.MD140,,2025-01-06,33,1
9,Vb-531.MD140-S4DE-SPM,531.MD140,,2025-01-06,21,-1
10,Vb-531.MD140-S4NDE-SPM,531.MD140,,2025-01-06,34,2
11,Vb-532.MD140-MDE-SPM,532.MD140,,2025-01-06,19,6
12,Vb-532.MD140-MNDE-SPM,532.MD140,,2025-01-06,20,6
13,Vb-532.MD140-S1DE-SPM,532.MD140,,2025-01-06,13,-9
14,Vb-532.MD140-S1NDE-SPM,532.MD140,,2025-01-06,18,-5
15,Vb-532.MD140-S2DE-SPM,532.MD140,,2025-01-06,16,-4
16,Vb-532.MD140-S2NDE-SPM,532.MD140,,2025-01-06,21,-1
17,Vb-532.MD140-S3DE-SPM,532.MD140,,2025-01-06,33,-4
18,Vb-532.MD140-S3NDE-SPM,532.MD140,,2025-01-06,35,-4
19,Vb-532.MD140-S4DE-SPM,532.MD140,,2025-01-06,35,-1
20,Vb-532.MD140-S4NDE-SPM,532.MD140,,2025-01-06,32,1
21,Vb-644.FN.952-FDE-SPM,644.FN952,,2025-01-07,22,13
22,Vb-644.FN.952-FNDE-SPM,644.FN952,,2025-01-07,33,17
23,Vb-644.FN.952-MDE-SPM,644.FN952,,2025-01-07,31,15
24,Vb-644.FN.952-MNDE-SPM,644.FN952,,2025-01-07,18,0
25,Vb-645.FN.952-FDE-SPM,645.FN952,,2025-01-07,16,8
26,Vb-645.FN.952-FNDE-SPM,645.FN952,,2025-01-07,17,7
27,Vb-645.FN.952-MDE-SPM,645.FN952,,2025-01-07,21,0
28,Vb-645.FN.952-MNDE-SPM,645.FN952,,2025-01-07,17,-4
29,Vb-646.FN.952-FDE-SPM,646.FN952,,2025-01-07,25,17
30,Vb-646.FN.952-FNDE-SPM,646.FN952,,2025-01-07,39,5
31,Vb-646.FN.952-MDE-SPM,646.FN952,,2025-01-07,19,3
32,Vb-646.FN.952-MNDE-SPM,646.FN952,,2025-01-07,14,-5
33,Vb-531.FN530-FDE-SPM,531.FN530,,2025-01-06,20,14
34,Vb-531.FN530-FNDE-SPM,531.FN530,,2025-01-06,20,13
35,Vb-531.FN530-MDE-SPM,531.FN530,,2025-01-06,5,-13
36,Vb-531.FN530-MNDE-SPM,531.FN530,,2025-01-06,-4,-18
37,Vb-532.FN530-FDE-SPM,532.FN530,,2025-01-06,15,7
38,Vb-532.FN530-FNDE-SPM,532.FN530,,2025-01-06,18,12
39,Vb-532.FN530-MDE-SPM,532.FN530,,2025-01-06,19,-14
40,Vb-532.FN530-MNDE-SPM,532.FN530,,2025-01-06,5,-13
41,Vb-531.FN380-FDE-SPM,531.FN380,,2025-01-06,14,1
42,Vb-531.FN380-FNDE-SPM,531.FN380,,2025-01-06,24,-13
43,Vb-531.FN380-MDE-SPM,531.FN380,,2025-01-06,14,-14
44,Vb-531.FN380-MNDE-SPM,531.FN380,,2025-01-06,5,-25
45,Vb-532.FN380-FDE-SPM,532.FN380,,2025-01-06,14,7
46,Vb-532.FN380-FNDE-SPM,532.FN380,,2025-01-06,21,3
47,Vb-532.FN380-MDE-SPM,532.FN380,,2025-01-06,5,-14
48,Vb-532.FN380-MNDE-SPM,532.FN380,,2025-01-06,3,-25
49,Vb-614.BL300-BLDE-SPM,614.BL300,,2025-01-07,26,14
50,Vb-614.BL300-BLNDE-SPM,614.BL300,,2025-01-07,36,27
51,Vb-614.BL300-MDE-SPM,614.BL300,,2025-01-07,28,16
52,Vb-614.BL300-MNDE-SPM,614.BL300,,2025-01-07,10,-4
53,Vb-442.CR400-CRDE-SPM,442.CR400,,2025-01-08,14,-9
54,Vb-442.CR400-CRNDE-SPM,442.CR400,,2025-01-08,29,-7
55,Vb-442.CR400-MDE-SPM,442.CR400,,2025-01-08,14,-6
56,Vb-442.CR400-MNDE-SPM,442.CR400,,2025-01-08,2,-17
57,Vb-442.FN300-FDE-SPM,442.FN300,,2025-01-08,32,25
58,Vb-442.FN300-FNDE-SPM,442.FN300,,2025-01-08,30,18
59,Vb-442.FN300-MDE-SPM,442.FN300,,2025-01-08,19,11
60,Vb-442.FN300-MNDE-SPM,442.FN300,,2025-01-08,24,13
61,Vb-442.FN305-FDE-SPM,442.FN305,,2025-01-08,27,21
62,Vb-442.FN305-FNDE-SPM,442.FN305,,2025-01-08,29,22
63,Vb-442.FN305-MDE-SPM,442.FN305,,2025-01-08,23,15
64,Vb-442.FN305-MNDE-SPM,442.FN305,,2025-01-08,25,18
65,Vb-442.FN310-FDE-SPM,442.FN310,,2025-01-08,29,21
66,Vb-442.FN310-FNDE-SPM,442.FN310,,2025-01-08,35,24
67,Vb-442.FN310-MDE-SPM,442.FN310,,2025-01-08,20,12
68,Vb-442.FN310-MNDE-SPM,442.FN310,,2025-01-08,19,11
69,Vb-442.FN315-FDE-SPM,442.FN315,,2025-01-08,34,28
70,Vb-442.FN315-FNDE-SPM,442.FN315,,2025-01-08,28,12
71,Vb-442.FN315-MDE-SPM,442.FN315,,2025-01-08,25,12
72,Vb-442.FN315-MNDE-SPM,442.FN315,,2025-01-08,28,20
73,Vb-442.FN325-FDE-SPM,442.FN325,,2025-01-08,28,22
74,Vb-442.FN325-FNDE-SPM,442.FN325,,2025-01-08,26,17
75,Vb-442.FN325-MDE-SPM,442.FN325,,2025-01-08,23,12
76,Vb-442.FN325-MNDE-SPM,442.FN325,,2025-01-08,26,19
77,Vb-442.FN335-FDE-SPM,442.FN335,,2025-01-08,15,4
78,Vb-442.FN335-FNDE-SPM,442.FN335,,2025-01-08,7,-1
79,Vb-442.FN335-MDE-SPM,442.FN335,,2025-01-08,18,11
80,Vb-442.FN335-MNDE-SPM,442.FN335,,2025-01-08,20,14
81,Vb-442.FN340-FDE-SPM,442.FN340,,2025-01-08,18,10
82,Vb-442.FN340-FNDE-SPM,442.FN340,,2025-01-08,4,-5
83,Vb-442.FN340-MDE-SPM,442.FN340,,2025-01-08,29,7
84,Vb-442.FN340-MNDE-SPM,442.FN340,,2025-01-08,20,11
85,Vb-442.FN345-FDE-SPM,442.FN345,,2025-01-08,14,2
86,Vb-442.FN345-FNDE-SPM,442.FN345,,2025-01-08,25,3
87,Vb-442.FN345-MDE-SPM,442.FN345,,2025-01-08,26,8
88,Vb-442.FN345-MNDE-SPM,442.FN345,,2025-01-08,25,9
89,Vb-442.FN350-FDE-SPM,442.FN350,,2025-01-08,15,4
90,Vb-442.FN350-FNDE-SPM,442.FN350,,2025-01-08,26,4
91,Vb-442.FN350-MDE-SPM,442.FN350,,2025-01-08,31,9
92,Vb-442.FN350-MNDE-SPM,442.FN350,,2025-01-08,27,12
93,Vb-744.CP110-CDE-SPM-5,744.CP110,,2025-01-07,22,12
94,Vb-744.CP110-CNDE-SPM-1,744.CP110,,2025-01-07,37,17
95,Vb-744.CP110-MDE-SPM-A,744.CP110,,2025-01-07,4,-4
96,Vb-744.CP110-MNDE-SPM-B,744.CP110,,2025-01-07,7,-13
97,Vb-744.CP112-CDE-SPM-5,744.CP112,,2025-01-07,29,17
98,Vb-744.CP112-CNDE-SPM-1,744.CP112,,2025-01-07,34,15
99,Vb-744.CP112-MDE-SPM-A,744.CP112,,2025-01-07,20,-3
100,Vb-744.CP112-MNDE-SPM-B,744.CP112,,2025-01-07,15,4
101,,744.CP113,Compressor DE,2025-01-07,29,13
102,,744.CP113,Compressor NDE,2025-01-07,44,24
103,,744.CP113,Motor DE,2025-01-07,19,1
104,,744.CP113,Motor NDE,2025-01-07,19,1
105,Vb-442.FN590-FDE-SPM,442.FN590,,2025-01-08,29,-15
106,Vb-442.FN590-FNDE-SPM,442.FN590,,2025-01-08,23,-2
107,Vb-442.FN590-MDE-SPM,442.FN590,,2025-01-08,19,11
108,Vb-442.FN590-MNDE-SPM,442.FN590,,2025-01-08,14,8
109,Vb-442.FN590-S1DE-SPM,442.FN590,,2025-01-08,17,10
110,Vb-442.FN590-S1NDE-SPM,442.FN590,,2025-01-08,15,7
111,Vb-442.FN590-S2DE-SPM,442.FN590,,2025-01-08,20,12
112,Vb-442.FN590-S2NDE-SPM,442.FN590,,2025-01-08,30,17
113,Vb-432.FN176-FDE-SPM,432.FN176,,2025-01-08,12,-16
114,Vb-432.FN176-FNDE-SPM,432.FN176,,2025-01-08,23,16
115,Vb-432.FN176-MDE-SPM,432.FN176,,2025-01-08,14,-5
116,Vb-432.FN176-MNDE-SPM,432.FN176,,2025-01-08,3,-9
117,,533.MD302,Motor DE,2025-01-10,4,-3
118,,533.MD302,Motor NDE,2025-01-10,12,1
119,,533.MD302,Shaft 1 inboard DE,2025-01-10,17,9
120,,533.MD302,Shaft 1 Outboard NDE,2025-01-10,15,6
121,,533.MD302,Shaft 2 inboard DE,2025-01-10,28,13
122,,533.MD302,Shaft 2 outboard NDE,2025-01-10,27,12
123,Vb-533.FN350-FDE-SPM,533.FN350,,2025-01-10,13,5
124,Vb-533.FN350-FNDE-SPM,533.FN350,,2025-01-10,22,16
125,Vb-533.FN350-MDE-SPM,533.FN350,,2025-01-10,7,-15
126,Vb-533.FN350-MNDE-SPM,533.FN350,,2025-01-10,4,-23
127,Vb-534.FN350-FDE-SPM,534.FN350,,2025-01-07,31,18
128,Vb-534.FN350-FDE-SPM,534.FN350,,2025-01-10,34,18
129,Vb-534.FN350-FNDE-SPM,534.FN350,,2025-01-10,22,-3
130,Vb-534.FN350-MDE-SPM,534.FN350,,2025-01-07,21,2
131,Vb-534.FN350-MDE-SPM,534.FN350,,2025-01-10,21,6
132,Vb-534.FN350-MNDE-SPM,534.FN350,,2025-01-07,23,4
133,Vb-534.FN350-MNDE-SPM,534.FN350,,2025-01-10,20,-5
134,Vb-533.FN530-FDE-SPM,533.FN530,,2025-01-10,8,2
135,Vb-533.FN530-FNDE-SPM,533.FN530,,2025-01-10,6,-8
136,Vb-533.FN530-MDE-SPM,533.FN530,,2025-01-10,13,2
137,Vb-533.FN530-MNDE-SPM,533.FN530,,2025-01-10,6,-6
138,Vb-534.FN530-FDE-SPM,534.FN530,,2025-01-10,15,6
139,Vb-534.FN530-FNDE-SPM,534.FN530,,2025-01-10,21,6
140,Vb-534.FN530-MDE-SPM,534.FN530,,2025-01-10,17,0
141,Vb-534.FN530-MNDE-SPM,534.FN530,,2025-01-10,12,-11
142,Vb-531.MD140-MDE-SPM,531.MD140,,2025-01-06,25,1
143,Vb-531.MD140-MNDE-SPM,531.MD140,,2025-01-06,17,-8
144,Vb-531.MD140-S1DE-SPM,531.MD140,,2025-01-06,16,-8
145,Vb-531.MD140-S1NDE-SPM,531.MD140,,2025-01-06,28,0
146,Vb-531.MD140-S2DE-SPM,531.MD140,,2025-01-06,19,-6
147,Vb-531.MD140-S2NDE-SPM,531.MD140,,2025-01-06,20,-2
148,Vb-531.MD140-S3DE-SPM,531.MD140,,2025-01-06,46,-4
149,Vb-531.MD140-S3NDE-SPM,531.MD140,,2025-01-06,33,1
150,Vb-531.MD140-S4DE-SPM,531.MD140,,2025-01-06,21,-1
151,Vb-531.MD140-S4NDE-SPM,531.MD140,,2025-01-06,34,2
152,Vb-532.MD140-MDE-SPM,532.MD140,,2025-01-06,19,6
153,Vb-532.MD140-MNDE-SPM,532.MD140,,2025-01-06,20,6
154,Vb-532.MD140-S1DE-SPM,532.MD140,,2025-01-06,13,-9
155,Vb-532.MD140-S1NDE-SPM,532.MD140,,2025-01-06,18,-5
156,Vb-532.MD140-S2DE-SPM,532.MD140,,2025-01-06,16,-4
157,Vb-532.MD140-S2NDE-SPM,532.MD140,,2025-01-06,21,-1
158,Vb-532.MD140-S3DE-SPM,532.MD140,,2025-01-06,33,-4
159,Vb-532.MD140-S3NDE-SPM,532.MD140,,2025-01-06,35,-4
160,Vb-532.MD140-S4DE-SPM,532.MD140,,2025-01-06,35,-1
161,Vb-532.MD140-S4NDE-SPM,532.MD140,,2025-01-06,32,1
162,Vb-644.FN.952-FDE-SPM,644.FN952,,2025-01-07,22,13
163,Vb-644.FN.952-FNDE-SPM,644.FN952,,2025-01-07,33,17
164,Vb-644.FN.952-MDE-SPM,644.FN952,,2025-01-07,31,15
165,Vb-644.FN.952-MNDE-SPM,644.FN952,,2025-01-07,18,0
166,Vb-645.FN.952-FDE-SPM,645.FN952,,2025-01-07,16,8
167,Vb-645.FN.952-FNDE-SPM,645.FN952,,2025-01-07,17,7
168,Vb-645.FN.952-MDE-SPM,645.FN952,,2025-01-07,21,0
169,Vb-645.FN.952-MNDE-SPM,645.FN952,,2025-01-07,17,-4
170,Vb-646.FN.952-FDE-SPM,646.FN952,,2025-01-07,25,17
171,Vb-646.FN.952-FNDE-SPM,646.FN952,,2025-01-07,39,5
172,Vb-646.FN.952-MDE-SPM,646.FN952,,2025-01-07,19,3
173,Vb-646.FN.952-MNDE-SPM,646.FN952,,2025-01-07,14,-5
174,Vb-531.FN530-FDE-SPM,531.FN530,,2025-01-06,20,14
175,Vb-531.FN530-FNDE-SPM,531.FN530,,2025-01-06,20,13
176,Vb-531.FN530-MDE-SPM,531.FN530,,2025-01-06,5,-13
177,Vb-531.FN530-MNDE-SPM,531.FN530,,2025-01-06,-4,-18
178,Vb-532.FN530-FDE-SPM,532.FN530,,2025-01-06,15,7
179,Vb-532.FN530-FNDE-SPM,532.FN530,,2025-01-06,18,12
180,Vb-532.FN530-MDE-SPM,532.FN530,,2025-01-06,19,-14
181,Vb-532.FN530-MNDE-SPM,532.FN530,,2025-01-06,5,-13
182,Vb-531.FN380-FDE-SPM,531.FN380,,2025-01-06,14,1
183,Vb-531.FN380-FNDE-SPM,531.FN380,,2025-01-06,24,-13
184,Vb-531.FN380-MDE-SPM,531.FN380,,2025-01-06,14,-14
185,Vb-531.FN380-MNDE-SPM,531.FN380,,2025-01-06,5,-25
186,Vb-532.FN380-FDE-SPM,532.FN380,,2025-01-06,14,7
187,Vb-532.FN380-FNDE-SPM,532.FN380,,2025-01-06,21,3
188,Vb-532.FN380-MDE-SPM,532.FN380,,2025-01-06,5,-14
189,Vb-532.FN380-MNDE-SPM,532.FN380,,2025-01-06,3,-25
190,Vb-614.BL300-BLDE-SPM,614.BL300,,2025-01-07,26,14
191,Vb-614.BL300-BLNDE-SPM,614.BL300,,2025-01-07,36,27
192,Vb-614.BL300-MDE-SPM,614.BL300,,2025-01-07,28,16
193,Vb-614.BL300-MNDE-SPM,614.BL300,,2025-01-07,10,-4
194,Vb-442.CR400-CRDE-SPM,442.CR400,,2025-01-08,14,-9
195,Vb-442.CR400-CRNDE-SPM,442.CR400,,2025-01-08,29,-7
196,Vb-442.CR400-MDE-SPM,442.CR400,,2025-01-08,14,-6
197,Vb-442.CR400-MNDE-SPM,442.CR400,,2025-01-08,2,-17
198,Vb-442.FN300-FDE-SPM,442.FN300,,2025-01-08,32,25
199,Vb-442.FN300-FNDE-SPM,442.FN300,,2025-01-08,30,18
200,Vb-442.FN300-MDE-SPM,442.FN300,,2025-01-08,19,11
201,Vb-442.FN300-MNDE-SPM,442.FN300,,2025-01-08,24,13
202,Vb-442.FN305-FDE-SPM,442.FN305,,2025-01-08,27,21
203,Vb-442.FN305-FNDE-SPM,442.FN305,,2025-01-08,29,22
204,Vb-442.FN305-MDE-SPM,442.FN305,,2025-01-08,23,15
205,Vb-442.FN305-MNDE-SPM,442.FN305,,2025-01-08,25,18
206,Vb-442.FN310-FDE-SPM,442.FN310,,2025-01-08,29,21
207,Vb-442.FN310-FNDE-SPM,442.FN310,,2025-01-08,35,24
208,Vb-442.FN310-MDE-SPM,442.FN310,,2025-01-08,20,12
209,Vb-442.FN310-MNDE-SPM,442.FN310,,2025-01-08,19,11
210,Vb-442.FN315-FDE-SPM,442.FN315,,2025-01-08,34,28
211,Vb-442.FN315-FNDE-SPM,442.FN315,,2025-01-08,28,12
212,Vb-442.FN315-MDE-SPM,442.FN315,,2025-01-08,25,12
213,Vb-442.FN315-MNDE-SPM,442.FN315,,2025-01-08,28,20
214,Vb-442.FN325-FDE-SPM,442.FN325,,2025-01-08,28,22
215,Vb-442.FN325-FNDE-SPM,442.FN325,,2025-01-08,26,17
216,Vb-442.FN325-MDE-SPM,442.FN325,,2025-01-08,23,12
217,Vb-442.FN325-MNDE-SPM,442.FN325,,2025-01-08,26,19
218,Vb-442.FN335-FDE-SPM,442.FN335,,2025-01-08,15,4
219,Vb-442.FN335-FNDE-SPM,442.FN335,,2025-01-08,7,-1
220,Vb-442.FN335-MDE-SPM,442.FN335,,2025-01-08,18,11
221,Vb-442.FN335-MNDE-SPM,442.FN335,,2025-01-08,20,14
222,Vb-442.FN340-FDE-SPM,442.FN340,,2025-01-08,18,10
223,Vb-442.FN340-FNDE-SPM,442.FN340,,2025-01-08,4,-5
224,Vb-442.FN340-MDE-SPM,442.FN340,,2025-01-08,29,7
225,Vb-442.FN340-MNDE-SPM,442.FN340,,2025-01-08,20,11
226,Vb-442.FN345-FDE-SPM,442.FN345,,2025-01-08,14,2
227,Vb-442.FN345-FNDE-SPM,442.FN345,,2025-01-08,25,3
228,Vb-442.FN345-MDE-SPM,442.FN345,,2025-01-08,26,8
229,Vb-442.FN345-MNDE-SPM,442.FN345,,2025-01-08,25,9
230,Vb-442.FN350-FDE-SPM,442.FN350,,2025-01-08,15,4
231,Vb-442.FN350-FNDE-SPM,442.FN350,,2025-01-08,26,4
232,Vb-442.FN350-MDE-SPM,442.FN350,,2025-01-08,31,9
233,Vb-442.FN350-MNDE-SPM,442.FN350,,2025-01-08,27,12
234,Vb-744.CP110-CDE-SPM-5,744.CP110,,2025-01-07,22,12
235,Vb-744.CP110-CNDE-SPM-1,744.CP110,,2025-01-07,37,17
236,Vb-744.CP110-MDE-SPM-A,744.CP110,,2025-01-07,4,-4
237,Vb-744.CP110-MNDE-SPM-B,744.CP110,,2025-01-07,7,-13
238,Vb-744.CP112-CDE-SPM-5,744.CP112,,2025-01-07,29,17
239,Vb-744.CP112-CNDE-SPM-1,744.CP112,,2025-01-07,34,15
240,Vb-744.CP112-MDE-SPM-A,744.CP112,,2025-01-07,20,-3
241,Vb-744.CP112-MNDE-SPM-B,744.CP112,,2025-01-07,15,4
242,,744.CP113,Compressor DE,2025-01-07,29,13
243,,744.CP113,Compressor NDE,2025-01-07,44,24
244,,744.CP113,Motor DE,2025-01-07,19,1
245,,744.CP113,Motor NDE,2025-01-07,19,1
246,Vb-442.FN590-FDE-SPM,442.FN590,,2025-01-08,29,-15
247,Vb-442.FN590-FNDE-SPM,442.FN590,,2025-01-08,23,-2
248,Vb-442.FN590-MDE-SPM,442.FN590,,2025-01-08,19,11
249,Vb-442.FN590-MNDE-SPM,442.FN590,,2025-01-08,14,8
250,Vb-442.FN590-S1DE-SPM,442.FN590,,2025-01-08,17,10
251,Vb-442.FN590-S1NDE-SPM,442.FN590,,2025-01-08,15,7
252,Vb-442.FN590-S2DE-SPM,442.FN590,,2025-01-08,20,12
253,Vb-442.FN590-S2NDE-SPM,442.FN590,,2025-01-08,30,17
254,Vb-432.FN176-FDE-SPM,432.FN176,,2025-01-08,12,-16
255,Vb-432.FN176-FNDE-SPM,432.FN176,,2025-01-08,23,16
256,Vb-432.FN176-MDE-SPM,432.FN176,,2025-01-08,14,-5
257,Vb-432.FN176-MNDE-SPM,432.FN176,,2025-01-08,3,-9
258,,533.MD302,Motor DE,2025-01-10,4,-3
259,,533.MD302,Motor NDE,2025-01-10,12,1
260,,533.MD302,Shaft 1 inboard DE,2025-01-10,17,9
261,,533.MD302,Shaft 1 Outboard NDE,2025-01-10,15,6
262,,533.MD302,Shaft 2 inboard DE,2025-01-10,28,13
263,,533.MD302,Shaft 2 outboard NDE,2025-01-10,27,12
264,Vb-533.FN350-FDE-SPM,533.FN350,,2025-01-10,13,5
265,Vb-533.FN350-FNDE-SPM,533.FN350,,2025-01-10,22,16
266,Vb-533.FN350-MDE-SPM,533.FN350,,2025-01-10,7,-15
267,Vb-533.FN350-MNDE-SPM,533.FN350,,2025-01-10,4,-23
268,Vb-534.FN350-FDE-SPM,534.FN350,,2025-01-10,34,18
269,Vb-534.FN350-FNDE-SPM,534.FN350,,2025-01-10,22,-3
270,Vb-534.FN350-MDE-SPM,534.FN350,,2025-01-10,21,6
271,Vb-534.FN350-MNDE-SPM,534.FN350,,2025-01-10,20,-5
272,Vb-533.FN530-FDE-SPM,533.FN530,,2025-01-10,8,2
273,Vb-533.FN530-FNDE-SPM,533.FN530,,2025-01-10,6,-8
274,Vb-533.FN530-MDE-SPM,533.FN530,,2025-01-10,13,2
275,Vb-533.FN530-MNDE-SPM,533.FN530,,2025-01-10,6,-6
276,Vb-534.FN530-FDE-SPM,534.FN530,,2025-01-10,15,6
277,Vb-534.FN530-FNDE-SPM,534.FN530,,2025-01-10,21,6
278,Vb-534.FN530-MDE-SPM,534.FN530,,2025-01-10,17,0
279,Vb-534.FN530-MNDE-SPM,534.FN530,,2025-01-10,12,-11
280,Vb-341.BL310-BLDE-SPM,341.BL310,,2025-06-01,56,13
281,,645.BL585,BL DE,2025-05-12,5,-7
282,,645.BL585,BL NDE,2025-05-12,15,-3
283,,645.BL585,Motor DE,2025-05-12,3,-21
284,,645.BL585,Motor NDE,2025-05-12,1,-14
285,Vb-465.BL635-BLDE-SPM,465.BL635,,2025-05-12,-5,-10
286,Vb-465.BL635-BLNDE-SPM,465.BL635,,2025-05-12,17,-1
287,Vb-465.BL635-MDE-SPM,465.BL635,,2025-05-12,-3,-15
288,Vb-465.BL635-MNDE-SPM,465.BL635,,2025-05-12,-8,-16
289,Vb-461.FN450-FDE-SPM,461.FN450,,2025-04-15,1,-20
290,Vb-461.FN450-FNDE-SPM,461.FN450,,2025-04-15,-3,-10
291,Vb-461.FN450-MDE-SPM,461.FN450,,2025-04-15,10,4
292,Vb-461.FN450-MNDE-SPM,461.FN450,,2025-04-15,17,8
293,Vb-341.BE040-MDE-SPM,341.BE040,,2025-04-16,5,-14
294,Vb-341.BE040-MNDE-SPM,341.BE040,,2025-04-16,4,-5
295,Vb-341.BE040-S1NDE-SPM,341.BE040,,2025-04-16,2,-4
296,Vb-341.BE040-S2NDE-SPM,341.BE040,,2025-04-16,14,-9
297,Vb-341.BE040-S3DE-SPM,341.BE040,,2025-04-16,27,-13
298,Vb-341.BE040-S3NDE-SPM,341.BE040,,2025-04-16,-3,-18
299,Vb-351.BE340-MDE-SPM,351.BE340,,2025-04-16,4,-6
300,Vb-351.BE340-MNDE-SPM,351.BE340,,2025-04-16,2,-7
301,Vb-351.BE340-S1NDE-SPM,351.BE340,,2025-04-16,1,-5
302,Vb-351.BE340-S2NDE-SPM,351.BE340,,2025-04-16,24,-3
303,Vb-351.BE340-S3DE-SPM,351.BE340,,2025-04-16,44,21
304,Vb-351.BE340-S3NDE-SPM,351.BE340,,2025-04-16,46,23
305,Vb-342.BE041-MDE-SPM,342.BE041,,2025-04-16,3,-8
306,Vb-342.BE041-MNDE-SPM,342.BE041,,2025-04-16,9,-10
307,Vb-342.BE041-S1NDE-SPM,342.BE041,,2025-04-16,9,-9
308,Vb-342.BE041-S2NDE-SPM,342.BE041,,2025-04-16,-2,-9
309,Vb-342.BE041-S3DE-SPM,342.BE041,,2025-04-16,20,-17
310,Vb-342.BE041-S3NDE-SPM,342.BE041,,2025-04-16,35,-12
311,Vb-351.BE341-MDE-SPM,351.BE341,,2025-04-16,6,-1
312,Vb-351.BE341-MNDE-SPM,351.BE341,,2025-04-16,4,-2
313,Vb-351.BE341-S1NDE-SPM,351.BE341,,2025-04-16,-1,-7
314,Vb-351.BE341-S2NDE-SPM,351.BE341,,2025-04-16,17,-3
315,Vb-351.BE341-S3DE-SPM,351.BE341,,2025-04-16,53,16
316,Vb-351.BE341-S3NDE-SPM,351.BE341,,2025-04-16,60,19
317,Vb-451.FN240-FDE-SPM,451.FN240,,2025-05-12,17,-1
318,Vb-451.FN240-FNDE-SPM,451.FN240,,2025-05-12,16,-14
319,Vb-451.FN240-MDE-SPM,451.FN240,,2025-05-12,24,8
320,Vb-451.FN240-MNDE-SPM,451.FN240,,2025-05-12,22,14
321,Vb-451.WI210-MDE-SPM,451.WI210,,2025-05-14,20,15
322,Vb-451.WI210-PDE-SPM,451.WI210,,2025-05-14,9,-6
323,Vb-451.WI210-PNDE-SPM,451.WI210,,2025-05-14,16,2
324,Vb-451.WI111-PDE-SPM,451.WI111,,2025-05-12,25,-7
325,Vb-531.BE220-MDE-SPM,531.BE220,,2025-05-06,16,-14
326,Vb-531.BE220-MNDE-SPM,531.BE220,,2025-05-06,8,-24
327,Vb-531.BE220-S1-SPM,531.BE220,,2025-05-06,10,-5
328,Vb-531.BE220-S2-SPM,531.BE220,,2025-05-06,8,-6
329,Vb-531.BE220-S3-SPM,531.BE220,,2025-05-06,57,23
330,Vb-532.BE220-MDE-SPM,532.BE220,,2025-04-23,-5,-15
331,Vb-532.BE220-MNDE-SPM,532.BE220,,2025-04-23,6,-13
332,Vb-532.BE220-S1-SPM,532.BE220,,2025-04-23,20,-1
333,Vb-532.BE220-S2-SPM,532.BE220,,2025-04-23,24,-2
334,Vb-532.BE220-S3-SPM,532.BE220,,2025-04-23,62,26
335,Vb-531.MD140-MDE-SPM,531.MD140,,2025-05-20,10,2
336,Vb-531.MD140-MNDE-SPM,531.MD140,,2025-05-20,6,-13
337,Vb-531.MD140-S1DE-SPM,531.MD140,,2025-05-20,17,-3
338,Vb-531.MD140-S1NDE-SPM,531.MD140,,2025-05-20,37,8
339,Vb-531.MD140-S2DE-SPM,531.MD140,,2025-05-20,25,1
340,Vb-531.MD140-S2NDE-SPM,531.MD140,,2025-05-20,29,11
341,Vb-531.MD140-S3DE-SPM,531.MD140,,2025-05-20,34,4
342,Vb-531.MD140-S3NDE-SPM,531.MD140,,2025-05-20,37,10
343,Vb-531.MD140-S4DE-SPM,531.MD140,,2025-05-20,29,4
344,Vb-531.MD140-S4NDE-SPM,531.MD140,,2025-05-20,27,6
345,Vb-532.MD140-MDE-SPM,532.MD140,,2025-05-20,17,9
346,Vb-532.MD140-MNDE-SPM,532.MD140,,2025-05-20,13,7
347,Vb-532.MD140-S1DE-SPM,532.MD140,,2025-05-20,10,-9
348,Vb-532.MD140-S1NDE-SPM,532.MD140,,2025-05-20,16,-7
349,Vb-532.MD140-S2DE-SPM,532.MD140,,2025-05-20,18,-6
350,Vb-532.MD140-S2NDE-SPM,532.MD140,,2025-05-20,16,0
351,Vb-532.MD140-S3DE-SPM,532.MD140,,2025-05-20,30,-3
352,Vb-532.MD140-S3NDE-SPM,532.MD140,,2025-05-20,34,-5
353,Vb-532.MD140-S4DE-SPM,532.MD140,,2025-05-20,28,-2
354,Vb-532.MD140-S4NDE-SPM,532.MD140,,2025-05-20,29,2
355,Vb-441.CR400-CRDE-SPM,441.CR400,,2025-05-12,18,-2
356,Vb-441.CR400-CRNDE-SPM,441.CR400,,2025-05-12,19,-2
357,Vb-441.CR400-MDE-SPM,441.CR400,,2025-05-12,17,4
358,Vb-441.CR400-MNDE-SPM,441.CR400,,2025-05-12,19,-7
359,Vb-461.MD140-MDE-SPM,461.MD140,,2025-04-15,10,2
360,Vb-461.MD140-MNDE-SPM,461.MD140,,2025-04-15,14,6
361,Vb-461.MD140-PHSS-SPM,461.MD140,,2025-04-15,12,-10
362,Vb-461.MD140-RGT-SPM,461.MD140,,2025-04-15,7,-15
363,Vb-461.FN125-FDE-SPM,461.FN125,,2025-04-15,18,11
364,Vb-461.FN125-FNDE-SPM,461.FN125,,2025-04-15,9,-1
365,Vb-461.FN125-MDE-SPM,461.FN125,,2025-04-15,5,-1
366,Vb-461.FN125-MNDE-SPM,461.FN125,,2025-04-15,0,-7
367,Vb-331.WI210-MDE-SPM,331.WI210,,2025-05-14,15,8
368,Vb-331.WI210-MNDE-SPM,331.WI210,,2025-05-14,-4,-13
369,Vb-331.WI210-PDE-SPM,331.WI210,,2025-05-14,7,2
370,Vb-331.WI210-PNDE-SPM,331.WI210,,2025-05-14,23,16
371,Vb-441.FN300-FDE-SPM,441.FN300,,2025-05-04,30,24
372,Vb-441.FN300-FNDE-SPM,441.FN300,,2025-05-04,23,7
373,Vb-441.FN300-MDE-SPM,441.FN300,,2025-05-04,25,13
374,Vb-441.FN300-MNDE-SPM,441.FN300,,2025-05-04,9,1
375,Vb-441.FN305-FDE-SPM,441.FN305,,2025-05-04,25,11
376,Vb-441.FN305-FNDE-SPM,441.FN305,,2025-05-04,22,9
377,Vb-441.FN305-MDE-SPM,441.FN305,,2025-05-04,37,8
378,Vb-441.FN305-MNDE-SPM,441.FN305,,2025-05-04,7,1
379,Vb-441.FN310-FDE-SPM,441.FN310,,2025-05-04,18,5
380,Vb-441.FN310-FNDE-SPM,441.FN310,,2025-05-04,21,13
381,Vb-441.FN310-MDE-SPM,441.FN310,,2025-05-04,21,10
382,Vb-441.FN310-MNDE-SPM,441.FN310,,2025-05-04,14,5
383,Vb-441.FN315-FDE-SPM,441.FN315,,2025-05-04,22,11
384,Vb-441.FN315-FNDE-SPM,441.FN315,,2025-05-04,24,10
385,Vb-441.FN315-MDE-SPM,441.FN315,,2025-05-04,22,9
386,Vb-441.FN315-MNDE-SPM,441.FN315,,2025-05-04,12,-1
387,Vb-441.FN325-FDE-SPM,441.FN325,,2025-05-04,20,11
388,Vb-441.FN325-FNDE-SPM,441.FN325,,2025-05-04,20,14
389,Vb-441.FN325-MDE-SPM,441.FN325,,2025-05-04,13,1
390,Vb-441.FN325-MNDE-SPM,441.FN325,,2025-05-04,14,4
391,Vb-441.FN335-FDE-SPM,441.FN335,,2025-05-04,12,-16
392,Vb-441.FN335-FNDE-SPM,441.FN335,,2025-05-04,19,6
393,Vb-441.FN335-MDE-SPM,441.FN335,,2025-05-04,18,2
394,Vb-441.FN335-MNDE-SPM,441.FN335,,2025-05-04,13,5
395,Vb-441.FN340-FDE-SPM,441.FN340,,2025-05-04,5,-11
396,Vb-441.FN340-FNDE-SPM,441.FN340,,2025-05-04,7,-1
397,Vb-441.FN340-MDE-SPM,441.FN340,,2025-05-04,24,11
398,Vb-441.FN340-MNDE-SPM,441.FN340,,2025-05-04,13,6
399,Vb-441.FN345-FDE-SPM,441.FN345,,2025-05-04,18,5
400,Vb-441.FN345-FNDE-SPM,441.FN345,,2025-05-04,18,7
401,Vb-441.FN345-MDE-SPM,441.FN345,,2025-05-04,18,11
402,Vb-441.FN345-MNDE-SPM,441.FN345,,2025-05-04,17,9
403,Vb-441.FN350-FDE-SPM,441.FN350,,2025-05-04,15,5
404,Vb-441.FN350-FNDE-SPM,441.FN350,,2025-05-04,15,4
405,Vb-441.FN350-MDE-SPM,441.FN350,,2025-05-04,15,6
406,Vb-441.FN350-MNDE-SPM,441.FN350,,2025-05-04,16,5
407,Vb-742.CP110-CNDE-SPM-1,742.CP110,,2025-05-06,7,-20
408,Vb-741.CP111-CDE-SPM-5,741.CP111,,2025-05-12,16,9
409,Vb-741.CP111-CNDE-SPM-1,741.CP111,,2025-05-12,23,13
410,Vb-741.CP111-MDE-SPM-A,741.CP111,,2025-05-12,20,11
411,Vb-741.CP111-MNDE-SPM-B,741.CP111,,2025-05-12,23,8
412,Vb-742.CP111-CDE-SPM-5,742.CP111,,2025-05-06,36,24
413,Vb-742.CP111-CNDE-SPM-1,742.CP111,,2025-04-22,37,22
414,Vb-742.CP111-MDE-SPM-A,742.CP111,,2025-05-06,33,24
415,Vb-742.CP111-MNDE-SPM-B,742.CP111,,2025-05-06,27,6
416,Vb-741.CP112-CDE-SPM-5,741.CP112,,2025-05-12,17,8
417,Vb-741.CP112-CNDE-SPM-1,741.CP112,,2025-05-12,24,13
418,Vb-741.CP112-MDE-SPM-A,741.CP112,,2025-05-12,31,18
419,Vb-741.CP112-MNDE-SPM-B,741.CP112,,2025-05-12,33,7
420,Vb-742.CP112-CDE-SPM-5,742.CP112,,2025-05-06,30,16
421,Vb-742.CP112-CNDE-SPM-1,742.CP112,,2025-05-06,40,32
422,Vb-742.CP112-MDE-SPM-A,742.CP112,,2025-05-06,15,3
423,Vb-742.CP112-MNDE-SPM-B,742.CP112,,2025-05-06,12,3
424,Vb-741.CP113-CDE-SPM-5,741.CP113,,2025-05-12,22,9
425,Vb-741.CP113-CNDE-SPM-1,741.CP113,,2025-05-12,30,13
426,Vb-741.CP113-MDE-SPM-A,741.CP113,,2025-05-12,31,10
427,Vb-741.CP113-MNDE-SPM-B,741.CP113,,2025-05-12,36,10
428,Vb-742.CP113-CDE-SPM-5,742.CP113,,2025-05-06,15,8
429,Vb-742.CP113-CNDE-SPM-1,742.CP113,,2025-05-06,8,2
430,Vb-742.CP113-MDE-SPM-A,742.CP113,,2025-05-06,8,-12
431,Vb-742.CP113-MNDE-SPM-B,742.CP113,,2025-05-06,-4,-12
432,Vb-331.CP280-CDE-SPM-5,331.CP280,,2025-05-12,16,8
433,Vb-331.CP280-CNDE-SPM-1,331.CP280,,2025-05-12,24,11
434,Vb-331.CP280-MDE-SPM-A,331.CP280,,2025-05-12,25,9
435,Vb-331.CP280-MNDE-SPM-B,331.CP280,,2025-05-12,27,6
436,Vb-461.CP524-CDE-SPM-5,461.CP524,,2025-04-15,21,-1
437,Vb-461.CP524-CNDE-SPM-1,461.CP524,,2025-04-15,26,10
438,Vb-461.CP524-MDE-SPM-A,461.CP524,,2025-04-15,20,6
439,Vb-461.CP524-MNDE-SPM-B,461.CP524,,2025-04-15,19,4
440,,461.CP525,Compressor DE,2025-04-15,25,15
441,,461.CP525,Compressor NDE,2025-04-15,27,12
442,,461.CP525,Motor DE,2025-04-15,16,2
443,,461.CP525,Motor NDE,2025-04-15,13,1
444,Vb-461.CP526-CDE-SPM-5,461.CP526,,2025-05-20,20,12
445,Vb-461.CP526-CDE-SPM-7,461.CP526,,2025-05-20,24,17
446,Vb-461.CP526-CNDE-SPM-1,461.CP526,,2025-05-20,17,10
447,Vb-461.CP526-MDE-SPM-A,461.CP526,,2025-05-20,16,10
448,Vb-461.CP526-MNDE-SPM-B,461.CP526,,2025-05-20,11,6
449,Vb-111.CP400-MDE-SPM-A,111.CP400,,2025-04-17,30,11
450,Vb-111.CP400-MNDE-SPM-B,111.CP400,,2025-04-17,26,8
451,Vb-331.FN400-FDE-SPM,331.FN400,,2025-06-03,4,-9
452,Vb-331.FN400-FNDE-SPM,331.FN400,,2025-06-03,8,-3
453,Vb-331.FN400-MDE-SPM,331.FN400,,2025-06-03,6,-4
454,Vb-331.FN400-MNDE-SPM,331.FN400,,2025-06-03,10,1
455,Vb-441.FN.590-FDE-SPM,441.FN590,,2025-05-12,-10,-28
456,Vb-441.FN.590-FNDE-SPM,441.FN590,,2025-05-12,-4,-28
457,Vb-441.FN.590-MDE-SPM,441.FN590,,2025-05-12,13,6
458,Vb-441.FN.590-MNDE-SPM,441.FN590,,2025-05-12,16,7
459,Vb-441.FN.590-S1DE-SPM,441.FN590,,2025-05-12,5,-2
460,Vb-441.FN.590-S1NDE-SPM,441.FN590,,2025-05-12,2,-4
461,Vb-441.FN.590-S2DE-SPM,441.FN590,,2025-05-12,-3,-12
462,Vb-441.FN.590-v-S2NDE-SPM,441.FN590,,2025-05-12,0,-13
463,Vb-461.PP513-MDE-SPM-ORD,461.PP513,,2025-04-15,3,-8
464,Vb-461.PP513-MNDE-SPM-ORD,461.PP513,,2025-04-15,-2,-12
465,Vb-461.PP513-PDE-SPM,461.PP513,,2025-04-15,17,-10
466,Vb-461.PP513-PNDE-SPM,461.PP513,,2025-04-15,9,-8
467,Vb-331.FN110-FDE-SPM,331.FN110,,2025-05-12,15,1
468,Vb-331.FN110-FNDE-SPM,331.FN110,,2025-05-12,9,1
469,Vb-331.FN110-MDE-SPM,331.FN110,,2025-05-12,24,17
470,Vb-331.FN110-MNDE-SPM,331.FN110,,2025-05-12,29,5
471,Vb-431.MD140-MDE-SPM,431.MD140,,2025-05-14,0,-6
472,Vb-431.MD140-MNDE-SPM,431.MD140,,2025-05-14,5,-2
473,Vb-431.MD140-S1DE-SPM,431.MD140,,2025-05-14,-2,-20
474,Vb-431.MD140-S1NDE-SPM,431.MD140,,2025-05-14,-8,-21
475,Vb-431.MD140-S2DE-SPM,431.MD140,,2025-05-14,5,-5
476,Vb-431.MD140-S2NDE-SPM,431.MD140,,2025-05-14,16,-8
477,Vb-431.MD140-S3DE-SPM,431.MD140,,2025-05-14,13,-4
478,Vb-431.MD140-S3NDE-SPM,431.MD140,,2025-05-14,25,-7
479,Vb-431.MD140-S4DE-SPM,431.MD140,,2025-05-14,23,-13
480,Vb-431.MD140-S4NDE-SPM,431.MD140,,2025-05-14,23,-12
481,Vb-431.MD160-MDE-SPM,431.MD160,,2025-05-14,3,-5
482,Vb-431.MD160-MNDE-SPM,431.MD160,,2025-05-14,5,-6
483,Vb-431.MD160-S1DE-SPM,431.MD160,,2025-05-14,3,-16
484,Vb-431.MD160-S1NDE-SPM,431.MD160,,2025-05-14,3,-17
485,Vb-431.MD160-S2DE-SPM,431.MD160,,2025-05-14,9,-14
486,Vb-431.MD160-S2NDE-SPM,431.MD160,,2025-05-14,19,-9
487,Vb-431.MD160-S3DE-SPM,431.MD160,,2025-05-14,23,-3
488,Vb-431.MD160-S3NDE-SPM,431.MD160,,2025-05-14,40,-7
489,Vb-431.MD160-S4DE-SPM,431.MD160,,2025-05-14,22,-16
490,Vb-431.MD160-S4NDE-SPM,431.MD160,,2025-05-14,19,-15
491,Vb-431.FN171-FDE-SPM,431.FN171,,2025-05-14,34,8
492,Vb-431.FN171-FNDE-SPM,431.FN171,,2025-05-14,31,19
493,Vb-431.FN171-MDE-SPM,431.FN171,,2025-05-14,11,-8
494,Vb-431.FN171-MNDE-SPM,431.FN171,,2025-05-14,1,-8
495,Vb-431.FN176-FDE-SPM,431.FN176,,2025-05-04,17,10
496,Vb-431.FN176-FNDE-SPM,431.FN176,,2025-05-04,32,14
497,Vb-431.FN176-MDE-SPM,431.FN176,,2025-05-04,12,1
498,Vb-431.FN176-MNDE-SPM,431.FN176,,2025-05-04,-5,-15
499,Vb-111.HC100-MDE-SPM,111.HC100,,2025-04-17,26,-11
500,Vb-111.HC100-MNDE-SPM,111.HC100,,2025-04-17,4,-15
501,Vb-111.HC100-RDE-SPM,111.HC100,,2025-04-17,24,-10
502,Vb-111.HC100-RNDE-SPM,111.HC100,,2025-04-17,18,-10
503,Vb-111.HC100-S1DE-SPM,111.HC100,,2025-04-17,9,-24
504,Vb-111.HC100-S1NDE-SPM,111.HC100,,2025-04-17,12,-26
505,Vb-111.HC100-S2DE-SPM,111.HC100,,2025-04-17,20,-14
506,Vb-111.HC100-S2NDE-SPM,111.HC100,,2025-04-17,21,-16
507,Vb-461.FN400-FDE-SPM,461.FN400,,2025-04-15,8,-3
508,Vb-461.FN400-FNDE-SPM,461.FN400,,2025-04-15,7,-13
509,Vb-461.FN400-MDE-SPM,461.FN400,,2025-04-15,-6,-20
510,Vb-461.FN400-MNDE-SPM,461.FN400,,2025-04-15,-16,-23
511,,641.BE050,BE Bearing SPM Inboard,2025-04-27,51,15
512,,641.BE050,BE Bearing SPM Outboard,2025-04-27,56,14
513,Vb-641.BE050-MDE-SPM,641.BE050,,2025-04-27,14,-8
514,Vb-641.BE050-MNDE-SPM,641.BE050,,2025-04-27,6,-18
515,Vb-641.BE050-S1-SPM,641.BE050,,2025-04-27,15,-12
516,Vb-641.BE050-S3-SPM,641.BE050,,2025-04-27,62,26
517,,642.BE050,BE Bearing SPM Inboard,2025-04-27,52,-4
518,,642.BE050,BE Bearing SPM Outboard,2025-04-27,54,-1
519,Vb-642.BE050-MDE-SPM,642.BE050,,2025-04-27,13,-9
520,Vb-642.BE050-MNDE-SPM,642.BE050,,2025-04-27,-6,-24
521,Vb-642.BE050-S1-SPM,642.BE050,,2025-04-27,9,-5
522,Vb-642.BE050-S3-SPM,642.BE050,,2025-04-27,59,22
523,,643.BE050,BE Bearing SPM Inboard,2025-04-27,51,-4
524,,643.BE050,BE Bearing SPM Outboard,2025-04-27,55,-1
525,Vb-643.BE050-MDE-SPM,643.BE050,,2025-04-27,8,1
526,Vb-643.BE050-MNDE-SPM,643.BE050,,2025-04-27,-4,-19
527,Vb-643.BE050-S1-SPM,643.BE050,,2025-04-27,12,-6
528,Vb-643.BE050-S3-SPM,643.BE050,,2025-04-27,56,18
529,Vb-644.BE050-MDE-SPM,644.BE050,,2025-04-24,11,-7
530,Vb-644.BE050-MNDE-SPM,644.BE050,,2025-04-24,4,-26
531,Vb-644.BE050-S1-SPM,644.BE050,,2025-04-24,20,-8
532,Vb-644.BE050-S2-SPM,644.BE050,,2025-04-24,28,1
533,Vb-644.BE050-S3-SPM,644.BE050,,2025-04-24,60,28
534,Vb-645.BE050-MDE-SPM,645.BE050,,2025-04-24,12,-14
535,Vb-645.BE050-MNDE-SPM,645.BE050,,2025-04-24,-9,-23
536,Vb-645.BE050-S1-SPM,645.BE050,,2025-04-24,19,-16
537,Vb-645.BE050-S2-SPM,645.BE050,,2025-04-24,29,-2
538,Vb-645.BE050-S3-SPM,645.BE050,,2025-04-24,58,22
539,Vb-646.BE050-MDE-SPM,646.BE050,,2025-04-24,10,-11
540,Vb-646.BE050-MNDE-SPM,646.BE050,,2025-04-24,2,-24
541,Vb-646.BE050-S1-SPM,646.BE050,,2025-04-24,5,-12
542,Vb-646.BE050-S2-SPM,646.BE050,,2025-04-24,21,1
543,Vb-646.BE050-S3-SPM,646.BE050,,2025-04-24,54,21
544,Vb-641.FN.952-FDE-SPM,641.FN952,,2025-05-06,16,-4
545,Vb-641.FN.952-FNDE-SPM,641.FN952,,2025-05-06,23,11
546,Vb-641.FN.952-MDE-SPM,641.FN952,,2025-05-06,23,2
547,Vb-641.FN.952-MNDE-SPM,641.FN952,,2025-05-06,18,-3
548,Vb-642.FN.952-FDE-SPM,642.FN952,,2025-05-07,23,11
549,Vb-642.FN.952-FNDE-SPM,642.FN952,,2025-05-07,27,20
550,Vb-642.FN.952-MDE-SPM,642.FN952,,2025-05-07,20,7
551,Vb-642.FN.952-MNDE-SPM,642.FN952,,2025-05-07,7,0
552,Vb-643.FN.952-FDE-SPM,643.FN952,,2025-05-06,19,7
553,Vb-643.FN.952-FNDE-SPM,643.FN952,,2025-05-06,26,-4
554,Vb-643.FN.952-MDE-SPM,643.FN952,,2025-05-06,26,7
555,Vb-643.FN.952-MNDE-SPM,643.FN952,,2025-05-07,17,1
556,Vb-644.FN.952-FDE-SPM,644.FN952,,2025-05-06,45,38
557,Vb-644.FN.952-FNDE-SPM,644.FN952,,2025-05-06,21,8
558,Vb-644.FN.952-MDE-SPM,644.FN952,,2025-05-06,24,9
559,Vb-644.FN.952-MNDE-SPM,644.FN952,,2025-05-06,20,-2
560,Vb-645.FN.952-FDE-SPM,645.FN952,,2025-05-06,16,1
561,Vb-645.FN.952-FNDE-SPM,645.FN952,,2025-05-06,24,5
562,Vb-645.FN.952-MDE-SPM,645.FN952,,2025-05-06,24,5
563,Vb-645.FN.952-MNDE-SPM,645.FN952,,2025-05-06,32,-2
564,Vb-646.FN.952-FDE-SPM,646.FN952,,2025-05-06,22,13
565,Vb-646.FN.952-FNDE-SPM,646.FN952,,2025-05-06,15,-1
566,Vb-646.FN.952-MDE-SPM,646.FN952,,2025-05-06,13,4
567,Vb-646.FN.952-MNDE-SPM,646.FN952,,2025-05-06,26,-6
568,Vb-431.FN560-MDE-SPM,431.FN560,,2025-05-14,5,-1
569,Vb-431.FN560-MNDE-SPM,431.FN560,,2025-05-14,3,-4
570,Vb-451.FN010-FDE-SPM,451.FN010,,2025-05-12,11,-4
571,Vb-451.FN010-FNDE-SPM,451.FN010,,2025-05-12,7,-18
572,Vb-451.FN010-MDE-SPM,451.FN010,,2025-05-12,3,-21
573,Vb-451.FN010-MNDE-SPM,451.FN010,,2025-05-12,14,-20
574,Vb-321.MD140-GBHSS-SPM,321.MD140,,2025-06-03,3,-10
575,Vb-321.MD140-MDE-SPM,321.MD140,,2025-06-03,10,-16
576,Vb-321.MD140-MNDE-SPM-ORD,321.MD140,,2025-06-03,-1,-17
577,Vb-321.FN400-FDE-SPM,321.FN400,,2025-06-03,9,-6
578,Vb-321.FN400-FNDE-SPM,321.FN400,,2025-06-03,4,-5
579,Vb-321.FN400-MDE-SPM,321.FN400,,2025-06-03,8,0
580,Vb-321.FN400-MNDE-SPM,321.FN400,,2025-06-03,7,-15
581,Vb-321.FN125-FDE-SPM,321.FN125,,2025-06-03,34,25
582,Vb-321.FN125-FNDE-SPM,321.FN125,,2025-06-03,31,4
583,Vb-321.FN125-MDE-SPM,321.FN125,,2025-06-03,8,-6
584,Vb-321.FN125-MNDE-SPM,321.FN125,,2025-06-03,5,-7
585,Vb-531.FN530-FDE-SPM,531.FN530,,2025-05-09,23,10
586,Vb-531.FN530-FNDE-SPM,531.FN530,,2025-05-09,21,13
587,Vb-531.FN530-MDE-SPM,531.FN530,,2025-05-09,18,-12
588,Vb-531.FN530-MNDE-SPM,531.FN530,,2025-05-09,-10,-21
589,Vb-532.FN530-FDE-SPM,532.FN530,,2025-05-09,24,17
590,Vb-532.FN530-FNDE-SPM,532.FN530,,2025-05-09,24,11
591,Vb-532.FN530-MDE-SPM,532.FN530,,2025-05-09,-2,-10
592,Vb-532.FN530-MNDE-SPM,532.FN530,,2025-05-09,19,-22
593,Vb-531.MD302-MDE-SPM,531.MD302,,2025-04-23,20,12
594,Vb-531.MD302-MNDE-SPM,531.MD302,,2025-04-23,16,10
595,Vb-531.MD302-S1DE-SPM,531.MD302,,2025-04-23,15,-1
596,Vb-531.MD302-S1NDE-SPM,531.MD302,,2025-04-23,9,-2
597,Vb-531.MD302-S2DE-SPM,531.MD302,,2025-04-23,23,-8
598,Vb-531.MD302-S2NDE-SPM,531.MD302,,2025-04-23,18,-3
599,Vb-532.MD302-MDE-SPM,532.MD302,,2025-04-23,20,13
600,Vb-532.MD302-MNDE-SPM,532.MD302,,2025-04-23,22,11
601,Vb-532.MD302-S1DE-SPM,532.MD302,,2025-04-23,10,-3
602,Vb-532.MD302-S1NDE-SPM,532.MD302,,2025-04-23,8,-3
603,Vb-532.MD302-S2DE-SPM,532.MD302,,2025-04-23,13,-1
604,Vb-532.MD302-S2NDE-SPM,532.MD302,,2025-04-23,27,-3
605,Vb-531.FN380-FDE-SPM,531.FN380,,2025-05-12,20,4
606,Vb-531.FN380-FNDE-SPM,531.FN380,,2025-05-12,15,1
607,Vb-531.FN380-MDE-SPM,531.FN380,,2025-05-07,20,-9
608,Vb-531.FN380-MNDE-SPM,531.FN380,,2025-05-07,12,-25
609,Vb-532.FN380-FDE-SPM,532.FN380,,2025-05-07,9,1
610,Vb-532.FN380-FNDE-SPM,532.FN380,,2025-05-07,27,3
611,Vb-532.FN380-MDE-SPM,532.FN380,,2025-05-07,22,-13
612,Vb-532.FN380-MNDE-SPM,532.FN380,,2025-05-07,11,-21
613,Vb-614.BL300-BLDE-SPM,614.BL300,,2025-01-07,26,14
614,Vb-614.BL300-BLNDE-SPM,614.BL300,,2025-01-07,36,27
615,Vb-614.BL300-MDE-SPM,614.BL300,,2025-01-07,28,16
616,Vb-614.BL300-MNDE-SPM,614.BL300,,2025-01-07,10,-4
617,Vb-462.FN450-FDE-SPM,462.FN450,,2025-05-24,36,0
618,Vb-462.FN450-FNDE-SPM,462.FN450,,2025-05-24,1,-26
619,Vb-462.FN450-MDE-SPM,462.FN450,,2025-05-24,18,11
620,Vb-462.FN450-MNDE-SPM,462.FN450,,2025-05-24,22,15
621,Vb-452.FN240-FDE-SPM,452.FN240,,2025-05-25,3,-5
622,Vb-452.FN240-FNDE-SPM,452.FN240,,2025-05-25,12,-7
623,Vb-452.FN240-MDE-SPM,452.FN240,,2025-05-25,20,11
624,Vb-452.FN240-MNDE-SPM,452.FN240,,2025-05-25,19,8
625,Vb-452.WI112-MDE-SPM,452.WI112,,2025-05-25,20,13
626,Vb-452.WI112-MNDE-SPM,452.WI112,,2025-05-25,3,-10
627,Vb-452.WI112-PDE-SPM,452.WI112,,2025-05-25,13,6
628,Vb-452.WI112-PNDE-SPM,452.WI112,,2025-05-25,10,1
629,Vb-533.BE220-MDE-SPM,533.BE220,,2025-04-29,7,-2
630,Vb-533.BE220-MNDE-SPM,533.BE220,,2025-04-29,-6,-15
631,Vb-533.BE220-S1-SPM,533.BE220,,2025-04-29,9,-3
632,Vb-533.BE220-S2-SPM,533.BE220,,2025-04-29,16,2
633,Vb-533.BE220-S3-SPM,533.BE220,,2025-04-29,59,26
634,Vb-534.BE220-MDE-SPM,534.BE220,,2025-04-28,7,-9
635,Vb-534.BE220-MNDE-SPM,534.BE220,,2025-04-28,-7,-22
636,Vb-534.BE220-S1-SPM,534.BE220,,2025-04-28,1,-6
637,Vb-534.BE220-S2-SPM,534.BE220,,2025-04-28,8,-1
638,Vb-534.BE220-S3-SPM,534.BE220,,2025-04-28,48,24
639,Vb-533.MD140-MDE-SPM,533.MD140,,2025-05-13,18,5
640,Vb-533.MD140-MNDE-SPM,533.MD140,,2025-05-13,13,5
641,Vb-533.MD140-S1DE-SPM,533.MD140,,2025-05-13,14,-3
642,Vb-533.MD140-S1NDE-SPM,533.MD140,,2025-05-13,30,1
643,Vb-533.MD140-S2DE-SPM,533.MD140,,2025-05-13,22,3
644,Vb-533.MD140-S2NDE-SPM,533.MD140,,2025-05-13,32,12
645,Vb-533.MD140-S3DE-SPM,533.MD140,,2025-05-13,37,-2
646,Vb-533.MD140-S3NDE-SPM,533.MD140,,2025-05-13,34,7
647,Vb-533.MD140-S4DE-SPM,533.MD140,,2025-05-13,28,1
648,Vb-533.MD140-S4NDE-SPM,533.MD140,,2025-05-13,39,7
649,Vb-534.MD140-MDE-SPM,534.MD140,,2025-05-13,15,3
650,Vb-534.MD140-MNDE-SPM,534.MD140,,2025-05-13,19,8
651,Vb-534.MD140-S1DE-SPM,534.MD140,,2025-05-13,11,-12
652,Vb-534.MD140-S1NDE-SPM,534.MD140,,2025-05-13,4,-13
653,Vb-534.MD140-S2DE-SPM,534.MD140,,2025-05-13,6,-5
654,Vb-534.MD140-S2NDE-SPM,534.MD140,,2025-05-13,12,-7
655,Vb-534.MD140-S3DE-SPM,534.MD140,,2025-05-13,25,-5
656,Vb-534.MD140-S3NDE-SPM,534.MD140,,2025-05-13,31,-7
657,Vb-534.MD140-S4DE-SPM,534.MD140,,2025-05-13,35,-1
658,Vb-534.MD140-S4NDE-SPM,534.MD140,,2025-05-13,34,0
659,Vb-442.CR400-CRDE-SPM,442.CR400,,2025-05-24,19,-7
660,Vb-442.CR400-CRNDE-SPM,442.CR400,,2025-05-24,24,-8
661,Vb-442.CR400-MDE-SPM,442.CR400,,2025-05-24,13,-3
662,Vb-442.CR400-MNDE-SPM,442.CR400,,2025-05-24,-6,-22
663,Vb-462.MD140-MDE-SPM,462.MD140,,2025-05-24,6,1
664,Vb-462.MD140-MNDE-SPM,462.MD140,,2025-05-24,5,-2
665,Vb-462.MD140-PHSS-SPM,462.MD140,,2025-05-24,11,-20
666,Vb-462.MD140-RGT-SPM,462.MD140,,2025-05-24,56,12
667,Vb-462.FN125-FDE-SPM,462.FN125,,2025-05-24,-1,-10
668,Vb-462.FN125-FNDE-SPM,462.FN125,,2025-05-24,17,-4
669,Vb-462.FN125-MDE-SPM,462.FN125,,2025-05-24,17,-10
670,Vb-462.FN125-MNDE-SPM,462.FN125,,2025-05-24,3,-11
671,Vb-332.WI211-MDE-SPM,332.WI211,,2025-05-25,-6,-14
672,Vb-332.WI211-MNDE-SPM,332.WI211,,2025-05-25,-13,-30
673,Vb-332.WI211-PDE-SPM,332.WI211,,2025-05-25,6,-2
674,Vb-332.WI211-PNDE-SPM,332.WI211,,2025-05-25,22,12
675,Vb-442.FN300-FDE-SPM,442.FN300,,2025-05-24,35,28
676,Vb-442.FN300-FNDE-SPM,442.FN300,,2025-05-24,32,18
677,Vb-442.FN300-MDE-SPM,442.FN300,,2025-05-24,12,7
678,Vb-442.FN300-MNDE-SPM,442.FN300,,2025-05-24,19,13
679,Vb-442.FN305-FDE-SPM,442.FN305,,2025-05-24,31,23
680,Vb-442.FN305-FNDE-SPM,442.FN305,,2025-05-24,38,20
681,Vb-442.FN305-MDE-SPM,442.FN305,,2025-05-24,22,15
682,Vb-442.FN305-MNDE-SPM,442.FN305,,2025-05-24,20,13
683,Vb-442.FN310-FDE-SPM,442.FN310,,2025-05-24,37,28
684,Vb-442.FN310-FNDE-SPM,442.FN310,,2025-05-24,21,15
685,Vb-442.FN310-MDE-SPM,442.FN310,,2025-05-24,21,13
686,Vb-442.FN310-MNDE-SPM,442.FN310,,2025-05-24,17,10
687,Vb-442.FN315-FDE-SPM,442.FN315,,2025-05-24,13,4
688,Vb-442.FN315-FNDE-SPM,442.FN315,,2025-05-24,12,4
689,Vb-442.FN315-MDE-SPM,442.FN315,,2025-05-24,18,11
690,Vb-442.FN315-MNDE-SPM,442.FN315,,2025-05-24,16,6
691,Vb-442.FN325-FDE-SPM,442.FN325,,2025-05-24,32,22
692,Vb-442.FN325-FNDE-SPM,442.FN325,,2025-05-24,16,8
693,Vb-442.FN325-MDE-SPM,442.FN325,,2025-05-24,20,14
694,Vb-442.FN325-MNDE-SPM,442.FN325,,2025-05-24,19,12
695,Vb-442.FN335-FDE-SPM,442.FN335,,2025-05-24,17,7
696,Vb-442.FN335-FNDE-SPM,442.FN335,,2025-05-24,30,3
697,Vb-442.FN335-MDE-SPM,442.FN335,,2025-05-24,17,10
698,Vb-442.FN335-MNDE-SPM,442.FN335,,2025-05-24,22,16
699,Vb-442.FN340-FDE-SPM,442.FN340,,2025-05-24,14,-7
700,Vb-442.FN340-FNDE-SPM,442.FN340,,2025-05-24,-4,-11
701,Vb-442.FN340-MDE-SPM,442.FN340,,2025-05-24,16,9
702,Vb-442.FN340-MNDE-SPM,442.FN340,,2025-05-24,16,8
703,Vb-442.FN345-FDE-SPM,442.FN345,,2025-05-24,10,1
704,Vb-442.FN345-FNDE-SPM,442.FN345,,2025-05-24,35,17
705,Vb-442.FN345-MDE-SPM,442.FN345,,2025-05-24,14,4
706,Vb-442.FN345-MNDE-SPM,442.FN345,,2025-05-24,17,10
707,Vb-442.FN350-FDE-SPM,442.FN350,,2025-05-24,16,6
708,Vb-442.FN350-FNDE-SPM,442.FN350,,2025-05-24,34,7
709,Vb-442.FN350-MDE-SPM,442.FN350,,2025-05-24,24,11
710,Vb-442.FN350-MNDE-SPM,442.FN350,,2025-05-24,17,10
711,Vb-462.CP525-CDE-SPM-5,462.CP525,,2025-05-24,26,17
712,Vb-462.CP525-CDE-SPM-7,462.CP525,,2025-05-24,19,13
713,Vb-462.CP525-CNDE-SPM-1,462.CP525,,2025-05-24,21,13
714,Vb-462.CP525-MDE-SPM-A,462.CP525,,2025-05-24,19,7
715,Vb-462.CP525-MNDE-SPM-B,462.CP525,,2025-05-24,11,-4
716,Vb-743.CP110-CDE-SPM-5,743.CP110,,2025-05-18,42,20
717,Vb-743.CP110-CDE-SPM-7,743.CP110,,2025-05-18,34,15
718,Vb-743.CP110-CNDE-SPM-1,743.CP110,,2025-05-18,22,11
719,Vb-743.CP110-MDE-SPM-A,743.CP110,,2025-05-18,23,8
720,Vb-743.CP110-MNDE-SPM-B,743.CP110,,2025-05-18,17,1
721,Vb-744.CP110-CDE-SPM-5,744.CP110,,2025-05-06,40,18
722,Vb-744.CP110-CNDE-SPM-1,744.CP110,,2025-05-06,35,18
723,Vb-744.CP110-MDE-SPM-A,744.CP110,,2025-05-06,11,-2
724,Vb-744.CP110-MNDE-SPM-B,744.CP110,,2025-05-06,25,6
725,Vb-744.CP112-CDE-SPM-5,744.CP112,,2025-05-06,45,19
726,Vb-744.CP112-CNDE-SPM-1,744.CP112,,2025-05-06,42,15
727,Vb-744.CP112-MDE-SPM-A,744.CP112,,2025-05-06,10,-1
728,Vb-744.CP112-MNDE-SPM-B,744.CP112,,2025-05-06,10,-4
729,,744.CP113,Compressor DE,2025-05-06,30,17
730,,744.CP113,Compressor NDE,2025-05-06,40,25
731,,744.CP113,Motor DE,2025-05-06,10,1
732,,744.CP113,Motor NDE,2025-05-06,13,-6
733,Vb-462.CP530-CDE-SPM-5,462.CP530,,2025-05-24,23,17
734,Vb-462.CP530-CDE-SPM-7,462.CP530,,2025-05-24,21,16
735,Vb-462.CP530-CNDE-SPM-1,462.CP530,,2025-05-24,29,22
736,Vb-462.CP530-MDE-SPM-A,462.CP530,,2025-05-24,14,8
737,Vb-462.CP530-MNDE-SPM-B,462.CP530,,2025-05-24,7,-2
738,,462.CP.535,Compressor DE,2025-04-16,27,16
739,,462.CP.535,Compressor NDE,2025-04-16,31,19
740,,462.CP.535,Motor DE,2025-04-16,14,3
741,,462.CP.535,Motor NDE,2025-04-16,27,12
742,Vb-332.FN400-FDE-SPM,332.FN400,,2025-05-24,-3,-11
743,Vb-332.FN400-FNDE-SPM,332.FN400,,2025-05-24,1,-6
744,Vb-332.FN400-MDE-SPM,332.FN400,,2025-05-24,6,-3
745,Vb-332.FN400-MNDE-SPM,332.FN400,,2025-05-24,0,-8
746,Vb-442.FN590-FDE-SPM,442.FN590,,2025-05-24,13,-10
747,Vb-442.FN590-FNDE-SPM,442.FN590,,2025-05-24,35,-14
748,Vb-442.FN590-MDE-SPM,442.FN590,,2025-05-24,19,10
749,Vb-442.FN590-MNDE-SPM,442.FN590,,2025-05-24,18,9
750,Vb-442.FN590-S1DE-SPM,442.FN590,,2025-05-24,10,4
751,Vb-442.FN590-S1NDE-SPM,442.FN590,,2025-05-24,11,4
752,Vb-442.FN590-S2DE-SPM,442.FN590,,2025-05-24,45,10
753,Vb-442.FN590-S2NDE-SPM,442.FN590,,2025-05-24,38,9
754,Vb-462.PP545-MDE-SPM,462.PP545,,2025-05-24,-1,-11
755,Vb-462.PP545-MNDE-SPM,462.PP545,,2025-05-24,-8,-15
756,Vb-462.PP545-PDE-SPM,462.PP545,,2025-05-24,-8,-17
757,Vb-462.PP545-PNDE-SPM,462.PP545,,2025-05-24,12,-10
758,Vb-213.HC100-CRDE-SPM,213.HC100,,2025-04-17,16,1
759,Vb-213.HC100-CRNDE-SPM,213.HC100,,2025-04-17,23,-5
760,Vb-213.HC100-MDE-SPM,213.HC100,,2025-04-17,22,-1
761,Vb-213.HC100-MNDE-SPM,213.HC100,,2025-04-17,6,-10
762,Vb-332.FN110-FDE-SPM,332.FN110,,2025-05-25,8,-11
763,Vb-332.FN110-FNDE-SPM,332.FN110,,2025-05-25,4,-6
764,Vb-332.FN110-MDE-SPM,332.FN110,,2025-05-25,16,8
765,Vb-332.FN110-MNDE-SPM,332.FN110,,2025-05-25,22,14
766,Vb-432.FN176-FDE-SPM,432.FN176,,2025-05-24,12,4
767,Vb-432.FN176-FNDE-SPM,432.FN176,,2025-05-24,13,-11
768,Vb-432.FN176-MDE-SPM,432.FN176,,2025-05-24,8,-15
769,Vb-432.FN176-MNDE-SPM,432.FN176,,2025-05-24,-10,-18
770,Vb-462.FN400-FDE-SPM,462.FN400,,2025-05-27,12,-3
771,Vb-462.FN400-FNDE-SPM,462.FN400,,2025-05-28,5,-6
772,Vb-462.FN400-MDE-SPM,462.FN400,,2025-05-27,11,-26
773,Vb-462.FN400-MNDE-SPM,462.FN400,,2025-05-27,-15,-31
774,Vb-452.FN010-FDE-SPM,452.FN010,,2025-05-25,6,-3
775,Vb-452.FN010-FNDE-SPM,452.FN010,,2025-05-25,-2,-11
776,Vb-452.FN010-MDE-SPM,452.FN010,,2025-05-25,0,-21
777,Vb-452.FN010-MNDE-SPM,452.FN010,,2025-05-25,3,-19
778,Vb-322.MD140-MDE-SPM,322.MD140,,2025-05-24,9,-17
779,Vb-322.MD140-MNDE-SPM,322.MD140,,2025-05-24,9,3
780,Vb-322.FN400-FDE-SPM,322.FN400,,2025-05-24,4,-4
781,Vb-322.FN400-FNDE-SPM,322.FN400,,2025-05-24,2,-8
782,Vb-322.FN400-MDE-SPM,322.FN400,,2025-05-24,12,1
783,Vb-322.FN400-MNDE-SPM,322.FN400,,2025-05-24,11,2
784,Vb-322.FN125-FDE-SPM,322.FN125,,2025-05-24,27,13
785,Vb-322.FN125-FNDE-SPM,322.FN125,,2025-05-24,16,7
786,Vb-322.FN125-MDE-SPM,322.FN125,,2025-05-24,4,-2
787,Vb-322.FN125-MNDE-SPM,322.FN125,,2025-05-24,9,0
788,,533.MD302,Motor DE,2025-04-29,13,-5
789,,533.MD302,Motor NDE,2025-04-29,15,-4
790,,533.MD302,Shaft 1 inboard DE,2025-04-29,16,5
791,,533.MD302,Shaft 1 Outboard NDE,2025-04-29,18,5
792,,533.MD302,Shaft 2 inboard DE,2025-04-29,32,11
793,,533.MD302,Shaft 2 outboard NDE,2025-04-29,30,11
794,,534.MD302,Motor DE,2025-04-28,8,1
795,,534.MD302,Motor NDE,2025-04-28,7,-1
796,,534.MD302,Shaft 1 inboard DE,2025-04-28,18,3
797,,534.MD302,Shaft 1 Outboard NDE,2025-04-28,17,2
798,,534.MD302,Shaft 2 inboard DE,2025-04-28,27,3
799,,534.MD302,Shaft 2 outboard NDE,2025-04-28,26,5
800,Vb-533.FN350-FDE-SPM,533.FN350,,2025-05-13,18,9
801,Vb-533.FN350-FNDE-SPM,533.FN350,,2025-05-13,22,14
802,Vb-533.FN350-MDE-SPM,533.FN350,,2025-05-13,7,-15
803,Vb-533.FN350-MNDE-SPM,533.FN350,,2025-05-13,-8,-27
804,Vb-534.FN350-FDE-SPM,534.FN350,,2025-05-13,33,13
805,Vb-534.FN350-FNDE-SPM,534.FN350,,2025-05-13,25,0
806,Vb-534.FN350-MDE-SPM,534.FN350,,2025-05-13,20,1
807,Vb-534.FN350-MNDE-SPM,534.FN350,,2025-05-13,27,-3
808,Vb-533.FN530-FDE-SPM,533.FN530,,2025-05-13,12,3
809,Vb-533.FN530-FNDE-SPM,533.FN530,,2025-05-13,16,10
810,Vb-533.FN530-MDE-SPM,533.FN530,,2025-05-13,6,-1
811,Vb-533.FN530-MNDE-SPM,533.FN530,,2025-05-13,4,-21
812,Vb-534.FN530-FDE-SPM,534.FN530,,2025-05-13,9,2
813,Vb-534.FN530-FNDE-SPM,534.FN530,,2025-05-13,10,2
814,Vb-534.FN530-MDE-SPM,534.FN530,,2025-05-13,8,-2
815,Vb-534.FN530-MNDE-SPM,534.FN530,,2025-05-13,-10,-17
816,Vb-612.BL300-BLDE-SPM,612.BL300,,2025-07-31,16,-4
817,Vb-612.BL300-BLNDE-SPM,612.BL300,,2025-07-31,20,0
818,Vb-612.BL300-MDE-SPM,612.BL300,,2025-07-31,8,1
819,Vb-612.BL300-MNDE-SPM,612.BL300,,2025-07-31,8,-9
820,Vb-341.BL300-BLDE-SPM,341.BL300,,2025-08-07,7,1
821,Vb-341.BL300-MDE-SPM,341.BL300,,2025-08-07,26,5
822,Vb-341.BL300-MNDE-SPM,341.BL300,,2025-08-07,9,0
823,Vb-341.BL305-MNDE-SPM,341.BL305,,2025-08-07,1,-9
824,Vb-341.BL310-BLDE-SPM,341.BL310,,2025-08-07,56,13
825,,645.BL585,BL DE,2025-08-07,9,-1
826,,645.BL585,BL NDE,2025-08-07,22,8
827,,645.BL585,Motor DE,2025-08-07,2,-12
828,,645.BL585,Motor NDE,2025-08-07,5,-23
829,Vb-465.BL630-MNDE-SPM,465.BL630,,2025-06-19,7,-6
830,Vb-465.BL635-BLDE-SPM,465.BL635,,2025-08-07,5,-7
831,Vb-465.BL635-BLNDE-SPM,465.BL635,,2025-08-07,22,11
832,Vb-465.BL635-MDE-SPM,465.BL635,,2025-08-07,-4,-18
833,Vb-465.BL635-MNDE-SPM,465.BL635,,2025-08-07,10,-20
834,Vb-461.FN450-FDE-SPM,461.FN450,,2025-07-13,1,-28
835,Vb-461.FN450-FNDE-SPM,461.FN450,,2025-07-13,2,-20
836,Vb-461.FN450-MDE-SPM,461.FN450,,2025-07-13,13,6
837,Vb-461.FN450-MNDE-SPM,461.FN450,,2025-07-13,11,4
838,Vb-341.BE040-MDE-SPM,341.BE040,,2025-06-23,14,-6
839,Vb-341.BE040-MNDE-SPM,341.BE040,,2025-06-23,-1,-17
840,Vb-341.BE040-S1NDE-SPM,341.BE040,,2025-06-23,-3,-14
841,Vb-341.BE040-S2NDE-SPM,341.BE040,,2025-06-23,-4,-10
842,Vb-341.BE040-S3DE-SPM,341.BE040,,2025-06-23,-10,-17
843,Vb-341.BE040-S3NDE-SPM,341.BE040,,2025-06-23,3,-19
844,Vb-351.BE340-MDE-SPM,351.BE340,,2025-06-23,4,-6
845,Vb-351.BE340-MNDE-SPM,351.BE340,,2025-06-23,-5,-11
846,Vb-351.BE340-S1NDE-SPM,351.BE340,,2025-06-23,6,0
847,Vb-351.BE340-S2NDE-SPM,351.BE340,,2025-06-23,8,0
848,Vb-351.BE340-S3DE-SPM,351.BE340,,2025-06-23,43,22
849,Vb-351.BE340-S3NDE-SPM,351.BE340,,2025-06-23,50,24
850,Vb-342.BE041-MDE-SPM,342.BE041,,2025-06-23,7,-2
851,Vb-342.BE041-MNDE-SPM,342.BE041,,2025-06-23,-1,-12
852,Vb-342.BE041-S1NDE-SPM,342.BE041,,2025-06-23,0,-25
853,Vb-342.BE041-S2NDE-SPM,342.BE041,,2025-06-23,5,-19
854,Vb-342.BE041-S3DE-SPM,342.BE041,,2025-06-23,10,-26
855,Vb-342.BE041-S3NDE-SPM,342.BE041,,2025-06-23,-3,-26
856,Vb-351.BE341-MDE-SPM,351.BE341,,2025-06-23,11,3
857,Vb-351.BE341-MNDE-SPM,351.BE341,,2025-06-23,-3,-9
858,Vb-351.BE341-S1NDE-SPM,351.BE341,,2025-06-23,0,-9
859,Vb-351.BE341-S2NDE-SPM,351.BE341,,2025-06-23,11,-2
860,Vb-351.BE341-S3DE-SPM,351.BE341,,2025-06-23,47,18
861,Vb-351.BE341-S3NDE-SPM,351.BE341,,2025-06-23,45,17
862,Vb-451.FN240-FDE-SPM,451.FN240,,2025-07-08,19,-6
863,Vb-451.FN240-FNDE-SPM,451.FN240,,2025-07-08,15,-9
864,Vb-451.FN240-MDE-SPM,451.FN240,,2025-07-08,12,5
865,Vb-451.FN240-MNDE-SPM,451.FN240,,2025-07-08,21,13
866,Vb-451.WI210-MDE-SPM,451.WI210,,2025-07-08,1,-15
867,Vb-451.WI210-PDE-SPM,451.WI210,,2025-07-08,22,14
868,Vb-451.WI210-PNDE-SPM,451.WI210,,2025-07-08,26,19
869,Vb-451.WI111-PDE-SPM,451.WI111,,2025-06-24,13,4
870,Vb-451.WI111-PNDE-SPM,451.WI111,,2025-06-24,16,7
871,Vb-531.BE220-MDE-SPM,531.BE220,,2025-06-25,7,-20
872,Vb-531.BE220-MNDE-SPM,531.BE220,,2025-06-25,8,-20
873,Vb-531.BE220-S1-SPM,531.BE220,,2025-06-25,16,-5
874,Vb-531.BE220-S2-SPM,531.BE220,,2025-06-25,3,-6
875,Vb-531.BE220-S3-SPM,531.BE220,,2025-06-25,54,22
876,Vb-532.BE220-MDE-SPM,532.BE220,,2025-06-25,5,-15
877,Vb-532.BE220-MNDE-SPM,532.BE220,,2025-06-25,7,-20
878,Vb-532.BE220-S1-SPM,532.BE220,,2025-06-25,14,-4
879,Vb-532.BE220-S2-SPM,532.BE220,,2025-06-25,17,-3
880,Vb-532.BE220-S3-SPM,532.BE220,,2025-06-25,63,24
881,Vb-531.MD140-MDE-SPM,531.MD140,,2025-07-17,9,-19
882,Vb-531.MD140-MNDE-SPM,531.MD140,,2025-07-17,20,-8
883,Vb-531.MD140-S1DE-SPM,531.MD140,,2025-08-01,11,-10
884,Vb-531.MD140-S1NDE-SPM,531.MD140,,2025-07-25,18,4
885,Vb-531.MD140-S2DE-SPM,531.MD140,,2025-07-25,26,4
886,Vb-531.MD140-S2NDE-SPM,531.MD140,,2025-07-25,32,4
887,Vb-531.MD140-S3DE-SPM,531.MD140,,2025-07-25,36,9
888,Vb-531.MD140-S3NDE-SPM,531.MD140,,2025-07-25,36,6
889,Vb-531.MD140-S4DE-SPM,531.MD140,,2025-07-25,39,12
890,Vb-531.MD140-S4NDE-SPM,531.MD140,,2025-08-01,33,1
891,Vb-532.MD140-MDE-SPM,532.MD140,,2025-07-30,19,7
892,Vb-532.MD140-MNDE-SPM,532.MD140,,2025-07-30,14,9
893,Vb-532.MD140-S1DE-SPM,532.MD140,,2025-07-30,17,-7
894,Vb-532.MD140-S1NDE-SPM,532.MD140,,2025-07-30,2,-10
895,Vb-532.MD140-S2DE-SPM,532.MD140,,2025-07-30,22,-3
896,Vb-532.MD140-S2NDE-SPM,532.MD140,,2025-07-30,16,-24
897,Vb-532.MD140-S3DE-SPM,532.MD140,,2025-07-30,34,-2
898,Vb-532.MD140-S3NDE-SPM,532.MD140,,2025-07-30,36,-3
899,Vb-532.MD140-S4DE-SPM,532.MD140,,2025-07-30,41,-3
900,Vb-532.MD140-S4NDE-SPM,532.MD140,,2025-07-30,25,-2
901,Vb-341.FN315-FDE-SPM,341.FN315,,2025-07-13,32,11
902,Vb-341.FN315-FNDE-SPM,341.FN315,,2025-07-13,41,26
903,Vb-341.FN315-MDE-SPM,341.FN315,,2025-07-13,37,27
904,Vb-341.FN315-MNDE-SPM,341.FN315,,2025-07-13,13,4
905,Vb-441.CR400-CRDE-SPM,441.CR400,,2025-07-07,17,-5
906,Vb-441.CR400-CRNDE-SPM,441.CR400,,2025-07-07,24,-2
907,Vb-441.CR400-MDE-SPM,441.CR400,,2025-07-07,11,-13
908,Vb-441.CR400-MNDE-SPM,441.CR400,,2025-07-07,30,-20
909,Vb-461.MD140-MDE-SPM,461.MD140,,2025-07-13,12,4
910,Vb-461.MD140-MNDE-SPM,461.MD140,,2025-07-13,10,2
911,Vb-461.MD140-PHSS-SPM,461.MD140,,2025-07-13,11,-11
912,Vb-461.MD140-RGT-SPM,461.MD140,,2025-07-13,7,-16
913,Vb-461.FN125-FDE-SPM,461.FN125,,2025-07-13,12,-2
914,Vb-461.FN125-FNDE-SPM,461.FN125,,2025-07-13,14,4
915,Vb-461.FN125-MDE-SPM,461.FN125,,2025-07-13,7,-3
916,Vb-461.FN125-MNDE-SPM,461.FN125,,2025-07-13,6,-3
917,Vb-331.WI210-MDE-SPM,331.WI210,,2025-06-23,16,6
918,Vb-331.WI210-MNDE-SPM,331.WI210,,2025-06-23,0,-9
919,Vb-331.WI210-PDE-SPM,331.WI210,,2025-06-23,6,0
920,Vb-331.WI210-PNDE-SPM,331.WI210,,2025-06-23,16,9
921,Vb-331.WI211-MDE-SPM,331.WI211,,2025-07-13,28,23
922,Vb-331.WI211-MNDE-SPM,331.WI211,,2025-07-13,2,-3
923,Vb-331.WI211-PDE-SPM,331.WI211,,2025-07-13,5,-6
924,Vb-331.WI211-PNDE-SPM,331.WI211,,2025-07-13,18,10
925,Vb-441.FN300-FDE-SPM,441.FN300,,2025-08-05,19,13
926,Vb-441.FN300-FNDE-SPM,441.FN300,,2025-08-05,16,9
927,Vb-441.FN300-MDE-SPM,441.FN300,,2025-08-05,23,15
928,Vb-441.FN300-MNDE-SPM,441.FN300,,2025-08-05,13,5
929,Vb-441.FN305-FDE-SPM,441.FN305,,2025-07-07,24,16
930,Vb-441.FN305-FNDE-SPM,441.FN305,,2025-07-07,18,11
931,Vb-441.FN305-MDE-SPM,441.FN305,,2025-07-07,29,8
932,Vb-441.FN305-MNDE-SPM,441.FN305,,2025-07-07,14,5
933,Vb-441.FN310-FDE-SPM,441.FN310,,2025-07-07,23,17
934,Vb-441.FN310-FNDE-SPM,441.FN310,,2025-07-07,22,13
935,Vb-441.FN310-MDE-SPM,441.FN310,,2025-07-07,13,3
936,Vb-441.FN310-MNDE-SPM,441.FN310,,2025-07-07,14,7
937,Vb-441.FN315-FDE-SPM,441.FN315,,2025-07-07,24,14
938,Vb-441.FN315-FNDE-SPM,441.FN315,,2025-07-07,17,7
939,Vb-441.FN315-MDE-SPM,441.FN315,,2025-07-07,17,8
940,Vb-441.FN315-MNDE-SPM,441.FN315,,2025-07-07,11,-3
941,Vb-441.FN325-FDE-SPM,441.FN325,,2025-07-07,20,4
942,Vb-441.FN325-FNDE-SPM,441.FN325,,2025-07-07,22,15
943,Vb-441.FN325-MDE-SPM,441.FN325,,2025-07-07,17,5
944,Vb-441.FN325-MNDE-SPM,441.FN325,,2025-07-07,15,6
945,Vb-441.FN335-FDE-SPM,441.FN335,,2025-07-07,3,-12
946,Vb-441.FN335-FNDE-SPM,441.FN335,,2025-07-07,1,-12
947,Vb-441.FN335-MDE-SPM,441.FN335,,2025-07-07,11,3
948,Vb-441.FN335-MNDE-SPM,441.FN335,,2025-07-07,18,9
949,Vb-441.FN340-FDE-SPM,441.FN340,,2025-07-07,23,-5
950,Vb-441.FN340-FNDE-SPM,441.FN340,,2025-07-07,1,-5
951,Vb-441.FN340-MDE-SPM,441.FN340,,2025-07-07,19,12
952,Vb-441.FN340-MNDE-SPM,441.FN340,,2025-07-07,12,4
953,Vb-441.FN345-FDE-SPM,441.FN345,,2025-07-07,10,-7
954,Vb-441.FN345-FNDE-SPM,441.FN345,,2025-07-07,16,8
955,Vb-441.FN345-MDE-SPM,441.FN345,,2025-07-07,18,8
956,Vb-441.FN345-MNDE-SPM,441.FN345,,2025-07-07,16,8
957,Vb-441.FN350-FDE-SPM,441.FN350,,2025-07-07,33,3
958,Vb-441.FN350-FNDE-SPM,441.FN350,,2025-07-07,23,5
959,Vb-441.FN350-MDE-SPM,441.FN350,,2025-07-07,18,8
960,Vb-441.FN350-MNDE-SPM,441.FN350,,2025-07-07,16,6
961,Vb-741.CP110-CDE-SPM-5,741.CP110,,2025-07-08,21,13
962,Vb-741.CP110-CDE-SPM-7,741.CP110,,2025-07-08,14,6
963,Vb-741.CP110-CNDE-SPM-1,741.CP110,,2025-07-08,17,10
964,Vb-741.CP110-MDE-SPM-A,741.CP110,,2025-07-08,20,11
965,Vb-741.CP110-MNDE-SPM-B,741.CP110,,2025-07-08,24,1
966,Vb-742.CP110-CDE-SPM-5,742.CP110,,2025-07-31,34,22
967,Vb-742.CP110-CDE-SPM-7,742.CP110,,2025-07-31,22,15
968,Vb-742.CP110-CNDE-SPM-1,742.CP110,,2025-07-31,37,30
969,Vb-742.CP110-MDE-SPM-A,742.CP110,,2025-07-31,8,1
970,Vb-742.CP110-MNDE-SPM-B,742.CP110,,2025-07-31,15,-12
971,Vb-741.CP111-CDE-SPM-5,741.CP111,,2025-08-07,20,3
972,Vb-741.CP111-CDE-SPM-7,741.CP111,,2025-08-07,11,4
973,Vb-741.CP111-CNDE-SPM-1,741.CP111,,2025-08-07,24,14
974,Vb-741.CP111-MDE-SPM-A,741.CP111,,2025-08-07,19,10
975,Vb-741.CP111-MNDE-SPM-B,741.CP111,,2025-08-07,18,4
976,Vb-742.CP111-CDE-SPM-5,742.CP111,,2025-07-31,29,22
977,Vb-742.CP111-CDE-SPM-7,742.CP111,,2025-07-31,20,13
978,Vb-742.CP111-CNDE-SPM-1,742.CP111,,2025-07-31,24,17
979,Vb-742.CP111-MDE-SPM-A,742.CP111,,2025-07-31,7,-8
980,Vb-742.CP111-MNDE-SPM-B,742.CP111,,2025-07-31,13,-16
981,Vb-741.CP112-CDE-SPM-5,741.CP112,,2025-07-08,24,16
982,Vb-741.CP112-CDE-SPM-7,741.CP112,,2025-07-08,19,12
983,Vb-741.CP112-CNDE-SPM-1,741.CP112,,2025-07-08,26,14
984,Vb-741.CP112-MDE-SPM-A,741.CP112,,2025-07-08,31,19
985,Vb-741.CP112-MNDE-SPM-B,741.CP112,,2025-07-08,34,14
986,Vb-742.CP112-CDE-SPM-5,742.CP112,,2025-06-25,32,20
987,Vb-742.CP112-CDE-SPM-7,742.CP112,,2025-06-25,26,14
988,Vb-742.CP112-CNDE-SPM-1,742.CP112,,2025-06-25,38,29
989,Vb-742.CP112-MDE-SPM-A,742.CP112,,2025-06-25,10,3
990,Vb-742.CP112-MNDE-SPM-B,742.CP112,,2025-06-25,17,1
991,Vb-741.CP113-CDE-SPM-5,741.CP113,,2025-07-08,23,14
992,Vb-741.CP113-CDE-SPM-7,741.CP113,,2025-07-08,18,11
993,Vb-741.CP113-CNDE-SPM-1,741.CP113,,2025-07-08,25,18
994,Vb-741.CP113-MDE-SPM-A,741.CP113,,2025-07-08,22,12
995,Vb-741.CP113-MNDE-SPM-B,741.CP113,,2025-07-08,7,-3
996,Vb-742.CP113-CDE-SPM-5,742.CP113,,2025-07-31,13,6
997,Vb-742.CP113-CDE-SPM-7,742.CP113,,2025-07-31,10,4
998,Vb-742.CP113-CNDE-SPM-1,742.CP113,,2025-07-31,9,4
999,Vb-742.CP113-MDE-SPM-A,742.CP113,,2025-07-31,-8,-16
1000,Vb-742.CP113-MNDE-SPM-B,742.CP113,,2025-07-31,8,-10
1001,Vb-331.CP280-CDE-SPM-5,331.CP280,,2025-07-08,19,9
1002,Vb-331.CP280-CDE-SPM-7,331.CP280,,2025-07-08,24,11
1003,Vb-331.CP280-CNDE-SPM-1,331.CP280,,2025-07-08,27,13
1004,Vb-331.CP280-MDE-SPM-A,331.CP280,,2025-07-08,21,12
1005,Vb-331.CP280-MNDE-SPM-B,331.CP280,,2025-07-08,33,10
1006,Vb-331.CP281-CDE-SPM-5,331.CP281,,2025-08-07,29,19
1007,Vb-331.CP281-CDE-SPM-7,331.CP281,,2025-08-07,33,22
1008,Vb-331.CP281-CNDE-SPM-1,331.CP281,,2025-08-07,37,27
1009,Vb-331.CP281-MDE-SPM-A,331.CP281,,2025-08-07,35,18
1010,Vb-331.CP281-MNDE-SPM-B,331.CP281,,2025-08-07,44,25
1011,Vb-331.CP282-CDE-SPM-5,331.CP282,,2025-07-08,32,15
1012,Vb-331.CP282-CDE-SPM-7,331.CP282,,2025-07-08,26,6
1013,Vb-331.CP282-CNDE-SPM-1,331.CP282,,2025-07-08,31,14
1014,Vb-331.CP282-MDE-SPM-A,331.CP282,,2025-07-08,25,7
1015,Vb-331.CP282-MNDE-SPM-B,331.CP282,,2025-07-08,26,6
1016,Vb-461.CP524-CDE-SPM-5,461.CP524,,2025-07-13,16,6
1017,Vb-461.CP524-CDE-SPM-7,461.CP524,,2025-07-13,18,6
1018,Vb-461.CP524-CNDE-SPM-1,461.CP524,,2025-07-13,22,13
1019,Vb-461.CP524-MDE-SPM-A,461.CP524,,2025-07-13,26,16
1020,Vb-461.CP524-MNDE-SPM-B,461.CP524,,2025-07-13,24,8
1021,Vb-461.CP526-CDE-SPM-5,461.CP526,,2025-07-13,18,11
1022,Vb-461.CP526-CDE-SPM-7,461.CP526,,2025-07-13,15,9
1023,Vb-461.CP526-CNDE-SPM-1,461.CP526,,2025-07-13,12,5
1024,Vb-461.CP526-MDE-SPM-A,461.CP526,,2025-07-13,20,7
1025,Vb-461.CP526-MNDE-SPM-B,461.CP526,,2025-07-13,11,2
1026,Vb-111.CP400-CDE-SPM-5,111.CP400,,2025-06-17,16,6
1027,Vb-111.CP400-CDE-SPM-7,111.CP400,,2025-06-17,21,13
1028,Vb-111.CP400-CNDE-SPM-1,111.CP400,,2025-06-17,23,15
1029,Vb-111.CP400-MDE-SPM-A,111.CP400,,2025-06-17,25,8
1030,Vb-331.FN400-FDE-SPM,331.FN400,,2025-07-08,4,-8
1031,Vb-331.FN400-FNDE-SPM,331.FN400,,2025-07-08,11,-4
1032,Vb-331.FN400-MDE-SPM,331.FN400,,2025-07-08,4,-3
1033,Vb-331.FN400-MNDE-SPM,331.FN400,,2025-07-08,12,-9
1034,Vb-441.FN.590-FDE-SPM,441.FN590,,2025-07-07,0,-26
1035,Vb-441.FN.590-FNDE-SPM,441.FN590,,2025-07-07,4,-21
1036,Vb-441.FN.590-MDE-SPM,441.FN590,,2025-07-07,15,6
1037,Vb-441.FN.590-MNDE-SPM,441.FN590,,2025-07-07,17,8
1038,Vb-441.FN.590-S1DE-SPM,441.FN590,,2025-07-07,11,3
1039,Vb-441.FN.590-S1NDE-SPM,441.FN590,,2025-07-07,10,3
1040,Vb-441.FN.590-S2DE-SPM,441.FN590,,2025-07-07,5,-7
1041,Vb-441.FN.590-v-S2NDE-SPM,441.FN590,,2025-07-07,14,-6
1042,Vb-461.PP515-MDE-SPM,461.PP515,,2025-08-06,19,-11
1043,Vb-461.PP515-MNDE-SPM,461.PP515,,2025-08-06,-1,-14
1044,Vb-461.PP515-PDE-SPM,461.PP515,,2025-08-06,9,-7
1045,Vb-461.PP515-PNDE-SPM,461.PP515,,2025-08-06,14,0
1046,Vb-461.PP513-MDE-SPM-ORD,461.PP513,,2025-07-13,4,-6
1047,Vb-461.PP513-MNDE-SPM-ORD,461.PP513,,2025-07-13,3,-10
1048,Vb-461.PP513-PDE-SPM,461.PP513,,2025-07-13,8,-17
1049,Vb-461.PP513-PNDE-SPM,461.PP513,,2025-07-13,5,-6
1050,Vb-331.FN110-FDE-SPM,331.FN110,,2025-07-08,17,-1
1051,Vb-331.FN110-FNDE-SPM,331.FN110,,2025-07-08,12,0
1052,Vb-331.FN110-MDE-SPM,331.FN110,,2025-07-08,22,14
1053,Vb-331.FN110-MNDE-SPM,331.FN110,,2025-07-08,23,-1
1054,Vb-431.MD140-MDE-SPM,431.MD140,,2025-07-13,4,-2
1055,Vb-431.MD140-MNDE-SPM,431.MD140,,2025-07-13,4,-3
1056,Vb-431.MD140-S1DE-SPM,431.MD140,,2025-07-13,-9,-18
1057,Vb-431.MD140-S1NDE-SPM,431.MD140,,2025-07-13,-8,-20
1058,Vb-431.MD140-S2DE-SPM,431.MD140,,2025-07-13,12,-6
1059,Vb-431.MD140-S2NDE-SPM,431.MD140,,2025-07-13,11,-6
1060,Vb-431.MD140-S3DE-SPM,431.MD140,,2025-07-13,17,-4
1061,Vb-431.MD140-S3NDE-SPM,431.MD140,,2025-07-13,20,-5
1062,Vb-431.MD140-S4DE-SPM,431.MD140,,2025-07-13,19,-11
1063,Vb-431.MD140-S4NDE-SPM,431.MD140,,2025-07-13,21,-12
1064,Vb-431.MD160-MDE-SPM,431.MD160,,2025-07-13,1,-6
1065,Vb-431.MD160-MNDE-SPM,431.MD160,,2025-07-13,2,-4
1066,Vb-431.MD160-S1DE-SPM,431.MD160,,2025-07-13,3,-16
1067,Vb-431.MD160-S1NDE-SPM,431.MD160,,2025-07-13,6,-18
1068,Vb-431.MD160-S2DE-SPM,431.MD160,,2025-07-13,7,-14
1069,Vb-431.MD160-S2NDE-SPM,431.MD160,,2025-07-13,24,-11
1070,Vb-431.MD160-S3DE-SPM,431.MD160,,2025-07-13,19,-9
1071,Vb-431.MD160-S3NDE-SPM,431.MD160,,2025-07-13,31,-7
1072,Vb-431.MD160-S4DE-SPM,431.MD160,,2025-07-13,27,-15
1073,Vb-431.MD160-S4NDE-SPM,431.MD160,,2025-07-13,19,-14
1074,Vb-431.FN171-FDE-SPM,431.FN171,,2025-07-10,17,7
1075,Vb-431.FN171-FNDE-SPM,431.FN171,,2025-07-10,12,5
1076,Vb-431.FN171-MDE-SPM,431.FN171,,2025-07-10,10,-10
1077,Vb-431.FN171-MNDE-SPM,431.FN171,,2025-07-10,-4,-11
1078,Vb-431.FN176-FDE-SPM,431.FN176,,2025-07-07,20,13
1079,Vb-431.FN176-FNDE-SPM,431.FN176,,2025-07-07,11,-7
1080,Vb-431.FN176-MDE-SPM,431.FN176,,2025-07-07,9,2
1081,Vb-431.FN176-MNDE-SPM,431.FN176,,2025-07-07,-6,-21
1082,Vb-111.HC100-MDE-SPM,111.HC100,,2025-06-17,17,-14
1083,Vb-111.HC100-MNDE-SPM,111.HC100,,2025-06-17,2,-15
1084,Vb-111.HC100-RDE-SPM,111.HC100,,2025-06-17,35,1
1085,Vb-111.HC100-RNDE-SPM,111.HC100,,2025-06-17,34,8
1086,Vb-111.HC100-S1DE-SPM,111.HC100,,2025-06-17,-3,-12
1087,Vb-111.HC100-S1NDE-SPM,111.HC100,,2025-06-17,1,-10
1088,Vb-111.HC100-S2DE-SPM,111.HC100,,2025-06-17,16,-11
1089,Vb-111.HC100-S2NDE-SPM,111.HC100,,2025-06-17,7,-12
1090,Vb-461.FN400-FDE-SPM,461.FN400,,2025-07-13,2,-5
1091,Vb-461.FN400-FNDE-SPM,461.FN400,,2025-07-13,14,-13
1092,Vb-461.FN400-MDE-SPM,461.FN400,,2025-07-13,3,-21
1093,Vb-461.FN400-MNDE-SPM,461.FN400,,2025-07-13,-7,-27
1094,Vb-641.BE050-MDE-SPM,641.BE050,,2025-06-26,14,-8
1095,Vb-641.BE050-MNDE-SPM,641.BE050,,2025-06-26,2,-22
1096,Vb-641.BE050-S1-SPM,641.BE050,,2025-06-26,12,-11
1097,Vb-641.BE050-S3-SPM,641.BE050,,2025-06-26,61,23
1098,Vb-642.BE050-MDE-SPM,642.BE050,,2025-06-26,15,-10
1099,Vb-642.BE050-MNDE-SPM,642.BE050,,2025-06-26,11,-28
1100,Vb-642.BE050-S1-SPM,642.BE050,,2025-06-26,13,-6
1101,Vb-642.BE050-S3-SPM,642.BE050,,2025-06-26,66,24
1102,Vb-643.BE050-MDE-SPM,643.BE050,,2025-06-26,10,2
1103,Vb-643.BE050-MNDE-SPM,643.BE050,,2025-06-26,4,-14
1104,Vb-643.BE050-S1-SPM,643.BE050,,2025-06-26,11,-6
1105,Vb-643.BE050-S2-SPM,643.BE050,,2025-06-26,18,-13
1106,Vb-643.BE050-S3-SPM,643.BE050,,2025-06-26,67,18
1107,Vb-644.BE050-MDE-SPM,644.BE050,,2025-06-26,17,2
1108,Vb-644.BE050-MNDE-SPM,644.BE050,,2025-06-26,5,-13
1109,Vb-644.BE050-S1-SPM,644.BE050,,2025-06-26,8,-10
1110,Vb-644.BE050-S3-SPM,644.BE050,,2025-06-26,65,23
1111,Vb-645.BE050-MDE-SPM,645.BE050,,2025-06-26,14,-12
1112,Vb-645.BE050-MNDE-SPM,645.BE050,,2025-06-26,-1,-28
1113,Vb-645.BE050-S1-SPM,645.BE050,,2025-06-26,16,-19
1114,Vb-645.BE050-S3-SPM,645.BE050,,2025-06-26,60,16
1115,Vb-646.BE050-MDE-SPM,646.BE050,,2025-06-26,1,-9
1116,Vb-646.BE050-MNDE-SPM,646.BE050,,2025-06-26,-3,-18
1117,Vb-646.BE050-S1-SPM,646.BE050,,2025-06-26,10,-8
1118,Vb-646.BE050-S3-SPM,646.BE050,,2025-06-26,56,21
1119,Vb-641.FN.952-FDE-SPM,641.FN952,,2025-07-31,20,12
1120,Vb-641.FN.952-FNDE-SPM,641.FN952,,2025-07-31,22,6
1121,Vb-641.FN.952-MDE-SPM,641.FN952,,2025-07-31,16,5
1122,Vb-641.FN.952-MNDE-SPM,641.FN952,,2025-07-31,11,-3
1123,Vb-642.FN.952-FDE-SPM,642.FN952,,2025-07-31,26,14
1124,Vb-642.FN.952-FNDE-SPM,642.FN952,,2025-07-31,23,16
1125,Vb-642.FN.952-MDE-SPM,642.FN952,,2025-07-31,22,10
1126,Vb-642.FN.952-MNDE-SPM,642.FN952,,2025-07-31,14,5
1127,Vb-643.FN.952-FDE-SPM,643.FN952,,2025-07-31,10,-11
1128,Vb-643.FN.952-FNDE-SPM,643.FN952,,2025-07-31,40,7
1129,Vb-643.FN.952-MDE-SPM,643.FN952,,2025-07-31,22,6
1130,Vb-643.FN.952-MNDE-SPM,643.FN952,,2025-07-31,18,-1
1131,Vb-644.FN.952-FDE-SPM,644.FN952,,2025-07-30,30,24
1132,Vb-644.FN.952-FNDE-SPM,644.FN952,,2025-07-30,31,24
1133,Vb-644.FN.952-MDE-SPM,644.FN952,,2025-07-30,25,9
1134,Vb-644.FN.952-MNDE-SPM,644.FN952,,2025-07-30,15,-1
1135,Vb-645.FN.952-FDE-SPM,645.FN952,,2025-07-30,32,23
1136,Vb-645.FN.952-FNDE-SPM,645.FN952,,2025-07-30,29,20
1137,Vb-645.FN.952-MDE-SPM,645.FN952,,2025-07-30,2,-16
1138,Vb-645.FN.952-MNDE-SPM,645.FN952,,2025-07-30,14,-13
1139,Vb-646.FN.952-FDE-SPM,646.FN952,,2025-07-30,22,14
1140,Vb-646.FN.952-FNDE-SPM,646.FN952,,2025-07-30,18,1
1141,Vb-646.FN.952-MDE-SPM,646.FN952,,2025-07-30,21,8
1142,Vb-646.FN.952-MNDE-SPM,646.FN952,,2025-07-30,20,-8
1143,Vb-431.FN560-MDE-SPM,431.FN560,,2025-07-13,10,1
1144,Vb-431.FN560-MNDE-SPM,431.FN560,,2025-07-13,5,-1
1145,Vb-451.FN010-FDE-SPM,451.FN010,,2025-07-08,3,-5
1146,Vb-451.FN010-FNDE-SPM,451.FN010,,2025-07-08,4,-21
1147,Vb-451.FN010-MDE-SPM,451.FN010,,2025-07-08,6,-16
1148,Vb-451.FN010-MNDE-SPM,451.FN010,,2025-07-08,-1,-25
1149,Vb-321.MD140-GBHSS-SPM,321.MD140,,2025-07-08,9,-10
1150,Vb-321.MD140-MDE-SPM,321.MD140,,2025-07-08,18,-18
1151,Vb-321.MD140-MNDE-SPM-ORD,321.MD140,,2025-07-08,7,-21
1152,Vb-321.FN400-FDE-SPM,321.FN400,,2025-07-08,13,-3
1153,Vb-321.FN400-FNDE-SPM,321.FN400,,2025-07-08,5,-4
1154,Vb-321.FN400-MDE-SPM,321.FN400,,2025-07-08,12,4
1155,Vb-321.FN400-MNDE-SPM,321.FN400,,2025-07-08,4,-14
1156,Vb-321.FN125-FDE-SPM,321.FN125,,2025-07-08,26,19
1157,Vb-321.FN125-FNDE-SPM,321.FN125,,2025-07-08,31,24
1158,Vb-321.FN125-MDE-SPM,321.FN125,,2025-07-08,-2,-9
1159,Vb-321.FN125-MNDE-SPM,321.FN125,,2025-07-08,11,-6
1160,Vb-531.FN530-FDE-SPM,531.FN530,,2025-07-30,18,4
1161,Vb-531.FN530-FNDE-SPM,531.FN530,,2025-07-30,9,4
1162,Vb-531.FN530-MDE-SPM,531.FN530,,2025-07-30,-2,-13
1163,Vb-531.FN530-MNDE-SPM,531.FN530,,2025-07-30,25,-12
1164,Vb-532.FN530-FDE-SPM,532.FN530,,2025-07-30,19,11
1165,Vb-532.FN530-FNDE-SPM,532.FN530,,2025-07-30,23,11
1166,Vb-532.FN530-MDE-SPM,532.FN530,,2025-07-30,-3,-11
1167,Vb-532.FN530-MNDE-SPM,532.FN530,,2025-07-30,28,-7
1168,Vb-531.MD302-MDE-SPM,531.MD302,,2025-06-25,19,10
1169,Vb-531.MD302-MNDE-SPM,531.MD302,,2025-06-25,27,15
1170,Vb-531.MD302-S1DE-SPM,531.MD302,,2025-06-25,0,-7
1171,Vb-531.MD302-S1NDE-SPM,531.MD302,,2025-06-25,2,-5
1172,Vb-531.MD302-S2DE-SPM,531.MD302,,2025-06-25,12,-9
1173,Vb-531.MD302-S2NDE-SPM,531.MD302,,2025-06-25,14,-2
1174,Vb-532.MD302-MDE-SPM,532.MD302,,2025-06-25,17,10
1175,Vb-532.MD302-MNDE-SPM,532.MD302,,2025-06-25,22,15
1176,Vb-532.MD302-S1DE-SPM,532.MD302,,2025-06-25,13,-5
1177,Vb-532.MD302-S1NDE-SPM,532.MD302,,2025-06-25,6,-1
1178,Vb-532.MD302-S2DE-SPM,532.MD302,,2025-06-25,3,-6
1179,Vb-532.MD302-S2NDE-SPM,532.MD302,,2025-06-25,8,-4
1180,Vb-531.FN380-FDE-SPM,531.FN380,,2025-07-14,9,-5
1181,Vb-531.FN380-FNDE-SPM,531.FN380,,2025-07-14,10,-5
1182,Vb-531.FN380-MDE-SPM,531.FN380,,2025-07-14,9,-20
1183,Vb-531.FN380-MNDE-SPM,531.FN380,,2025-07-14,8,-27
1184,Vb-532.FN380-FDE-SPM,532.FN380,,2025-07-30,8,-1
1185,Vb-532.FN380-FNDE-SPM,532.FN380,,2025-07-30,6,-10
1186,Vb-532.FN380-MDE-SPM,532.FN380,,2025-07-30,10,-12
1187,Vb-532.FN380-MNDE-SPM,532.FN380,,2025-07-30,5,-20
1188,Vb-613.BL300-BLDE-SPM,613.BL300,,2025-07-30,28,5
1189,Vb-613.BL300-BLNDE-SPM,613.BL300,,2025-07-30,33,9
1190,Vb-613.BL300-MDE-SPM,613.BL300,,2025-07-30,30,16
1191,Vb-613.BL300-MNDE-SPM,613.BL300,,2025-07-30,4,-8
1192,Vb-352.BL110-BLDE-SPM,352.BL110,,2025-07-29,25,0
1193,Vb-352.BL110-BLNDE-SPM,352.BL110,,2025-07-29,10,0
1194,Vb-352.BL110-MDE-SPM,352.BL110,,2025-07-29,21,12
1195,Vb-352.BL110-MNDE-SPM,352.BL110,,2025-07-29,1,-6
1196,Vb-342.BL300-BLDE-SPM,342.BL300,,2025-07-29,23,6
1197,Vb-342.BL300-BLNDE-SPM,342.BL300,,2025-07-29,26,-1
1198,Vb-342.BL300-MDE-SPM,342.BL300,,2025-07-29,13,5
1199,Vb-342.BL300-MNDE-SPM,342.BL300,,2025-07-29,17,8
1200,Vb-342.BL305-BLDE-SPM,342.BL305,,2025-07-29,13,-3
1201,Vb-342.BL305-BLNDE-SPM,342.BL305,,2025-07-29,-26,-40
1202,Vb-342.BL305-MDE-SPM,342.BL305,,2025-07-29,22,16
1203,Vb-342.BL305-MNDE-SPM,342.BL305,,2025-07-29,24,14
1204,Vb-342.BL310-BLDE-SPM,342.BL310,,2025-07-29,10,-9
1205,Vb-342.BL310-MDE-SPM,342.BL310,,2025-07-29,32,23
1206,Vb-342.BL310-MNDE-SPM,342.BL310,,2025-07-29,28,19
1207,Vb-466.BL585-BLDE-SPM,466.BL585,,2025-07-29,27,3
1208,Vb-466.BL585-BLNDE-SPM,466.BL585,,2025-07-29,22,4
1209,Vb-466.BL585-MDE-SPM,466.BL585,,2025-07-29,12,-9
1210,Vb-466.BL585-MNDE-SPM,466.BL585,,2025-07-29,6,-15
1211,Vb-466.BL630-BLDE-SPM,466.BL630,,2025-07-29,6,-7
1212,Vb-466.BL630-BLNDE-SPM,466.BL630,,2025-07-29,16,0
1213,Vb-466.BL630-MDE-SPM,466.BL630,,2025-07-29,5,-1
1214,Vb-466.BL630-MNDE-SPM,466.BL630,,2025-07-29,-2,-17
1215,Vb-462.FN450-FDE-SPM,462.FN450,,2025-07-29,21,-11
1216,Vb-462.FN450-FNDE-SPM,462.FN450,,2025-07-29,1,-26
1217,Vb-462.FN450-MDE-SPM,462.FN450,,2025-07-29,14,4
1218,Vb-462.FN450-MNDE-SPM,462.FN450,,2025-07-29,15,8
1219,Vb-342.BE050-MDE-SPM,342.BE050,,2025-06-29,9,-5
1220,Vb-342.BE050-MNDE-SPM,342.BE050,,2025-06-29,3,-11
1221,Vb-342.BE050-S1NDE-SPM,342.BE050,,2025-06-29,5,-1
1222,Vb-342.BE050-S2NDE-SPM,342.BE050,,2025-06-29,10,-5
1223,Vb-342.BE050-S3DE-SPM,342.BE050,,2025-06-29,2,-9
1224,Vb-342.BE050-S3NDE-SPM,342.BE050,,2025-06-29,7,-14
1225,Vb-352.BE340-MDE-SPM,352.BE340,,2025-06-18,5,-2
1226,Vb-352.BE340-MNDE-SPM,352.BE340,,2025-06-18,5,-3
1227,Vb-352.BE340-S1NDE-SPM,352.BE340,,2025-06-18,8,2
1228,Vb-352.BE340-S2NDE-SPM,352.BE340,,2025-06-18,8,0
1229,Vb-352.BE340-S3DE-SPM,352.BE340,,2025-06-18,20,-10
1230,Vb-352.BE340-S3NDE-SPM,352.BE340,,2025-06-18,9,-7
1231,Vb-342.BE051-MDE-SPM,342.BE051,,2025-06-29,11,-2
1232,Vb-342.BE051-MNDE-SPM,342.BE051,,2025-06-29,-3,-13
1233,Vb-342.BE051-S1NDE-SPM,342.BE051,,2025-06-29,4,-3
1234,Vb-342.BE051-S2NDE-SPM,342.BE051,,2025-06-29,1,-9
1235,Vb-352.BE341-MDE-SPM,352.BE341,,2025-06-18,6,-2
1236,Vb-352.BE341-MNDE-SPM,352.BE341,,2025-06-18,2,-5
1237,Vb-352.BE341-S1NDE-SPM,352.BE341,,2025-06-18,-3,-13
1238,Vb-352.BE341-S2NDE-SPM,352.BE341,,2025-06-18,13,-17
1239,Vb-352.BE341-S3DE-SPM,352.BE341,,2025-06-18,10,-10
1240,Vb-352.BE341-S3NDE-SPM,352.BE341,,2025-06-18,10,-13
1241,Vb-452.FN240-FDE-SPM,452.FN240,,2025-07-28,5,-28
1242,Vb-452.FN240-FNDE-SPM,452.FN240,,2025-07-28,0,-12
1243,Vb-452.FN240-MDE-SPM,452.FN240,,2025-07-28,18,11
1244,Vb-452.FN240-MNDE-SPM,452.FN240,,2025-07-28,21,12
1245,Vb-452.WI111-MDE-SPM,452.WI111,,2025-07-28,4,0
1246,Vb-452.WI111-MNDE-SPM,452.WI111,,2025-07-28,-1,-18
1247,Vb-452.WI111-PDE-SPM,452.WI111,,2025-07-28,9,0
1248,Vb-452.WI111-PNDE-SPM,452.WI111,,2025-07-28,21,4
1249,Vb-533.BE220-MDE-SPM,533.BE220,,2025-06-30,5,-9
1250,Vb-533.BE220-MNDE-SPM,533.BE220,,2025-06-30,9,-24
1251,Vb-533.BE220-S1-SPM,533.BE220,,2025-06-30,8,-9
1252,Vb-533.BE220-S2-SPM,533.BE220,,2025-06-30,13,2
1253,Vb-533.BE220-S3-SPM,533.BE220,,2025-06-30,54,32
1254,Vb-534.BE220-MDE-SPM,534.BE220,,2025-07-01,-3,-13
1255,Vb-534.BE220-MNDE-SPM,534.BE220,,2025-07-01,10,-13
1256,Vb-534.BE220-S1-SPM,534.BE220,,2025-07-01,4,-4
1257,Vb-534.BE220-S2-SPM,534.BE220,,2025-07-01,11,1
1258,Vb-534.BE220-S3-SPM,534.BE220,,2025-07-01,51,29
1259,Vb-533.MD140-MDE-SPM,533.MD140,,2025-05-08,15,6
1260,Vb-533.MD140-MNDE-SPM,533.MD140,,2025-05-08,15,6
1261,Vb-533.MD140-S1DE-SPM,533.MD140,,2025-05-08,21,2
1262,Vb-533.MD140-S1NDE-SPM,533.MD140,,2025-05-08,35,18
1263,Vb-533.MD140-S2DE-SPM,533.MD140,,2025-05-08,27,8
1264,Vb-533.MD140-S2NDE-SPM,533.MD140,,2025-05-08,38,16
1265,Vb-533.MD140-S3DE-SPM,533.MD140,,2025-05-08,33,6
1266,Vb-533.MD140-S3NDE-SPM,533.MD140,,2025-05-08,44,18
1267,Vb-533.MD140-S4DE-SPM,533.MD140,,2025-05-08,41,13
1268,Vb-533.MD140-S4NDE-SPM,533.MD140,,2025-05-08,46,22
1269,Vb-534.MD140-MDE-SPM,534.MD140,,2025-07-31,8,1
1270,Vb-534.MD140-MNDE-SPM,534.MD140,,2025-07-31,13,6
1271,Vb-534.MD140-S1DE-SPM,534.MD140,,2025-07-31,4,-16
1272,Vb-534.MD140-S1NDE-SPM,534.MD140,,2025-07-31,2,-11
1273,Vb-534.MD140-S2DE-SPM,534.MD140,,2025-07-31,24,-3
1274,Vb-534.MD140-S2NDE-SPM,534.MD140,,2025-07-31,20,-8
1275,Vb-534.MD140-S3DE-SPM,534.MD140,,2025-07-31,25,-4
1276,Vb-534.MD140-S3NDE-SPM,534.MD140,,2025-07-31,42,-5
1277,Vb-534.MD140-S4DE-SPM,534.MD140,,2025-07-31,25,0
1278,Vb-534.MD140-S4NDE-SPM,534.MD140,,2025-07-31,24,-2
1279,Vb-342.FN315-FDE-SPM,342.FN315,,2025-07-29,30,7
1280,Vb-342.FN315-FNDE-SPM,342.FN315,,2025-07-29,33,23
1281,Vb-342.FN315-MDE-SPM,342.FN315,,2025-07-29,6,-5
1282,Vb-342.FN315-MNDE-SPM,342.FN315,,2025-07-29,14,-1
1283,Vb-442.CR400-CRDE-SPM,442.CR400,,2025-07-10,6,-12
1284,Vb-442.CR400-CRNDE-SPM,442.CR400,,2025-06-08,8,-11
1285,Vb-442.CR400-MDE-SPM,442.CR400,,2025-06-08,19,-6
1286,Vb-442.CR400-MNDE-SPM,442.CR400,,2025-06-08,5,-17
1287,Vb-462.MD140-MDE-SPM,462.MD140,,2025-07-29,7,-1
1288,Vb-462.MD140-MNDE-SPM,462.MD140,,2025-07-29,8,2
1289,Vb-462.MD140-PHSS-SPM,462.MD140,,2025-07-29,1,-22
1290,Vb-462.MD140-RGT-SPM,462.MD140,,2025-07-29,46,13
1291,Vb-462.FN125-FDE-SPM,462.FN125,,2025-07-29,13,-5
1292,Vb-462.FN125-FNDE-SPM,462.FN125,,2025-07-29,-5,-15
1293,Vb-462.FN125-MDE-SPM,462.FN125,,2025-07-29,-1,-8
1294,Vb-462.FN125-MNDE-SPM,462.FN125,,2025-07-29,0,-15
1295,Vb-332.WI210-MDE-SPM,332.WI210,,2025-07-28,16,-5
1296,Vb-332.WI210-MNDE-SPM,332.WI210,,2025-07-28,3,-15
1297,Vb-332.WI210-PDE-SPM,332.WI210,,2025-07-28,12,5
1298,Vb-332.WI210-PNDE-SPM,332.WI210,,2025-07-28,15,7
1299,Vb-332.WI211-MDE-SPM,332.WI211,,2025-06-16,9,-9
1300,Vb-332.WI211-MNDE-SPM,332.WI211,,2025-06-16,-12,-18
1301,Vb-332.WI211-PDE-SPM,332.WI211,,2025-06-16,11,4
1302,Vb-332.WI211-PNDE-SPM,332.WI211,,2025-06-16,20,10
1303,Vb-442.FN300-FDE-SPM,442.FN300,,2025-06-08,32,24
1304,Vb-442.FN300-FNDE-SPM,442.FN300,,2025-06-08,20,7
1305,Vb-442.FN300-MDE-SPM,442.FN300,,2025-06-08,19,8
1306,Vb-442.FN300-MNDE-SPM,442.FN300,,2025-06-08,20,13
1307,Vb-442.FN305-FDE-SPM,442.FN305,,2025-06-08,27,17
1308,Vb-442.FN305-FNDE-SPM,442.FN305,,2025-06-08,38,25
1309,Vb-442.FN305-MDE-SPM,442.FN305,,2025-06-08,21,15
1310,Vb-442.FN305-MNDE-SPM,442.FN305,,2025-06-08,19,12
1311,Vb-442.FN310-FDE-SPM,442.FN310,,2025-06-08,15,7
1312,Vb-442.FN310-FNDE-SPM,442.FN310,,2025-06-08,23,10
1313,Vb-442.FN310-MDE-SPM,442.FN310,,2025-06-08,18,11
1314,Vb-442.FN310-MNDE-SPM,442.FN310,,2025-06-08,13,6
1315,Vb-442.FN315-FDE-SPM,442.FN315,,2025-06-08,25,17
1316,Vb-442.FN315-FNDE-SPM,442.FN315,,2025-06-08,19,10
1317,Vb-442.FN315-MDE-SPM,442.FN315,,2025-06-08,21,8
1318,Vb-442.FN315-MNDE-SPM,442.FN315,,2025-06-08,13,7
1319,Vb-442.FN325-FDE-SPM,442.FN325,,2025-06-08,29,19
1320,Vb-442.FN325-FNDE-SPM,442.FN325,,2025-06-08,24,17
1321,Vb-442.FN325-MDE-SPM,442.FN325,,2025-06-08,22,10
1322,Vb-442.FN325-MNDE-SPM,442.FN325,,2025-06-08,17,9
1323,Vb-442.FN335-FDE-SPM,442.FN335,,2025-06-08,12,-1
1324,Vb-442.FN335-FNDE-SPM,442.FN335,,2025-06-08,17,0
1325,Vb-442.FN335-MDE-SPM,442.FN335,,2025-06-08,20,11
1326,Vb-442.FN335-MNDE-SPM,442.FN335,,2025-06-08,21,14
1327,Vb-442.FN340-FDE-SPM,442.FN340,,2025-06-08,10,0
1328,Vb-442.FN340-FNDE-SPM,442.FN340,,2025-06-08,24,9
1329,Vb-442.FN340-MDE-SPM,442.FN340,,2025-06-08,21,11
1330,Vb-442.FN340-MNDE-SPM,442.FN340,,2025-06-08,20,12
1331,Vb-442.FN345-FDE-SPM,442.FN345,,2025-06-08,8,0
1332,Vb-442.FN345-FNDE-SPM,442.FN345,,2025-06-08,18,4
1333,Vb-442.FN345-MDE-SPM,442.FN345,,2025-06-08,13,6
1334,Vb-442.FN345-MNDE-SPM,442.FN345,,2025-06-08,19,10
1335,Vb-442.FN350-FDE-SPM,442.FN350,,2025-06-08,8,-5
1336,Vb-442.FN350-FNDE-SPM,442.FN350,,2025-06-08,9,1
1337,Vb-442.FN350-MDE-SPM,442.FN350,,2025-06-08,25,12
1338,Vb-442.FN350-MNDE-SPM,442.FN350,,2025-06-08,19,10
1339,Vb-462.CP525-CDE-SPM-5,462.CP525,,2025-07-29,27,13
1340,Vb-462.CP525-CDE-SPM-7,462.CP525,,2025-07-29,25,11
1341,Vb-462.CP525-CNDE-SPM-1,462.CP525,,2025-07-29,20,12
1342,Vb-462.CP525-MDE-SPM-A,462.CP525,,2025-07-29,26,7
1343,Vb-462.CP525-MNDE-SPM-B,462.CP525,,2025-07-29,20,1
1344,Vb-743.CP110-CDE-SPM-5,743.CP110,,2025-07-28,21,13
1345,Vb-743.CP110-CDE-SPM-7,743.CP110,,2025-07-28,22,14
1346,Vb-743.CP110-CNDE-SPM-1,743.CP110,,2025-07-28,10,4
1347,Vb-743.CP110-MDE-SPM-A,743.CP110,,2025-07-28,-2,-10
1348,Vb-743.CP110-MNDE-SPM-B,743.CP110,,2025-07-28,-9,-17
1349,Vb-744.CP110-CDE-SPM-5,744.CP110,,2025-05-08,25,10
1350,Vb-744.CP110-CDE-SPM-7,744.CP110,,2025-05-08,24,13
1351,Vb-744.CP110-CNDE-SPM-1,744.CP110,,2025-05-08,37,22
1352,Vb-744.CP110-MDE-SPM-A,744.CP110,,2025-05-08,18,0
1353,Vb-744.CP110-MNDE-SPM-B,744.CP110,,2025-05-08,14,-9
1354,Vb-743.CP111-CDE-SPM-5,743.CP111,,2025-07-08,23,16
1355,Vb-743.CP111-CDE-SPM-7,743.CP111,,2025-07-08,26,13
1356,Vb-743.CP111-CNDE-SPM-1,743.CP111,,2025-07-08,19,12
1357,Vb-743.CP111-MDE-SPM-A,743.CP111,,2025-07-08,28,2
1358,Vb-743.CP111-MNDE-SPM-B,743.CP111,,2025-07-08,22,-3
1359,Vb-744.CP111-CDE-SPM-5,744.CP111,,2025-05-08,23,17
1360,Vb-744.CP111-CDE-SPM-7,744.CP111,,2025-05-08,18,10
1361,Vb-744.CP111-CNDE-SPM-1,744.CP111,,2025-05-08,25,17
1362,Vb-744.CP111-MDE-SPM-A,744.CP111,,2025-05-08,18,11
1363,Vb-744.CP111-MNDE-SPM-B,744.CP111,,2025-05-08,11,5
1364,Vb-743.CP112-CDE-SPM-5,743.CP112,,2025-07-28,24,14
1365,Vb-743.CP112-CDE-SPM-7,743.CP112,,2025-07-28,14,7
1366,Vb-743.CP112-CNDE-SPM-1,743.CP112,,2025-07-28,18,8
1367,Vb-743.CP112-MDE-SPM-A,743.CP112,,2025-07-28,12,-11
1368,Vb-743.CP112-MNDE-SPM-B,743.CP112,,2025-07-28,3,-19
1369,Vb-744.CP112-CDE-SPM-5,744.CP112,,2025-05-08,31,21
1370,Vb-744.CP112-CDE-SPM-7,744.CP112,,2025-05-08,35,25
1371,Vb-744.CP112-CNDE-SPM-1,744.CP112,,2025-05-08,43,32
1372,Vb-744.CP112-MDE-SPM-A,744.CP112,,2025-05-08,21,7
1373,Vb-744.CP112-MNDE-SPM-B,744.CP112,,2025-05-08,20,-6
1374,Vb-743.CP113-CDE-SPM-5,743.CP113,,2025-05-08,26,17
1375,Vb-743.CP113-CDE-SPM-7,743.CP113,,2025-05-08,21,11
1376,Vb-743.CP113-CNDE-SPM-1,743.CP113,,2025-05-08,22,11
1377,Vb-743.CP113-MDE-SPM-A,743.CP113,,2025-05-08,5,-3
1378,Vb-743.CP113-MNDE-SPM-B,743.CP113,,2025-07-28,5,-16
1379,,744.CP113,Compressor DE,2025-05-08,27,20
1380,,744.CP113,Compressor DE,2025-05-08,26,15
1381,,744.CP113,Compressor NDE,2025-05-08,40,24
1382,,744.CP113,Motor DE,2025-05-08,16,0
1383,,744.CP113,Motor NDE,2025-05-08,15,-12
1384,Vb-332.CP281-CDE-SPM-5,332.CP281,,2025-05-08,19,12
1385,Vb-332.CP281-CDE-SPM-7,332.CP281,,2025-05-08,-6,-12
1386,Vb-332.CP281-CNDE-SPM-1,332.CP281,,2025-05-08,-1,-8
1387,Vb-332.CP281-MDE-SPM-A,332.CP281,,2025-05-08,11,3
1388,Vb-332.CP281-MNDE-SPM-B,332.CP281,,2025-05-08,9,0
1389,Vb-332.CP282-CDE-SPM-5,332.CP282,,2025-07-28,17,8
1390,Vb-332.CP282-CDE-SPM-7,332.CP282,,2025-07-28,27,12
1391,Vb-332.CP282-CNDE-SPM-1,332.CP282,,2025-07-28,18,6
1392,Vb-332.CP282-MDE-SPM-A,332.CP282,,2025-07-28,22,-3
1393,Vb-332.CP282-MNDE-SPM-B,332.CP282,,2025-07-28,6,-18
1394,Vb-462.CP530-CDE-SPM-5,462.CP530,,2025-07-29,17,11
1395,Vb-462.CP530-CDE-SPM-7,462.CP530,,2025-07-29,28,18
1396,Vb-462.CP530-CNDE-SPM-1,462.CP530,,2025-07-29,30,20
1397,Vb-462.CP530-MDE-SPM-A,462.CP530,,2025-07-29,10,0
1398,Vb-462.CP530-MNDE-SPM-B,462.CP530,,2025-07-29,9,4
1399,Vb-332.FN400-FDE-SPM,332.FN400,,2025-07-21,5,-7
1400,Vb-332.FN400-FNDE-SPM,332.FN400,,2025-07-21,12,-1
1401,Vb-332.FN400-MDE-SPM,332.FN400,,2025-07-21,8,-5
1402,Vb-332.FN400-MNDE-SPM,332.FN400,,2025-07-21,4,-8
1403,Vb-442.FN590-FDE-SPM,442.FN590,,2025-06-08,27,-13
1404,Vb-442.FN590-FNDE-SPM,442.FN590,,2025-06-08,8,-10
1405,Vb-442.FN590-MDE-SPM,442.FN590,,2025-06-08,21,14
1406,Vb-442.FN590-MNDE-SPM,442.FN590,,2025-06-08,19,11
1407,Vb-442.FN590-S1DE-SPM,442.FN590,,2025-06-08,16,7
1408,Vb-442.FN590-S1NDE-SPM,442.FN590,,2025-06-08,16,10
1409,Vb-442.FN590-S2DE-SPM,442.FN590,,2025-06-08,26,13
1410,Vb-442.FN590-S2NDE-SPM,442.FN590,,2025-06-08,28,17
1411,Vb-462.PP515-MDE-SPM,462.PP515,,2025-07-28,7,-14
1412,Vb-462.PP515-MNDE-SPM,462.PP515,,2025-07-28,-4,-17
1413,Vb-462.PP515-PDE-SPM,462.PP515,,2025-07-28,6,-4
1414,Vb-462.PP515-PNDE-SPM,462.PP515,,2025-07-28,3,-16
1415,Vb-462.PP545-MDE-SPM,462.PP545,,2025-06-01,-3,-11
1416,Vb-462.PP545-MNDE-SPM,462.PP545,,2025-06-01,-14,-21
1417,Vb-462.PP545-PDE-SPM,462.PP545,,2025-06-01,-3,-10
1418,Vb-462.PP545-PNDE-SPM,462.PP545,,2025-06-01,1,-9
1419,Vb-213.HC100-CRDE-SPM,213.HC100,,2025-06-29,13,2
1420,Vb-213.HC100-CRNDE-SPM,213.HC100,,2025-06-29,11,-7
1421,Vb-213.HC100-MDE-SPM,213.HC100,,2025-06-29,10,0
1422,Vb-332.FN110-FDE-SPM,332.FN110,,2025-07-28,12,-9
1423,Vb-332.FN110-FNDE-SPM,332.FN110,,2025-07-28,13,-7
1424,Vb-332.FN110-MDE-SPM,332.FN110,,2025-07-28,6,-3
1425,Vb-332.FN110-MNDE-SPM,332.FN110,,2025-07-28,7,-9
1426,Vb-432.MD140-MDE-SPM,432.MD140,,2025-07-29,3,-7
1427,Vb-432.MD140-MNDE-SPM,432.MD140,,2025-07-29,22,-7
1428,Vb-432.MD140-S1DE-SPM,432.MD140,,2025-07-29,4,-7
1429,Vb-432.MD140-S1NDE-SPM,432.MD140,,2025-07-29,-1,-13
1430,Vb-432.MD140-S2DE-SPM,432.MD140,,2025-07-29,18,1
1431,Vb-432.MD140-S2NDE-SPM,432.MD140,,2025-07-29,19,-1
1432,Vb-432.MD140-S3DE-SPM,432.MD140,,2025-07-29,23,0
1433,Vb-432.MD140-S3NDE-SPM,432.MD140,,2025-07-29,18,-1
1434,Vb-432.MD140-S4DE-SPM,432.MD140,,2025-07-29,21,-12
1435,Vb-432.MD140-S4NDE-SPM,432.MD140,,2025-07-29,19,-15
1436,Vb-432.MD160-MDE-SPM,432.MD160,,2025-07-30,3,-3
1437,Vb-432.MD160-MNDE-SPM,432.MD160,,2025-07-30,7,0
1438,Vb-432.MD160-S1DE-SPM,432.MD160,,2025-07-30,3,-12
1439,Vb-432.MD160-S1NDE-SPM,432.MD160,,2025-07-30,3,-12
1440,Vb-432.MD160-S2DE-SPM,432.MD160,,2025-07-30,13,-8
1441,Vb-432.MD160-S2NDE-SPM,432.MD160,,2025-07-30,29,-4
1442,Vb-432.MD160-S3DE-SPM,432.MD160,,2025-07-30,23,-2
1443,Vb-432.MD160-S3NDE-SPM,432.MD160,,2025-07-30,33,-6
1444,Vb-432.MD160-S4DE-SPM,432.MD160,,2025-07-30,20,-6
1445,Vb-432.MD160-S4NDE-SPM,432.MD160,,2025-07-30,28,-14
1446,Vb-432.FN171-FDE-SPM,432.FN171,,2025-07-29,5,-2
1447,Vb-432.FN171-FNDE-SPM,432.FN171,,2025-07-29,9,2
1448,Vb-432.FN171-MDE-SPM,432.FN171,,2025-07-29,-4,-12
1449,Vb-432.FN171-MNDE-SPM,432.FN171,,2025-07-29,-6,-19
1450,Vb-432.FN176-FDE-SPM,432.FN176,,2025-06-08,24,7
1451,Vb-432.FN176-FNDE-SPM,432.FN176,,2025-06-08,13,6
1452,Vb-432.FN176-MDE-SPM,432.FN176,,2025-06-08,-7,-16
1453,Vb-432.FN176-MNDE-SPM,432.FN176,,2025-06-08,5,-15
1454,Vb-462.FN400-FDE-SPM,462.FN400,,2025-07-29,4,-2
1455,Vb-462.FN400-FNDE-SPM,462.FN400,,2025-07-29,13,5
1456,Vb-462.FN400-MDE-SPM,462.FN400,,2025-07-29,-19,-25
1457,Vb-462.FN400-MNDE-SPM,462.FN400,,2025-07-29,10,-29
1458,Vb-432.FN560-MDE-SPM,432.FN560,,2025-07-29,1,-4
1459,Vb-432.FN560-MNDE-SPM,432.FN560,,2025-07-29,5,-1
1460,Vb-452.FN010-FDE-SPM,452.FN010,,2025-07-28,2,-6
1461,Vb-452.FN010-FNDE-SPM,452.FN010,,2025-07-28,1,-14
1462,Vb-452.FN010-MDE-SPM,452.FN010,,2025-07-28,4,-18
1463,Vb-452.FN010-MNDE-SPM,452.FN010,,2025-07-28,12,-23
1464,Vb-322.MD140-MDE-SPM,322.MD140,,2025-07-21,3,-13
1465,Vb-322.MD140-MNDE-SPM,322.MD140,,2025-07-21,14,7
1466,Vb-322.FN400-FDE-SPM,322.FN400,,2025-07-21,4,-3
1467,Vb-322.FN400-FNDE-SPM,322.FN400,,2025-07-21,7,-10
1468,Vb-322.FN400-MDE-SPM,322.FN400,,2025-07-21,14,4
1469,Vb-322.FN400-MNDE-SPM,322.FN400,,2025-07-21,18,-11
1470,Vb-322.FN125-FDE-SPM,322.FN125,,2025-07-21,40,21
1471,Vb-322.FN125-FNDE-SPM,322.FN125,,2025-07-21,17,10
1472,Vb-322.FN125-MDE-SPM,322.FN125,,2025-07-21,12,-1
1473,Vb-322.FN125-MNDE-SPM,322.FN125,,2025-07-21,12,5
1474,,533.MD302,Motor DE,2025-06-30,3,-7
1475,,533.MD302,Motor NDE,2025-06-30,15,8
1476,,533.MD302,Shaft 1 inboard DE,2025-06-30,11,2
1477,,533.MD302,Shaft 1 Outboard NDE,2025-06-30,8,-4
1478,,533.MD302,Shaft 2 inboard DE,2025-06-30,24,6
1479,,533.MD302,Shaft 2 outboard NDE,2025-06-30,27,9
1480,,534.MD302,Motor DE,2025-07-01,1,-6
1481,,534.MD302,Motor NDE,2025-07-01,18,10
1482,,534.MD302,Shaft 1 inboard DE,2025-07-01,8,-3
1483,,534.MD302,Shaft 1 Outboard NDE,2025-07-01,9,-4
1484,,534.MD302,Shaft 2 inboard DE,2025-07-01,30,6
1485,,534.MD302,Shaft 2 outboard NDE,2025-07-01,26,4
1486,Vb-533.FN350-FDE-SPM,533.FN350,,2025-05-08,22,12
1487,Vb-533.FN350-FNDE-SPM,533.FN350,,2025-05-08,16,8
1488,Vb-533.FN350-MDE-SPM,533.FN350,,2025-05-08,-3,-16
1489,Vb-533.FN350-MNDE-SPM,533.FN350,,2025-05-08,8,-18
1490,Vb-534.FN350-FDE-SPM,534.FN350,,2025-07-31,43,18
1491,Vb-534.FN350-FNDE-SPM,534.FN350,,2025-07-31,15,-4
1492,Vb-534.FN350-MDE-SPM,534.FN350,,2025-07-31,26,3
1493,Vb-534.FN350-MNDE-SPM,534.FN350,,2025-07-31,17,-3
1494,Vb-533.FN530-FDE-SPM,533.FN530,,2025-07-30,13,5
1495,Vb-533.FN530-FNDE-SPM,533.FN530,,2025-07-30,17,6
1496,Vb-533.FN530-MDE-SPM,533.FN530,,2025-07-30,5,-2
1497,Vb-533.FN530-MNDE-SPM,533.FN530,,2025-07-30,6,-21
1498,Vb-534.FN530-FDE-SPM,534.FN530,,2025-07-30,8,3
1499,Vb-534.FN530-FNDE-SPM,534.FN530,,2025-07-30,18,10
1500,Vb-534.FN530-MDE-SPM,534.FN530,,2025-07-30,5,-3
1501,Vb-534.FN530-MNDE-SPM,534.FN530,,2025-07-30,31,-9
1502,Vb-611.BL300-BLDE-SPM,611.BL300,,2025-09-10,14,-1
1503,Vb-611.BL300-BLNDE-SPM,611.BL300,,2025-09-10,33,12
1504,Vb-611.BL300-MDE-SPM,611.BL300,,2025-09-10,3,-3
1505,Vb-611.BL300-MNDE-SPM,611.BL300,,2025-09-10,-5,-14
1506,Vb-612.BL300-BLDE-SPM,612.BL300,,2025-09-10,16,3
1507,Vb-612.BL300-BLNDE-SPM,612.BL300,,2025-09-10,31,17
1508,Vb-612.BL300-MDE-SPM,612.BL300,,2025-09-10,-2,-11
1509,Vb-612.BL300-MNDE-SPM,612.BL300,,2025-09-10,-3,-15
1510,Vb-351.BL110-BLDE-SPM,351.BL110,,2025-09-24,23,9
1511,Vb-351.BL110-BLNDE-SPM,351.BL110,,2025-09-24,31,18
1512,Vb-351.BL110-MDE-SPM,351.BL110,,2025-09-24,21,9
1513,Vb-351.BL110-MNDE-SPM,351.BL110,,2025-09-24,3,-6
1514,Vb-341.BL300-BLDE-SPM,341.BL300,,2025-09-09,-3,-9
1515,Vb-341.BL300-BLNDE-SPM,341.BL300,,2025-09-09,9,-10
1516,Vb-341.BL300-MDE-SPM,341.BL300,,2025-09-09,23,6
1517,Vb-341.BL300-MNDE-SPM,341.BL300,,2025-09-09,11,-5
1518,Vb-341.BL305-BLDE-SPM,341.BL305,,2025-09-09,10,-1
1519,Vb-341.BL305-BLNDE-SPM,341.BL305,,2025-08-10,6,-4
1520,Vb-341.BL305-MDE-SPM,341.BL305,,2025-09-09,30,10
1521,Vb-341.BL305-MNDE-SPM,341.BL305,,2025-09-09,9,-5
1522,Vb-341.BL310-BLDE-SPM,341.BL310,,2025-09-09,9,-3
1523,Vb-341.BL310-BLNDE-SPM,341.BL310,,2025-08-10,18,1
1524,Vb-341.BL310-MDE-SPM,341.BL310,,2025-09-09,38,24
1525,Vb-341.BL310-MNDE-SPM,341.BL310,,2025-09-09,17,4
1526,Vb-465.BL580-BLDE-SPM,465.BL580,,2025-09-09,14,-10
1527,Vb-465.BL580-BLNDE-SPM,465.BL580,,2025-09-09,19,-3
1528,Vb-465.BL580-MDE-SPM,465.BL580,,2025-09-09,17,-6
1529,Vb-465.BL580-MNDE-SPM,465.BL580,,2025-09-09,-9,-23
1530,,645.BL585,BL DE,2025-07-08,9,-1
1531,,645.BL585,BL NDE,2025-07-08,22,8
1532,,645.BL585,Motor DE,2025-07-08,2,-12
1533,,645.BL585,Motor NDE,2025-07-08,5,-23
1534,Vb-465.BL630-BLDE-SPM,465.BL630,,2025-08-26,-12,-19
1535,Vb-465.BL630-BLNDE-SPM,465.BL630,,2025-08-26,0,-16
1536,Vb-465.BL630-MDE-SPM,465.BL630,,2025-08-26,-15,-23
1537,Vb-465.BL630-MNDE-SPM,465.BL630,,2025-08-26,-5,-26
1538,Vb-465.BL635-BLDE-SPM,465.BL635,,2025-09-02,19,-7
1539,Vb-465.BL635-BLNDE-SPM,465.BL635,,2025-09-02,11,1
1540,Vb-465.BL635-MDE-SPM,465.BL635,,2025-09-02,17,-11
1541,Vb-465.BL635-MNDE-SPM,465.BL635,,2025-09-02,-10,-23
1542,Vb-461.FN450-FDE-SPM,461.FN450,,2025-08-19,-5,-32
1543,Vb-461.FN450-FNDE-SPM,461.FN450,,2025-08-19,-1,-33
1544,Vb-461.FN450-MDE-SPM,461.FN450,,2025-08-19,10,3
1545,Vb-461.FN450-MNDE-SPM,461.FN450,,2025-08-19,10,-1
1546,Vb-341.BE040-MDE-SPM,341.BE040,,2025-08-11,5,-5
1547,Vb-341.BE040-MNDE-SPM,341.BE040,,2025-08-11,8,-15
1548,Vb-341.BE040-S1NDE-SPM,341.BE040,,2025-08-11,4,-14
1549,Vb-341.BE040-S2NDE-SPM,341.BE040,,2025-08-11,11,-10
1550,Vb-341.BE040-S3DE-SPM,341.BE040,,2025-08-11,-1,-16
1551,Vb-341.BE040-S3NDE-SPM,341.BE040,,2025-08-11,13,-16
1552,Vb-351.BE340-MDE-SPM,351.BE340,,2025-08-11,4,-8
1553,Vb-351.BE340-MNDE-SPM,351.BE340,,2025-08-11,-2,-8
1554,Vb-351.BE340-S1NDE-SPM,351.BE340,,2025-08-11,6,-4
1555,Vb-351.BE340-S2NDE-SPM,351.BE340,,2025-08-11,6,-2
1556,Vb-351.BE340-S3DE-SPM,351.BE340,,2025-08-11,54,21
1557,Vb-351.BE340-S3NDE-SPM,351.BE340,,2025-08-11,66,27
1558,Vb-342.BE041-MDE-SPM,342.BE041,,2025-08-11,2,-13
1559,Vb-342.BE041-MNDE-SPM,342.BE041,,2025-08-11,8,-6
1560,Vb-342.BE041-S1NDE-SPM,342.BE041,,2025-08-11,-9,-31
1561,Vb-342.BE041-S2NDE-SPM,342.BE041,,2025-08-11,-10,-23
1562,Vb-342.BE041-S3DE-SPM,342.BE041,,2025-08-11,3,-28
1563,Vb-342.BE041-S3NDE-SPM,342.BE041,,2025-08-11,2,-24
1564,Vb-351.BE341-MDE-SPM,351.BE341,,2025-08-11,9,3
1565,Vb-351.BE341-MNDE-SPM,351.BE341,,2025-08-11,-5,-10
1566,Vb-351.BE341-S1NDE-SPM,351.BE341,,2025-08-11,3,-4
1567,Vb-351.BE341-S2NDE-SPM,351.BE341,,2025-08-11,17,1
1568,Vb-351.BE341-S3DE-SPM,351.BE341,,2025-08-11,43,16
1569,Vb-351.BE341-S3NDE-SPM,351.BE341,,2025-08-11,43,21
1570,Vb-451.FN240-FDE-SPM,451.FN240,,2025-09-14,6,-22
1571,Vb-451.FN240-FNDE-SPM,451.FN240,,2025-09-14,5,-15
1572,Vb-451.FN240-MDE-SPM,451.FN240,,2025-09-14,16,9
1573,Vb-451.FN240-MNDE-SPM,451.FN240,,2025-09-14,16,7
1574,Vb-451.WI210-MDE-SPM,451.WI210,,2025-09-14,13,-3
1575,Vb-451.WI210-PDE-SPM,451.WI210,,2025-09-14,16,0
1576,Vb-451.WI210-PNDE-SPM,451.WI210,,2025-09-14,13,0
1577,Vb-451.WI111-PDE-SPM,451.WI111,,2025-06-24,13,4
1578,Vb-451.WI111-PNDE-SPM,451.WI111,,2025-06-24,16,7
1579,Vb-531.BE220-MDE-SPM,531.BE220,,2025-08-26,4,-13
1580,Vb-531.BE220-MNDE-SPM,531.BE220,,2025-08-26,15,-19
1581,Vb-531.BE220-S1-SPM,531.BE220,,2025-08-26,3,-12
1582,Vb-531.BE220-S2-SPM,531.BE220,,2025-08-26,15,-3
1583,Vb-531.BE220-S3-SPM,531.BE220,,2025-08-26,52,24
1584,Vb-532.BE220-MDE-SPM,532.BE220,,2025-08-26,2,-19
1585,Vb-532.BE220-MNDE-SPM,532.BE220,,2025-08-26,11,-25
1586,Vb-532.BE220-S1-SPM,532.BE220,,2025-08-26,6,-7
1587,Vb-532.BE220-S2-SPM,532.BE220,,2025-08-26,11,-5
1588,Vb-532.BE220-S3-SPM,532.BE220,,2025-08-26,59,27
1589,Vb-531.MD140-MDE-SPM,531.MD140,,2025-08-26,20,-5
1590,Vb-531.MD140-MNDE-SPM,531.MD140,,2025-08-26,9,-12
1591,Vb-531.MD140-S1DE-SPM,531.MD140,,2025-08-28,13,-8
1592,Vb-531.MD140-S1NDE-SPM,531.MD140,,2025-08-28,13,-7
1593,Vb-531.MD140-S2DE-SPM,531.MD140,,2025-08-28,14,2
1594,Vb-531.MD140-S2NDE-SPM,531.MD140,,2025-08-28,19,-1
1595,Vb-531.MD140-S3DE-SPM,531.MD140,,2025-08-28,28,0
1596,Vb-531.MD140-S3NDE-SPM,531.MD140,,2025-08-28,33,2
1597,Vb-531.MD140-S4DE-SPM,531.MD140,,2025-08-28,33,0
1598,Vb-531.MD140-S4NDE-SPM,531.MD140,,2025-08-28,39,7
1599,Vb-532.MD140-MDE-SPM,532.MD140,,2025-08-24,11,2
1600,Vb-532.MD140-MNDE-SPM,532.MD140,,2025-08-24,17,11
1601,Vb-532.MD140-S1DE-SPM,532.MD140,,2025-08-24,7,-9
1602,Vb-532.MD140-S1NDE-SPM,532.MD140,,2025-08-24,22,-8
1603,Vb-532.MD140-S2DE-SPM,532.MD140,,2025-08-24,18,0
1604,Vb-532.MD140-S2NDE-SPM,532.MD140,,2025-08-24,13,2
1605,Vb-532.MD140-S3DE-SPM,532.MD140,,2025-08-24,33,-1
1606,Vb-532.MD140-S3NDE-SPM,532.MD140,,2025-08-24,38,0
1607,Vb-532.MD140-S4DE-SPM,532.MD140,,2025-07-30,41,-3
1608,Vb-532.MD140-S4NDE-SPM,532.MD140,,2025-08-24,25,2
1609,Vb-341.FN315-FDE-SPM,341.FN315,,2025-09-16,39,24
1610,Vb-341.FN315-FNDE-SPM,341.FN315,,2025-09-16,36,25
1611,Vb-341.FN315-MDE-SPM,341.FN315,,2025-09-16,39,22
1612,Vb-341.FN315-MNDE-SPM,341.FN315,,2025-09-16,19,1
1613,Vb-341.FN316-FDE-SPM,341.FN316,,2025-08-12,-14,-41
1614,Vb-341.FN316-FNDE-SPM,341.FN316,,2025-08-12,-16,-40
1615,Vb-341.FN316-MDE-SPM,341.FN316,,2025-08-12,-13,-29
1616,Vb-341.FN316-MNDE-SPM,341.FN316,,2025-08-12,12,-30
1617,Vb-441.CR400-CRDE-SPM,441.CR400,,2025-09-14,16,-6
1618,Vb-441.CR400-CRNDE-SPM,441.CR400,,2025-09-14,17,-6
1619,Vb-441.CR400-MDE-SPM,441.CR400,,2025-09-14,8,-7
1620,Vb-441.CR400-MNDE-SPM,441.CR400,,2025-09-14,3,-22
1621,Vb-461.MD140-MDE-SPM,461.MD140,,2025-08-19,11,2
1622,Vb-461.MD140-MNDE-SPM,461.MD140,,2025-08-19,11,3
1623,Vb-461.MD140-PHSS-SPM,461.MD140,,2025-08-19,14,-8
1624,Vb-461.MD140-RGT-SPM,461.MD140,,2025-08-19,6,-19
1625,Vb-461.FN125-FDE-SPM,461.FN125,,2025-08-19,9,-3
1626,Vb-461.FN125-FNDE-SPM,461.FN125,,2025-08-19,11,-5
1627,Vb-461.FN125-MDE-SPM,461.FN125,,2025-08-19,7,2
1628,Vb-461.FN125-MNDE-SPM,461.FN125,,2025-08-19,7,1
1629,Vb-461.MD152-MDE-SPM,461.MD152,,2025-08-25,16,8
1630,Vb-461.MD152-MNDE-SPM,461.MD152,,2025-08-25,25,-19
1631,Vb-461.MD152-S1DE-SPM,461.MD152,,2025-08-25,2,-6
1632,Vb-461.MD152-S1NDE-SPM,461.MD152,,2025-08-25,8,-5
1633,Vb-461.MD152-S2DE-SPM,461.MD152,,2025-08-25,4,-4
1634,Vb-461.MD152-S2NDE-SPM,461.MD152,,2025-08-25,-2,-13
1635,Vb-331.WI210-MDE-SPM,331.WI210,,2025-08-12,12,7
1636,Vb-331.WI210-MNDE-SPM,331.WI210,,2025-09-16,-9,-20
1637,Vb-331.WI210-PDE-SPM,331.WI210,,2025-08-12,12,7
1638,Vb-331.WI210-PNDE-SPM,331.WI210,,2025-08-12,21,16
1639,Vb-331.WI211-MDE-SPM,331.WI211,,2025-09-16,4,-6
1640,Vb-331.WI211-MNDE-SPM,331.WI211,,2025-09-16,-10,-23
1641,Vb-331.WI211-PDE-SPM,331.WI211,,2025-09-16,17,8
1642,Vb-331.WI211-PNDE-SPM,331.WI211,,2025-09-16,19,14
1643,Vb-441.FN300-FDE-SPM,441.FN300,,2025-09-14,17,9
1644,Vb-441.FN300-FNDE-SPM,441.FN300,,2025-09-14,28,20
1645,Vb-441.FN300-MDE-SPM,441.FN300,,2025-09-14,21,13
1646,Vb-441.FN300-MNDE-SPM,441.FN300,,2025-09-14,13,3
1647,Vb-441.FN305-FDE-SPM,441.FN305,,2025-09-14,19,10
1648,Vb-441.FN305-FNDE-SPM,441.FN305,,2025-09-14,24,10
1649,Vb-441.FN305-MDE-SPM,441.FN305,,2025-09-14,16,9
1650,Vb-441.FN305-MNDE-SPM,441.FN305,,2025-09-14,8,2
1651,Vb-441.FN310-FDE-SPM,441.FN310,,2025-09-14,26,16
1652,Vb-441.FN310-FNDE-SPM,441.FN310,,2025-09-14,22,14
1653,Vb-441.FN310-MDE-SPM,441.FN310,,2025-09-14,17,8
1654,Vb-441.FN310-MNDE-SPM,441.FN310,,2025-09-14,15,7
1655,Vb-441.FN315-FDE-SPM,441.FN315,,2025-09-14,22,15
1656,Vb-441.FN315-FNDE-SPM,441.FN315,,2025-09-14,31,11
1657,Vb-441.FN315-MDE-SPM,441.FN315,,2025-09-14,18,7
1658,Vb-441.FN315-MNDE-SPM,441.FN315,,2025-09-14,10,1
1659,Vb-441.FN325-FDE-SPM,441.FN325,,2025-09-14,24,11
1660,Vb-441.FN325-FNDE-SPM,441.FN325,,2025-09-14,27,17
1661,Vb-441.FN325-MDE-SPM,441.FN325,,2025-09-14,15,6
1662,Vb-441.FN325-MNDE-SPM,441.FN325,,2025-09-14,14,3
1663,Vb-441.FN335-FDE-SPM,441.FN335,,2025-09-14,1,-19
1664,Vb-441.FN335-FNDE-SPM,441.FN335,,2025-09-14,8,-2
1665,Vb-441.FN335-MDE-SPM,441.FN335,,2025-09-14,16,5
1666,Vb-441.FN335-MNDE-SPM,441.FN335,,2025-09-14,16,5
1667,Vb-441.FN340-FDE-SPM,441.FN340,,2025-09-14,10,3
1668,Vb-441.FN340-FNDE-SPM,441.FN340,,2025-09-14,11,1
1669,Vb-441.FN340-MDE-SPM,441.FN340,,2025-09-14,13,3
1670,Vb-441.FN340-MNDE-SPM,441.FN340,,2025-09-14,14,3
1671,Vb-441.FN345-FDE-SPM,441.FN345,,2025-09-01,16,-4
1672,Vb-441.FN345-FNDE-SPM,441.FN345,,2025-09-01,26,-19
1673,Vb-441.FN345-MDE-SPM,441.FN345,,2025-09-01,21,13
1674,Vb-441.FN345-MNDE-SPM,441.FN345,,2025-09-01,23,4
1675,Vb-441.FN350-FDE-SPM,441.FN350,,2025-09-14,5,-3
1676,Vb-441.FN350-FNDE-SPM,441.FN350,,2025-09-14,7,-2
1677,Vb-441.FN350-MDE-SPM,441.FN350,,2025-09-14,15,8
1678,Vb-441.FN350-MNDE-SPM,441.FN350,,2025-09-14,13,5
1679,Vb-741.CP110-CDE-SPM-5,741.CP110,,2025-08-07,21,13
1680,Vb-741.CP110-CDE-SPM-7,741.CP110,,2025-08-07,14,6
1681,Vb-741.CP110-CNDE-SPM-1,741.CP110,,2025-08-07,17,10
1682,Vb-741.CP110-MDE-SPM-A,741.CP110,,2025-08-07,20,11
1683,Vb-741.CP110-MNDE-SPM-B,741.CP110,,2025-08-07,24,1
1684,Vb-742.CP110-CDE-SPM-5,742.CP110,,2025-08-24,26,20
1685,Vb-742.CP110-CDE-SPM-7,742.CP110,,2025-08-24,30,23
1686,Vb-742.CP110-CNDE-SPM-1,742.CP110,,2025-08-24,30,21
1687,Vb-742.CP110-MDE-SPM-A,742.CP110,,2025-08-24,18,4
1688,Vb-742.CP110-MNDE-SPM-B,742.CP110,,2025-08-24,19,3
1689,Vb-741.CP111-CDE-SPM-5,741.CP111,,2025-09-03,16,5
1690,Vb-741.CP111-CDE-SPM-7,741.CP111,,2025-09-03,14,4
1691,Vb-741.CP111-CNDE-SPM-1,741.CP111,,2025-09-03,21,11
1692,Vb-741.CP111-MDE-SPM-A,741.CP111,,2025-09-03,24,11
1693,Vb-741.CP111-MNDE-SPM-B,741.CP111,,2025-09-03,20,10
1694,Vb-742.CP111-CDE-SPM-5,742.CP111,,2025-07-31,29,22
1695,Vb-742.CP111-CDE-SPM-7,742.CP111,,2025-07-31,20,13
1696,Vb-742.CP111-CNDE-SPM-1,742.CP111,,2025-07-31,24,17
1697,Vb-742.CP111-MDE-SPM-A,742.CP111,,2025-07-31,7,-8
1698,Vb-742.CP111-MNDE-SPM-B,742.CP111,,2025-07-31,13,-16
1699,Vb-741.CP112-CDE-SPM-5,741.CP112,,2025-09-03,19,11
1700,Vb-741.CP112-CDE-SPM-7,741.CP112,,2025-09-03,20,10
1701,Vb-741.CP112-CNDE-SPM-1,741.CP112,,2025-09-03,22,13
1702,Vb-741.CP112-MDE-SPM-A,741.CP112,,2025-09-03,24,15
1703,Vb-741.CP112-MNDE-SPM-B,741.CP112,,2025-09-03,23,12
1704,Vb-742.CP112-CDE-SPM-5,742.CP112,,2025-06-25,32,20
1705,Vb-742.CP112-CDE-SPM-7,742.CP112,,2025-06-25,26,14
1706,Vb-742.CP112-CNDE-SPM-1,742.CP112,,2025-06-25,38,29
1707,Vb-742.CP112-MDE-SPM-A,742.CP112,,2025-06-25,10,3
1708,Vb-742.CP112-MNDE-SPM-B,742.CP112,,2025-06-25,17,1
1709,Vb-741.CP113-CDE-SPM-5,741.CP113,,2025-09-03,28,14
1710,Vb-741.CP113-CDE-SPM-7,741.CP113,,2025-09-03,17,12
1711,Vb-741.CP113-CNDE-SPM-1,741.CP113,,2025-09-03,25,13
1712,Vb-741.CP113-MDE-SPM-A,741.CP113,,2025-09-03,26,13
1713,Vb-741.CP113-MNDE-SPM-B,741.CP113,,2025-09-03,27,11
1714,Vb-742.CP113-CDE-SPM-5,742.CP113,,2025-08-24,11,6
1715,Vb-742.CP113-CDE-SPM-7,742.CP113,,2025-08-24,8,0
1716,Vb-742.CP113-CNDE-SPM-1,742.CP113,,2025-08-24,13,6
1717,Vb-742.CP113-MDE-SPM-A,742.CP113,,2025-08-24,-6,-13
1718,Vb-742.CP113-MNDE-SPM-B,742.CP113,,2025-08-24,-2,-12
1719,Vb-331.CP280-CDE-SPM-5,331.CP280,,2025-09-10,30,21
1720,Vb-331.CP280-CDE-SPM-7,331.CP280,,2025-09-10,27,19
1721,Vb-331.CP280-CNDE-SPM-1,331.CP280,,2025-09-10,27,15
1722,Vb-331.CP280-MDE-SPM-A,331.CP280,,2025-09-10,36,13
1723,Vb-331.CP280-MNDE-SPM-B,331.CP280,,2025-09-09,20,9
1724,Vb-331.CP281-CDE-SPM-5,331.CP281,,2025-07-08,29,19
1725,Vb-331.CP281-CDE-SPM-7,331.CP281,,2025-07-08,33,22
1726,Vb-331.CP281-CNDE-SPM-1,331.CP281,,2025-07-08,37,27
1727,Vb-331.CP281-MDE-SPM-A,331.CP281,,2025-07-08,35,18
1728,Vb-331.CP281-MNDE-SPM-B,331.CP281,,2025-07-08,44,25
1729,Vb-331.CP282-CDE-SPM-5,331.CP282,,2025-09-10,30,13
1730,Vb-331.CP282-CDE-SPM-7,331.CP282,,2025-09-10,24,8
1731,Vb-331.CP282-CNDE-SPM-1,331.CP282,,2025-09-10,32,12
1732,Vb-331.CP282-MDE-SPM-A,331.CP282,,2025-09-10,25,10
1733,Vb-331.CP282-MNDE-SPM-B,331.CP282,,2025-09-09,29,9
1734,Vb-461.CP524-CDE-SPM-5,461.CP524,,2025-08-19,13,5
1735,Vb-461.CP524-CDE-SPM-7,461.CP524,,2025-08-19,18,7
1736,Vb-461.CP524-CNDE-SPM-1,461.CP524,,2025-08-19,15,7
1737,Vb-461.CP524-MDE-SPM-A,461.CP524,,2025-08-19,24,13
1738,Vb-461.CP524-MNDE-SPM-B,461.CP524,,2025-08-19,15,6
1739,Vb-461.CP526-CDE-SPM-5,461.CP526,,2025-08-19,25,17
1740,Vb-461.CP526-CDE-SPM-7,461.CP526,,2025-08-19,18,12
1741,Vb-461.CP526-CNDE-SPM-1,461.CP526,,2025-08-19,26,16
1742,Vb-461.CP526-MDE-SPM-A,461.CP526,,2025-08-19,23,15
1743,Vb-461.CP526-MNDE-SPM-B,461.CP526,,2025-08-19,-20,-26
1744,Vb-111.CP400-CDE-SPM-5,111.CP400,,2025-06-17,16,6
1745,Vb-111.CP400-CDE-SPM-7,111.CP400,,2025-06-17,21,13
1746,Vb-111.CP400-CNDE-SPM-1,111.CP400,,2025-06-17,23,15
1747,Vb-111.CP400-MDE-SPM-A,111.CP400,,2025-06-17,25,8
1748,Vb-111.CP400-MNDE-SPM-B,111.CP400,,2025-06-17,21,9
1749,Vb-331.FN400-FDE-SPM,331.FN400,,2025-09-14,-1,-12
1750,Vb-331.FN400-FNDE-SPM,331.FN400,,2025-09-14,21,-6
1751,Vb-331.FN400-MDE-SPM,331.FN400,,2025-09-14,0,-7
1752,Vb-331.FN400-MNDE-SPM,331.FN400,,2025-09-14,3,-15
1753,Vb-441.FN.590-FDE-SPM,441.FN590,,2025-09-14,9,-30
1754,Vb-441.FN.590-FNDE-SPM,441.FN590,,2025-09-14,15,-22
1755,Vb-441.FN.590-MDE-SPM,441.FN590,,2025-09-14,19,9
1756,Vb-441.FN.590-MNDE-SPM,441.FN590,,2025-09-14,15,7
1757,Vb-441.FN.590-S1DE-SPM,441.FN590,,2025-09-14,14,7
1758,Vb-441.FN.590-S1NDE-SPM,441.FN590,,2025-09-14,9,2
1759,Vb-441.FN.590-S2DE-SPM,441.FN590,,2025-09-14,0,-10
1760,Vb-441.FN.590-v-S2NDE-SPM,441.FN590,,2025-09-14,2,-11
1761,Vb-461.PP515-MDE-SPM,461.PP515,,2025-08-06,19,-11
1762,Vb-461.PP515-MNDE-SPM,461.PP515,,2025-08-06,-1,-14
1763,Vb-461.PP515-PDE-SPM,461.PP515,,2025-08-06,9,-7
1764,Vb-461.PP515-PNDE-SPM,461.PP515,,2025-08-06,14,0
1765,Vb-461.PP513-MDE-SPM-ORD,461.PP513,,2025-07-13,4,-6
1766,Vb-461.PP513-MNDE-SPM-ORD,461.PP513,,2025-07-13,3,-10
1767,Vb-461.PP513-PDE-SPM,461.PP513,,2025-07-13,8,-17
1768,Vb-461.PP513-PNDE-SPM,461.PP513,,2025-07-13,5,-6
1769,Vb-331.FN110-FDE-SPM,331.FN110,,2025-09-14,10,-2
1770,Vb-331.FN110-FNDE-SPM,331.FN110,,2025-09-14,17,1
1771,Vb-331.FN110-MDE-SPM,331.FN110,,2025-09-14,20,12
1772,Vb-331.FN110-MNDE-SPM,331.FN110,,2025-09-14,24,1
1773,Vb-431.MD140-MDE-SPM,431.MD140,,2025-09-16,3,-6
1774,Vb-431.MD140-MNDE-SPM,431.MD140,,2025-09-16,4,-5
1775,Vb-431.MD140-S1DE-SPM,431.MD140,,2025-09-16,-7,-23
1776,Vb-431.MD140-S1NDE-SPM,431.MD140,,2025-09-16,-4,-24
1777,Vb-431.MD140-S2DE-SPM,431.MD140,,2025-09-16,13,-10
1778,Vb-431.MD140-S2NDE-SPM,431.MD140,,2025-09-16,21,-8
1779,Vb-431.MD140-S3DE-SPM,431.MD140,,2025-09-16,22,-9
1780,Vb-431.MD140-S3NDE-SPM,431.MD140,,2025-09-16,23,-8
1781,Vb-431.MD140-S4DE-SPM,431.MD140,,2025-09-16,21,-14
1782,Vb-431.MD140-S4NDE-SPM,431.MD140,,2025-09-16,17,-16
1783,Vb-431.MD160-MDE-SPM,431.MD160,,2025-09-16,3,-3
1784,Vb-431.MD160-MNDE-SPM,431.MD160,,2025-09-16,2,-7
1785,Vb-431.MD160-S1DE-SPM,431.MD160,,2025-09-16,-6,-38
1786,Vb-431.MD160-S1NDE-SPM,431.MD160,,2025-09-16,2,-21
1787,Vb-431.MD160-S2DE-SPM,431.MD160,,2025-09-16,9,-12
1788,Vb-431.MD160-S2NDE-SPM,431.MD160,,2025-09-16,21,-7
1789,Vb-431.MD160-S3DE-SPM,431.MD160,,2025-09-16,23,-7
1790,Vb-431.MD160-S3NDE-SPM,431.MD160,,2025-09-16,28,-21
1791,Vb-431.MD160-S4DE-SPM,431.MD160,,2025-09-16,17,-16
1792,Vb-431.MD160-S4NDE-SPM,431.MD160,,2025-09-16,10,-23
1793,Vb-431.FN171-FDE-SPM,431.FN171,,2025-09-02,21,1
1794,Vb-431.FN171-FNDE-SPM,431.FN171,,2025-09-02,24,13
1795,Vb-431.FN171-MDE-SPM,431.FN171,,2025-09-02,6,-11
1796,Vb-431.FN171-MNDE-SPM,431.FN171,,2025-09-02,1,-13
1797,Vb-431.FN176-FDE-SPM,431.FN176,,2025-09-02,20,14
1798,Vb-431.FN176-FNDE-SPM,431.FN176,,2025-09-02,16,-6
1799,Vb-431.FN176-MDE-SPM,431.FN176,,2025-09-02,19,1
1800,Vb-431.FN176-MNDE-SPM,431.FN176,,2025-09-02,13,-12
1801,Vb-111.HC100-MDE-SPM,111.HC100,,2025-06-17,17,-14
1802,Vb-111.HC100-MNDE-SPM,111.HC100,,2025-06-17,2,-15
1803,Vb-111.HC100-RDE-SPM,111.HC100,,2025-06-17,35,1
1804,Vb-111.HC100-RNDE-SPM,111.HC100,,2025-06-17,34,8
1805,Vb-111.HC100-S1DE-SPM,111.HC100,,2025-06-17,-3,-12
1806,Vb-111.HC100-S1NDE-SPM,111.HC100,,2025-06-17,1,-10
1807,Vb-111.HC100-S2DE-SPM,111.HC100,,2025-06-17,16,-11
1808,Vb-111.HC100-S2NDE-SPM,111.HC100,,2025-06-17,7,-12
1809,Vb-461.FN400-FDE-SPM,461.FN400,,2025-08-19,8,1
1810,Vb-461.FN400-FNDE-SPM,461.FN400,,2025-08-17,24,-11
1811,Vb-461.FN400-MDE-SPM,461.FN400,,2025-08-17,-1,-25
1812,Vb-461.FN400-MNDE-SPM,461.FN400,,2025-08-17,-9,-25
1813,Vb-641.BE050-MDE-SPM,641.BE050,,2025-08-24,12,-5
1814,Vb-641.BE050-MNDE-SPM,641.BE050,,2025-08-24,1,-18
1815,Vb-641.BE050-S1-SPM,641.BE050,,2025-08-24,18,-6
1816,Vb-641.BE050-S2-SPM,641.BE050,,2025-08-24,19,-7
1817,Vb-641.BE050-S3-SPM,641.BE050,,2025-08-24,61,27
1818,Vb-642.BE050-MDE-SPM,642.BE050,,2025-08-24,13,-8
1819,Vb-642.BE050-MNDE-SPM,642.BE050,,2025-08-24,8,-19
1820,Vb-642.BE050-S1-SPM,642.BE050,,2025-08-24,13,-6
1821,Vb-642.BE050-S2-SPM,642.BE050,,2025-08-24,23,-3
1822,Vb-642.BE050-S3-SPM,642.BE050,,2025-08-24,72,40
1823,Vb-643.BE050-MDE-SPM,643.BE050,,2025-08-24,9,-5
1824,Vb-643.BE050-MNDE-SPM,643.BE050,,2025-08-24,-3,-20
1825,Vb-643.BE050-S1-SPM,643.BE050,,2025-08-24,13,-8
1826,Vb-643.BE050-S2-SPM,643.BE050,,2025-08-24,19,-8
1827,Vb-643.BE050-S3-SPM,643.BE050,,2025-08-24,61,31
1828,Vb-644.BE050-MDE-SPM,644.BE050,,2025-08-20,6,-7
1829,Vb-644.BE050-MNDE-SPM,644.BE050,,2025-08-20,5,-22
1830,Vb-644.BE050-S1-SPM,644.BE050,,2025-08-20,14,-10
1831,Vb-644.BE050-S2-SPM,644.BE050,,2025-08-20,18,2
1832,Vb-644.BE050-S3-SPM,644.BE050,,2025-08-20,59,20
1833,Vb-645.BE050-MDE-SPM,645.BE050,,2025-08-20,10,-14
1834,Vb-645.BE050-MNDE-SPM,645.BE050,,2025-08-20,-4,-27
1835,Vb-645.BE050-S1-SPM,645.BE050,,2025-08-20,12,-15
1836,Vb-645.BE050-S2-SPM,645.BE050,,2025-08-20,14,-2
1837,Vb-645.BE050-S3-SPM,645.BE050,,2025-08-20,64,21
1838,Vb-646.BE050-MDE-SPM,646.BE050,,2025-08-20,8,-6
1839,Vb-646.BE050-MNDE-SPM,646.BE050,,2025-08-20,7,-30
1840,Vb-646.BE050-S1-SPM,646.BE050,,2025-08-20,13,-6
1841,Vb-646.BE050-S2-SPM,646.BE050,,2025-08-20,21,5
1842,Vb-646.BE050-S3-SPM,646.BE050,,2025-08-20,57,34
1843,Vb-641.FN.952-FDE-SPM,641.FN952,,2025-09-10,20,10
1844,Vb-641.FN.952-FNDE-SPM,641.FN952,,2025-09-10,42,4
1845,Vb-641.FN.952-MDE-SPM,641.FN952,,2025-09-10,21,4
1846,Vb-641.FN.952-MNDE-SPM,641.FN952,,2025-09-10,11,-5
1847,Vb-642.FN.952-FDE-SPM,642.FN952,,2025-09-10,22,13
1848,Vb-642.FN.952-FNDE-SPM,642.FN952,,2025-09-10,27,21
1849,Vb-642.FN.952-MDE-SPM,642.FN952,,2025-09-10,22,11
1850,Vb-642.FN.952-MNDE-SPM,642.FN952,,2025-09-10,16,2
1851,Vb-643.FN.952-FDE-SPM,643.FN952,,2025-09-10,15,5
1852,Vb-643.FN.952-FNDE-SPM,643.FN952,,2025-09-10,34,-1
1853,Vb-643.FN.952-MDE-SPM,643.FN952,,2025-09-10,24,9
1854,Vb-643.FN.952-MNDE-SPM,643.FN952,,2025-09-10,17,2
1855,Vb-644.FN.952-FDE-SPM,644.FN952,,2025-09-15,29,21
1856,Vb-644.FN.952-FNDE-SPM,644.FN952,,2025-09-15,27,18
1857,Vb-644.FN.952-MDE-SPM,644.FN952,,2025-09-15,27,6
1858,Vb-644.FN.952-MNDE-SPM,644.FN952,,2025-09-15,14,-1
1859,Vb-645.FN.952-FDE-SPM,645.FN952,,2025-09-15,27,19
1860,Vb-645.FN.952-FNDE-SPM,645.FN952,,2025-09-15,22,8
1861,Vb-645.FN.952-MDE-SPM,645.FN952,,2025-09-15,4,-20
1862,Vb-645.FN.952-MNDE-SPM,645.FN952,,2025-09-15,10,-17
1863,Vb-646.FN.952-FDE-SPM,646.FN952,,2025-09-15,12,3
1864,Vb-646.FN.952-FNDE-SPM,646.FN952,,2025-09-15,11,2
1865,Vb-646.FN.952-MDE-SPM,646.FN952,,2025-09-15,18,5
1866,Vb-646.FN.952-MNDE-SPM,646.FN952,,2025-09-15,8,-12
1867,Vb-431.FN560-MDE-SPM,431.FN560,,2025-09-16,11,0
1868,Vb-431.FN560-MNDE-SPM,431.FN560,,2025-09-16,6,0
1869,Vb-451.FN010-FDE-SPM,451.FN010,,2025-09-02,3,-9
1870,Vb-451.FN010-FNDE-SPM,451.FN010,,2025-09-02,14,-22
1871,Vb-451.FN010-MDE-SPM,451.FN010,,2025-09-02,2,-15
1872,Vb-451.FN010-MNDE-SPM,451.FN010,,2025-09-02,4,-17
1873,Vb-321.MD140-GBHSS-SPM,321.MD140,,2025-08-07,9,-10
1874,Vb-321.MD140-MDE-SPM,321.MD140,,2025-08-07,18,-18
1875,Vb-321.MD140-MNDE-SPM-ORD,321.MD140,,2025-08-07,7,-21
1876,Vb-321.FN400-FDE-SPM,321.FN400,,2025-08-07,13,-3
1877,Vb-321.FN400-FNDE-SPM,321.FN400,,2025-08-07,5,-4
1878,Vb-321.FN400-MDE-SPM,321.FN400,,2025-08-07,12,4
1879,Vb-321.FN400-MNDE-SPM,321.FN400,,2025-08-07,4,-14
1880,Vb-321.MD152-MDE-SPM,321.MD152,,2025-08-24,26,16
1881,Vb-321.MD152-MNDE-SPM,321.MD152,,2025-08-24,18,11
1882,Vb-321.MD152-S1DE-SPM,321.MD152,,2025-08-24,10,-12
1883,Vb-321.MD152-S1NDE-SPM,321.MD152,,2025-08-24,-1,-11
1884,Vb-321.MD152-S2DE-SPM,321.MD152,,2025-08-24,23,-3
1885,Vb-321.MD152-S2NDE-SPM,321.MD152,,2025-08-24,15,-10
1886,Vb-321.FN125-FDE-SPM,321.FN125,,2025-08-07,26,19
1887,Vb-321.FN125-FNDE-SPM,321.FN125,,2025-08-07,31,24
1888,Vb-321.FN125-MDE-SPM,321.FN125,,2025-08-07,-2,-9
1889,Vb-321.FN125-MNDE-SPM,321.FN125,,2025-08-07,11,-6
1890,Vb-531.FN530-FDE-SPM,531.FN530,,2025-08-26,7,-2
1891,Vb-531.FN530-FNDE-SPM,531.FN530,,2025-08-26,12,-26
1892,Vb-531.FN530-MDE-SPM,531.FN530,,2025-08-26,3,-15
1893,Vb-531.FN530-MNDE-SPM,531.FN530,,2025-08-26,-9,-24
1894,Vb-532.FN530-FDE-SPM,532.FN530,,2025-08-26,21,12
1895,Vb-532.FN530-FNDE-SPM,532.FN530,,2025-08-26,26,11
1896,Vb-532.FN530-MDE-SPM,532.FN530,,2025-08-26,19,-10
1897,Vb-532.FN530-MNDE-SPM,532.FN530,,2025-08-26,6,-21
1898,Vb-531.MD302-MDE-SPM,531.MD302,,2025-08-26,19,11
1899,Vb-531.MD302-MNDE-SPM,531.MD302,,2025-08-26,23,16
1900,Vb-531.MD302-S1DE-SPM,531.MD302,,2025-08-26,12,-5
1901,Vb-531.MD302-S1NDE-SPM,531.MD302,,2025-08-26,5,-2
1902,Vb-531.MD302-S2DE-SPM,531.MD302,,2025-08-26,10,-11
1903,Vb-531.MD302-S2NDE-SPM,531.MD302,,2025-08-26,20,-4
1904,Vb-532.MD302-MDE-SPM,532.MD302,,2025-08-26,19,7
1905,Vb-532.MD302-MNDE-SPM,532.MD302,,2025-08-26,25,16
1906,Vb-532.MD302-S1DE-SPM,532.MD302,,2025-08-26,12,-4
1907,Vb-532.MD302-S1NDE-SPM,532.MD302,,2025-08-26,9,-4
1908,Vb-532.MD302-S2DE-SPM,532.MD302,,2025-08-26,11,-9
1909,Vb-532.MD302-S2NDE-SPM,532.MD302,,2025-08-26,23,-4
1910,Vb-531.FN380-FDE-SPM,531.FN380,,2025-08-26,13,-4
1911,Vb-531.FN380-FNDE-SPM,531.FN380,,2025-08-26,13,-4
1912,Vb-531.FN380-MDE-SPM,531.FN380,,2025-08-26,14,-16
1913,Vb-531.FN380-MNDE-SPM,531.FN380,,2025-08-26,9,-28
1914,Vb-532.FN380-FDE-SPM,532.FN380,,2025-08-24,23,3
1915,Vb-532.FN380-FNDE-SPM,532.FN380,,2025-08-24,4,-3
1916,Vb-532.FN380-MDE-SPM,532.FN380,,2025-08-24,19,-11
1917,Vb-532.FN380-MNDE-SPM,532.FN380,,2025-08-24,12,-22
1918,Vb-611.BL300-BLDE-SPM,611.BL300,,2025-09-10,14,-1
1919,Vb-611.BL300-BLNDE-SPM,611.BL300,,2025-09-10,33,12
1920,Vb-611.BL300-MDE-SPM,611.BL300,,2025-09-10,3,-3
1921,Vb-611.BL300-MNDE-SPM,611.BL300,,2025-09-10,-5,-14
1922,Vb-612.BL300-BLDE-SPM,612.BL300,,2025-09-10,16,3
1923,Vb-612.BL300-BLNDE-SPM,612.BL300,,2025-09-10,31,17
1924,Vb-612.BL300-MDE-SPM,612.BL300,,2025-09-10,-2,-11
1925,Vb-612.BL300-MNDE-SPM,612.BL300,,2025-09-10,-3,-15
1926,Vb-351.BL110-BLDE-SPM,351.BL110,,2025-09-24,23,9
1927,Vb-351.BL110-BLNDE-SPM,351.BL110,,2025-09-24,31,18
1928,Vb-351.BL110-MDE-SPM,351.BL110,,2025-09-24,21,9
1929,Vb-351.BL110-MNDE-SPM,351.BL110,,2025-09-24,3,-6
1930,Vb-341.BL300-BLDE-SPM,341.BL300,,2025-09-09,-3,-9
1931,Vb-341.BL300-BLNDE-SPM,341.BL300,,2025-09-09,9,-10
1932,Vb-341.BL300-MDE-SPM,341.BL300,,2025-09-09,23,6
1933,Vb-341.BL300-MNDE-SPM,341.BL300,,2025-09-09,11,-5
1934,Vb-341.BL305-BLDE-SPM,341.BL305,,2025-09-09,10,-1
1935,Vb-341.BL305-BLNDE-SPM,341.BL305,,2025-08-10,6,-4
1936,Vb-341.BL305-MDE-SPM,341.BL305,,2025-09-09,30,10
1937,Vb-341.BL305-MNDE-SPM,341.BL305,,2025-09-09,9,-5
1938,Vb-341.BL310-BLDE-SPM,341.BL310,,2025-09-09,9,-3
1939,Vb-341.BL310-BLNDE-SPM,341.BL310,,2025-08-10,18,1
1940,Vb-341.BL310-MDE-SPM,341.BL310,,2025-09-09,38,24
1941,Vb-341.BL310-MNDE-SPM,341.BL310,,2025-09-09,17,4
1942,Vb-465.BL580-BLDE-SPM,465.BL580,,2025-09-09,14,-10
1943,Vb-465.BL580-BLNDE-SPM,465.BL580,,2025-09-09,19,-3
1944,Vb-465.BL580-MDE-SPM,465.BL580,,2025-09-09,17,-6
1945,Vb-465.BL580-MNDE-SPM,465.BL580,,2025-09-09,-9,-23
1946,,645.BL585,BL DE,2025-07-08,9,-1
1947,,645.BL585,BL NDE,2025-07-08,22,8
1948,,645.BL585,Motor DE,2025-07-08,2,-12
1949,,645.BL585,Motor NDE,2025-07-08,5,-23
1950,Vb-465.BL630-BLDE-SPM,465.BL630,,2025-08-26,-12,-19
1951,Vb-465.BL630-BLNDE-SPM,465.BL630,,2025-08-26,0,-16
1952,Vb-465.BL630-MDE-SPM,465.BL630,,2025-08-26,-15,-23
1953,Vb-465.BL630-MNDE-SPM,465.BL630,,2025-08-26,-5,-26
1954,Vb-465.BL635-BLDE-SPM,465.BL635,,2025-09-02,19,-7
1955,Vb-465.BL635-BLNDE-SPM,465.BL635,,2025-09-02,11,1
1956,Vb-465.BL635-MDE-SPM,465.BL635,,2025-09-02,17,-11
1957,Vb-465.BL635-MNDE-SPM,465.BL635,,2025-09-02,-10,-23
1958,Vb-461.FN450-FDE-SPM,461.FN450,,2025-09-25,10,-31
1959,Vb-461.FN450-FNDE-SPM,461.FN450,,2025-09-25,-13,-32
1960,Vb-461.FN450-MDE-SPM,461.FN450,,2025-09-25,12,6
1961,Vb-461.FN450-MNDE-SPM,461.FN450,,2025-09-25,13,6
1962,Vb-341.BE040-MDE-SPM,341.BE040,,2025-08-11,5,-5
1963,Vb-341.BE040-MNDE-SPM,341.BE040,,2025-08-11,8,-15
1964,Vb-341.BE040-S1NDE-SPM,341.BE040,,2025-08-11,4,-14
1965,Vb-341.BE040-S2NDE-SPM,341.BE040,,2025-08-11,11,-10
1966,Vb-341.BE040-S3DE-SPM,341.BE040,,2025-08-11,-1,-16
1967,Vb-341.BE040-S3NDE-SPM,341.BE040,,2025-08-11,13,-16
1968,Vb-351.BE340-MDE-SPM,351.BE340,,2025-08-11,4,-8
1969,Vb-351.BE340-MNDE-SPM,351.BE340,,2025-08-11,-2,-8
1970,Vb-351.BE340-S1NDE-SPM,351.BE340,,2025-08-11,6,-4
1971,Vb-351.BE340-S2NDE-SPM,351.BE340,,2025-08-11,6,-2
1972,Vb-351.BE340-S3DE-SPM,351.BE340,,2025-08-11,54,21
1973,Vb-351.BE340-S3NDE-SPM,351.BE340,,2025-08-11,66,27
1974,Vb-342.BE041-MDE-SPM,342.BE041,,2025-08-11,2,-13
1975,Vb-342.BE041-MNDE-SPM,342.BE041,,2025-08-11,8,-6
1976,Vb-342.BE041-S1NDE-SPM,342.BE041,,2025-08-11,-9,-31
1977,Vb-342.BE041-S2NDE-SPM,342.BE041,,2025-08-11,-10,-23
1978,Vb-342.BE041-S3DE-SPM,342.BE041,,2025-08-11,3,-28
1979,Vb-342.BE041-S3NDE-SPM,342.BE041,,2025-08-11,2,-24
1980,Vb-351.BE341-MDE-SPM,351.BE341,,2025-08-11,9,3
1981,Vb-351.BE341-MNDE-SPM,351.BE341,,2025-08-11,-5,-10
1982,Vb-351.BE341-S1NDE-SPM,351.BE341,,2025-08-11,3,-4
1983,Vb-351.BE341-S2NDE-SPM,351.BE341,,2025-08-11,17,1
1984,Vb-351.BE341-S3DE-SPM,351.BE341,,2025-08-11,43,16
1985,Vb-351.BE341-S3NDE-SPM,351.BE341,,2025-08-11,43,21
1986,Vb-451.FN240-FDE-SPM,451.FN240,,2025-09-14,6,-22
1987,Vb-451.FN240-FNDE-SPM,451.FN240,,2025-09-14,5,-15
1988,Vb-451.FN240-MDE-SPM,451.FN240,,2025-09-14,16,9
1989,Vb-451.FN240-MNDE-SPM,451.FN240,,2025-09-14,16,7
1990,Vb-451.WI210-MDE-SPM,451.WI210,,2025-09-14,13,-3
1991,Vb-451.WI210-PDE-SPM,451.WI210,,2025-10-07,6,0
1992,Vb-451.WI210-PNDE-SPM,451.WI210,,2025-10-07,15,6
1993,Vb-451.WI111-MDE-SPM,451.WI111,,2025-09-21,-1,-6
1994,Vb-451.WI111-MNDE-SPM,451.WI111,,2025-09-21,-1,-11
1995,Vb-451.WI111-PDE-SPM,451.WI111,,2025-09-21,15,10
1996,Vb-451.WI111-PNDE-SPM,451.WI111,,2025-10-08,10,0
1997,Vb-531.BE220-MDE-SPM,531.BE220,,2025-08-26,4,-13
1998,Vb-531.BE220-MNDE-SPM,531.BE220,,2025-08-26,15,-19
1999,Vb-531.BE220-S1-SPM,531.BE220,,2025-08-26,3,-12
2000,Vb-531.BE220-S2-SPM,531.BE220,,2025-08-26,15,-3
2001,Vb-531.BE220-S3-SPM,531.BE220,,2025-08-26,52,24
2002,Vb-532.BE220-MDE-SPM,532.BE220,,2025-08-26,2,-19
2003,Vb-532.BE220-MNDE-SPM,532.BE220,,2025-08-26,11,-25
2004,Vb-532.BE220-S1-SPM,532.BE220,,2025-08-26,6,-7
2005,Vb-532.BE220-S2-SPM,532.BE220,,2025-08-26,11,-5
2006,Vb-532.BE220-S3-SPM,532.BE220,,2025-08-26,59,27
2007,Vb-531.MD140-MDE-SPM,531.MD140,,2025-10-12,11,3
2008,Vb-531.MD140-MNDE-SPM,531.MD140,,2025-10-12,14,-5
2009,Vb-531.MD140-S1DE-SPM,531.MD140,,2025-10-12,25,1
2010,Vb-531.MD140-S1NDE-SPM,531.MD140,,2025-10-12,27,3
2011,Vb-531.MD140-S2DE-SPM,531.MD140,,2025-10-12,16,-1
2012,Vb-531.MD140-S2NDE-SPM,531.MD140,,2025-10-12,26,3
2013,Vb-531.MD140-S3DE-SPM,531.MD140,,2025-10-12,30,4
2014,Vb-531.MD140-S3NDE-SPM,531.MD140,,2025-10-15,38,9
2015,Vb-531.MD140-S4DE-SPM,531.MD140,,2025-10-12,27,-1
2016,Vb-531.MD140-S4NDE-SPM,531.MD140,,2025-10-15,42,13
2017,Vb-532.MD140-MDE-SPM,532.MD140,,2025-09-28,1,-14
2018,Vb-532.MD140-MNDE-SPM,532.MD140,,2025-09-28,12,7
2019,Vb-532.MD140-S1DE-SPM,532.MD140,,2025-09-28,12,-11
2020,Vb-532.MD140-S1NDE-SPM,532.MD140,,2025-09-28,9,-11
2021,Vb-532.MD140-S2DE-SPM,532.MD140,,2025-09-28,11,-10
2022,Vb-532.MD140-S2NDE-SPM,532.MD140,,2025-09-28,25,-1
2023,Vb-532.MD140-S3DE-SPM,532.MD140,,2025-09-28,40,-7
2024,Vb-532.MD140-S3NDE-SPM,532.MD140,,2025-09-28,36,-4
2025,Vb-532.MD140-S4DE-SPM,532.MD140,,2025-09-28,28,-6
2026,Vb-532.MD140-S4NDE-SPM,532.MD140,,2025-09-28,31,1
2027,Vb-341.FN315-FDE-SPM,341.FN315,,2025-09-16,39,24
2028,Vb-341.FN315-FNDE-SPM,341.FN315,,2025-09-16,36,25
2029,Vb-341.FN315-MDE-SPM,341.FN315,,2025-09-16,39,22
2030,Vb-341.FN315-MNDE-SPM,341.FN315,,2025-09-16,19,1
2031,Vb-341.FN316-FDE-SPM,341.FN316,,2025-09-16,-1,-40
2032,Vb-341.FN316-FNDE-SPM,341.FN316,,2025-09-16,-18,-41
2033,Vb-341.FN316-MDE-SPM,341.FN316,,2025-09-16,8,-29
2034,Vb-341.FN316-MNDE-SPM,341.FN316,,2025-09-16,-6,-28
2035,Vb-441.CR400-CRDE-SPM,441.CR400,,2025-09-14,16,-6
2036,Vb-441.CR400-CRNDE-SPM,441.CR400,,2025-09-14,17,-6
2037,Vb-441.CR400-MDE-SPM,441.CR400,,2025-09-14,8,-7
2038,Vb-441.CR400-MNDE-SPM,441.CR400,,2025-09-14,3,-22
2039,Vb-461.MD140-MDE-SPM,461.MD140,,2025-09-25,11,0
2040,Vb-461.MD140-MNDE-SPM,461.MD140,,2025-09-25,13,2
2041,Vb-461.MD140-PHSS-SPM,461.MD140,,2025-09-25,10,-12
2042,Vb-461.MD140-RGT-SPM,461.MD140,,2025-09-25,5,-15
2043,Vb-461.FN125-FDE-SPM,461.FN125,,2025-09-25,10,1
2044,Vb-461.FN125-FNDE-SPM,461.FN125,,2025-09-25,9,-14
2045,Vb-461.FN125-MDE-SPM,461.FN125,,2025-09-25,0,-5
2046,Vb-461.FN125-MNDE-SPM,461.FN125,,2025-09-25,10,1
2047,Vb-461.MD152-MDE-SPM,461.MD152,,2025-08-25,16,8
2048,Vb-461.MD152-MNDE-SPM,461.MD152,,2025-08-25,25,-19
2049,Vb-461.MD152-S1DE-SPM,461.MD152,,2025-08-25,2,-6
2050,Vb-461.MD152-S1NDE-SPM,461.MD152,,2025-08-25,8,-5
2051,Vb-461.MD152-S2DE-SPM,461.MD152,,2025-08-25,4,-4
2052,Vb-461.MD152-S2NDE-SPM,461.MD152,,2025-08-25,-2,-13
2053,Vb-331.WI210-MDE-SPM,331.WI210,,2025-10-07,14,4
2054,Vb-331.WI210-MNDE-SPM,331.WI210,,2025-10-07,12,-14
2055,Vb-331.WI210-PDE-SPM,331.WI210,,2025-10-07,13,8
2056,Vb-331.WI210-PNDE-SPM,331.WI210,,2025-10-07,15,6
2057,Vb-331.WI211-MDE-SPM,331.WI211,,2025-10-07,7,1
2058,Vb-331.WI211-MNDE-SPM,331.WI211,,2025-10-07,-3,-10
2059,Vb-331.WI211-PDE-SPM,331.WI211,,2025-10-07,13,4
2060,Vb-331.WI211-PNDE-SPM,331.WI211,,2025-10-07,23,17
2061,Vb-441.FN300-FDE-SPM,441.FN300,,2025-10-12,26,19
2062,Vb-441.FN300-FNDE-SPM,441.FN300,,2025-10-12,29,21
2063,Vb-441.FN300-MDE-SPM,441.FN300,,2025-10-12,26,7
2064,Vb-441.FN300-MNDE-SPM,441.FN300,,2025-10-12,13,5
2065,Vb-441.FN305-FDE-SPM,441.FN305,,2025-10-12,20,11
2066,Vb-441.FN305-FNDE-SPM,441.FN305,,2025-10-12,23,14
2067,Vb-441.FN305-MDE-SPM,441.FN305,,2025-10-12,25,9
2068,Vb-441.FN305-MNDE-SPM,441.FN305,,2025-10-12,4,-3
2069,Vb-441.FN310-FDE-SPM,441.FN310,,2025-10-12,30,15
2070,Vb-441.FN310-FNDE-SPM,441.FN310,,2025-10-12,27,16
2071,Vb-441.FN310-MDE-SPM,441.FN310,,2025-10-12,22,10
2072,Vb-441.FN310-MNDE-SPM,441.FN310,,2025-10-12,14,5
2073,Vb-441.FN315-FDE-SPM,441.FN315,,2025-10-12,21,11
2074,Vb-441.FN315-FNDE-SPM,441.FN315,,2025-10-12,20,6
2075,Vb-441.FN315-MDE-SPM,441.FN315,,2025-10-12,25,8
2076,Vb-441.FN315-MNDE-SPM,441.FN315,,2025-10-12,8,2
2077,Vb-441.FN325-FDE-SPM,441.FN325,,2025-10-12,23,10
2078,Vb-441.FN325-FNDE-SPM,441.FN325,,2025-10-12,30,19
2079,Vb-441.FN325-MDE-SPM,441.FN325,,2025-10-12,15,6
2080,Vb-441.FN325-MNDE-SPM,441.FN325,,2025-10-12,14,-2
2081,Vb-441.FN335-FDE-SPM,441.FN335,,2025-10-12,11,3
2082,Vb-441.FN335-FNDE-SPM,441.FN335,,2025-10-12,26,-3
2083,Vb-441.FN335-MDE-SPM,441.FN335,,2025-10-12,11,1
2084,Vb-441.FN335-MNDE-SPM,441.FN335,,2025-10-12,16,5
2085,Vb-441.FN340-FDE-SPM,441.FN340,,2025-09-14,10,3
2086,Vb-441.FN340-FNDE-SPM,441.FN340,,2025-09-14,11,1
2087,Vb-441.FN340-MDE-SPM,441.FN340,,2025-09-14,13,3
2088,Vb-441.FN340-MNDE-SPM,441.FN340,,2025-09-14,14,3
2089,Vb-441.FN345-FDE-SPM,441.FN345,,2025-09-01,16,-4
2090,Vb-441.FN345-FNDE-SPM,441.FN345,,2025-09-01,26,-19
2091,Vb-441.FN345-MDE-SPM,441.FN345,,2025-09-01,21,13
2092,Vb-441.FN345-MNDE-SPM,441.FN345,,2025-09-01,23,4
2093,Vb-441.FN350-FDE-SPM,441.FN350,,2025-09-14,5,-3
2094,Vb-441.FN350-FNDE-SPM,441.FN350,,2025-09-14,7,-2
2095,Vb-441.FN350-MDE-SPM,441.FN350,,2025-09-14,15,8
2096,Vb-441.FN350-MNDE-SPM,441.FN350,,2025-09-14,13,5
2097,Vb-741.CP110-CDE-SPM-5,741.CP110,,2025-08-07,21,13
2098,Vb-741.CP110-CDE-SPM-7,741.CP110,,2025-08-07,14,6
2099,Vb-741.CP110-CNDE-SPM-1,741.CP110,,2025-08-07,17,10
2100,Vb-741.CP110-MDE-SPM-A,741.CP110,,2025-08-07,20,11
2101,Vb-741.CP110-MNDE-SPM-B,741.CP110,,2025-08-07,24,1
2102,Vb-742.CP110-CDE-SPM-5,742.CP110,,2025-08-24,26,20
2103,Vb-742.CP110-CDE-SPM-7,742.CP110,,2025-08-24,30,23
2104,Vb-742.CP110-CNDE-SPM-1,742.CP110,,2025-08-24,30,21
2105,Vb-742.CP110-MDE-SPM-A,742.CP110,,2025-08-24,18,4
2106,Vb-742.CP110-MNDE-SPM-B,742.CP110,,2025-08-24,19,3
2107,Vb-741.CP111-CDE-SPM-5,741.CP111,,2025-09-24,10,2
2108,Vb-741.CP111-CDE-SPM-7,741.CP111,,2025-09-24,11,4
2109,Vb-741.CP111-CNDE-SPM-1,741.CP111,,2025-09-24,32,13
2110,Vb-741.CP111-MDE-SPM-A,741.CP111,,2025-09-24,19,4
2111,Vb-741.CP111-MNDE-SPM-B,741.CP111,,2025-09-24,26,5
2112,Vb-742.CP111-CDE-SPM-5,742.CP111,,2025-07-31,29,22
2113,Vb-742.CP111-CDE-SPM-7,742.CP111,,2025-07-31,20,13
2114,Vb-742.CP111-CNDE-SPM-1,742.CP111,,2025-07-31,24,17
2115,Vb-742.CP111-MDE-SPM-A,742.CP111,,2025-07-31,7,-8
2116,Vb-742.CP111-MNDE-SPM-B,742.CP111,,2025-07-31,13,-16
2117,Vb-741.CP112-CDE-SPM-5,741.CP112,,2025-09-03,19,11
2118,Vb-741.CP112-CDE-SPM-7,741.CP112,,2025-09-03,20,10
2119,Vb-741.CP112-CNDE-SPM-1,741.CP112,,2025-09-03,22,13
2120,Vb-741.CP112-MDE-SPM-A,741.CP112,,2025-09-03,24,15
2121,Vb-741.CP112-MNDE-SPM-B,741.CP112,,2025-09-03,23,12
2122,Vb-742.CP112-CDE-SPM-5,742.CP112,,2025-09-28,20,12
2123,Vb-742.CP112-CDE-SPM-7,742.CP112,,2025-09-28,27,20
2124,Vb-742.CP112-CNDE-SPM-1,742.CP112,,2025-09-28,43,33
2125,Vb-742.CP112-MDE-SPM-A,742.CP112,,2025-09-28,8,-2
2126,Vb-742.CP112-MNDE-SPM-B,742.CP112,,2025-09-28,7,-7
2127,Vb-741.CP113-CDE-SPM-5,741.CP113,,2025-09-24,28,14
2128,Vb-741.CP113-CDE-SPM-7,741.CP113,,2025-09-24,25,12
2129,Vb-741.CP113-CNDE-SPM-1,741.CP113,,2025-09-24,31,16
2130,Vb-741.CP113-MDE-SPM-A,741.CP113,,2025-09-24,26,15
2131,Vb-741.CP113-MNDE-SPM-B,741.CP113,,2025-09-24,30,3
2132,Vb-742.CP113-CDE-SPM-5,742.CP113,,2025-09-28,11,4
2133,Vb-742.CP113-CDE-SPM-7,742.CP113,,2025-09-28,11,4
2134,Vb-742.CP113-CNDE-SPM-1,742.CP113,,2025-09-28,12,4
2135,Vb-742.CP113-MDE-SPM-A,742.CP113,,2025-09-28,2,-16
2136,Vb-742.CP113-MNDE-SPM-B,742.CP113,,2025-09-28,22,-10
2137,Vb-331.CP280-CDE-SPM-5,331.CP280,,2025-09-24,24,15
2138,Vb-331.CP280-CDE-SPM-7,331.CP280,,2025-09-24,31,15
2139,Vb-331.CP280-CNDE-SPM-1,331.CP280,,2025-09-24,33,22
2140,Vb-331.CP280-MDE-SPM-A,331.CP280,,2025-09-24,34,17
2141,Vb-331.CP280-MNDE-SPM-B,331.CP280,,2025-09-24,32,20
2142,Vb-331.CP281-CDE-SPM-5,331.CP281,,2025-07-08,29,19
2143,Vb-331.CP281-CDE-SPM-7,331.CP281,,2025-07-08,33,22
2144,Vb-331.CP281-CNDE-SPM-1,331.CP281,,2025-07-08,37,27
2145,Vb-331.CP281-MDE-SPM-A,331.CP281,,2025-07-08,35,18
2146,Vb-331.CP281-MNDE-SPM-B,331.CP281,,2025-07-08,44,25
2147,Vb-331.CP282-CDE-SPM-5,331.CP282,,2025-09-24,29,10
2148,Vb-331.CP282-CDE-SPM-7,331.CP282,,2025-09-24,28,9
2149,Vb-331.CP282-CNDE-SPM-1,331.CP282,,2025-09-24,30,11
2150,Vb-331.CP282-MDE-SPM-A,331.CP282,,2025-09-24,28,8
2151,Vb-331.CP282-MNDE-SPM-B,331.CP282,,2025-09-24,30,7
2152,Vb-461.CP524-CDE-SPM-5,461.CP524,,2025-09-25,17,11
2153,Vb-461.CP524-CDE-SPM-7,461.CP524,,2025-09-25,17,5
2154,Vb-461.CP524-CNDE-SPM-1,461.CP524,,2025-09-25,12,6
2155,Vb-461.CP524-MDE-SPM-A,461.CP524,,2025-09-25,29,15
2156,Vb-461.CP524-MNDE-SPM-B,461.CP524,,2025-09-25,20,8
2157,Vb-461.CP526-CDE-SPM-5,461.CP526,,2025-09-25,25,15
2158,Vb-461.CP526-CDE-SPM-7,461.CP526,,2025-09-25,25,11
2159,Vb-461.CP526-CNDE-SPM-1,461.CP526,,2025-09-25,25,15
2160,Vb-461.CP526-MDE-SPM-A,461.CP526,,2025-09-25,13,6
2161,Vb-461.CP526-MNDE-SPM-B,461.CP526,,2025-09-25,27,10
2162,Vb-111.CP400-CDE-SPM-5,111.CP400,,2025-06-17,16,6
2163,Vb-111.CP400-CDE-SPM-7,111.CP400,,2025-06-17,21,13
2164,Vb-111.CP400-CNDE-SPM-1,111.CP400,,2025-06-17,23,15
2165,Vb-111.CP400-MDE-SPM-A,111.CP400,,2025-06-17,25,8
2166,Vb-111.CP400-MNDE-SPM-B,111.CP400,,2025-06-17,21,9
2167,Vb-331.FN400-FDE-SPM,331.FN400,,2025-09-14,-1,-12
2168,Vb-331.FN400-FNDE-SPM,331.FN400,,2025-09-14,21,-6
2169,Vb-331.FN400-MDE-SPM,331.FN400,,2025-09-14,0,-7
2170,Vb-331.FN400-MNDE-SPM,331.FN400,,2025-09-14,3,-15
2171,Vb-441.FN.590-FDE-SPM,441.FN590,,2025-09-14,9,-30
2172,Vb-441.FN.590-FNDE-SPM,441.FN590,,2025-09-14,15,-22
2173,Vb-441.FN.590-MDE-SPM,441.FN590,,2025-09-14,19,9
2174,Vb-441.FN.590-MNDE-SPM,441.FN590,,2025-09-14,15,7
2175,Vb-441.FN.590-S1DE-SPM,441.FN590,,2025-09-14,14,7
2176,Vb-441.FN.590-S1NDE-SPM,441.FN590,,2025-09-14,9,2
2177,Vb-441.FN.590-S2DE-SPM,441.FN590,,2025-09-14,0,-10
2178,Vb-441.FN.590-v-S2NDE-SPM,441.FN590,,2025-09-14,2,-11
2179,Vb-461.PP515-MDE-SPM,461.PP515,,2025-09-25,2,-10
2180,Vb-461.PP515-MNDE-SPM,461.PP515,,2025-09-25,2,-11
2181,Vb-461.PP515-PDE-SPM,461.PP515,,2025-09-25,0,-14
2182,Vb-461.PP515-PNDE-SPM,461.PP515,,2025-09-25,1,-5
2183,Vb-461.PP513-MDE-SPM-ORD,461.PP513,,2025-07-13,4,-6
2184,Vb-461.PP513-MNDE-SPM-ORD,461.PP513,,2025-07-13,3,-10
2185,Vb-461.PP513-PDE-SPM,461.PP513,,2025-07-13,8,-17
2186,Vb-461.PP513-PNDE-SPM,461.PP513,,2025-07-13,5,-6
2187,Vb-331.FN110-FDE-SPM,331.FN110,,2025-10-05,30,-3
2188,Vb-331.FN110-FNDE-SPM,331.FN110,,2025-10-05,13,0
2189,Vb-331.FN110-MDE-SPM,331.FN110,,2025-10-05,22,14
2190,Vb-331.FN110-MNDE-SPM,331.FN110,,2025-10-05,28,4
2191,Vb-431.MD140-MDE-SPM,431.MD140,,2025-09-16,3,-6
2192,Vb-431.MD140-MNDE-SPM,431.MD140,,2025-09-16,4,-5
2193,Vb-431.MD140-S1DE-SPM,431.MD140,,2025-09-16,-7,-23
2194,Vb-431.MD140-S1NDE-SPM,431.MD140,,2025-09-16,-4,-24
2195,Vb-431.MD140-S2DE-SPM,431.MD140,,2025-09-16,13,-10
2196,Vb-431.MD140-S2NDE-SPM,431.MD140,,2025-09-16,21,-8
2197,Vb-431.MD140-S3DE-SPM,431.MD140,,2025-09-16,22,-9
2198,Vb-431.MD140-S3NDE-SPM,431.MD140,,2025-09-16,23,-8
2199,Vb-431.MD140-S4DE-SPM,431.MD140,,2025-09-16,21,-14
2200,Vb-431.MD140-S4NDE-SPM,431.MD140,,2025-09-16,17,-16
2201,Vb-431.MD160-MDE-SPM,431.MD160,,2025-09-16,3,-3
2202,Vb-431.MD160-MNDE-SPM,431.MD160,,2025-09-16,2,-7
2203,Vb-431.MD160-S1DE-SPM,431.MD160,,2025-09-16,-6,-38
2204,Vb-431.MD160-S1NDE-SPM,431.MD160,,2025-09-16,2,-21
2205,Vb-431.MD160-S2DE-SPM,431.MD160,,2025-09-16,9,-12
2206,Vb-431.MD160-S2NDE-SPM,431.MD160,,2025-09-16,21,-7
2207,Vb-431.MD160-S3DE-SPM,431.MD160,,2025-09-16,23,-7
2208,Vb-431.MD160-S3NDE-SPM,431.MD160,,2025-09-16,28,-21
2209,Vb-431.MD160-S4DE-SPM,431.MD160,,2025-09-16,17,-16
2210,Vb-431.MD160-S4NDE-SPM,431.MD160,,2025-09-16,10,-23
2211,Vb-431.FN171-FDE-SPM,431.FN171,,2025-09-16,23,2
2212,Vb-431.FN171-FNDE-SPM,431.FN171,,2025-09-16,25,18
2213,Vb-431.FN171-MDE-SPM,431.FN171,,2025-09-16,-2,-12
2214,Vb-431.FN171-MNDE-SPM,431.FN171,,2025-09-16,-7,-21
2215,Vb-431.FN176-FDE-SPM,431.FN176,,2025-10-12,24,16
2216,Vb-431.FN176-FNDE-SPM,431.FN176,,2025-10-12,20,7
2217,Vb-431.FN176-MDE-SPM,431.FN176,,2025-10-12,10,0
2218,Vb-431.FN176-MNDE-SPM,431.FN176,,2025-10-12,-6,-11
2219,Vb-111.HC100-MDE-SPM,111.HC100,,2025-06-17,17,-14
2220,Vb-111.HC100-MNDE-SPM,111.HC100,,2025-06-17,2,-15
2221,Vb-111.HC100-RDE-SPM,111.HC100,,2025-06-17,35,1
2222,Vb-111.HC100-RNDE-SPM,111.HC100,,2025-06-17,34,8
2223,Vb-111.HC100-S1DE-SPM,111.HC100,,2025-06-17,-3,-12
2224,Vb-111.HC100-S1NDE-SPM,111.HC100,,2025-06-17,1,-10
2225,Vb-111.HC100-S2DE-SPM,111.HC100,,2025-06-17,16,-11
2226,Vb-111.HC100-S2NDE-SPM,111.HC100,,2025-06-17,7,-12
2227,Vb-461.FN400-FDE-SPM,461.FN400,,2025-09-25,6,-3
2228,Vb-461.FN400-FNDE-SPM,461.FN400,,2025-09-25,17,-13
2229,Vb-461.FN400-MDE-SPM,461.FN400,,2025-09-25,8,-20
2230,Vb-461.FN400-MNDE-SPM,461.FN400,,2025-09-25,-1,-22
2231,Vb-641.BE050-MDE-SPM,641.BE050,,2025-08-24,12,-5
2232,Vb-641.BE050-MNDE-SPM,641.BE050,,2025-08-24,1,-18
2233,Vb-641.BE050-S1-SPM,641.BE050,,2025-08-24,18,-6
2234,Vb-641.BE050-S2-SPM,641.BE050,,2025-08-24,19,-7
2235,Vb-641.BE050-S3-SPM,641.BE050,,2025-08-24,61,27
2236,Vb-642.BE050-MDE-SPM,642.BE050,,2025-08-24,13,-8
2237,Vb-642.BE050-MNDE-SPM,642.BE050,,2025-08-24,8,-19
2238,Vb-642.BE050-S1-SPM,642.BE050,,2025-08-24,13,-6
2239,Vb-642.BE050-S2-SPM,642.BE050,,2025-08-24,23,-3
2240,Vb-642.BE050-S3-SPM,642.BE050,,2025-08-24,72,40
2241,Vb-643.BE050-MDE-SPM,643.BE050,,2025-08-24,9,-5
2242,Vb-643.BE050-MNDE-SPM,643.BE050,,2025-08-24,-3,-20
2243,Vb-643.BE050-S1-SPM,643.BE050,,2025-08-24,13,-8
2244,Vb-643.BE050-S2-SPM,643.BE050,,2025-08-24,19,-8
2245,Vb-643.BE050-S3-SPM,643.BE050,,2025-08-24,61,31
2246,Vb-644.BE050-MDE-SPM,644.BE050,,2025-08-20,6,-7
2247,Vb-644.BE050-MNDE-SPM,644.BE050,,2025-08-20,5,-22
2248,Vb-644.BE050-S1-SPM,644.BE050,,2025-08-20,14,-10
2249,Vb-644.BE050-S2-SPM,644.BE050,,2025-08-20,18,2
2250,Vb-644.BE050-S3-SPM,644.BE050,,2025-08-20,59,20
2251,Vb-645.BE050-MDE-SPM,645.BE050,,2025-08-20,10,-14
2252,Vb-645.BE050-MNDE-SPM,645.BE050,,2025-08-20,-4,-27
2253,Vb-645.BE050-S1-SPM,645.BE050,,2025-08-20,12,-15
2254,Vb-645.BE050-S2-SPM,645.BE050,,2025-08-20,14,-2
2255,Vb-645.BE050-S3-SPM,645.BE050,,2025-08-20,64,21
2256,Vb-646.BE050-MDE-SPM,646.BE050,,2025-08-20,8,-6
2257,Vb-646.BE050-MNDE-SPM,646.BE050,,2025-08-20,7,-30
2258,Vb-646.BE050-S1-SPM,646.BE050,,2025-08-20,13,-6
2259,Vb-646.BE050-S2-SPM,646.BE050,,2025-08-20,21,5
2260,Vb-646.BE050-S3-SPM,646.BE050,,2025-08-20,57,34
2261,Vb-641.FN.952-FDE-SPM,641.FN952,,2025-09-10,20,10
2262,Vb-641.FN.952-FNDE-SPM,641.FN952,,2025-09-10,42,4
2263,Vb-641.FN.952-MDE-SPM,641.FN952,,2025-09-10,21,4
2264,Vb-641.FN.952-MNDE-SPM,641.FN952,,2025-09-10,11,-5
2265,Vb-642.FN.952-FDE-SPM,642.FN952,,2025-09-10,22,13
2266,Vb-642.FN.952-FNDE-SPM,642.FN952,,2025-09-10,27,21
2267,Vb-642.FN.952-MDE-SPM,642.FN952,,2025-09-10,22,11
2268,Vb-642.FN.952-MNDE-SPM,642.FN952,,2025-09-10,16,2
2269,Vb-643.FN.952-FDE-SPM,643.FN952,,2025-09-10,15,5
2270,Vb-643.FN.952-FNDE-SPM,643.FN952,,2025-09-10,34,-1
2271,Vb-643.FN.952-MDE-SPM,643.FN952,,2025-09-10,24,9
2272,Vb-643.FN.952-MNDE-SPM,643.FN952,,2025-09-10,17,2
2273,Vb-644.FN.952-FDE-SPM,644.FN952,,2025-09-15,29,21
2274,Vb-644.FN.952-FNDE-SPM,644.FN952,,2025-09-15,27,18
2275,Vb-644.FN.952-MDE-SPM,644.FN952,,2025-09-15,27,6
2276,Vb-644.FN.952-MNDE-SPM,644.FN952,,2025-09-15,14,-1
2277,Vb-645.FN.952-FDE-SPM,645.FN952,,2025-09-15,27,19
2278,Vb-645.FN.952-FNDE-SPM,645.FN952,,2025-09-15,22,8
2279,Vb-645.FN.952-MDE-SPM,645.FN952,,2025-09-15,4,-20
2280,Vb-645.FN.952-MNDE-SPM,645.FN952,,2025-09-15,10,-17
2281,Vb-646.FN.952-FDE-SPM,646.FN952,,2025-09-15,12,3
2282,Vb-646.FN.952-FNDE-SPM,646.FN952,,2025-09-15,11,2
2283,Vb-646.FN.952-MDE-SPM,646.FN952,,2025-09-15,18,5
2284,Vb-646.FN.952-MNDE-SPM,646.FN952,,2025-09-15,8,-12
2285,Vb-431.FN560-MDE-SPM,431.FN560,,2025-09-16,11,0
2286,Vb-431.FN560-MNDE-SPM,431.FN560,,2025-09-16,6,0
2287,Vb-451.FN010-FDE-SPM,451.FN010,,2025-09-02,3,-9
2288,Vb-451.FN010-FNDE-SPM,451.FN010,,2025-09-02,14,-22
2289,Vb-451.FN010-MDE-SPM,451.FN010,,2025-09-02,2,-15
2290,Vb-451.FN010-MNDE-SPM,451.FN010,,2025-09-02,4,-17
2291,Vb-321.MD140-GBHSS-SPM,321.MD140,,2025-10-12,3,-12
2292,Vb-321.MD140-MDE-SPM,321.MD140,,2025-10-12,17,-13
2293,Vb-321.MD140-MNDE-SPM-ORD,321.MD140,,2025-10-12,3,-20
2294,Vb-321.FN400-FDE-SPM,321.FN400,,2025-09-21,11,-3
2295,Vb-321.FN400-FNDE-SPM,321.FN400,,2025-09-21,0,-9
2296,Vb-321.FN400-MDE-SPM,321.FN400,,2025-09-21,16,5
2297,Vb-321.FN400-MNDE-SPM,321.FN400,,2025-09-21,13,-17
2298,Vb-321.MD152-MDE-SPM,321.MD152,,2025-08-24,26,16
2299,Vb-321.MD152-MNDE-SPM,321.MD152,,2025-08-24,18,11
2300,Vb-321.MD152-S1DE-SPM,321.MD152,,2025-08-24,10,-12
2301,Vb-321.MD152-S1NDE-SPM,321.MD152,,2025-08-24,-1,-11
2302,Vb-321.MD152-S2DE-SPM,321.MD152,,2025-08-24,23,-3
2303,Vb-321.MD152-S2NDE-SPM,321.MD152,,2025-08-24,15,-10
2304,Vb-321.FN125-FDE-SPM,321.FN125,,2025-09-21,26,15
2305,Vb-321.FN125-FNDE-SPM,321.FN125,,2025-09-21,28,21
2306,Vb-321.FN125-MDE-SPM,321.FN125,,2025-09-21,6,-9
2307,Vb-321.FN125-MNDE-SPM,321.FN125,,2025-09-21,11,-7
2308,Vb-531.FN530-FDE-SPM,531.FN530,,2025-09-28,29,9
2309,Vb-531.FN530-FNDE-SPM,531.FN530,,2025-09-28,23,10
2310,Vb-531.FN530-MDE-SPM,531.FN530,,2025-09-28,-4,-12
2311,Vb-531.FN530-MNDE-SPM,531.FN530,,2025-09-28,0,-20
2312,Vb-532.FN530-FDE-SPM,532.FN530,,2025-09-28,-3,-13
2313,Vb-532.FN530-FNDE-SPM,532.FN530,,2025-09-28,29,9
2314,Vb-532.FN530-MDE-SPM,532.FN530,,2025-09-28,-4,-11
2315,Vb-532.FN530-MNDE-SPM,532.FN530,,2025-09-28,6,-25
2316,Vb-531.MD302-MDE-SPM,531.MD302,,2025-08-26,19,11
2317,Vb-531.MD302-MNDE-SPM,531.MD302,,2025-08-26,23,16
2318,Vb-531.MD302-S1DE-SPM,531.MD302,,2025-08-26,12,-5
2319,Vb-531.MD302-S1NDE-SPM,531.MD302,,2025-08-26,5,-2
2320,Vb-531.MD302-S2DE-SPM,531.MD302,,2025-08-26,10,-11
2321,Vb-531.MD302-S2NDE-SPM,531.MD302,,2025-08-26,20,-4
2322,Vb-532.MD302-MDE-SPM,532.MD302,,2025-08-26,19,7
2323,Vb-532.MD302-MNDE-SPM,532.MD302,,2025-08-26,25,16
2324,Vb-532.MD302-S1DE-SPM,532.MD302,,2025-08-26,12,-4
2325,Vb-532.MD302-S1NDE-SPM,532.MD302,,2025-08-26,9,-4
2326,Vb-532.MD302-S2DE-SPM,532.MD302,,2025-08-26,11,-9
2327,Vb-532.MD302-S2NDE-SPM,532.MD302,,2025-08-26,23,-4
2328,Vb-531.FN380-FDE-SPM,531.FN380,,2025-09-28,26,11
2329,Vb-531.FN380-FNDE-SPM,531.FN380,,2025-09-28,14,-5
2330,Vb-531.FN380-MDE-SPM,531.FN380,,2025-09-28,18,-19
2331,Vb-531.FN380-MNDE-SPM,531.FN380,,2025-09-28,9,-24
2332,Vb-532.FN380-FDE-SPM,532.FN380,,2025-09-28,13,-2
2333,Vb-532.FN380-FNDE-SPM,532.FN380,,2025-09-28,15,2
2334,Vb-532.FN380-MDE-SPM,532.FN380,,2025-09-28,1,-15
2335,Vb-532.FN380-MNDE-SPM,532.FN380,,2025-09-28,12,-27
2336,Vb-613.BL300-BLDE-SPM,613.BL300,,2025-09-10,6,1
2337,Vb-613.BL300-BLNDE-SPM,613.BL300,,2025-09-10,3,-2
2338,Vb-613.BL300-MDE-SPM,613.BL300,,2025-09-10,26,13
2339,Vb-613.BL300-MNDE-SPM,613.BL300,,2025-09-10,9,-4
2340,Vb-614.BL300-BLDE-SPM,614.BL300,,2025-09-10,,
2341,Vb-614.BL300-BLDE-SPM,614.BL300,,2025-09-10,,
2342,Vb-614.BL300-BLDE-SPM,614.BL300,,2025-09-10,15,2
2343,Vb-614.BL300-BLNDE-SPM,614.BL300,,2025-09-10,,
2344,Vb-614.BL300-BLNDE-SPM,614.BL300,,2025-09-10,,
2345,Vb-614.BL300-BLNDE-SPM,614.BL300,,2025-09-10,20,7
2346,Vb-614.BL300-MDE-SPM,614.BL300,,2025-09-10,,
2347,Vb-614.BL300-MDE-SPM,614.BL300,,2025-09-10,21,5
2348,Vb-614.BL300-MNDE-SPM,614.BL300,,2025-09-10,,
2349,Vb-614.BL300-MNDE-SPM,614.BL300,,2025-09-10,7,-10
2350,Vb-352.BL110-BLDE-SPM,352.BL110,,2025-10-07,11,1
2351,Vb-352.BL110-BLNDE-SPM,352.BL110,,2025-10-07,15,-3
2352,Vb-352.BL110-MDE-SPM,352.BL110,,2025-10-07,17,5
2353,Vb-352.BL110-MNDE-SPM,352.BL110,,2025-10-07,-5,-16
2354,Vb-342.BL300-BLDE-SPM,342.BL300,,2025-10-07,6,-2
2355,Vb-342.BL300-BLNDE-SPM,342.BL300,,2025-10-07,10,4
2356,Vb-342.BL300-MDE-SPM,342.BL300,,2025-10-07,11,0
2357,Vb-342.BL300-MNDE-SPM,342.BL300,,2025-10-07,7,-2
2358,Vb-342.BL305-BLDE-SPM,342.BL305,,2025-10-07,32,9
2359,Vb-342.BL305-BLNDE-SPM,342.BL305,,2025-07-29,-26,-40
2360,Vb-342.BL305-MDE-SPM,342.BL305,,2025-10-07,16,8
2361,Vb-342.BL305-MNDE-SPM,342.BL305,,2025-10-07,-3,-9
2362,Vb-342.BL310-BLDE-SPM,342.BL310,,2025-10-07,3,-4
2363,Vb-342.BL310-BLNDE-SPM,342.BL310,,2025-10-07,10,1
2364,Vb-342.BL310-MDE-SPM,342.BL310,,2025-10-07,23,11
2365,Vb-342.BL310-MNDE-SPM,342.BL310,,2025-10-07,11,1
2366,Vb-466.BL585-BLDE-SPM,466.BL585,,2025-10-07,24,6
2367,Vb-466.BL585-BLNDE-SPM,466.BL585,,2025-10-07,21,10
2368,Vb-466.BL585-MDE-SPM,466.BL585,,2025-10-07,10,-4
2369,Vb-466.BL585-MNDE-SPM,466.BL585,,2025-10-07,7,-14
2370,Vb-466.BL630-BLDE-SPM,466.BL630,,2025-07-29,6,-7
2371,Vb-466.BL630-BLNDE-SPM,466.BL630,,2025-07-29,16,0
2372,Vb-466.BL630-MDE-SPM,466.BL630,,2025-07-29,5,-1
2373,Vb-466.BL630-MNDE-SPM,466.BL630,,2025-07-29,-2,-17
2374,Vb-466.BL635-BLDE-SPM,466.BL635,,2025-10-07,2,-7
2375,Vb-466.BL635-BLNDE-SPM,466.BL635,,2025-10-07,6,-2
2376,Vb-466.BL635-MDE-SPM,466.BL635,,2025-10-07,-4,-13
2377,Vb-466.BL635-MNDE-SPM,466.BL635,,2025-10-07,-3,-22
2378,Vb-462.FN450-FDE-SPM,462.FN450,,2025-09-25,5,-5
2379,Vb-462.FN450-FNDE-SPM,462.FN450,,2025-09-25,11,-18
2380,Vb-462.FN450-MDE-SPM,462.FN450,,2025-09-25,20,7
2381,Vb-462.FN450-MNDE-SPM,462.FN450,,2025-09-25,24,12
2382,Vb-342.BE050-MDE-SPM,342.BE050,,2025-08-19,14,-4
2383,Vb-342.BE050-MNDE-SPM,342.BE050,,2025-08-19,-3,-11
2384,Vb-342.BE050-S1NDE-SPM,342.BE050,,2025-08-19,7,-2
2385,Vb-342.BE050-S2NDE-SPM,342.BE050,,2025-08-19,12,-8
2386,Vb-342.BE050-S3DE-SPM,342.BE050,,2025-08-19,-2,-9
2387,Vb-342.BE050-S3NDE-SPM,342.BE050,,2025-08-19,-2,-9
2388,Vb-352.BE340-MDE-SPM,352.BE340,,2025-08-19,16,-4
2389,Vb-352.BE340-MNDE-SPM,352.BE340,,2025-08-19,-5,-17
2390,Vb-352.BE340-S1NDE-SPM,352.BE340,,2025-08-19,2,-5
2391,Vb-352.BE340-S2NDE-SPM,352.BE340,,2025-08-19,2,-8
2392,Vb-352.BE340-S3DE-SPM,352.BE340,,2025-08-19,-2,-9
2393,Vb-352.BE340-S3NDE-SPM,352.BE340,,2025-08-19,6,-6
2394,Vb-342.BE051-MDE-SPM,342.BE051,,2025-08-19,15,1
2395,Vb-342.BE051-MNDE-SPM,342.BE051,,2025-08-19,2,-18
2396,Vb-342.BE051-S1NDE-SPM,342.BE051,,2025-08-19,2,-5
2397,Vb-342.BE051-S2NDE-SPM,342.BE051,,2025-08-19,0,-9
2398,Vb-342.BE051-S3DE-SPM,342.BE051,,2025-08-19,-4,-10
2399,Vb-342.BE051-S3NDE-SPM,342.BE051,,2025-08-19,-2,-12
2400,Vb-352.BE341-MDE-SPM,352.BE341,,2025-08-19,11,-3
2401,Vb-352.BE341-MNDE-SPM,352.BE341,,2025-08-19,-3,-15
2402,Vb-352.BE341-S1NDE-SPM,352.BE341,,2025-08-19,3,-12
2403,Vb-352.BE341-S2NDE-SPM,352.BE341,,2025-08-19,7,-21
2404,Vb-352.BE341-S3DE-SPM,352.BE341,,2025-08-19,2,-10
2405,Vb-352.BE341-S3NDE-SPM,352.BE341,,2025-08-19,3,-11
2406,Vb-452.FN240-FDE-SPM,452.FN240,,2025-09-21,-5,-20
2407,Vb-452.FN240-FNDE-SPM,452.FN240,,2025-09-21,15,-5
2408,Vb-452.FN240-MDE-SPM,452.FN240,,2025-09-21,21,14
2409,Vb-452.FN240-MNDE-SPM,452.FN240,,2025-09-21,20,12
2410,Vb-452.WI112-MDE-SPM,452.WI112,,2025-09-21,3,-8
2411,Vb-452.WI112-MNDE-SPM,452.WI112,,2025-09-21,5,-20
2412,Vb-452.WI112-PDE-SPM,452.WI112,,2025-09-21,22,8
2413,Vb-452.WI112-PNDE-SPM,452.WI112,,2025-09-21,19,12
2414,Vb-452.WI111-MDE-SPM,452.WI111,,2025-10-06,14,8
2415,Vb-452.WI111-MNDE-SPM,452.WI111,,2025-10-06,-4,-13
2416,Vb-452.WI111-PDE-SPM,452.WI111,,2025-10-06,8,1
2417,Vb-452.WI111-PNDE-SPM,452.WI111,,2025-10-06,11,-5
2418,Vb-533.BE220-MDE-SPM,533.BE220,,2025-08-28,-1,-16
2419,Vb-533.BE220-MNDE-SPM,533.BE220,,2025-08-28,3,-21
2420,Vb-533.BE220-S1-SPM,533.BE220,,2025-08-28,3,-11
2421,Vb-533.BE220-S2-SPM,533.BE220,,2025-08-28,11,1
2422,Vb-533.BE220-S3-SPM,533.BE220,,2025-08-28,46,23
2423,Vb-534.BE220-MDE-SPM,534.BE220,,2025-08-28,11,-2
2424,Vb-534.BE220-MNDE-SPM,534.BE220,,2025-08-28,3,-15
2425,Vb-534.BE220-S1-SPM,534.BE220,,2025-08-28,3,-3
2426,Vb-534.BE220-S2-SPM,534.BE220,,2025-08-28,12,3
2427,Vb-534.BE220-S3-SPM,534.BE220,,2025-08-28,48,24
2428,Vb-533.MD140-MDE-SPM,533.MD140,,2025-09-18,12,5
2429,Vb-533.MD140-MNDE-SPM,533.MD140,,2025-10-01,28,6
2430,Vb-533.MD140-S1DE-SPM,533.MD140,,2025-09-18,2,-4
2431,Vb-533.MD140-S1NDE-SPM,533.MD140,,2025-09-18,25,-4
2432,Vb-533.MD140-S2DE-SPM,533.MD140,,2025-09-18,26,-30
2433,Vb-533.MD140-S2NDE-SPM,533.MD140,,2025-09-18,22,3
2434,Vb-533.MD140-S3DE-SPM,533.MD140,,2025-09-18,38,-2
2435,Vb-533.MD140-S3NDE-SPM,533.MD140,,2025-09-18,38,1
2436,Vb-533.MD140-S4DE-SPM,533.MD140,,2025-09-18,29,3
2437,Vb-533.MD140-S4NDE-SPM,533.MD140,,2025-09-18,30,0
2438,Vb-534.MD140-MDE-SPM,534.MD140,,2025-10-01,10,-2
2439,Vb-534.MD140-MNDE-SPM,534.MD140,,2025-10-01,11,4
2440,Vb-534.MD140-S1DE-SPM,534.MD140,,2025-10-01,15,-16
2441,Vb-534.MD140-S1NDE-SPM,534.MD140,,2025-10-01,7,-15
2442,Vb-534.MD140-S2DE-SPM,534.MD140,,2025-10-01,32,-10
2443,Vb-534.MD140-S2NDE-SPM,534.MD140,,2025-10-01,15,-8
2444,Vb-534.MD140-S3DE-SPM,534.MD140,,2025-10-01,29,-4
2445,Vb-534.MD140-S3NDE-SPM,534.MD140,,2025-10-01,30,-9
2446,Vb-534.MD140-S4DE-SPM,534.MD140,,2025-10-01,21,-4
2447,Vb-534.MD140-S4NDE-SPM,534.MD140,,2025-10-01,20,-6
2448,Vb-342.FN315-FDE-SPM,342.FN315,,2025-09-25,17,-1
2449,Vb-342.FN315-FNDE-SPM,342.FN315,,2025-09-25,27,7
2450,Vb-342.FN315-MDE-SPM,342.FN315,,2025-09-25,9,-7
2451,Vb-342.FN315-MNDE-SPM,342.FN315,,2025-09-25,11,-5
2452,Vb-442.CR400-CRDE-SPM,442.CR400,,2025-10-07,11,-12
2453,Vb-442.CR400-CRNDE-SPM,442.CR400,,2025-10-07,21,-7
2454,Vb-442.CR400-MDE-SPM,442.CR400,,2025-10-07,19,-3
2455,Vb-442.CR400-MNDE-SPM,442.CR400,,2025-10-07,4,-19
2456,Vb-462.MD140-MDE-SPM,462.MD140,,2025-09-25,9,-4
2457,Vb-462.MD140-MNDE-SPM,462.MD140,,2025-09-25,15,7
2458,Vb-462.MD140-PHSS-SPM,462.MD140,,2025-09-25,2,-20
2459,Vb-462.MD140-RGT-SPM,462.MD140,,2025-09-25,45,11
2460,Vb-462.FN125-FDE-SPM,462.FN125,,2025-09-25,13,-6
2461,Vb-462.FN125-FNDE-SPM,462.FN125,,2025-09-25,4,-5
2462,Vb-462.FN125-MDE-SPM,462.FN125,,2025-09-25,13,3
2463,Vb-462.FN125-MNDE-SPM,462.FN125,,2025-09-25,8,-5
2464,Vb-332.WI210-MDE-SPM,332.WI210,,2025-10-06,7,-4
2465,Vb-332.WI210-MNDE-SPM,332.WI210,,2025-10-06,-4,-16
2466,Vb-332.WI210-PDE-SPM,332.WI210,,2025-10-06,12,6
2467,Vb-332.WI210-PNDE-SPM,332.WI210,,2025-10-06,24,15
2468,Vb-332.WI211-MDE-SPM,332.WI211,,2025-10-06,17,-2
2469,Vb-332.WI211-MNDE-SPM,332.WI211,,2025-10-06,6,-20
2470,Vb-332.WI211-PDE-SPM,332.WI211,,2025-10-06,41,28
2471,Vb-332.WI211-PNDE-SPM,332.WI211,,2025-10-06,25,12
2472,Vb-442.FN300-FDE-SPM,442.FN300,,2025-10-05,33,25
2473,Vb-442.FN300-FNDE-SPM,442.FN300,,2025-10-05,33,11
2474,Vb-442.FN300-MDE-SPM,442.FN300,,2025-10-05,17,9
2475,Vb-442.FN300-MNDE-SPM,442.FN300,,2025-10-05,21,12
2476,Vb-442.FN305-FDE-SPM,442.FN305,,2025-10-05,30,10
2477,Vb-442.FN305-FNDE-SPM,442.FN305,,2025-10-05,35,22
2478,Vb-442.FN305-MDE-SPM,442.FN305,,2025-10-05,20,13
2479,Vb-442.FN305-MNDE-SPM,442.FN305,,2025-10-05,20,13
2480,Vb-442.FN310-FDE-SPM,442.FN310,,2025-10-05,25,16
2481,Vb-442.FN310-FNDE-SPM,442.FN310,,2025-10-05,23,8
2482,Vb-442.FN310-MDE-SPM,442.FN310,,2025-10-05,19,10
2483,Vb-442.FN310-MNDE-SPM,442.FN310,,2025-10-05,19,11
2484,Vb-442.FN315-FDE-SPM,442.FN315,,2025-10-05,31,21
2485,Vb-442.FN315-FNDE-SPM,442.FN315,,2025-10-05,12,2
2486,Vb-442.FN315-MDE-SPM,442.FN315,,2025-10-05,24,10
2487,Vb-442.FN315-MNDE-SPM,442.FN315,,2025-10-05,16,10
2488,Vb-442.FN325-FDE-SPM,442.FN325,,2025-10-05,33,26
2489,Vb-442.FN325-FNDE-SPM,442.FN325,,2025-10-05,29,21
2490,Vb-442.FN325-MDE-SPM,442.FN325,,2025-10-05,19,11
2491,Vb-442.FN325-MNDE-SPM,442.FN325,,2025-10-05,18,11
2492,Vb-442.FN335-FDE-SPM,442.FN335,,2025-10-05,16,7
2493,Vb-442.FN335-FNDE-SPM,442.FN335,,2025-10-05,9,-1
2494,Vb-442.FN335-MDE-SPM,442.FN335,,2025-10-05,24,10
2495,Vb-442.FN335-MNDE-SPM,442.FN335,,2025-10-05,21,14
2496,Vb-442.FN340-FDE-SPM,442.FN340,,2025-10-05,7,1
2497,Vb-442.FN340-FNDE-SPM,442.FN340,,2025-10-05,10,3
2498,Vb-442.FN340-MDE-SPM,442.FN340,,2025-10-01,24,5
2499,Vb-442.FN340-MNDE-SPM,442.FN340,,2025-10-01,17,10
2500,Vb-442.FN345-FDE-SPM,442.FN345,,2025-10-05,14,4
2501,Vb-442.FN345-FNDE-SPM,442.FN345,,2025-10-05,16,5
2502,Vb-442.FN345-MDE-SPM,442.FN345,,2025-10-05,19,8
2503,Vb-442.FN345-MNDE-SPM,442.FN345,,2025-10-05,20,12
2504,Vb-442.FN350-FDE-SPM,442.FN350,,2025-10-05,18,11
2505,Vb-442.FN350-FNDE-SPM,442.FN350,,2025-10-05,6,-1
2506,Vb-442.FN350-MDE-SPM,442.FN350,,2025-10-05,25,13
2507,Vb-442.FN350-MNDE-SPM,442.FN350,,2025-10-05,22,13
2508,Vb-462.CP525-CDE-SPM-5,462.CP525,,2025-09-25,26,3
2509,Vb-462.CP525-CDE-SPM-7,462.CP525,,2025-09-25,27,7
2510,Vb-462.CP525-CNDE-SPM-1,462.CP525,,2025-09-25,21,13
2511,Vb-462.CP525-MDE-SPM-A,462.CP525,,2025-09-25,24,0
2512,Vb-462.CP525-MNDE-SPM-B,462.CP525,,2025-09-25,20,6
2513,Vb-743.CP110-CDE-SPM-5,743.CP110,,2025-09-07,24,15
2514,Vb-743.CP110-CDE-SPM-7,743.CP110,,2025-09-07,19,13
2515,Vb-743.CP110-CNDE-SPM-1,743.CP110,,2025-09-07,18,11
2516,Vb-743.CP110-MDE-SPM-A,743.CP110,,2025-09-07,7,-9
2517,Vb-743.CP110-MNDE-SPM-B,743.CP110,,2025-09-07,8,-10
2518,Vb-744.CP110-CDE-SPM-5,744.CP110,,2025-09-15,31,13
2519,Vb-744.CP110-CDE-SPM-7,744.CP110,,2025-09-15,33,13
2520,Vb-744.CP110-CNDE-SPM-1,744.CP110,,2025-09-15,33,16
2521,Vb-744.CP110-MDE-SPM-A,744.CP110,,2025-09-15,15,-1
2522,Vb-744.CP110-MNDE-SPM-B,744.CP110,,2025-09-15,17,-8
2523,Vb-743.CP111-CDE-SPM-5,743.CP111,,2025-09-07,27,19
2524,Vb-743.CP111-CDE-SPM-7,743.CP111,,2025-09-07,30,23
2525,Vb-743.CP111-CNDE-SPM-1,743.CP111,,2025-09-07,37,29
2526,Vb-743.CP111-MDE-SPM-A,743.CP111,,2025-09-07,15,6
2527,Vb-743.CP111-MNDE-SPM-B,743.CP111,,2025-09-07,5,-4
2528,Vb-744.CP111-CDE-SPM-5,744.CP111,,2025-08-05,23,17
2529,Vb-744.CP111-CDE-SPM-7,744.CP111,,2025-08-05,18,10
2530,Vb-744.CP111-CNDE-SPM-1,744.CP111,,2025-08-05,25,17
2531,Vb-744.CP111-MDE-SPM-A,744.CP111,,2025-08-05,18,11
2532,Vb-744.CP111-MNDE-SPM-B,744.CP111,,2025-08-05,11,5
2533,Vb-743.CP112-CDE-SPM-5,743.CP112,,2025-09-07,22,8
2534,Vb-743.CP112-CDE-SPM-7,743.CP112,,2025-09-07,15,8
2535,Vb-743.CP112-CNDE-SPM-1,743.CP112,,2025-09-07,23,6
2536,Vb-743.CP112-MDE-SPM-A,743.CP112,,2025-09-07,7,-10
2537,Vb-743.CP112-MNDE-SPM-B,743.CP112,,2025-09-07,7,-9
2538,Vb-744.CP112-CDE-SPM-5,744.CP112,,2025-09-15,24,10
2539,Vb-744.CP112-CDE-SPM-7,744.CP112,,2025-09-15,29,20
2540,Vb-744.CP112-CNDE-SPM-1,744.CP112,,2025-09-15,37,25
2541,Vb-744.CP112-MDE-SPM-A,744.CP112,,2025-09-15,17,5
2542,Vb-744.CP112-MNDE-SPM-B,744.CP112,,2025-09-15,18,-2
2543,Vb-743.CP113-CDE-SPM-5,743.CP113,,2025-09-07,25,13
2544,Vb-743.CP113-CDE-SPM-7,743.CP113,,2025-09-07,21,12
2545,Vb-743.CP113-CNDE-SPM-1,743.CP113,,2025-09-07,16,6
2546,Vb-743.CP113-MDE-SPM-A,743.CP113,,2025-09-07,6,-4
2547,Vb-743.CP113-MNDE-SPM-B,743.CP113,,2025-09-07,8,-10
2548,,744.CP113,Compressor DE,2025-09-15,26,16
2549,,744.CP113,Compressor DE,2025-09-15,27,19
2550,,744.CP113,Compressor NDE,2025-09-15,42,27
2551,,744.CP113,Motor DE,2025-09-15,12,-1
2552,,744.CP113,Motor NDE,2025-09-15,9,-1
2553,Vb-332.CP281-CDE-SPM-5,332.CP281,,2025-09-07,14,6
2554,Vb-332.CP281-CDE-SPM-7,332.CP281,,2025-09-07,-3,-10
2555,Vb-332.CP281-CNDE-SPM-1,332.CP281,,2025-09-07,2,-5
2556,Vb-332.CP281-MDE-SPM-A,332.CP281,,2025-09-07,12,5
2557,Vb-332.CP281-MNDE-SPM-B,332.CP281,,2025-09-07,9,-2
2558,Vb-332.CP282-CDE-SPM-5,332.CP282,,2025-09-07,25,15
2559,Vb-332.CP282-CDE-SPM-7,332.CP282,,2025-09-07,20,5
2560,Vb-332.CP282-CNDE-SPM-1,332.CP282,,2025-09-07,20,9
2561,Vb-332.CP282-MDE-SPM-A,332.CP282,,2025-09-07,19,1
2562,Vb-332.CP282-MNDE-SPM-B,332.CP282,,2025-09-07,12,-13
2563,Vb-462.CP530-CDE-SPM-5,462.CP530,,2025-09-25,26,20
2564,Vb-462.CP530-CDE-SPM-7,462.CP530,,2025-09-25,15,10
2565,Vb-462.CP530-CNDE-SPM-1,462.CP530,,2025-09-25,22,16
2566,Vb-462.CP530-MDE-SPM-A,462.CP530,,2025-09-25,11,6
2567,Vb-462.CP530-MNDE-SPM-B,462.CP530,,2025-09-25,31,-3
2568,Vb-332.FN400-FDE-SPM,332.FN400,,2025-09-21,2,-12
2569,Vb-332.FN400-FNDE-SPM,332.FN400,,2025-09-21,8,-4
2570,Vb-332.FN400-MDE-SPM,332.FN400,,2025-09-21,7,-5
2571,Vb-332.FN400-MNDE-SPM,332.FN400,,2025-09-21,10,-6
2572,Vb-442.FN590-FDE-SPM,442.FN590,,2025-10-07,22,-13
2573,Vb-442.FN590-FNDE-SPM,442.FN590,,2025-10-07,34,-15
2574,Vb-442.FN590-MDE-SPM,442.FN590,,2025-10-07,16,9
2575,Vb-442.FN590-MNDE-SPM,442.FN590,,2025-10-07,17,8
2576,Vb-442.FN590-S1DE-SPM,442.FN590,,2025-10-07,12,5
2577,Vb-442.FN590-S1NDE-SPM,442.FN590,,2025-10-07,12,5
2578,Vb-442.FN590-S2DE-SPM,442.FN590,,2025-10-07,17,10
2579,Vb-442.FN590-S2NDE-SPM,442.FN590,,2025-10-07,33,14
2580,Vb-462.PP515-MDE-SPM,462.PP515,,2025-07-28,7,-14
2581,Vb-462.PP515-MNDE-SPM,462.PP515,,2025-07-28,-4,-17
2582,Vb-462.PP515-PDE-SPM,462.PP515,,2025-07-28,6,-4
2583,Vb-462.PP515-PNDE-SPM,462.PP515,,2025-07-28,3,-16
2584,Vb-462.PP545-MDE-SPM,462.PP545,,2025-09-25,-2,-9
2585,Vb-462.PP545-MNDE-SPM,462.PP545,,2025-09-25,-1,-18
2586,Vb-462.PP545-PDE-SPM,462.PP545,,2025-09-25,12,-9
2587,Vb-462.PP545-PNDE-SPM,462.PP545,,2025-09-25,-1,-7
2588,Vb-213.HC100-CRDE-SPM,213.HC100,,2025-08-25,27,-5
2589,Vb-213.HC100-CRNDE-SPM,213.HC100,,2025-08-25,17,-1
2590,Vb-213.HC100-MDE-SPM,213.HC100,,2025-08-25,10,-1
2591,Vb-213.HC100-MNDE-SPM,213.HC100,,2025-08-25,-2,-14
2592,Vb-332.FN110-FDE-SPM,332.FN110,,2025-10-05,9,-8
2593,Vb-332.FN110-FNDE-SPM,332.FN110,,2025-10-05,15,-2
2594,Vb-332.FN110-MDE-SPM,332.FN110,,2025-10-05,8,-2
2595,Vb-332.FN110-MNDE-SPM,332.FN110,,2025-10-05,5,-3
2596,Vb-432.MD140-MDE-SPM,432.MD140,,2025-09-25,5,-3
2597,Vb-432.MD140-MNDE-SPM,432.MD140,,2025-09-25,8,-2
2598,Vb-432.MD140-S1DE-SPM,432.MD140,,2025-09-25,7,-22
2599,Vb-432.MD140-S1NDE-SPM,432.MD140,,2025-09-25,7,-21
2600,Vb-432.MD140-S2DE-SPM,432.MD140,,2025-09-25,16,-15
2601,Vb-432.MD140-S2NDE-SPM,432.MD140,,2025-09-25,24,-17
2602,Vb-432.MD140-S3DE-SPM,432.MD140,,2025-09-25,21,-10
2603,Vb-432.MD140-S3NDE-SPM,432.MD140,,2025-09-25,29,-14
2604,Vb-432.MD140-S4DE-SPM,432.MD140,,2025-09-25,20,-17
2605,Vb-432.MD140-S4NDE-SPM,432.MD140,,2025-09-25,27,-17
2606,Vb-432.MD160-MDE-SPM,432.MD160,,2025-09-25,22,-4
2607,Vb-432.MD160-MNDE-SPM,432.MD160,,2025-09-25,9,-1
2608,Vb-432.MD160-S1DE-SPM,432.MD160,,2025-09-25,26,-22
2609,Vb-432.MD160-S1NDE-SPM,432.MD160,,2025-09-25,29,-19
2610,Vb-432.MD160-S2DE-SPM,432.MD160,,2025-09-25,19,-14
2611,Vb-432.MD160-S2NDE-SPM,432.MD160,,2025-09-25,21,-17
2612,Vb-432.MD160-S3DE-SPM,432.MD160,,2025-09-25,24,-10
2613,Vb-432.MD160-S3NDE-SPM,432.MD160,,2025-09-25,47,-12
2614,Vb-432.MD160-S4DE-SPM,432.MD160,,2025-09-25,16,-16
2615,Vb-432.MD160-S4NDE-SPM,432.MD160,,2025-09-25,26,-17
2616,Vb-432.FN171-FDE-SPM,432.FN171,,2025-09-25,1,-7
2617,Vb-432.FN171-FNDE-SPM,432.FN171,,2025-09-25,15,4
2618,Vb-432.FN171-MDE-SPM,432.FN171,,2025-09-25,1,-14
2619,Vb-432.FN171-MNDE-SPM,432.FN171,,2025-09-25,-12,-21
2620,Vb-432.FN176-FDE-SPM,432.FN176,,2025-10-05,12,-1
2621,Vb-432.FN176-FNDE-SPM,432.FN176,,2025-10-05,13,6
2622,Vb-432.FN176-MDE-SPM,432.FN176,,2025-10-05,4,-7
2623,Vb-432.FN176-MNDE-SPM,432.FN176,,2025-10-05,9,-18
2624,Vb-462.FN400-FDE-SPM,462.FN400,,2025-09-25,10,4
2625,Vb-462.FN400-FNDE-SPM,462.FN400,,2025-09-25,20,13
2626,Vb-462.FN400-MDE-SPM,462.FN400,,2025-09-25,-10,-22
2627,Vb-462.FN400-MNDE-SPM,462.FN400,,2025-09-25,-19,-27
2628,Vb-432.FN560-MDE-SPM,432.FN560,,2025-09-25,9,3
2629,Vb-432.FN560-MNDE-SPM,432.FN560,,2025-09-25,7,0
2630,Vb-452.FN010-FDE-SPM,452.FN010,,2025-09-21,5,-3
2631,Vb-452.FN010-FNDE-SPM,452.FN010,,2025-09-21,-4,-14
2632,Vb-452.FN010-MDE-SPM,452.FN010,,2025-09-21,1,-18
2633,Vb-452.FN010-MNDE-SPM,452.FN010,,2025-09-21,9,-19
2634,Vb-322.MD140-MDE-SPM,322.MD140,,2025-09-21,9,-11
2635,Vb-322.MD140-MNDE-SPM,322.MD140,,2025-09-21,10,3
2636,Vb-322.FN400-FDE-SPM,322.FN400,,2025-09-21,7,-1
2637,Vb-322.FN400-FNDE-SPM,322.FN400,,2025-09-21,7,-11
2638,Vb-322.FN400-MDE-SPM,322.FN400,,2025-09-21,17,9
2639,Vb-322.FN400-MNDE-SPM,322.FN400,,2025-09-21,-8,-16
2640,Vb-322.FN125-FDE-SPM,322.FN125,,2025-09-21,26,11
2641,Vb-322.FN125-FNDE-SPM,322.FN125,,2025-09-21,14,-35
2642,Vb-322.FN125-MDE-SPM,322.FN125,,2025-09-21,10,-1
2643,Vb-322.FN125-MNDE-SPM,322.FN125,,2025-09-21,9,-6
2644,,533.MD302,Motor DE,2025-08-28,5,-4
2645,,533.MD302,Motor NDE,2025-08-28,10,0
2646,,533.MD302,Shaft 1 inboard DE,2025-08-28,11,3
2647,,533.MD302,Shaft 1 Outboard NDE,2025-08-28,13,2
2648,,533.MD302,Shaft 2 inboard DE,2025-08-28,34,11
2649,,533.MD302,Shaft 2 outboard NDE,2025-08-28,22,13
2650,,534.MD302,Motor DE,2025-08-28,6,-3
2651,,534.MD302,Motor NDE,2025-08-28,12,-35
2652,,534.MD302,Shaft 1 inboard DE,2025-08-28,2,-5
2653,,534.MD302,Shaft 1 Outboard NDE,2025-08-28,2,-8
2654,,534.MD302,Shaft 2 inboard DE,2025-08-28,28,2
2655,,534.MD302,Shaft 2 outboard NDE,2025-08-28,24,3
2656,Vb-533.FN350-FDE-SPM,533.FN350,,2025-10-01,13,6
2657,Vb-533.FN350-FNDE-SPM,533.FN350,,2025-10-01,32,12
2658,Vb-533.FN350-MDE-SPM,533.FN350,,2025-10-01,9,-15
2659,Vb-533.FN350-MNDE-SPM,533.FN350,,2025-10-01,6,-21
2660,Vb-534.FN350-FDE-SPM,534.FN350,,2025-10-01,40,11
2661,Vb-534.FN350-FNDE-SPM,534.FN350,,2025-10-01,20,-3
2662,Vb-534.FN350-MDE-SPM,534.FN350,,2025-10-01,23,6
2663,Vb-534.FN350-MNDE-SPM,534.FN350,,2025-10-01,16,0
2664,Vb-533.FN530-FDE-SPM,533.FN530,,2025-09-18,23,5
2665,Vb-533.FN530-FNDE-SPM,533.FN530,,2025-09-18,28,19
2666,Vb-533.FN530-MDE-SPM,533.FN530,,2025-09-18,1,-10
2667,Vb-533.FN530-MNDE-SPM,533.FN530,,2025-09-18,2,-16
2668,Vb-534.FN530-FDE-SPM,534.FN530,,2025-09-29,6,-1
2669,Vb-534.FN530-FNDE-SPM,534.FN530,,2025-09-29,7,-8
2670,Vb-534.FN530-MDE-SPM,534.FN530,,2025-09-29,19,-9
2671,Vb-534.FN530-MNDE-SPM,534.FN530,,2025-09-29,6,-15
2672,Vb-351.BL110-BLDE-SPM,351.BL110,,2026-02-17,24,8
2673,Vb-351.BL110-BLNDE-SPM,351.BL110,,2026-02-17,26,15
2674,Vb-351.BL110-MDE-SPM,351.BL110,,2026-02-17,-1,-7
2675,Vb-351.BL110-MNDE-SPM,351.BL110,,2026-02-17,-2,-10
2676,Vb-341.BL300-BLDE-SPM,341.BL300,,2026-02-17,17,1
2677,Vb-341.BL300-BLNDE-SPM,341.BL300,,2026-02-17,12,-4
2678,Vb-341.BL300-MDE-SPM,341.BL300,,2026-02-17,26,19
2679,Vb-341.BL300-MNDE-SPM,341.BL300,,2026-02-17,21,14
2680,Vb-341.BL305-BLDE-SPM,341.BL305,,2026-02-17,1,-7
2681,Vb-341.BL305-BLNDE-SPM,341.BL305,,2026-02-17,9,-5
2682,Vb-341.BL305-MDE-SPM,341.BL305,,2026-02-17,21,13
2683,Vb-341.BL305-MNDE-SPM,341.BL305,,2026-02-17,3,-3
2684,Vb-341.BL310-BLDE-SPM,341.BL310,,2026-02-17,17,-2
2685,Vb-341.BL310-BLNDE-SPM,341.BL310,,2026-02-17,16,-4
2686,Vb-341.BL310-MDE-SPM,341.BL310,,2026-02-17,24,13
2687,Vb-341.BL310-MNDE-SPM,341.BL310,,2026-02-17,19,10
2688,Vb-465.BL580-BLDE-SPM,465.BL580,,2026-02-17,13,-7
2689,Vb-465.BL580-BLNDE-SPM,465.BL580,,2026-02-17,22,6
2690,Vb-465.BL580-MDE-SPM,465.BL580,,2026-02-17,-17,-22
2691,Vb-465.BL580-MNDE-SPM,465.BL580,,2026-02-17,-10,-24
2692,Vb-465.BL630-BLDE-SPM,465.BL630,,2026-02-17,6,-15
2693,Vb-465.BL630-BLNDE-SPM,465.BL630,,2026-02-17,16,-1
2694,Vb-465.BL630-MDE-SPM,465.BL630,,2026-02-17,-8,-20
2695,Vb-465.BL630-MNDE-SPM,465.BL630,,2026-02-17,-6,-25
2696,Vb-465.BL635-BLDE-SPM,465.BL635,,2026-01-14,10,-8
2697,Vb-465.BL635-BLNDE-SPM,465.BL635,,2026-01-14,4,-6
2698,Vb-465.BL635-MDE-SPM,465.BL635,,2026-01-14,9,-11
2699,Vb-465.BL635-MNDE-SPM,465.BL635,,2026-01-14,-12,-19
2700,Vb-461.FN450-FDE-SPM,461.FN450,,2026-02-14,2,-25
2701,Vb-461.FN450-FNDE-SPM,461.FN450,,2026-02-14,6,-22
2702,Vb-461.FN450-MDE-SPM,461.FN450,,2026-02-14,15,7
2703,Vb-461.FN450-MNDE-SPM,461.FN450,,2026-02-14,11,1
2704,Vb-341.BE040-MDE-SPM,341.BE040,,2026-02-17,-3,-11
2705,Vb-341.BE040-MNDE-SPM,341.BE040,,2026-02-17,-6,-20
2706,Vb-341.BE040-S1NDE-SPM,341.BE040,,2026-02-17,-8,-17
2707,Vb-341.BE040-S2NDE-SPM,341.BE040,,2026-02-17,-1,-17
2708,Vb-341.BE040-S3DE-SPM,341.BE040,,2026-02-17,5,-20
2709,Vb-341.BE040-S3NDE-SPM,341.BE040,,2026-02-17,23,-16
2710,Vb-351.BE340-MDE-SPM,351.BE340,,2026-02-17,-1,-12
2711,Vb-351.BE340-MNDE-SPM,351.BE340,,2026-02-17,-5,-20
2712,Vb-351.BE340-S1NDE-SPM,351.BE340,,2026-02-17,-3,-11
2713,Vb-351.BE340-S2NDE-SPM,351.BE340,,2026-02-17,6,-1
2714,Vb-351.BE340-S3DE-SPM,351.BE340,,2026-02-17,39,15
2715,Vb-351.BE340-S3NDE-SPM,351.BE340,,2026-02-17,53,-2
2716,Vb-342.BE041-MDE-SPM,342.BE041,,2026-02-17,8,-4
2717,Vb-342.BE041-MNDE-SPM,342.BE041,,2026-02-17,1,-6
2718,Vb-342.BE041-S1NDE-SPM,342.BE041,,2026-02-17,-4,-28
2719,Vb-342.BE041-S2NDE-SPM,342.BE041,,2026-02-17,2,-26
2720,Vb-342.BE041-S3DE-SPM,342.BE041,,2026-02-17,23,-23
2721,Vb-342.BE041-S3NDE-SPM,342.BE041,,2026-02-17,5,-26
2722,Vb-351.BE341-MDE-SPM,351.BE341,,2026-02-17,-2,-10
2723,Vb-351.BE341-MNDE-SPM,351.BE341,,2026-02-17,-2,-18
2724,Vb-351.BE341-S1NDE-SPM,351.BE341,,2026-02-17,2,-20
2725,Vb-351.BE341-S2NDE-SPM,351.BE341,,2026-02-17,15,-11
2726,Vb-351.BE341-S3DE-SPM,351.BE341,,2026-02-17,45,18
2727,Vb-351.BE341-S3NDE-SPM,351.BE341,,2026-02-17,47,19
2728,Vb-451.FN240-FDE-SPM,451.FN240,,2026-02-17,15,-9
2729,Vb-451.FN240-FNDE-SPM,451.FN240,,2026-02-17,-4,-13
2730,Vb-451.FN240-MDE-SPM,451.FN240,,2026-02-17,18,9
2731,Vb-451.FN240-MNDE-SPM,451.FN240,,2026-02-17,25,16
2732,Vb-451.WI210-MDE-SPM,451.WI210,,2026-01-14,-2,-14
2733,Vb-451.WI210-PDE-SPM,451.WI210,,2026-01-14,11,6
2734,Vb-451.WI210-PNDE-SPM,451.WI210,,2026-01-14,5,-3
2735,Vb-451.WI111-MDE-SPM,451.WI111,,2026-07-02,8,-9
2736,Vb-451.WI111-MNDE-SPM,451.WI111,,2026-07-02,2,-11
2737,Vb-451.WI111-PDE-SPM,451.WI111,,2026-07-02,31,22
2738,Vb-451.WI111-PNDE-SPM,451.WI111,,2026-07-02,31,18
2739,Vb-341.FN315-FDE-SPM,341.FN315,,2026-01-21,37,21
2740,Vb-341.FN315-FNDE-SPM,341.FN315,,2026-01-21,51,31
2741,Vb-341.FN315-MDE-SPM,341.FN315,,2026-01-21,71,27
2742,Vb-341.FN315-MNDE-SPM,341.FN315,,2026-01-21,51,19
2743,Vb-341.FN316-FDE-SPM,341.FN316,,2026-02-17,33,27
2744,Vb-341.FN316-FNDE-SPM,341.FN316,,2026-02-17,16,-2
2745,Vb-341.FN316-MDE-SPM,341.FN316,,2026-02-17,19,10
2746,Vb-341.FN316-MNDE-SPM,341.FN316,,2026-02-17,1,-9
2747,Vb-441.CR400-CRDE-SPM,441.CR400,,2026-07-02,24,-13
2748,Vb-441.CR400-CRNDE-SPM,441.CR400,,2026-07-02,15,-6
2749,Vb-441.CR400-MDE-SPM,441.CR400,,2026-07-02,23,2
2750,Vb-441.CR400-MNDE-SPM,441.CR400,,2026-07-02,4,-19
2751,Vb-461.MD140-MDE-SPM,461.MD140,,2026-02-15,19,0
2752,Vb-461.MD140-MNDE-SPM,461.MD140,,2026-02-14,12,2
2753,Vb-461.MD140-PHSS-SPM,461.MD140,,2026-02-15,23,-22
2754,Vb-461.MD140-RGT-SPM,461.MD140,,2026-02-14,4,-19
2755,Vb-461.FN125-FDE-SPM,461.FN125,,2026-02-14,34,21
2756,Vb-461.FN125-FNDE-SPM,461.FN125,,2026-02-14,28,16
2757,Vb-461.FN125-MDE-SPM,461.FN125,,2026-02-14,1,-10
2758,Vb-461.FN125-MNDE-SPM,461.FN125,,2026-02-14,1,-5
2759,Vb-331.WI211-MDE-SPM,331.WI211,,2026-02-17,-3,-18
2760,Vb-331.WI211-MNDE-SPM,331.WI211,,2026-02-17,-1,-8
2761,Vb-331.WI211-PDE-SPM,331.WI211,,2026-02-17,18,11
2762,Vb-331.WI211-PNDE-SPM,331.WI211,,2026-02-17,20,14
2763,Vb-441.FN300-FDE-SPM,441.FN300,,2026-02-14,23,15
2764,Vb-441.FN300-FNDE-SPM,441.FN300,,2026-02-14,18,8
2765,Vb-441.FN300-MDE-SPM,441.FN300,,2026-02-14,19,12
2766,Vb-441.FN300-MNDE-SPM,441.FN300,,2026-02-14,14,6
2767,Vb-441.FN305-FDE-SPM,441.FN305,,2026-02-14,23,16
2768,Vb-441.FN305-FNDE-SPM,441.FN305,,2026-02-14,18,7
2769,Vb-441.FN305-MDE-SPM,441.FN305,,2026-02-14,22,6
2770,Vb-441.FN305-MNDE-SPM,441.FN305,,2026-02-14,10,-4
2771,Vb-441.FN310-FDE-SPM,441.FN310,,2026-02-14,28,21
2772,Vb-441.FN310-FNDE-SPM,441.FN310,,2026-02-14,25,16
2773,Vb-441.FN310-MDE-SPM,441.FN310,,2026-02-14,23,11
2774,Vb-441.FN310-MNDE-SPM,441.FN310,,2026-02-14,17,6
2775,Vb-441.FN315-FDE-SPM,441.FN315,,2026-02-14,29,21
2776,Vb-441.FN315-FNDE-SPM,441.FN315,,2026-02-14,21,13
2777,Vb-441.FN315-MDE-SPM,441.FN315,,2026-02-14,18,9
2778,Vb-441.FN315-MNDE-SPM,441.FN315,,2026-02-14,8,-1
2779,Vb-441.FN325-FDE-SPM,441.FN325,,2026-02-14,25,18
2780,Vb-441.FN325-FNDE-SPM,441.FN325,,2026-02-14,24,4
2781,Vb-441.FN325-MDE-SPM,441.FN325,,2026-02-14,17,8
2782,Vb-441.FN325-MNDE-SPM,441.FN325,,2026-02-14,16,5
2783,Vb-441.FN335-FDE-SPM,441.FN335,,2026-02-14,16,-5
2784,Vb-441.FN335-FNDE-SPM,441.FN335,,2026-02-14,11,3
2785,Vb-441.FN335-MDE-SPM,441.FN335,,2026-02-14,10,4
2786,Vb-441.FN335-MNDE-SPM,441.FN335,,2026-02-14,16,8
2787,Vb-441.FN340-FDE-SPM,441.FN340,,2026-02-14,2,-8
2788,Vb-441.FN340-FNDE-SPM,441.FN340,,2026-02-14,9,-3
2789,Vb-441.FN340-MDE-SPM,441.FN340,,2026-02-14,20,14
2790,Vb-441.FN340-MNDE-SPM,441.FN340,,2026-02-14,11,2
2791,Vb-441.FN345-FDE-SPM,441.FN345,,2026-02-14,25,15
2792,Vb-441.FN345-FNDE-SPM,441.FN345,,2026-02-14,23,11
2793,Vb-441.FN345-MDE-SPM,441.FN345,,2026-02-14,25,10
2794,Vb-441.FN345-MNDE-SPM,441.FN345,,2026-02-14,20,9
2795,Vb-441.FN350-FDE-SPM,441.FN350,,2026-02-14,14,7
2796,Vb-441.FN350-FNDE-SPM,441.FN350,,2026-02-14,9,0
2797,Vb-441.FN350-MDE-SPM,441.FN350,,2026-02-14,30,6
2798,Vb-441.FN350-MNDE-SPM,441.FN350,,2026-02-14,16,6
2799,Vb-741.CP110-CDE-SPM-5,741.CP110,,2026-02-15,14,4
2800,Vb-741.CP110-CDE-SPM-7,741.CP110,,2026-02-15,13,6
2801,Vb-741.CP110-CNDE-SPM-1,741.CP110,,2026-02-15,19,11
2802,Vb-741.CP110-MDE-SPM-A,741.CP110,,2026-02-15,27,9
2803,Vb-741.CP110-MNDE-SPM-B,741.CP110,,2026-02-15,34,6
2804,Vb-741.CP111-CDE-SPM-5,741.CP111,,2026-02-15,20,2
2805,Vb-741.CP111-CDE-SPM-7,741.CP111,,2026-02-15,25,4
2806,Vb-741.CP111-CNDE-SPM-1,741.CP111,,2026-02-15,16,6
2807,Vb-741.CP111-MDE-SPM-A,741.CP111,,2026-02-15,30,4
2808,Vb-741.CP111-MNDE-SPM-B,741.CP111,,2026-02-15,25,4
2809,Vb-742.CP111-CDE-SPM-5,742.CP111,,2026-04-01,31,24
2810,Vb-742.CP111-CDE-SPM-7,742.CP111,,2026-04-01,27,21
2811,Vb-742.CP111-CNDE-SPM-1,742.CP111,,2026-04-01,27,20
2812,Vb-742.CP111-MDE-SPM-A,742.CP111,,2026-04-01,6,-1
2813,Vb-742.CP111-MNDE-SPM-B,742.CP111,,2026-04-01,14,-12
2814,Vb-741.CP112-CDE-SPM-5,741.CP112,,2026-02-15,21,9
2815,Vb-741.CP112-CDE-SPM-7,741.CP112,,2026-02-15,19,9
2816,Vb-741.CP112-CNDE-SPM-1,741.CP112,,2026-02-15,20,11
2817,Vb-741.CP112-MDE-SPM-A,741.CP112,,2026-02-15,19,7
2818,Vb-741.CP112-MNDE-SPM-B,741.CP112,,2026-02-15,25,0
2819,Vb-742.CP112-CDE-SPM-5,742.CP112,,2026-04-01,17,10
2820,Vb-742.CP112-CDE-SPM-7,742.CP112,,2026-04-01,24,15
2821,Vb-742.CP112-CNDE-SPM-1,742.CP112,,2026-04-01,40,32
2822,Vb-742.CP112-MDE-SPM-A,742.CP112,,2026-04-01,12,3
2823,Vb-742.CP112-MNDE-SPM-B,742.CP112,,2026-04-01,28,9
2824,Vb-741.CP113-CDE-SPM-5,741.CP113,,2026-02-15,14,9
2825,Vb-741.CP113-CDE-SPM-7,741.CP113,,2026-02-15,13,3
2826,Vb-741.CP113-CNDE-SPM-1,741.CP113,,2026-02-15,14,7
2827,Vb-741.CP113-MDE-SPM-A,741.CP113,,2026-02-15,23,1
2828,Vb-741.CP113-MNDE-SPM-B,741.CP113,,2026-02-15,27,11
2829,Vb-742.CP113-CDE-SPM-5,742.CP113,,2026-04-01,11,3
2830,Vb-742.CP113-CDE-SPM-7,742.CP113,,2026-04-01,8,2
2831,Vb-742.CP113-CNDE-SPM-1,742.CP113,,2026-04-01,10,3
2832,Vb-742.CP113-MDE-SPM-A,742.CP113,,2026-04-01,8,-16
2833,Vb-742.CP113-MNDE-SPM-B,742.CP113,,2026-04-01,2,-16
2834,Vb-331.CP280-CDE-SPM-5,331.CP280,,2026-02-15,28,9
2835,Vb-331.CP280-CDE-SPM-7,331.CP280,,2026-02-15,21,12
2836,Vb-331.CP280-CNDE-SPM-1,331.CP280,,2026-02-15,20,14
2837,Vb-331.CP280-MDE-SPM-A,331.CP280,,2026-02-15,21,8
2838,Vb-331.CP280-MNDE-SPM-B,331.CP280,,2026-02-15,27,6
2839,Vb-331.CP281-CDE-SPM-5,331.CP281,,2026-02-15,20,11
2840,Vb-331.CP281-CDE-SPM-7,331.CP281,,2026-02-15,25,8
2841,Vb-331.CP281-CNDE-SPM-1,331.CP281,,2026-02-15,20,9
2842,Vb-331.CP281-MDE-SPM-A,331.CP281,,2026-02-15,32,1
2843,Vb-331.CP281-MNDE-SPM-B,331.CP281,,2026-02-15,33,3
2844,Vb-461.CP524-CDE-SPM-5,461.CP524,,2026-01-21,19,0
2845,Vb-461.CP524-CDE-SPM-7,461.CP524,,2026-01-21,13,2
2846,Vb-461.CP524-CNDE-SPM-1,461.CP524,,2026-01-21,11,4
2847,Vb-461.CP524-MDE-SPM-A,461.CP524,,2026-01-21,25,14
2848,Vb-461.CP524-MNDE-SPM-B,461.CP524,,2026-01-21,15,8
2849,,461.CP525,Compressor DE,2026-02-14,16,-1
2850,,461.CP525,Compressor DE,2026-02-14,18,6
2851,,461.CP525,Compressor NDE,2026-02-14,28,16
2852,,461.CP525,Motor DE,2026-02-14,26,10
2853,,461.CP525,Motor NDE,2026-02-14,13,0
2854,Vb-331.FN400-FDE-SPM,331.FN400,,2026-01-14,-1,-12
2855,Vb-331.FN400-FNDE-SPM,331.FN400,,2026-01-14,0,-9
2856,Vb-331.FN400-MDE-SPM,331.FN400,,2026-01-14,1,-6
2857,Vb-331.FN400-MNDE-SPM,331.FN400,,2026-01-14,5,-9
2858,Vb-441.FN.590-FDE-SPM,441.FN590,,2026-02-14,0,-21
2859,Vb-441.FN.590-FNDE-SPM,441.FN590,,2026-02-14,-5,-24
2860,Vb-441.FN.590-MDE-SPM,441.FN590,,2026-02-14,13,7
2861,Vb-441.FN.590-MNDE-SPM,441.FN590,,2026-02-14,11,4
2862,Vb-441.FN.590-S1DE-SPM,441.FN590,,2026-02-14,13,6
2863,Vb-441.FN.590-S1NDE-SPM,441.FN590,,2026-02-14,12,6
2864,Vb-441.FN.590-S2DE-SPM,441.FN590,,2026-02-14,5,-2
2865,Vb-441.FN.590-v-S2NDE-SPM,441.FN590,,2026-02-14,5,-5
2866,Vb-461.PP515-MDE-SPM,461.PP515,,2026-02-14,5,-10
2867,Vb-461.PP515-MNDE-SPM,461.PP515,,2026-02-14,-1,-19
2868,Vb-461.PP515-PDE-SPM,461.PP515,,2026-02-14,-9,-19
2869,Vb-461.PP515-PNDE-SPM,461.PP515,,2026-02-14,-1,-10
2870,Vb-331.FN110-FDE-SPM,331.FN110,,2026-02-16,8,-2
2871,Vb-331.FN110-FNDE-SPM,331.FN110,,2026-02-16,10,-2
2872,Vb-331.FN110-MDE-SPM,331.FN110,,2026-02-16,30,15
2873,Vb-331.FN110-MNDE-SPM,331.FN110,,2026-02-16,19,5
2874,Vb-431.MD140-MDE-SPM,431.MD140,,2026-02-17,3,-5
2875,Vb-431.MD140-MNDE-SPM,431.MD140,,2026-02-17,1,-4
2876,Vb-431.MD140-S1DE-SPM,431.MD140,,2026-02-17,-3,-16
2877,Vb-431.MD140-S1NDE-SPM,431.MD140,,2026-02-17,-6,-20
2878,Vb-431.MD140-S2DE-SPM,431.MD140,,2026-02-17,28,-5
2879,Vb-431.MD140-S2NDE-SPM,431.MD140,,2026-02-17,16,-4
2880,Vb-431.MD140-S3DE-SPM,431.MD140,,2026-02-17,22,2
2881,Vb-431.MD140-S3NDE-SPM,431.MD140,,2026-02-17,23,-6
2882,Vb-431.MD140-S4DE-SPM,431.MD140,,2026-02-17,44,-6
2883,Vb-431.MD140-S4NDE-SPM,431.MD140,,2026-02-17,44,-10
2884,Vb-431.MD160-MDE-SPM,431.MD160,,2026-02-17,9,-7
2885,Vb-431.MD160-MNDE-SPM,431.MD160,,2026-02-17,8,-7
2886,Vb-431.MD160-S1DE-SPM,431.MD160,,2026-02-17,0,-14
2887,Vb-431.MD160-S1NDE-SPM,431.MD160,,2026-02-17,3,-15
2888,Vb-431.MD160-S2DE-SPM,431.MD160,,2026-02-17,9,-13
2889,Vb-431.MD160-S2NDE-SPM,431.MD160,,2026-02-17,25,-5
2890,Vb-431.MD160-S3DE-SPM,431.MD160,,2026-02-17,19,-20
2891,Vb-431.MD160-S3NDE-SPM,431.MD160,,2026-02-17,24,-1
2892,Vb-431.MD160-S4DE-SPM,431.MD160,,2026-02-17,20,-6
2893,Vb-431.MD160-S4NDE-SPM,431.MD160,,2026-02-17,18,-6
2894,Vb-431.FN171-FDE-SPM,431.FN171,,2026-02-17,20,12
2895,Vb-431.FN171-FNDE-SPM,431.FN171,,2026-02-17,27,18
2896,Vb-431.FN171-MDE-SPM,431.FN171,,2026-02-17,7,-12
2897,Vb-431.FN171-MNDE-SPM,431.FN171,,2026-02-17,7,-3
2898,Vb-431.FN176-FDE-SPM,431.FN176,,2026-12-01,20,13
2899,Vb-431.FN176-FNDE-SPM,431.FN176,,2026-12-01,22,13
2900,Vb-431.FN176-MDE-SPM,431.FN176,,2026-12-01,17,-6
2901,Vb-431.FN176-MNDE-SPM,431.FN176,,2026-12-01,-8,-13
2902,Vb-111.HC100-MDE-SPM,111.HC100,,2026-01-31,28.2,-10.9
2903,Vb-111.HC100-MNDE-SPM,111.HC100,,2026-01-31,4.5,-19.5
2904,Vb-111.HC100-RDE-SPM,111.HC100,,2026-01-31,18.2,-12.9
2905,Vb-111.HC100-RNDE-SPM,111.HC100,,2026-01-31,-0.9,-12.1
2906,Vb-111.HC100-S1DE-SPM,111.HC100,,2026-01-31,0.9,-24.3
2907,Vb-111.HC100-S1NDE-SPM,111.HC100,,2026-01-31,1.9,-23.6
2908,Vb-111.HC100-S2DE-SPM,111.HC100,,2026-01-31,30.3,-16.1
2909,Vb-111.HC100-S2NDE-SPM,111.HC100,,2026-01-31,12.9,-18.4
2910,Vb-461.FN400-FDE-SPM,461.FN400,,2026-02-14,9,-6
2911,Vb-461.FN400-FNDE-SPM,461.FN400,,2026-02-14,5,-12
2912,Vb-461.FN400-MDE-SPM,461.FN400,,2026-02-14,7,-27
2913,Vb-461.FN400-MNDE-SPM,461.FN400,,2026-02-14,-6,-32
2914,Vb-431.FN560-MDE-SPM,431.FN560,,2026-02-17,7,-1
2915,Vb-431.FN560-MNDE-SPM,431.FN560,,2026-02-17,5,-3
2916,,761.WI210,Motor DE,2026-02-22,22,15
2917,,761.WI210,Motor NDE,2026-02-22,15,-2
2918,,761.WI211,Motor DE,2026-02-22,22,16
2919,,761.WI211,Motor NDE,2026-02-22,11,-4
2920,,761.WI212,Motor DE,2026-02-22,20,14
2921,,761.WI212,Motor NDE,2026-02-22,11,1
2922,,761.WI213,Motor DE,2026-02-22,21,10
2923,,761.WI213,Motor NDE,2026-02-22,14,-7
2924,,761.WI215,Motor DE,2026-02-13,8,-6
2925,,761.WI215,Motor NDE,2026-02-14,30,-11
2926,,761.WI216,Motor DE,2026-02-22,12,-1
2927,,761.WI216,Motor NDE,2026-02-22,11,-4
2928,Vb-451.FN010-FDE-SPM,451.FN010,,2026-02-17,19,-9
2929,Vb-451.FN010-FNDE-SPM,451.FN010,,2026-02-17,-14,-23
2930,Vb-451.FN010-MDE-SPM,451.FN010,,2026-02-17,9,-16
2931,Vb-451.FN010-MNDE-SPM,451.FN010,,2026-02-17,4,-24
2932,Vb-321.MD140-GBHSS-SPM,321.MD140,,2026-03-01,4,-11
2933,Vb-321.MD140-MDE-SPM,321.MD140,,2026-03-01,2,-16
2934,Vb-321.MD140-MNDE-SPM-ORD,321.MD140,,2026-03-01,-1,-12
2935,Vb-321.FN400-FDE-SPM,321.FN400,,2026-01-03,7,-6
2936,Vb-321.FN400-FNDE-SPM,321.FN400,,2026-01-03,0,-9
2937,Vb-321.FN400-MDE-SPM,321.FN400,,2026-01-03,10,2
2938,Vb-321.FN400-MNDE-SPM,321.FN400,,2026-01-03,16,-8
2939,Vb-321.FN125-FDE-SPM,321.FN125,,2026-01-14,35,16
2940,Vb-321.FN125-FNDE-SPM,321.FN125,,2026-01-14,18,10
2941,Vb-321.FN125-MDE-SPM,321.FN125,,2026-01-14,8,-7
2942,Vb-321.FN125-MNDE-SPM,321.FN125,,2026-01-14,9,-10
2943,,352.BL115,BL DE,2026-02-05,21.4,4.3
2944,,352.BL115,BL NDE,2026-02-05,11,2.4
2945,,352.BL115,Motor DE,2026-02-05,13.9,0.8
2946,,352.BL115,Motor NDE,2026-02-05,-3.1,-6.5
2947,Vb-342.BL300-BLDE-SPM,342.BL300,,2026-02-05,8.3,0.8
2948,Vb-342.BL300-BLNDE-SPM,342.BL300,,2026-02-05,8.1,-1
2949,Vb-342.BL300-MDE-SPM,342.BL300,,2026-02-05,23.3,9.6
2950,Vb-342.BL300-MNDE-SPM,342.BL300,,2026-02-05,15.5,3
2951,Vb-342.BL305-BLDE-SPM,342.BL305,,2026-02-05,5.3,-1.1
2952,Vb-342.BL305-BLNDE-SPM,342.BL305,,2026-02-05,10.9,-5.8
2953,Vb-342.BL305-MDE-SPM,342.BL305,,2026-02-05,26.4,14.2
2954,Vb-342.BL305-MNDE-SPM,342.BL305,,2026-02-05,20.8,7.2
2955,Vb-342.BL310-BLDE-SPM,342.BL310,,2026-02-05,10.9,-5.6
2956,Vb-342.BL310-BLNDE-SPM,342.BL310,,2026-02-05,-1.4,-8.4
2957,Vb-342.BL310-MDE-SPM,342.BL310,,2026-02-05,27.3,12.4
2958,Vb-342.BL310-MNDE-SPM,342.BL310,,2026-02-05,20,6.6
2959,Vb-466.BL580-BLDE-SPM,466.BL580,,2026-02-04,18.5,0.1
2960,Vb-466.BL580-BLNDE-SPM,466.BL580,,2026-02-04,20.7,2.7
2961,Vb-466.BL580-MDE-SPM,466.BL580,,2026-02-04,10.7,-9.2
2962,Vb-466.BL580-MNDE-SPM,466.BL580,,2026-02-04,6.7,-21.9
2963,Vb-466.BL630-BLDE-SPM,466.BL630,,2026-02-04,12.7,-11.8
2964,Vb-466.BL630-BLNDE-SPM,466.BL630,,2026-02-04,17.3,-3.8
2965,Vb-466.BL630-MDE-SPM,466.BL630,,2026-02-04,3.8,-4.3
2966,Vb-466.BL630-MNDE-SPM,466.BL630,,2026-02-04,-4.1,-10.3
2967,Vb-462.FN450-FDE-SPM,462.FN450,,2026-02-09,25.4,-0.2
2968,Vb-462.FN450-FNDE-SPM,462.FN450,,2026-02-09,1.6,-16.3
2969,Vb-462.FN450-MDE-SPM,462.FN450,,2026-02-09,15.2,7.3
2970,Vb-462.FN450-MNDE-SPM,462.FN450,,2026-02-09,17.5,8.2
2971,Vb-342.BE050-MDE-SPM,342.BE050,,2026-02-09,21.6,-1.2
2972,Vb-342.BE050-MNDE-SPM,342.BE050,,2026-02-09,0.5,-11
2973,Vb-342.BE050-S1NDE-SPM,342.BE050,,2026-02-09,2.4,-5
2974,Vb-342.BE050-S2NDE-SPM,342.BE050,,2026-02-09,-0.6,-8.2
2975,Vb-342.BE050-S3DE-SPM,342.BE050,,2026-02-09,11.9,-10.6
2976,Vb-342.BE050-S3NDE-SPM,342.BE050,,2026-02-09,18.9,-11.3
2977,Vb-352.BE340-MDE-SPM,352.BE340,,2026-02-09,12.1,-0.8
2978,Vb-352.BE340-MNDE-SPM,352.BE340,,2026-02-09,1.6,-15.4
2979,Vb-352.BE340-S1NDE-SPM,352.BE340,,2026-02-09,-1.1,-7.3
2980,Vb-352.BE340-S2NDE-SPM,352.BE340,,2026-02-09,-7.8,-15.3
2981,Vb-352.BE340-S3DE-SPM,352.BE340,,2026-02-09,3.3,-8.8
2982,Vb-352.BE340-S3NDE-SPM,352.BE340,,2026-02-09,-3.2,-9.1
2983,Vb-342.BE051-MDE-SPM,342.BE051,,2026-02-09,22.6,4.7
2984,Vb-342.BE051-MNDE-SPM,342.BE051,,2026-02-09,24.9,-15.3
2985,Vb-342.BE051-S1NDE-SPM,342.BE051,,2026-02-09,1.4,-8.4
2986,Vb-342.BE051-S2NDE-SPM,342.BE051,,2026-02-09,1.3,-6.3
2987,Vb-342.BE051-S3DE-SPM,342.BE051,,2026-02-09,31.7,-13.6
2988,Vb-342.BE051-S3NDE-SPM,342.BE051,,2026-02-09,13.1,-12.1
2989,Vb-352.BE341-MDE-SPM,352.BE341,,2026-02-09,9.3,-5.7
2990,Vb-352.BE341-MNDE-SPM,352.BE341,,2026-02-09,-0.3,-16.3
2991,Vb-352.BE341-S1NDE-SPM,352.BE341,,2026-02-09,-1.3,-11.9
2992,Vb-352.BE341-S2NDE-SPM,352.BE341,,2026-02-09,-2.6,-12.3
2993,Vb-352.BE341-S3DE-SPM,352.BE341,,2026-02-09,-2.3,-11.9
2994,Vb-352.BE341-S3NDE-SPM,352.BE341,,2026-02-09,-6.4,-13.1
2995,Vb-452.FN240-FDE-SPM,452.FN240,,2026-02-05,-2.1,-22.4
2996,Vb-452.FN240-FNDE-SPM,452.FN240,,2026-02-05,18.7,-3.6
2997,Vb-452.FN240-MDE-SPM,452.FN240,,2026-02-05,15.1,7.2
2998,Vb-452.FN240-MNDE-SPM,452.FN240,,2026-02-05,24.5,16.2
2999,Vb-452.WI111-MDE-SPM,452.WI111,,2026-02-05,10,-6.1
3000,Vb-452.WI111-MNDE-SPM,452.WI111,,2026-02-05,-2.5,-22.8
3001,Vb-452.WI111-PDE-SPM,452.WI111,,2026-02-05,14.2,3
3002,Vb-452.WI111-PNDE-SPM,452.WI111,,2026-02-05,-1.4,-8
3003,Vb-342.FN315-FDE-SPM,342.FN315,,2026-01-25,20.8,4.7
3004,Vb-342.FN315-FNDE-SPM,342.FN315,,2026-01-25,39.4,9.2
3005,Vb-342.FN315-MDE-SPM,342.FN315,,2026-01-25,4,-1.9
3006,Vb-342.FN315-MNDE-SPM,342.FN315,,2026-01-25,0.8,-7.4
3007,Vb-442.CR400-CRDE-SPM,442.CR400,,2026-02-04,8.8,-14.1
3008,Vb-442.CR400-CRNDE-SPM,442.CR400,,2026-01-11,16.6,-6.4
3009,Vb-442.CR400-MDE-SPM,442.CR400,,2026-02-04,18,-3.9
3010,Vb-442.CR400-MNDE-SPM,442.CR400,,2026-02-04,18.1,-17.6
3011,Vb-462.MD140-MDE-SPM,462.MD140,,2026-02-09,4.2,-3
3012,Vb-462.MD140-MNDE-SPM,462.MD140,,2026-02-09,12.5,4.7
3013,Vb-462.MD140-PHSS-SPM,462.MD140,,2026-02-09,-1.3,-22.8
3014,Vb-462.MD140-RGT-SPM,462.MD140,,2026-02-09,43,12.6
3015,Vb-462.FN125-FDE-SPM,462.FN125,,2026-02-09,-5.7,-17.6
3016,Vb-462.FN125-FNDE-SPM,462.FN125,,2026-02-09,3.2,-10.6
3017,Vb-462.FN125-MDE-SPM,462.FN125,,2026-02-09,16.7,-2
3018,Vb-462.FN125-MNDE-SPM,462.FN125,,2026-02-09,9.3,-11.9
3019,Vb-332.WI210-MDE-SPM,332.WI210,,2026-02-12,-0.2,-11
3020,Vb-332.WI210-MNDE-SPM,332.WI210,,2026-02-12,-9,-24.1
3021,Vb-332.WI210-PDE-SPM,332.WI210,,2026-02-12,4.9,-0.3
3022,Vb-332.WI210-PNDE-SPM,332.WI210,,2026-02-12,20.9,15.9
3023,Vb-442.FN300-FDE-SPM,442.FN300,,2026-02-01,36.5,29.2
3024,Vb-442.FN300-FNDE-SPM,442.FN300,,2026-02-01,26.9,20.3
3025,Vb-442.FN300-MDE-SPM,442.FN300,,2026-02-01,17,2.8
3026,Vb-442.FN300-MNDE-SPM,442.FN300,,2026-02-01,20.9,13.5
3027,Vb-442.FN305-FDE-SPM,442.FN305,,2026-02-01,24.7,16.2
3028,Vb-442.FN305-FNDE-SPM,442.FN305,,2026-02-01,34.2,17.6
3029,Vb-442.FN305-MDE-SPM,442.FN305,,2026-02-01,25.3,14.1
3030,Vb-442.FN305-MNDE-SPM,442.FN305,,2026-02-01,17.7,11.6
3031,Vb-442.FN310-FDE-SPM,442.FN310,,2026-02-01,22.9,14.9
3032,Vb-442.FN310-FNDE-SPM,442.FN310,,2026-02-01,16.3,7.7
3033,Vb-442.FN310-MDE-SPM,442.FN310,,2026-02-01,19.9,10.4
3034,Vb-442.FN310-MNDE-SPM,442.FN310,,2026-02-01,12.7,6.9
3035,Vb-442.FN315-FDE-SPM,442.FN315,,2026-02-01,18.2,6.2
3036,Vb-442.FN315-FNDE-SPM,442.FN315,,2026-02-01,13.2,4.3
3037,Vb-442.FN315-MDE-SPM,442.FN315,,2026-02-01,19.7,10
3038,Vb-442.FN315-MNDE-SPM,442.FN315,,2026-02-01,12.7,6.7
3039,Vb-442.FN325-FDE-SPM,442.FN325,,2026-02-01,30.8,22.2
3040,Vb-442.FN325-FNDE-SPM,442.FN325,,2026-02-01,25,19.2
3041,Vb-442.FN325-MDE-SPM,442.FN325,,2026-02-01,19.8,11.4
3042,Vb-442.FN325-MNDE-SPM,442.FN325,,2026-02-01,18.4,10.1
3043,Vb-442.FN335-FDE-SPM,442.FN335,,2026-02-01,13.1,3.1
3044,Vb-442.FN335-FNDE-SPM,442.FN335,,2026-02-01,24.5,6.5
3045,Vb-442.FN335-MDE-SPM,442.FN335,,2026-02-01,14.5,7.2
3046,Vb-442.FN335-MNDE-SPM,442.FN335,,2026-02-01,13,7.1
3047,Vb-442.FN340-FDE-SPM,442.FN340,,2026-02-04,17,7.5
3048,Vb-442.FN340-FNDE-SPM,442.FN340,,2026-02-04,20.2,6.6
3049,Vb-442.FN340-MDE-SPM,442.FN340,,2026-02-04,18.3,9.4
3050,Vb-442.FN340-MNDE-SPM,442.FN340,,2026-02-04,16.9,9.3
3051,Vb-442.FN345-FDE-SPM,442.FN345,,2026-02-04,11.1,2.4
3052,Vb-442.FN345-FNDE-SPM,442.FN345,,2026-02-04,25.5,-5.5
3053,Vb-442.FN345-MDE-SPM,442.FN345,,2026-02-04,19.1,3.3
3054,Vb-442.FN345-MNDE-SPM,442.FN345,,2026-02-04,18.3,8.2
3055,Vb-442.FN350-FDE-SPM,442.FN350,,2026-02-04,22.5,2.9
3056,Vb-442.FN350-FNDE-SPM,442.FN350,,2026-02-04,12.7,2
3057,Vb-442.FN350-MDE-SPM,442.FN350,,2026-02-04,20.5,10.3
3058,Vb-442.FN350-MNDE-SPM,442.FN350,,2026-02-04,21.3,12.4
3059,Vb-462.CP525-CDE-SPM-5,462.CP525,,2026-02-09,10.8,3.6
3060,Vb-462.CP525-CDE-SPM-7,462.CP525,,2026-02-09,30.9,22.8
3061,Vb-462.CP525-CNDE-SPM-1,462.CP525,,2026-02-09,26.5,15.7
3062,Vb-462.CP525-MDE-SPM-A,462.CP525,,2026-02-09,4.8,-2.2
3063,Vb-462.CP525-MNDE-SPM-B,462.CP525,,2026-02-09,10.6,1.5
3064,Vb-743.CP110-CDE-SPM-5,743.CP110,,2026-02-04,24.6,14.1
3065,Vb-743.CP110-CDE-SPM-7,743.CP110,,2026-02-04,27.2,17.6
3066,Vb-743.CP110-CNDE-SPM-1,743.CP110,,2026-02-04,19.9,10.2
3067,Vb-743.CP110-MDE-SPM-A,743.CP110,,2026-02-04,14.6,-6.8
3068,Vb-743.CP110-MNDE-SPM-B,743.CP110,,2026-02-04,4.8,-5
3069,Vb-743.CP111-CDE-SPM-5,743.CP111,,2026-02-04,27.3,13.4
3070,Vb-743.CP111-CDE-SPM-7,743.CP111,,2026-02-04,35.2,15.8
3071,Vb-743.CP111-CNDE-SPM-1,743.CP111,,2026-02-04,42.7,29.4
3072,Vb-743.CP111-MDE-SPM-A,743.CP111,,2026-02-04,22.7,-0.6
3073,Vb-743.CP111-MNDE-SPM-B,743.CP111,,2026-02-04,16.1,-5.5
3074,Vb-743.CP112-CDE-SPM-5,743.CP112,,2026-01-22,19.3,10.8
3075,Vb-743.CP112-CDE-SPM-7,743.CP112,,2026-01-22,23.1,13.9
3076,Vb-743.CP112-CNDE-SPM-1,743.CP112,,2026-01-22,22.8,14.3
3077,Vb-743.CP112-MDE-SPM-A,743.CP112,,2026-01-22,4.3,-5.1
3078,Vb-743.CP112-MNDE-SPM-B,743.CP112,,2026-02-04,6.6,-4.8
3079,Vb-744.CP112-CDE-SPM-5,744.CP112,,2026-01-26,32.5,20.9
3080,Vb-744.CP112-CDE-SPM-7,744.CP112,,2026-01-26,26.7,20.2
3081,Vb-744.CP112-CNDE-SPM-1,744.CP112,,2026-01-26,35.6,17.2
3082,Vb-744.CP112-MDE-SPM-A,744.CP112,,2026-01-26,21.4,2.2
3083,Vb-744.CP112-MNDE-SPM-B,744.CP112,,2026-01-26,8.3,-5.1
3084,Vb-743.CP113-CDE-SPM-5,743.CP113,,2026-02-04,23.4,13.3
3085,Vb-743.CP113-CDE-SPM-7,743.CP113,,2026-02-04,32.2,15.1
3086,Vb-743.CP113-CNDE-SPM-1,743.CP113,,2026-02-04,19.3,11.8
3087,Vb-743.CP113-MDE-SPM-A,743.CP113,,2026-02-04,16.9,-3.3
3088,Vb-743.CP113-MNDE-SPM-B,743.CP113,,2026-02-04,1.5,-6.6
3089,,744.CP113,Compressor DE,2026-01-26,29.8,21
3090,,744.CP113,Compressor DE,2026-01-26,27.9,21.4
3091,,744.CP113,Compressor NDE,2026-01-26,44.4,19.6
3092,,744.CP113,Motor DE,2026-01-26,13.5,5.1
3093,,744.CP113,Motor NDE,2026-01-26,8.7,-2.3
3094,,332.CP280,Compressor DE,2026-02-04,10.5,3
3095,,332.CP280,Compressor DE,2026-02-04,8.9,1.3
3096,,332.CP280,Compressor NDE,2026-02-04,9.3,2.6
3097,,332.CP280,Motor DE,2026-02-04,7.3,-15
3098,,332.CP280,Motor NDE,2026-02-04,19.2,-11.8
3099,Vb-332.CP281-CDE-SPM-5,332.CP281,,2026-02-04,16.3,8.2
3100,Vb-332.CP281-CDE-SPM-7,332.CP281,,2026-02-04,-1.8,-9.7
3101,Vb-332.CP281-CNDE-SPM-1,332.CP281,,2026-02-04,1.8,-6.3
3102,Vb-332.CP281-MDE-SPM-A,332.CP281,,2026-02-04,16.8,5.8
3103,Vb-332.CP281-MNDE-SPM-B,332.CP281,,2026-02-04,11.9,-0.3
3104,Vb-462.CP530-CDE-SPM-5,462.CP530,,2026-01-21,10.9,6.3
3105,Vb-462.CP530-CDE-SPM-7,462.CP530,,2026-01-21,14.4,6.3
3106,Vb-462.CP530-CNDE-SPM-1,462.CP530,,2026-01-21,31.2,21.5
3107,Vb-462.CP530-MDE-SPM-A,462.CP530,,2026-01-21,7.5,2.5
3108,Vb-462.CP530-MNDE-SPM-B,462.CP530,,2026-01-21,3.4,-2.6
3109,,462.CP.535,Compressor DE,2026-02-09,24.1,14.7
3110,,462.CP.535,Compressor DE,2026-02-09,9.9,3
3111,,462.CP.535,Compressor NDE,2026-02-09,31.2,21.3
3112,,462.CP.535,Motor DE,2026-02-09,0,-10.9
3113,,462.CP.535,Motor NDE,2026-02-09,22.4,1
3114,Vb-332.FN400-FDE-SPM,332.FN400,,2026-02-16,-5.3,-12.2
3115,Vb-332.FN400-FNDE-SPM,332.FN400,,2026-02-16,-1.2,-9.8
3116,Vb-332.FN400-MDE-SPM,332.FN400,,2026-02-16,4,-3.2
3117,Vb-332.FN400-MNDE-SPM,332.FN400,,2026-02-16,0.2,-9.7
3118,Vb-442.FN590-FDE-SPM,442.FN590,,2026-02-04,24.7,-7.2
3119,Vb-442.FN590-FNDE-SPM,442.FN590,,2026-02-04,26.6,-10.9
3120,Vb-442.FN590-MDE-SPM,442.FN590,,2026-02-04,14.7,6.7
3121,Vb-442.FN590-MNDE-SPM,442.FN590,,2026-02-04,18.5,10.3
3122,Vb-442.FN590-S1DE-SPM,442.FN590,,2026-02-04,18.1,7.9
3123,Vb-442.FN590-S1NDE-SPM,442.FN590,,2026-02-04,13,5.3
3124,Vb-442.FN590-S2DE-SPM,442.FN590,,2026-02-04,20.4,12.8
3125,Vb-442.FN590-S2NDE-SPM,442.FN590,,2026-02-04,23.5,11.8
3126,Vb-462.PP515-MDE-SPM,462.PP515,,2026-02-08,4.9,-12.5
3127,Vb-462.PP515-MNDE-SPM,462.PP515,,2026-02-08,-6.6,-15.1
3128,Vb-462.PP515-PDE-SPM,462.PP515,,2026-02-08,1.9,-7.2
3129,Vb-462.PP515-PNDE-SPM,462.PP515,,2026-02-08,-3.1,-15.2
3130,Vb-213.HC100-CRDE-SPM,213.HC100,,2026-01-26,8.9,-7.9
3131,Vb-213.HC100-CRNDE-SPM,213.HC100,,2026-01-26,4.1,-4.1
3132,Vb-213.HC100-MDE-SPM,213.HC100,,2026-01-26,19,0.4
3133,Vb-213.HC100-MNDE-SPM,213.HC100,,2026-01-26,-10.6,-18.4
3134,Vb-332.FN110-FDE-SPM,332.FN110,,2026-02-05,4.1,-9.4
3135,Vb-332.FN110-FNDE-SPM,332.FN110,,2026-02-05,3.4,-6.1
3136,Vb-332.FN110-MDE-SPM,332.FN110,,2026-02-05,5.1,-3
3137,Vb-332.FN110-MNDE-SPM,332.FN110,,2026-02-05,6.7,-2.3
3138,Vb-432.MD140-MDE-SPM,432.MD140,,2026-02-09,6.2,-2.5
3139,Vb-432.MD140-MNDE-SPM,432.MD140,,2026-02-09,8.6,0.9
3140,Vb-432.MD140-S1DE-SPM,432.MD140,,2026-02-09,5.6,-10.2
3141,Vb-432.MD140-S1NDE-SPM,432.MD140,,2026-02-09,2.6,-13.8
3142,Vb-432.MD140-S2DE-SPM,432.MD140,,2026-02-09,12,-2.8
3143,Vb-432.MD140-S2NDE-SPM,432.MD140,,2026-02-09,15.7,-6.7
3144,Vb-432.MD140-S3DE-SPM,432.MD140,,2026-02-09,17.8,-3.2
3145,Vb-432.MD140-S3NDE-SPM,432.MD140,,2026-02-09,24.6,-3
3146,Vb-432.MD140-S4DE-SPM,432.MD140,,2026-02-09,20.6,-8.2
3147,Vb-432.MD140-S4NDE-SPM,432.MD140,,2026-02-09,8.9,-10.4
3148,Vb-432.MD160-MDE-SPM,432.MD160,,2026-02-09,1.6,-6.6
3149,Vb-432.MD160-MNDE-SPM,432.MD160,,2026-02-09,7.3,-1
3150,Vb-432.MD160-S1DE-SPM,432.MD160,,2026-02-09,4.6,-7.3
3151,Vb-432.MD160-S1NDE-SPM,432.MD160,,2026-02-09,3.8,-6.8
3152,Vb-432.MD160-S2DE-SPM,432.MD160,,2026-02-09,16.8,-2.4
3153,Vb-432.MD160-S2NDE-SPM,432.MD160,,2026-02-09,14.6,1.6
3154,Vb-432.MD160-S3DE-SPM,432.MD160,,2026-02-09,16.5,2.9
3155,Vb-432.MD160-S3NDE-SPM,432.MD160,,2026-02-09,22.8,4.1
3156,Vb-432.MD160-S4DE-SPM,432.MD160,,2026-02-09,24.8,-22.5
3157,Vb-432.MD160-S4NDE-SPM,432.MD160,,2026-02-09,13.8,-6.4
3158,Vb-432.FN171-FDE-SPM,432.FN171,,2026-02-09,14.1,-9.9
3159,Vb-432.FN171-FNDE-SPM,432.FN171,,2026-02-09,8.7,-5.7
3160,Vb-432.FN171-MDE-SPM,432.FN171,,2026-02-09,-0.4,-14.7
3161,Vb-432.FN171-MNDE-SPM,432.FN171,,2026-02-09,-5.2,-24.8
3162,Vb-432.FN176-FDE-SPM,432.FN176,,2026-02-01,15.4,1.9
3163,Vb-432.FN176-FNDE-SPM,432.FN176,,2026-02-01,15.9,-2.5
3164,Vb-432.FN176-MDE-SPM,432.FN176,,2026-02-01,5.5,-14.7
3165,Vb-432.FN176-MNDE-SPM,432.FN176,,2026-02-01,-7,-17.6
3166,Vb-462.FN400-FDE-SPM,462.FN400,,2026-02-09,10,3
3167,Vb-462.FN400-FNDE-SPM,462.FN400,,2026-02-08,19.7,14.5
3168,Vb-462.FN400-MDE-SPM,462.FN400,,2026-02-09,-9.8,-26.1
3169,Vb-462.FN400-MNDE-SPM,462.FN400,,2026-02-09,-8.3,-28.6
3170,Vb-432.FN560-MDE-SPM,432.FN560,,2026-02-09,21.8,7.5
3171,Vb-432.FN560-MNDE-SPM,432.FN560,,2026-02-09,6.3,0
3172,,762.WI211,Motor DE,2026-02-09,17.9,11
3173,,762.WI211,Motor NDE,2026-02-09,2.7,-3.5
3174,,762.WI212,Motor DE,2026-02-10,1,-5.1
3175,,762.WI212,Motor NDE,2026-02-10,0.3,-7
3176,,762.WI213,Motor DE,2026-01-27,7.6,0.2
3177,,762.WI213,Motor NDE,2026-01-27,-7.8,-21.2
3178,,762.WI216,Motor DE,2026-01-27,16.2,6.3
3179,,762.WI216,Motor NDE,2026-01-27,-2.7,-11.5
3180,Vb-452.FN010-FDE-SPM,452.FN010,,2026-02-05,8.3,-5.9
3181,Vb-452.FN010-FNDE-SPM,452.FN010,,2026-02-05,16.5,-8.5
3182,Vb-452.FN010-MDE-SPM,452.FN010,,2026-02-05,-12.5,-20.1
3183,Vb-452.FN010-MNDE-SPM,452.FN010,,2026-02-05,-0.9,-22.4
3184,Vb-322.MD140-MDE-SPM,322.MD140,,2026-02-16,21.3,-17.7
3185,Vb-322.MD140-MNDE-SPM,322.MD140,,2026-02-16,-4.6,-23.4
3186,Vb-322.FN400-FDE-SPM,322.FN400,,2026-02-16,15.4,-5.2
3187,Vb-322.FN400-FNDE-SPM,322.FN400,,2026-02-16,2.7,-8.3
3188,Vb-322.FN400-MDE-SPM,322.FN400,,2026-02-16,11.5,2.4
3189,Vb-322.FN400-MNDE-SPM,322.FN400,,2026-02-16,16.6,-16.6
3190,Vb-322.FN125-FDE-SPM,322.FN125,,2026-02-16,36.2,12.5
3191,Vb-322.FN125-FNDE-SPM,322.FN125,,2026-02-16,27.1,19.5
3192,Vb-322.FN125-MDE-SPM,322.FN125,,2026-02-16,8.5,-1.9
3193,Vb-322.FN125-MNDE-SPM,322.FN125,,2026-02-16,6.8,-2.2
3194,Vb-351.BL110-BLDE-SPM,351.BL110,,2026-03-26,32.5,15.1
3195,Vb-351.BL110-BLNDE-SPM,351.BL110,,2026-03-26,14.4,3.4
3196,Vb-351.BL110-MDE-SPM,351.BL110,,2026-03-26,7.2,-1.1
3197,Vb-351.BL110-MNDE-SPM,351.BL110,,2026-03-26,-1.5,-14.3
3198,Vb-341.BL300-BLDE-SPM,341.BL300,,2026-04-15,23.1,-5.1
3199,Vb-341.BL300-BLNDE-SPM,341.BL300,,2026-04-15,21.1,-0.7
3200,Vb-341.BL300-MDE-SPM,341.BL300,,2026-04-15,22.7,15.4
3201,Vb-341.BL300-MNDE-SPM,341.BL300,,2026-04-15,15.9,7.1
3202,Vb-341.BL305-BLDE-SPM,341.BL305,,2026-03-26,14.5,4.5
3203,Vb-341.BL305-BLNDE-SPM,341.BL305,,2026-03-26,11.1,4
3204,Vb-341.BL305-MDE-SPM,341.BL305,,2026-03-26,-5.9,-18
3205,Vb-341.BL305-MNDE-SPM,341.BL305,,2026-03-26,1,-5.4
3206,Vb-341.BL310-BLDE-SPM,341.BL310,,2026-02-17,16.5,-2
3207,Vb-341.BL310-BLNDE-SPM,341.BL310,,2026-02-17,15.9,-3.9
3208,Vb-341.BL310-MDE-SPM,341.BL310,,2026-02-17,23.9,12.8
3209,Vb-341.BL310-MNDE-SPM,341.BL310,,2026-02-17,18.7,9.9
3210,Vb-465.BL580-BLDE-SPM,465.BL580,,2026-03-26,9.5,-8
3211,Vb-465.BL580-BLNDE-SPM,465.BL580,,2026-03-26,12,-3.3
3212,Vb-465.BL580-MDE-SPM,465.BL580,,2026-03-26,6.4,-13.2
3213,Vb-465.BL580-MNDE-SPM,465.BL580,,2026-03-26,10.3,-17.7
3214,Vb-465.BL630-BLDE-SPM,465.BL630,,2026-03-25,8.9,-14.4
3215,Vb-465.BL630-BLNDE-SPM,465.BL630,,2026-03-25,14.3,-6.1
3216,Vb-465.BL630-MDE-SPM,465.BL630,,2026-03-25,-10.6,-16.6
3217,Vb-465.BL630-MNDE-SPM,465.BL630,,2026-03-25,-5.5,-24.2
3218,Vb-465.BL635-BLDE-SPM,465.BL635,,2026-01-14,9.9,-8.2
3219,Vb-465.BL635-BLNDE-SPM,465.BL635,,2026-01-14,3.5,-6.3
3220,Vb-465.BL635-MDE-SPM,465.BL635,,2026-01-14,8.9,-11
3221,Vb-465.BL635-MNDE-SPM,465.BL635,,2026-01-14,-11.6,-18.7
3222,Vb-461.FN450-FDE-SPM,461.FN450,,2026-03-26,-7.9,-20
3223,Vb-461.FN450-FNDE-SPM,461.FN450,,2026-03-26,14,-7.8
3224,Vb-461.FN450-MDE-SPM,461.FN450,,2026-03-26,17.7,5.7
3225,Vb-461.FN450-MNDE-SPM,461.FN450,,2026-03-26,20.4,5.5
3226,Vb-341.BE040-MDE-SPM,341.BE040,,2026-02-17,-3,-11.1
3227,Vb-341.BE040-MNDE-SPM,341.BE040,,2026-02-17,-6.3,-19.5
3228,Vb-341.BE040-S1NDE-SPM,341.BE040,,2026-02-17,-7.9,-16.6
3229,Vb-341.BE040-S2NDE-SPM,341.BE040,,2026-02-17,-0.5,-17.1
3230,Vb-341.BE040-S3DE-SPM,341.BE040,,2026-02-17,4.5,-20.2
3231,Vb-341.BE040-S3NDE-SPM,341.BE040,,2026-02-17,22.5,-15.6
3232,Vb-351.BE340-MDE-SPM,351.BE340,,2026-02-17,-1.1,-11.6
3233,Vb-351.BE340-MNDE-SPM,351.BE340,,2026-02-17,-5.2,-20.4
3234,Vb-351.BE340-S1NDE-SPM,351.BE340,,2026-02-17,-3.2,-10.7
3235,Vb-351.BE340-S2NDE-SPM,351.BE340,,2026-02-17,6.2,-1.1
3236,Vb-351.BE340-S3DE-SPM,351.BE340,,2026-02-17,39,15
3237,Vb-351.BE340-S3NDE-SPM,351.BE340,,2026-02-17,52.7,-1.8
3238,Vb-342.BE041-MDE-SPM,342.BE041,,2026-02-17,8.3,-4.4
3239,Vb-342.BE041-MNDE-SPM,342.BE041,,2026-02-17,1.3,-6.1
3240,Vb-342.BE041-S1NDE-SPM,342.BE041,,2026-02-17,-3.7,-27.5
3241,Vb-342.BE041-S2NDE-SPM,342.BE041,,2026-02-17,1.5,-26.3
3242,Vb-342.BE041-S3DE-SPM,342.BE041,,2026-02-17,22.7,-23.2
3243,Vb-342.BE041-S3NDE-SPM,342.BE041,,2026-02-17,4.7,-26.1
3244,Vb-351.BE341-MDE-SPM,351.BE341,,2026-02-17,-1.5,-10.1
3245,Vb-351.BE341-MNDE-SPM,351.BE341,,2026-02-17,-1.5,-18.2
3246,Vb-351.BE341-S1NDE-SPM,351.BE341,,2026-02-17,1.6,-19.7
3247,Vb-351.BE341-S2NDE-SPM,351.BE341,,2026-02-17,15,-10.8
3248,Vb-351.BE341-S3DE-SPM,351.BE341,,2026-02-17,45.2,18
3249,Vb-351.BE341-S3NDE-SPM,351.BE341,,2026-02-17,46.8,19.4
3250,Vb-451.FN240-FDE-SPM,451.FN240,,2026-03-26,11.6,-2.6
3251,Vb-451.FN240-FNDE-SPM,451.FN240,,2026-03-26,3.4,-6.7
3252,Vb-451.FN240-MDE-SPM,451.FN240,,2026-03-26,28.1,9.4
3253,Vb-451.FN240-MNDE-SPM,451.FN240,,2026-03-26,20,8.8
3254,Vb-451.WI210-MDE-SPM,451.WI210,,2026-04-12,-7.6,-14.1
3255,Vb-451.WI210-PDE-SPM,451.WI210,,2026-01-14,10.7,5.5
3256,Vb-451.WI210-PNDE-SPM,451.WI210,,2026-01-14,5.1,-2.7
3257,Vb-451.WI111-MDE-SPM,451.WI111,,2026-04-12,-6.9,-18.4
3258,Vb-451.WI111-MNDE-SPM,451.WI111,,2026-04-12,5,-15.3
3259,Vb-451.WI111-PDE-SPM,451.WI111,,2026-04-12,14,6.8
3260,Vb-451.WI111-PNDE-SPM,451.WI111,,2026-04-12,4.7,-3.6
3261,Vb-341.FN315-FDE-SPM,341.FN315,,2026-01-21,37.4,21.4
3262,Vb-341.FN315-FNDE-SPM,341.FN315,,2026-01-21,50.6,31.1
3263,Vb-341.FN315-MDE-SPM,341.FN315,,2026-01-21,70.7,27
3264,Vb-341.FN315-MNDE-SPM,341.FN315,,2026-01-21,50.9,18.8
3265,Vb-341.FN316-FDE-SPM,341.FN316,,2026-03-10,34.6,27.4
3266,Vb-341.FN316-FNDE-SPM,341.FN316,,2026-03-10,26.5,12.8
3267,Vb-341.FN316-MDE-SPM,341.FN316,,2026-03-10,25.1,12.2
3268,Vb-341.FN316-MNDE-SPM,341.FN316,,2026-03-10,12.1,-12.2
3269,Vb-441.CR400-CRDE-SPM,441.CR400,,2026-04-07,25.3,-3.4
3270,Vb-441.CR400-CRNDE-SPM,441.CR400,,2026-04-07,28.3,-2.9
3271,Vb-441.CR400-MDE-SPM,441.CR400,,2026-04-07,4.9,-12.8
3272,Vb-441.CR400-MNDE-SPM,441.CR400,,2026-04-07,2.9,-11.1
3273,Vb-461.MD140-MDE-SPM,461.MD140,,2026-03-26,21.1,5.9
3274,Vb-461.MD140-MNDE-SPM,461.MD140,,2026-03-26,14.2,3.6
3275,Vb-461.MD140-PHSS-SPM,461.MD140,,2026-03-26,12.8,-13.5
3276,Vb-461.MD140-RGT-SPM,461.MD140,,2026-03-26,6.8,-16.6
3277,Vb-461.FN125-FDE-SPM,461.FN125,,2026-03-26,19.1,8.5
3278,Vb-461.FN125-FNDE-SPM,461.FN125,,2026-03-26,6,-9.2
3279,Vb-461.FN125-MDE-SPM,461.FN125,,2026-03-26,1.1,-6.5
3280,Vb-461.FN125-MNDE-SPM,461.FN125,,2026-03-26,8.4,-1.3
3281,Vb-461.MD152-MDE-SPM,461.MD152,,2026-03-26,20.2,12.2
3282,Vb-461.MD152-MNDE-SPM,461.MD152,,2026-03-26,32.2,21.4
3283,Vb-461.MD152-S1DE-SPM,461.MD152,,2026-03-26,8.4,1.9
3284,Vb-461.MD152-S1NDE-SPM,461.MD152,,2026-03-26,7.6,0.4
3285,Vb-461.MD152-S2DE-SPM,461.MD152,,2026-03-26,4.9,-2.1
3286,Vb-461.MD152-S2NDE-SPM,461.MD152,,2026-03-26,11.4,-2.5
3287,Vb-331.WI211-MDE-SPM,331.WI211,,2026-03-24,6,-15.5
3288,Vb-331.WI211-MNDE-SPM,331.WI211,,2026-03-24,-4.9,-12.5
3289,Vb-331.WI211-PDE-SPM,331.WI211,,2026-03-24,16.2,0.8
3290,Vb-331.WI211-PNDE-SPM,331.WI211,,2026-03-24,22.7,16.8
3291,Vb-441.FN300-FDE-SPM,441.FN300,,2026-04-06,21.9,15.1
3292,Vb-441.FN300-FNDE-SPM,441.FN300,,2026-04-06,19.9,12
3293,Vb-441.FN300-MDE-SPM,441.FN300,,2026-04-06,22.4,13.8
3294,Vb-441.FN300-MNDE-SPM,441.FN300,,2026-04-06,15.5,7.8
3295,Vb-441.FN305-FDE-SPM,441.FN305,,2026-04-06,26.1,17.4
3296,Vb-441.FN305-FNDE-SPM,441.FN305,,2026-04-06,17.3,11.5
3297,Vb-441.FN305-MDE-SPM,441.FN305,,2026-04-06,20.2,13.3
3298,Vb-441.FN305-MNDE-SPM,441.FN305,,2026-04-06,4,-2.6
3299,Vb-441.FN310-FDE-SPM,441.FN310,,2026-04-06,29.7,21.7
3300,Vb-441.FN310-FNDE-SPM,441.FN310,,2026-04-06,29.4,18.5
3301,Vb-441.FN310-MDE-SPM,441.FN310,,2026-04-06,23.1,15
3302,Vb-441.FN310-MNDE-SPM,441.FN310,,2026-04-06,13,1.6
3303,Vb-441.FN315-FDE-SPM,441.FN315,,2026-04-06,20.3,1.6
3304,Vb-441.FN315-FNDE-SPM,441.FN315,,2026-04-06,23.5,10
3305,Vb-441.FN315-MDE-SPM,441.FN315,,2026-04-06,17.5,9.3
3306,Vb-441.FN315-MNDE-SPM,441.FN315,,2026-04-06,20.6,-3
3307,Vb-441.FN325-FDE-SPM,441.FN325,,2026-04-06,26.4,15.2
3308,Vb-441.FN325-FNDE-SPM,441.FN325,,2026-04-06,24.6,12.8
3309,Vb-441.FN325-MDE-SPM,441.FN325,,2026-04-06,16.5,5.5
3310,Vb-441.FN325-MNDE-SPM,441.FN325,,2026-04-06,7.2,-4.8
3311,Vb-441.FN335-FDE-SPM,441.FN335,,2026-04-06,6.2,-6.5
3312,Vb-441.FN335-FNDE-SPM,441.FN335,,2026-04-06,4.1,-3.1
3313,Vb-441.FN335-MDE-SPM,441.FN335,,2026-04-06,8.3,2
3314,Vb-441.FN335-MNDE-SPM,441.FN335,,2026-04-06,17.6,8.4
3315,Vb-441.FN340-FDE-SPM,441.FN340,,2026-04-07,4.4,-12.8
3316,Vb-441.FN340-FNDE-SPM,441.FN340,,2026-04-07,7.9,-1.3
3317,Vb-441.FN340-MDE-SPM,441.FN340,,2026-04-07,23.3,8.8
3318,Vb-441.FN340-MNDE-SPM,441.FN340,,2026-04-07,11.3,5.6
3319,Vb-441.FN345-FDE-SPM,441.FN345,,2026-04-07,28.7,17.3
3320,Vb-441.FN345-FNDE-SPM,441.FN345,,2026-04-07,21.1,13.5
3321,Vb-441.FN345-MDE-SPM,441.FN345,,2026-04-07,28.4,11.6
3322,Vb-441.FN345-MNDE-SPM,441.FN345,,2026-04-07,16.8,7.3
3323,Vb-441.FN350-FDE-SPM,441.FN350,,2026-04-07,13.5,3.8
3324,Vb-441.FN350-FNDE-SPM,441.FN350,,2026-04-07,9,1.3
3325,Vb-441.FN350-MDE-SPM,441.FN350,,2026-04-07,22,8.3
3326,Vb-441.FN350-MNDE-SPM,441.FN350,,2026-04-07,19.3,10.9
3327,Vb-741.CP110-CDE-SPM-5,741.CP110,,2026-03-24,9,0.1
3328,Vb-741.CP110-CDE-SPM-7,741.CP110,,2026-03-24,13.4,5.5
3329,Vb-741.CP110-CNDE-SPM-1,741.CP110,,2026-03-24,19.9,9.3
3330,Vb-741.CP110-MDE-SPM-A,741.CP110,,2026-03-24,16.4,8.3
3331,Vb-741.CP110-MNDE-SPM-B,741.CP110,,2026-03-24,35.3,12.8
3332,Vb-741.CP111-CDE-SPM-5,741.CP111,,2026-03-24,9.2,0.9
3333,Vb-741.CP111-CDE-SPM-7,741.CP111,,2026-03-24,10.1,2.9
3334,Vb-741.CP111-CNDE-SPM-1,741.CP111,,2026-03-24,15.9,8.9
3335,Vb-741.CP111-MDE-SPM-A,741.CP111,,2026-03-24,19.2,6.9
3336,Vb-741.CP111-MNDE-SPM-B,741.CP111,,2026-03-24,29.4,2.7
3337,Vb-742.CP111-CDE-SPM-5,742.CP111,,2026-01-04,30.6,23.6
3338,Vb-742.CP111-CDE-SPM-7,742.CP111,,2026-01-04,26.9,21.2
3339,Vb-742.CP111-CNDE-SPM-1,742.CP111,,2026-01-04,26.7,20.1
3340,Vb-742.CP111-MDE-SPM-A,742.CP111,,2026-01-04,5.6,-0.9
3341,Vb-742.CP111-MNDE-SPM-B,742.CP111,,2026-01-04,14,-12.4
3342,Vb-741.CP112-CDE-SPM-5,741.CP112,,2026-03-24,16.8,4.1
3343,Vb-741.CP112-CDE-SPM-7,741.CP112,,2026-03-24,16.7,8.7
3344,Vb-741.CP112-CNDE-SPM-1,741.CP112,,2026-03-24,25.4,14.6
3345,Vb-741.CP112-MDE-SPM-A,741.CP112,,2026-03-24,24.5,4.7
3346,Vb-741.CP112-MNDE-SPM-B,741.CP112,,2026-03-24,25,6.3
3347,Vb-742.CP112-CDE-SPM-5,742.CP112,,2026-01-04,17.3,9.9
3348,Vb-742.CP112-CDE-SPM-7,742.CP112,,2026-01-04,24.4,14.8
3349,Vb-742.CP112-CNDE-SPM-1,742.CP112,,2026-01-04,40.4,31.8
3350,Vb-742.CP112-MDE-SPM-A,742.CP112,,2026-01-04,12.3,3.3
3351,Vb-742.CP112-MNDE-SPM-B,742.CP112,,2026-01-04,28.2,9.3
3352,Vb-741.CP113-CDE-SPM-5,741.CP113,,2026-03-24,20.6,7.6
3353,Vb-741.CP113-CDE-SPM-7,741.CP113,,2026-03-24,12.7,1.9
3354,Vb-741.CP113-CNDE-SPM-1,741.CP113,,2026-03-24,26.4,8.6
3355,Vb-741.CP113-MDE-SPM-A,741.CP113,,2026-03-24,31.3,9.2
3356,Vb-741.CP113-MNDE-SPM-B,741.CP113,,2026-03-24,36.5,11.7
3357,Vb-742.CP113-CDE-SPM-5,742.CP113,,2026-01-04,10.7,2.8
3358,Vb-742.CP113-CDE-SPM-7,742.CP113,,2026-01-04,8.2,1.9
3359,Vb-742.CP113-CNDE-SPM-1,742.CP113,,2026-01-04,10.2,3.2
3360,Vb-742.CP113-MDE-SPM-A,742.CP113,,2026-01-04,8,-16.4
3361,Vb-742.CP113-MNDE-SPM-B,742.CP113,,2026-01-04,1.6,-16.2
3362,Vb-331.CP280-CDE-SPM-5,331.CP280,,2026-03-24,17.1,1.8
3363,Vb-331.CP280-CDE-SPM-7,331.CP280,,2026-03-24,22.4,6.1
3364,Vb-331.CP280-CNDE-SPM-1,331.CP280,,2026-03-24,29.2,12.5
3365,Vb-331.CP280-MDE-SPM-A,331.CP280,,2026-03-24,24.7,7.8
3366,Vb-331.CP280-MNDE-SPM-B,331.CP280,,2026-03-24,20.8,6.4
3367,Vb-331.CP281-CDE-SPM-5,331.CP281,,2026-03-24,22,7.1
3368,Vb-331.CP281-CDE-SPM-7,331.CP281,,2026-03-24,24,11.4
3369,Vb-331.CP281-CNDE-SPM-1,331.CP281,,2026-03-24,27.6,15
3370,Vb-331.CP281-MDE-SPM-A,331.CP281,,2026-03-24,17.9,2.4
3371,Vb-331.CP281-MNDE-SPM-B,331.CP281,,2026-03-24,33.6,6.8
3372,Vb-331.CP282-CNDE-SPM-1,331.CP282,,2026-04-05,26.2,8.8
3373,Vb-461.CP524-CDE-SPM-5,461.CP524,,2026-01-21,19.1,-0.2
3374,Vb-461.CP524-CDE-SPM-7,461.CP524,,2026-01-21,13.2,2
3375,Vb-461.CP524-CNDE-SPM-1,461.CP524,,2026-01-21,10.6,3.7
3376,Vb-461.CP524-MDE-SPM-A,461.CP524,,2026-01-21,24.9,14.4
3377,Vb-461.CP524-MNDE-SPM-B,461.CP524,,2026-01-21,14.9,7.5
3378,,461.CP525,Compressor DE,2026-02-14,16,-0.8
3379,,461.CP525,Compressor DE,2026-02-14,17.8,5.8
3380,,461.CP525,Compressor NDE,2026-02-14,28.1,16.4
3381,,461.CP525,Motor DE,2026-02-14,25.8,10
3382,,461.CP525,Motor NDE,2026-02-14,13.1,0
3383,Vb-111.CP400-CDE-SPM-5,111.CP400,,2026-03-15,30,8.5
3384,Vb-111.CP400-CDE-SPM-7,111.CP400,,2026-03-15,22,6.6
3385,Vb-111.CP400-CNDE-SPM-1,111.CP400,,2026-03-15,24.3,11
3386,Vb-111.CP400-MDE-SPM-A,111.CP400,,2026-03-15,30.8,10.4
3387,Vb-111.CP400-MNDE-SPM-B,111.CP400,,2026-03-10,27.2,0.8
3388,Vb-331.FN400-FDE-SPM,331.FN400,,2026-04-14,0.1,-12.5
3389,Vb-331.FN400-FNDE-SPM,331.FN400,,2026-04-14,7.9,-6.9
3390,Vb-331.FN400-MDE-SPM,331.FN400,,2026-04-14,1.6,-6.6
3391,Vb-331.FN400-MNDE-SPM,331.FN400,,2026-04-14,6.7,-4.5
3392,Vb-441.FN.590-FDE-SPM,441.FN590,,2026-04-06,-0.6,-21.1
3393,Vb-441.FN.590-FNDE-SPM,441.FN590,,2026-04-06,9.7,-22.2
3394,Vb-441.FN.590-MDE-SPM,441.FN590,,2026-04-06,18.3,6.7
3395,Vb-441.FN.590-MNDE-SPM,441.FN590,,2026-04-06,10.1,-2.7
3396,Vb-441.FN.590-S1DE-SPM,441.FN590,,2026-04-06,8.3,2.4
3397,Vb-441.FN.590-S1NDE-SPM,441.FN590,,2026-04-06,9,3.2
3398,Vb-441.FN.590-S2DE-SPM,441.FN590,,2026-04-06,-0.1,-5.5
3399,Vb-441.FN.590-v-S2NDE-SPM,441.FN590,,2026-04-06,0.5,-6.4
3400,Vb-461.PP515-MDE-SPM,461.PP515,,2026-03-26,16.8,-11.7
3401,Vb-461.PP515-MNDE-SPM,461.PP515,,2026-03-26,8.9,-14.8
3402,Vb-461.PP515-PDE-SPM,461.PP515,,2026-03-26,7.6,-17.3
3403,Vb-461.PP515-PNDE-SPM,461.PP515,,2026-03-26,12.9,-6.6
3404,Vb-331.FN110-FDE-SPM,331.FN110,,2026-03-26,7.7,-1.5
3405,Vb-331.FN110-FNDE-SPM,331.FN110,,2026-03-26,7.4,-1.6
3406,Vb-331.FN110-MDE-SPM,331.FN110,,2026-04-01,30,16.3
3407,Vb-331.FN110-MNDE-SPM,331.FN110,,2026-03-26,19.7,1.3
3408,Vb-431.MD140-MDE-SPM,431.MD140,,2026-03-24,2.2,-7.8
3409,Vb-431.MD140-MNDE-SPM,431.MD140,,2026-03-24,1,-6.5
3410,Vb-431.MD140-S1DE-SPM,431.MD140,,2026-03-24,-7.8,-19.5
3411,Vb-431.MD140-S1NDE-SPM,431.MD140,,2026-03-24,-5.2,-20.5
3412,Vb-431.MD140-S2DE-SPM,431.MD140,,2026-03-24,12.7,-5.7
3413,Vb-431.MD140-S2NDE-SPM,431.MD140,,2026-03-24,16.4,-5
3414,Vb-431.MD140-S3DE-SPM,431.MD140,,2026-03-24,24.2,-7.7
3415,Vb-431.MD140-S3NDE-SPM,431.MD140,,2026-03-24,23.4,-3.2
3416,Vb-431.MD140-S4DE-SPM,431.MD140,,2026-03-24,26.6,-11.9
3417,Vb-431.MD140-S4NDE-SPM,431.MD140,,2026-03-24,38,-10.8
3418,Vb-431.MD160-MDE-SPM,431.MD160,,2026-03-25,4.2,-3.1
3419,Vb-431.MD160-MNDE-SPM,431.MD160,,2026-03-25,9.6,-4.2
3420,Vb-431.MD160-S1DE-SPM,431.MD160,,2026-03-25,1.8,-15.3
3421,Vb-431.MD160-S1NDE-SPM,431.MD160,,2026-03-25,-2,-16.7
3422,Vb-431.MD160-S2DE-SPM,431.MD160,,2026-03-25,7.4,-10.2
3423,Vb-431.MD160-S2NDE-SPM,431.MD160,,2026-03-25,29.2,-7.6
3424,Vb-431.MD160-S3DE-SPM,431.MD160,,2026-03-25,19.9,-6.4
3425,Vb-431.MD160-S3NDE-SPM,431.MD160,,2026-03-25,18.9,-1.7
3426,Vb-431.MD160-S4DE-SPM,431.MD160,,2026-03-25,8.6,-9.6
3427,Vb-431.MD160-S4NDE-SPM,431.MD160,,2026-03-25,10,-8.1
3428,Vb-431.FN171-FDE-SPM,431.FN171,,2026-03-24,20.9,8
3429,Vb-431.FN171-FNDE-SPM,431.FN171,,2026-03-24,24.1,13.7
3430,Vb-431.FN171-MDE-SPM,431.FN171,,2026-03-24,13.4,-8.2
3431,Vb-431.FN171-MNDE-SPM,431.FN171,,2026-03-24,3.2,-7.9
3432,Vb-431.FN176-FDE-SPM,431.FN176,,2026-04-06,21.5,6
3433,Vb-431.FN176-FNDE-SPM,431.FN176,,2026-04-06,27,15.1
3434,Vb-431.FN176-MDE-SPM,431.FN176,,2026-04-06,6.1,-4.6
3435,Vb-431.FN176-MNDE-SPM,431.FN176,,2026-04-06,0.4,-13.9
3436,Vb-461.FN400-FDE-SPM,461.FN400,,2026-03-26,8.1,-5.5
3437,Vb-461.FN400-FNDE-SPM,461.FN400,,2026-03-26,11.7,-14.9
3438,Vb-461.FN400-MDE-SPM,461.FN400,,2026-03-26,10.7,-19.2
3439,Vb-461.FN400-MNDE-SPM,461.FN400,,2026-03-26,1.9,-22.4
3440,Vb-431.FN560-MDE-SPM,431.FN560,,2026-03-25,9.6,-0.1
3441,Vb-431.FN560-MNDE-SPM,431.FN560,,2026-03-25,2.2,-3.4
3442,,441.WI001,Motor DE,2026-03-25,9.5,-7.7
3443,,441.WI001,Motor NDE,2026-03-25,-9.2,-23.4
3444,,761.WI210,Motor DE,2026-04-08,11.8,-2.6
3445,,761.WI210,Motor NDE,2026-04-08,19.8,-1.6
3446,,441.WI002,Motor DE,2026-03-25,8.5,-18
3447,,441.WI002,Motor NDE,2026-03-25,3,-16.8
3448,,761.WI211,Motor DE,2026-04-08,24.6,17.5
3449,,761.WI211,Motor NDE,2026-04-08,12.1,1.4
3450,,441.WI003,Motor DE,2026-03-25,13.2,3.9
3451,,441.WI003,Motor NDE,2026-03-25,-5,-18.3
3452,,761.WI212,Motor DE,2026-04-08,12.8,1.4
3453,,761.WI212,Motor NDE,2026-04-08,16.3,2.9
3454,,441.WI004,Motor DE,2026-03-25,5.7,-14.1
3455,,441.WI004,Motor NDE,2026-03-25,-1.5,-24.2
3456,,761.WI213,Motor DE,2026-04-08,27.5,17.3
3457,,761.WI213,Motor NDE,2026-04-08,10.6,4.4
3458,,761.WI214,Motor DE,2026-04-08,26.7,12.9
3459,,761.WI214,Motor NDE,2026-04-08,12.8,-2.5
3460,,761.WI215,Motor DE,2026-02-13,7.8,-5.7
3461,,761.WI215,Motor NDE,2026-02-14,30,-10.6
3462,,761.WI216,Motor DE,2026-04-08,4.1,-1.8
3463,,761.WI216,Motor NDE,2026-04-08,6.5,-4.1
3464,Vb-451.FN010-FDE-SPM,451.FN010,,2026-03-26,8.3,-6.7
3465,Vb-451.FN010-FNDE-SPM,451.FN010,,2026-03-26,-0.2,-14.9
3466,Vb-451.FN010-MDE-SPM,451.FN010,,2026-03-26,14.2,-14.8
3467,Vb-451.FN010-MNDE-SPM,451.FN010,,2026-03-26,-4.3,-22
3468,Vb-321.MD140-GBHSS-SPM,321.MD140,,2026-04-14,12.9,-5.5
3469,Vb-321.MD140-MDE-SPM,321.MD140,,2026-04-14,20.1,-20.6
3470,Vb-321.MD140-MNDE-SPM-ORD,321.MD140,,2026-04-14,-4.7,-19.9
3471,Vb-321.FN400-FDE-SPM,321.FN400,,2026-04-14,11.2,-3.5
3472,Vb-321.FN400-FNDE-SPM,321.FN400,,2026-04-14,4.1,-4.5
3473,Vb-321.FN400-MDE-SPM,321.FN400,,2026-04-14,11.7,4.2
3474,Vb-321.FN400-MNDE-SPM,321.FN400,,2026-04-14,9.9,-10.4
3475,Vb-321.MD152-MDE-SPM,321.MD152,,2026-03-26,34.3,20.4
3476,Vb-321.MD152-MNDE-SPM,321.MD152,,2026-03-26,23.9,16.6
3477,Vb-321.MD152-S1DE-SPM,321.MD152,,2026-03-26,4.4,-6.9
3478,Vb-321.MD152-S1NDE-SPM,321.MD152,,2026-03-26,2.1,-7.1
3479,Vb-321.MD152-S2DE-SPM,321.MD152,,2026-03-26,16.4,1.4
3480,Vb-321.MD152-S2NDE-SPM,321.MD152,,2026-03-26,20.5,-4.2
3481,Vb-321.FN125-FDE-SPM,321.FN125,,2026-04-14,39,22.1
3482,Vb-321.FN125-FNDE-SPM,321.FN125,,2026-04-14,17,8.8
3483,Vb-321.FN125-MDE-SPM,321.FN125,,2026-04-14,3.8,-3.2
3484,Vb-321.FN125-MNDE-SPM,321.FN125,,2026-04-14,3.6,-6
3485,,352.BL115,BL DE,2026-04-15,6.1,-3.1
3486,,352.BL115,BL NDE,2026-04-15,16.3,1
3487,,352.BL115,Motor DE,2026-04-15,6.7,-0.7
3488,,352.BL115,Motor NDE,2026-04-15,-2,-7.1
3489,Vb-342.BL300-BLDE-SPM,342.BL300,,2026-03-30,11.1,0.4
3490,Vb-342.BL300-BLNDE-SPM,342.BL300,,2026-03-30,4,-2.9
3491,Vb-342.BL300-MDE-SPM,342.BL300,,2026-03-30,21.8,13.9
3492,Vb-342.BL300-MNDE-SPM,342.BL300,,2026-03-30,16.3,7.5
3493,Vb-342.BL305-BLDE-SPM,342.BL305,,2026-04-15,5.9,-3.2
3494,Vb-342.BL305-BLNDE-SPM,342.BL305,,2026-04-15,8.5,-1.9
3495,Vb-342.BL305-MDE-SPM,342.BL305,,2026-04-15,17.2,7.1
3496,Vb-342.BL305-MNDE-SPM,342.BL305,,2026-04-15,7.7,0.3
3497,Vb-342.BL310-BLDE-SPM,342.BL310,,2026-04-15,1.5,-11
3498,Vb-342.BL310-BLNDE-SPM,342.BL310,,2026-04-15,7.7,-12.4
3499,Vb-342.BL310-MDE-SPM,342.BL310,,2026-04-15,27.4,17.4
3500,Vb-342.BL310-MNDE-SPM,342.BL310,,2026-04-15,4.3,-5.7
3501,Vb-466.BL580-BLDE-SPM,466.BL580,,2026-02-04,18.5,0.1
3502,Vb-466.BL580-BLNDE-SPM,466.BL580,,2026-02-04,20.7,2.7
3503,Vb-466.BL580-MDE-SPM,466.BL580,,2026-02-04,10.7,-9.2
3504,Vb-466.BL580-MNDE-SPM,466.BL580,,2026-02-04,6.7,-21.9
3505,Vb-466.BL585-BLDE-SPM,466.BL585,,2026-03-29,10.2,-5.4
3506,Vb-466.BL585-BLNDE-SPM,466.BL585,,2026-03-29,14.7,-5.4
3507,Vb-466.BL585-MDE-SPM,466.BL585,,2026-03-29,13.9,-12.4
3508,Vb-466.BL585-MNDE-SPM,466.BL585,,2026-03-29,6.2,-15.2
3509,Vb-466.BL630-BLDE-SPM,466.BL630,,2026-03-29,11.3,-5.8
3510,Vb-466.BL630-BLNDE-SPM,466.BL630,,2026-03-29,19.9,1.8
3511,Vb-466.BL630-MDE-SPM,466.BL630,,2026-03-29,5.8,-5.2
3512,Vb-466.BL630-MNDE-SPM,466.BL630,,2026-03-29,-5.3,-13.7
3513,Vb-462.FN450-FDE-SPM,462.FN450,,2026-04-15,28.4,-14.9
3514,Vb-462.FN450-FNDE-SPM,462.FN450,,2026-04-15,5.4,-27.8
3515,Vb-462.FN450-MDE-SPM,462.FN450,,2026-04-15,11,1.9
3516,Vb-462.FN450-MNDE-SPM,462.FN450,,2026-04-15,13.3,5
3517,Vb-342.BE050-MDE-SPM,342.BE050,,2026-02-09,21.6,-1.2
3518,Vb-342.BE050-MNDE-SPM,342.BE050,,2026-02-09,0.5,-11
3519,Vb-342.BE050-S1NDE-SPM,342.BE050,,2026-02-09,2.4,-5
3520,Vb-342.BE050-S2NDE-SPM,342.BE050,,2026-02-09,-0.6,-8.2
3521,Vb-342.BE050-S3DE-SPM,342.BE050,,2026-02-09,11.9,-10.6
3522,Vb-342.BE050-S3NDE-SPM,342.BE050,,2026-02-09,18.9,-11.3
3523,Vb-352.BE340-MDE-SPM,352.BE340,,2026-02-09,12.1,-0.8
3524,Vb-352.BE340-MNDE-SPM,352.BE340,,2026-02-09,1.6,-15.4
3525,Vb-352.BE340-S1NDE-SPM,352.BE340,,2026-02-09,-1.1,-7.3
3526,Vb-352.BE340-S2NDE-SPM,352.BE340,,2026-02-09,-7.8,-15.3
3527,Vb-352.BE340-S3DE-SPM,352.BE340,,2026-02-09,3.3,-8.8
3528,Vb-352.BE340-S3NDE-SPM,352.BE340,,2026-02-09,-3.2,-9.1
3529,Vb-342.BE051-MDE-SPM,342.BE051,,2026-02-09,22.6,4.7
3530,Vb-342.BE051-MNDE-SPM,342.BE051,,2026-02-09,24.9,-15.3
3531,Vb-342.BE051-S1NDE-SPM,342.BE051,,2026-02-09,1.4,-8.4
3532,Vb-342.BE051-S2NDE-SPM,342.BE051,,2026-02-09,1.3,-6.3
3533,Vb-342.BE051-S3DE-SPM,342.BE051,,2026-02-09,31.7,-13.6
3534,Vb-342.BE051-S3NDE-SPM,342.BE051,,2026-02-09,13.1,-12.1
3535,Vb-352.BE341-MDE-SPM,352.BE341,,2026-02-09,9.3,-5.7
3536,Vb-352.BE341-MNDE-SPM,352.BE341,,2026-02-09,-0.3,-16.3
3537,Vb-352.BE341-S1NDE-SPM,352.BE341,,2026-02-09,-1.3,-11.9
3538,Vb-352.BE341-S2NDE-SPM,352.BE341,,2026-02-09,-2.6,-12.3
3539,Vb-352.BE341-S3DE-SPM,352.BE341,,2026-02-09,-2.3,-11.9
3540,Vb-352.BE341-S3NDE-SPM,352.BE341,,2026-02-09,-6.4,-13.1
3541,Vb-452.FN240-FDE-SPM,452.FN240,,2026-03-31,2.2,-18.3
3542,Vb-452.FN240-FNDE-SPM,452.FN240,,2026-03-31,4.9,-13.5
3543,Vb-452.FN240-MDE-SPM,452.FN240,,2026-03-31,15.5,8.2
3544,Vb-452.FN240-MNDE-SPM,452.FN240,,2026-03-31,21,13
3545,Vb-452.WI112-MDE-SPM,452.WI112,,2026-04-09,-5.7,-19.2
3546,Vb-452.WI112-MNDE-SPM,452.WI112,,2026-04-09,-7.2,-23.4
3547,Vb-452.WI112-PDE-SPM,452.WI112,,2026-04-09,12.6,4.1
3548,Vb-452.WI112-PNDE-SPM,452.WI112,,2026-04-09,24,7.5
3549,Vb-452.WI111-MDE-SPM,452.WI111,,2026-03-24,8.1,-7.4
3550,Vb-452.WI111-MNDE-SPM,452.WI111,,2026-03-24,-11.2,-23.1
3551,Vb-452.WI111-PDE-SPM,452.WI111,,2026-03-24,10,1.2
3552,Vb-452.WI111-PNDE-SPM,452.WI111,,2026-03-08,12,0.1
3553,Vb-342.FN315-FDE-SPM,342.FN315,,2026-03-31,27.4,4.4
3554,Vb-342.FN315-FNDE-SPM,342.FN315,,2026-03-31,22.8,2.7
3555,Vb-342.FN315-MDE-SPM,342.FN315,,2026-03-31,5,-11.6
3556,Vb-342.FN315-MNDE-SPM,342.FN315,,2026-03-31,3.7,-19.3
3557,Vb-442.CR400-CRDE-SPM,442.CR400,,2026-04-07,29.9,-7.6
3558,Vb-442.CR400-CRNDE-SPM,442.CR400,,2026-04-07,18,-9.9
3559,Vb-442.CR400-MDE-SPM,442.CR400,,2026-04-07,19.2,-4.7
3560,Vb-442.CR400-MNDE-SPM,442.CR400,,2026-04-07,-0.7,-22.3
3561,Vb-462.MD140-MDE-SPM,462.MD140,,2026-04-15,4.8,-2.7
3562,Vb-462.MD140-MNDE-SPM,462.MD140,,2026-04-15,10,2.4
3563,Vb-462.MD140-PHSS-SPM,462.MD140,,2026-04-15,-1.5,-22.7
3564,Vb-462.MD140-RGT-SPM,462.MD140,,2026-04-15,40.1,9.6
3565,Vb-462.FN125-FDE-SPM,462.FN125,,2026-04-15,-10.2,-22.3
3566,Vb-462.FN125-FNDE-SPM,462.FN125,,2026-04-15,-10.5,-21.8
3567,Vb-462.FN125-MDE-SPM,462.FN125,,2026-03-29,3.9,-8.7
3568,Vb-462.FN125-MNDE-SPM,462.FN125,,2026-04-15,1.1,-14.3
3569,Vb-461.MD152-MDE-SPM,461.MD152,,2026-04-15,13.6,7
3570,Vb-461.MD152-MNDE-SPM,461.MD152,,2026-04-15,18.7,10.2
3571,Vb-461.MD152-S1DE-SPM,461.MD152,,2026-04-15,10.6,2.7
3572,Vb-461.MD152-S1NDE-SPM,461.MD152,,2026-04-15,3.2,-4.4
3573,Vb-461.MD152-S2DE-SPM,461.MD152,,2026-04-15,-4.9,-14.7
3574,Vb-461.MD152-S2NDE-SPM,461.MD152,,2026-04-15,-0.7,-8.4
3575,Vb-332.WI210-MDE-SPM,332.WI210,,2026-02-12,-0.2,-11
3576,Vb-332.WI210-MNDE-SPM,332.WI210,,2026-02-12,-9,-24.1
3577,Vb-332.WI210-PDE-SPM,332.WI210,,2026-02-12,4.9,-0.3
3578,Vb-332.WI210-PNDE-SPM,332.WI210,,2026-02-12,20.9,15.9
3579,Vb-442.FN300-FDE-SPM,442.FN300,,2026-03-29,40.5,32.4
3580,Vb-442.FN300-FNDE-SPM,442.FN300,,2026-03-29,28.7,22.1
3581,Vb-442.FN300-MDE-SPM,442.FN300,,2026-03-29,19.3,9.7
3582,Vb-442.FN300-MNDE-SPM,442.FN300,,2026-03-29,23.1,13.7
3583,Vb-442.FN305-FDE-SPM,442.FN305,,2026-03-29,24.1,14.9
3584,Vb-442.FN305-FNDE-SPM,442.FN305,,2026-03-29,20.4,10.2
3585,Vb-442.FN305-MDE-SPM,442.FN305,,2026-03-29,27.1,13.4
3586,Vb-442.FN305-MNDE-SPM,442.FN305,,2026-03-29,15.7,10
3587,Vb-442.FN310-FDE-SPM,442.FN310,,2026-03-29,32.4,21.4
3588,Vb-442.FN310-FNDE-SPM,442.FN310,,2026-03-29,20.9,13.7
3589,Vb-442.FN310-MDE-SPM,442.FN310,,2026-03-29,16.3,6.1
3590,Vb-442.FN310-MNDE-SPM,442.FN310,,2026-03-29,15,6.6
3591,Vb-442.FN315-FDE-SPM,442.FN315,,2026-03-29,10.9,3.3
3592,Vb-442.FN315-FNDE-SPM,442.FN315,,2026-03-29,13.5,5.1
3593,Vb-442.FN315-MDE-SPM,442.FN315,,2026-03-29,17.6,10.9
3594,Vb-442.FN315-MNDE-SPM,442.FN315,,2026-03-29,19.7,12.1
3595,Vb-442.FN325-FDE-SPM,442.FN325,,2026-03-29,20.1,9.1
3596,Vb-442.FN325-FNDE-SPM,442.FN325,,2026-03-29,13.7,5.1
3597,Vb-442.FN325-MDE-SPM,442.FN325,,2026-03-29,21.6,12.3
3598,Vb-442.FN325-MNDE-SPM,442.FN325,,2026-03-29,19.9,12.5
3599,Vb-442.FN335-FDE-SPM,442.FN335,,2026-03-29,11.2,3.2
3600,Vb-442.FN335-FNDE-SPM,442.FN335,,2026-03-29,10.7,3.7
3601,Vb-442.FN335-MDE-SPM,442.FN335,,2026-03-29,18.2,8.3
3602,Vb-442.FN335-MNDE-SPM,442.FN335,,2026-03-29,17.6,10.4
3603,Vb-442.FN340-FDE-SPM,442.FN340,,2026-04-07,16.1,8.2
3604,Vb-442.FN340-FNDE-SPM,442.FN340,,2026-04-07,19.2,12.2
3605,Vb-442.FN340-MDE-SPM,442.FN340,,2026-04-07,14.2,6.4
3606,Vb-442.FN340-MNDE-SPM,442.FN340,,2026-04-07,11.4,4.3
3607,Vb-442.FN345-FDE-SPM,442.FN345,,2026-04-07,15.3,5.8
3608,Vb-442.FN345-FNDE-SPM,442.FN345,,2026-04-07,13.2,-3.8
3609,Vb-442.FN345-MDE-SPM,442.FN345,,2026-04-07,26,6.4
3610,Vb-442.FN345-MNDE-SPM,442.FN345,,2026-04-07,14,6.6
3611,Vb-442.FN350-FDE-SPM,442.FN350,,2026-04-07,21.3,13.7
3612,Vb-442.FN350-FNDE-SPM,442.FN350,,2026-04-07,9.9,2.6
3613,Vb-442.FN350-MDE-SPM,442.FN350,,2026-04-07,24.3,11.6
3614,Vb-442.FN350-MNDE-SPM,442.FN350,,2026-04-07,15.6,8.3
3615,Vb-462.CP525-CDE-SPM-5,462.CP525,,2026-04-15,16.9,-3
3616,Vb-462.CP525-CDE-SPM-7,462.CP525,,2026-04-15,16.1,4.6
3617,Vb-462.CP525-CNDE-SPM-1,462.CP525,,2026-04-15,25.8,13
3618,Vb-462.CP525-MDE-SPM-A,462.CP525,,2026-04-15,16.4,4.9
3619,Vb-462.CP525-MNDE-SPM-B,462.CP525,,2026-04-15,2.1,-4.3
3620,Vb-743.CP110-CDE-SPM-5,743.CP110,,2026-03-30,20.1,13
3621,Vb-743.CP110-CDE-SPM-7,743.CP110,,2026-03-30,24.6,17.9
3622,Vb-743.CP110-CNDE-SPM-1,743.CP110,,2026-03-30,17.2,9.7
3623,Vb-743.CP110-MDE-SPM-A,743.CP110,,2026-03-30,17.6,-4.7
3624,Vb-743.CP110-MNDE-SPM-B,743.CP110,,2026-03-30,9.8,-7.9
3625,Vb-743.CP111-CDE-SPM-5,743.CP111,,2026-02-04,27.3,13.4
3626,Vb-743.CP111-CDE-SPM-7,743.CP111,,2026-02-04,35.2,15.8
3627,Vb-743.CP111-CNDE-SPM-1,743.CP111,,2026-02-04,42.7,29.4
3628,Vb-743.CP111-MDE-SPM-A,743.CP111,,2026-02-04,22.7,-0.6
3629,Vb-743.CP111-MNDE-SPM-B,743.CP111,,2026-02-04,16.1,-5.5
3630,Vb-743.CP112-CDE-SPM-5,743.CP112,,2026-03-30,22.3,12.1
3631,Vb-743.CP112-CDE-SPM-7,743.CP112,,2026-03-30,16.5,10.2
3632,Vb-743.CP112-CNDE-SPM-1,743.CP112,,2026-03-30,18.5,12.1
3633,Vb-743.CP112-MDE-SPM-A,743.CP112,,2026-03-30,3.9,-6.1
3634,Vb-743.CP112-MNDE-SPM-B,743.CP112,,2026-03-30,1.4,-8.9
3635,Vb-744.CP112-CDE-SPM-5,744.CP112,,2026-01-26,32.5,20.9
3636,Vb-744.CP112-CDE-SPM-7,744.CP112,,2026-01-26,26.7,20.2
3637,Vb-744.CP112-CNDE-SPM-1,744.CP112,,2026-01-26,35.6,17.2
3638,Vb-744.CP112-MDE-SPM-A,744.CP112,,2026-01-26,21.4,2.2
3639,Vb-744.CP112-MNDE-SPM-B,744.CP112,,2026-01-26,8.3,-5.1
3640,Vb-743.CP113-CDE-SPM-5,743.CP113,,2026-03-30,28.9,9.6
3641,Vb-743.CP113-CDE-SPM-7,743.CP113,,2026-03-30,26.6,11.6
3642,Vb-743.CP113-CNDE-SPM-1,743.CP113,,2026-03-30,21,11
3643,Vb-743.CP113-MDE-SPM-A,743.CP113,,2026-03-30,16,-6.3
3644,Vb-743.CP113-MNDE-SPM-B,743.CP113,,2026-03-30,1.6,-17
3645,,744.CP113,Compressor DE,2026-01-26,29.8,21
3646,,744.CP113,Compressor DE,2026-01-26,27.9,21.4
3647,,744.CP113,Compressor NDE,2026-01-26,44.4,19.6
3648,,744.CP113,Motor DE,2026-01-26,13.5,5.1
3649,,744.CP113,Motor NDE,2026-01-26,8.7,-2.3
3650,,332.CP280,Compressor DE,2026-03-31,9.8,3
3651,,332.CP280,Compressor DE,2026-03-31,7.2,1.4
3652,,332.CP280,Compressor NDE,2026-03-31,9.2,2.5
3653,,332.CP280,Motor DE,2026-03-31,3.4,-17.3
3654,,332.CP280,Motor NDE,2026-03-31,16.8,-13.8
3655,Vb-332.CP281-CDE-SPM-5,332.CP281,,2026-03-31,13.8,5.8
3656,Vb-332.CP281-CDE-SPM-7,332.CP281,,2026-03-31,-3,-12.9
3657,Vb-332.CP281-CNDE-SPM-1,332.CP281,,2026-03-31,2.4,-4.9
3658,Vb-332.CP281-MDE-SPM-A,332.CP281,,2026-03-31,14.1,5
3659,Vb-332.CP281-MNDE-SPM-B,332.CP281,,2026-03-31,11.3,1.4
3660,Vb-462.CP530-CDE-SPM-5,462.CP530,,2026-01-21,10.9,6.3
3661,Vb-462.CP530-CDE-SPM-7,462.CP530,,2026-01-21,14.4,6.3
3662,Vb-462.CP530-CNDE-SPM-1,462.CP530,,2026-01-21,31.2,21.5
3663,Vb-462.CP530-MDE-SPM-A,462.CP530,,2026-01-21,7.5,2.5
3664,Vb-462.CP530-MNDE-SPM-B,462.CP530,,2026-01-21,3.4,-2.6
3665,,462.CP.535,Compressor DE,2026-04-15,16.2,0.6
3666,,462.CP.535,Compressor DE,2026-04-15,20.5,8.6
3667,,462.CP.535,Compressor NDE,2026-04-15,25.8,18.2
3668,,462.CP.535,Motor DE,2026-04-15,10.2,-0.8
3669,,462.CP.535,Motor NDE,2026-04-15,17.1,5
3670,Vb-332.FN400-FDE-SPM,332.FN400,,2026-04-14,2.4,-12.2
3671,Vb-332.FN400-FNDE-SPM,332.FN400,,2026-04-14,9,-3.6
3672,Vb-332.FN400-MDE-SPM,332.FN400,,2026-04-14,2.1,-5.7
3673,Vb-332.FN400-MNDE-SPM,332.FN400,,2026-04-14,13.7,-8.9
3674,Vb-442.FN590-FDE-SPM,442.FN590,,2026-04-07,15.7,-11.1
3675,Vb-442.FN590-FNDE-SPM,442.FN590,,2026-04-07,31.5,-9.9
3676,Vb-442.FN590-MDE-SPM,442.FN590,,2026-04-07,18.6,7.4
3677,Vb-442.FN590-MNDE-SPM,442.FN590,,2026-04-07,16.7,9.4
3678,Vb-442.FN590-S1DE-SPM,442.FN590,,2026-04-07,19.1,11.4
3679,Vb-442.FN590-S1NDE-SPM,442.FN590,,2026-04-07,18.3,11.8
3680,Vb-442.FN590-S2DE-SPM,442.FN590,,2026-04-07,24.8,15.3
3681,Vb-442.FN590-S2NDE-SPM,442.FN590,,2026-04-07,24.1,12.8
3682,Vb-462.PP515-MDE-SPM,462.PP515,,2026-04-15,10.8,-14.6
3683,Vb-462.PP515-MNDE-SPM,462.PP515,,2026-04-15,-6.5,-14.9
3684,Vb-462.PP515-PDE-SPM,462.PP515,,2026-04-15,4.5,-13.7
3685,Vb-462.PP515-PNDE-SPM,462.PP515,,2026-04-15,9.1,-9.2
3686,Vb-213.HC100-CRDE-SPM,213.HC100,,2026-01-26,8.9,-7.9
3687,Vb-213.HC100-CRNDE-SPM,213.HC100,,2026-01-26,4.1,-4.1
3688,Vb-213.HC100-MDE-SPM,213.HC100,,2026-01-26,19,0.4
3689,Vb-213.HC100-MNDE-SPM,213.HC100,,2026-01-26,-10.6,-18.4
3690,Vb-332.FN110-FDE-SPM,332.FN110,,2026-03-31,9.7,-7.5
3691,Vb-332.FN110-FNDE-SPM,332.FN110,,2026-03-31,10.9,-8.4
3692,Vb-332.FN110-MDE-SPM,332.FN110,,2026-03-31,7.4,-3.1
3693,Vb-332.FN110-MNDE-SPM,332.FN110,,2026-03-31,33,20.6
3694,Vb-432.MD140-MDE-SPM,432.MD140,,2026-03-31,5.2,-4.1
3695,Vb-432.MD140-MNDE-SPM,432.MD140,,2026-03-31,5.4,-4.1
3696,Vb-432.MD140-S1DE-SPM,432.MD140,,2026-03-31,8.1,-9.4
3697,Vb-432.MD140-S1NDE-SPM,432.MD140,,2026-03-31,-1.2,-13.7
3698,Vb-432.MD140-S2DE-SPM,432.MD140,,2026-03-31,10.2,-3.7
3699,Vb-432.MD140-S2NDE-SPM,432.MD140,,2026-03-31,16.5,-3.1
3700,Vb-432.MD140-S3DE-SPM,432.MD140,,2026-03-31,17.8,-2.9
3701,Vb-432.MD140-S3NDE-SPM,432.MD140,,2026-03-31,20.6,-2.1
3702,Vb-432.MD140-S4DE-SPM,432.MD140,,2026-03-31,16.2,-8.8
3703,Vb-432.MD140-S4NDE-SPM,432.MD140,,2026-03-31,11.8,-13.7
3704,Vb-432.MD160-MDE-SPM,432.MD160,,2026-03-31,13.4,-7.7
3705,Vb-432.MD160-MNDE-SPM,432.MD160,,2026-03-31,12.4,-1.3
3706,Vb-432.MD160-S1DE-SPM,432.MD160,,2026-03-31,7,-4.5
3707,Vb-432.MD160-S1NDE-SPM,432.MD160,,2026-03-31,5.9,-7.3
3708,Vb-432.MD160-S2DE-SPM,432.MD160,,2026-03-31,12.4,1.4
3709,Vb-432.MD160-S2NDE-SPM,432.MD160,,2026-03-31,14.3,1
3710,Vb-432.MD160-S3DE-SPM,432.MD160,,2026-03-31,18.8,5.4
3711,Vb-432.MD160-S3NDE-SPM,432.MD160,,2026-03-31,25.2,9.9
3712,Vb-432.MD160-S4DE-SPM,432.MD160,,2026-03-31,19.2,-1.1
3713,Vb-432.MD160-S4NDE-SPM,432.MD160,,2026-03-31,14.4,-6
3714,Vb-432.FN171-FDE-SPM,432.FN171,,2026-03-31,12.3,-8.7
3715,Vb-432.FN171-FNDE-SPM,432.FN171,,2026-03-31,2.7,-13.1
3716,Vb-432.FN171-MDE-SPM,432.FN171,,2026-03-31,6.6,-16.8
3717,Vb-432.FN171-MNDE-SPM,432.FN171,,2026-03-31,-9.7,-27.9
3718,Vb-432.FN176-FDE-SPM,432.FN176,,2026-04-07,18,3.4
3719,Vb-432.FN176-FNDE-SPM,432.FN176,,2026-04-07,18.9,4.6
3720,Vb-432.FN176-MDE-SPM,432.FN176,,2026-04-07,-9.3,-15.9
3721,Vb-432.FN176-MNDE-SPM,432.FN176,,2026-04-07,-2,-18.1
3722,Vb-462.FN400-FDE-SPM,462.FN400,,2026-04-14,0.8,-6.9
3723,Vb-462.FN400-FNDE-SPM,462.FN400,,2026-04-14,2.3,-6.3
3724,Vb-462.FN400-MDE-SPM,462.FN400,,2026-04-14,1,-23.5
3725,Vb-462.FN400-MNDE-SPM,462.FN400,,2026-04-14,-18.1,-28.1
3726,Vb-432.FN560-MDE-SPM,432.FN560,,2026-03-31,3,-3.1
3727,Vb-432.FN560-MNDE-SPM,432.FN560,,2026-03-31,7.2,1.2
3728,,442.WI001,Motor DE,2026-03-31,14.6,-9.2
3729,,442.WI001,Motor NDE,2026-03-31,-3.8,-20.3
3730,,762.WI210,Motor DE,2026-04-08,15.1,7.4
3731,,762.WI210,Motor NDE,2026-04-08,9.3,-4.8
3732,,442.WI002,Motor DE,2026-03-31,13.5,-7.3
3733,,442.WI002,Motor NDE,2026-03-31,-7.1,-16.2
3734,,762.WI211,Motor DE,2026-04-08,30.2,18.8
3735,,762.WI211,Motor NDE,2026-04-08,3.9,-1.3
3736,,442.WI003,Motor DE,2026-03-16,7.8,-16
3737,,442.WI003,Motor NDE,2026-03-16,3,-33
3738,,762.WI212,Motor DE,2026-04-08,16.4,8.7
3739,,762.WI212,Motor NDE,2026-04-08,-1.8,-7.2
3740,,442.WI004,Motor DE,2026-03-31,15.7,9.9
3741,,442.WI004,Motor NDE,2026-03-31,5.1,-4.8
3742,,762.WI213,Motor DE,2026-01-27,7.6,0.2
3743,,762.WI213,Motor NDE,2026-01-27,-7.8,-21.2
3744,,442.WI005,Motor DE,2026-03-31,8,-3.3
3745,,442.WI005,Motor NDE,2026-03-31,4,-16.8
3746,,762.WI214,Motor DE,2026-04-08,29,15.4
3747,,762.WI214,Motor NDE,2026-04-08,3.6,-6.4
3748,,762.WI216,Motor DE,2026-04-08,17.2,11.3
3749,,762.WI216,Motor NDE,2026-04-08,15.8,8.3
3750,Vb-452.FN010-FDE-SPM,452.FN010,,2026-03-31,7.1,-9.3
3751,Vb-452.FN010-FNDE-SPM,452.FN010,,2026-03-31,16.1,-14.3
3752,Vb-452.FN010-MDE-SPM,452.FN010,,2026-03-31,-9.7,-16.9
3753,Vb-452.FN010-MNDE-SPM,452.FN010,,2026-03-31,-1.4,-21.2
3754,Vb-322.MD140-MDE-SPM,322.MD140,,2026-04-14,15.3,-12.8
3755,Vb-322.MD140-MNDE-SPM,322.MD140,,2026-04-14,18.9,4.6
3756,Vb-322.FN400-FDE-SPM,322.FN400,,2026-04-14,5.5,-4.5
3757,Vb-322.FN400-FNDE-SPM,322.FN400,,2026-04-14,7.2,-6.9
3758,Vb-322.FN400-MDE-SPM,322.FN400,,2026-04-14,10.1,0.3
3759,Vb-322.FN400-MNDE-SPM,322.FN400,,2026-04-14,6.4,-17.1
3760,,322.MD152,Motor DE,2026-04-14,19.9,6.4
3761,,322.MD152,Motor NDE,2026-04-14,21.1,11.8
3762,,322.MD152,Shaft 1 inboard  DE,2026-04-14,9.6,-9.9
3763,,322.MD152,Shaft 1 Outboard NDE,2026-04-14,21.9,-14.8
3764,,322.MD152,Shaft 2  inboard  DE,2026-04-14,21.6,-9.9
3765,,322.MD152,Shaft 2  outboard NDE,2026-04-14,11.4,-6.4
3766,Vb-322.FN125-FDE-SPM,322.FN125,,2026-04-14,28.6,5.3
3767,Vb-322.FN125-FNDE-SPM,322.FN125,,2026-04-14,23,8.4
3768,Vb-322.FN125-MDE-SPM,322.FN125,,2026-04-14,3.1,-3
3769,Vb-322.FN125-MNDE-SPM,322.FN125,,2026-04-14,3.8,-2.3
3770,Vb-351.BL110-BLDE-SPM,351.BL110,,2026-04-26,34.7,12.5
3771,Vb-351.BL110-BLNDE-SPM,351.BL110,,2026-04-26,32.6,13.6
3772,Vb-351.BL110-MDE-SPM,351.BL110,,2026-04-26,11.6,4
3773,Vb-351.BL110-MNDE-SPM,351.BL110,,2026-04-26,-4.9,-11
3774,Vb-341.BL300-BLDE-SPM,341.BL300,,2026-04-26,21.1,-5.2
3775,Vb-341.BL300-BLNDE-SPM,341.BL300,,2026-04-26,31.3,-0.4
3776,Vb-341.BL300-MDE-SPM,341.BL300,,2026-04-26,25.8,17.1
3777,Vb-341.BL300-MNDE-SPM,341.BL300,,2026-04-26,6.7,-3.4
3778,Vb-341.BL305-BLDE-SPM,341.BL305,,2026-04-26,26.2,8.8
3779,Vb-341.BL305-BLNDE-SPM,341.BL305,,2026-04-26,23.9,8.6
3780,Vb-341.BL305-MDE-SPM,341.BL305,,2026-04-26,20.1,11.2
3781,Vb-341.BL305-MNDE-SPM,341.BL305,,2026-04-26,8.1,-4.7
3782,Vb-341.BL310-BLDE-SPM,341.BL310,,2026-04-26,17.9,-3.3
3783,Vb-341.BL310-BLNDE-SPM,341.BL310,,2026-04-26,15.5,1.1
3784,Vb-341.BL310-MDE-SPM,341.BL310,,2026-04-26,24.3,14.6
3785,Vb-341.BL310-MNDE-SPM,341.BL310,,2026-04-26,16.4,7
3786,Vb-465.BL580-BLDE-SPM,465.BL580,,2026-04-19,12.5,-7.2
3787,Vb-465.BL580-BLNDE-SPM,465.BL580,,2026-04-19,11.1,-5.6
3788,Vb-465.BL580-MDE-SPM,465.BL580,,2026-04-19,-7,-17.9
3789,Vb-465.BL580-MNDE-SPM,465.BL580,,2026-04-19,-11.1,-23.3
3790,Vb-465.BL630-BLDE-SPM,465.BL630,,2026-03-25,8.9,-14.4
3791,Vb-465.BL630-BLNDE-SPM,465.BL630,,2026-03-25,14.3,-6.1
3792,Vb-465.BL630-MDE-SPM,465.BL630,,2026-03-25,-10.6,-16.6
3793,Vb-465.BL630-MNDE-SPM,465.BL630,,2026-03-25,-5.5,-24.2
3794,Vb-465.BL635-BLDE-SPM,465.BL635,,2026-04-19,-5.1,-14.5
3795,Vb-465.BL635-BLNDE-SPM,465.BL635,,2026-04-19,12,-6.6
3796,Vb-465.BL635-MDE-SPM,465.BL635,,2026-04-19,4.3,-12.7
3797,Vb-465.BL635-MNDE-SPM,465.BL635,,2026-04-19,-7.9,-23.7
3798,Vb-461.FN450-FDE-SPM,461.FN450,,2026-03-26,-7.9,-20
3799,Vb-461.FN450-FNDE-SPM,461.FN450,,2026-03-26,14,-7.8
3800,Vb-461.FN450-MDE-SPM,461.FN450,,2026-04-30,-1.3,-34.8
3801,Vb-461.FN450-MNDE-SPM,461.FN450,,2026-04-30,-23.2,-36.1
3802,Vb-341.BE040-MDE-SPM,341.BE040,,2026-04-29,0.1,-8
3803,Vb-341.BE040-MNDE-SPM,341.BE040,,2026-04-29,-5.7,-20.2
3804,,341.BE040,Shaft 1 inboard,2026-04-29,-7.8,-13.7
3805,,341.BE040,Shaft 2 inboard,2026-04-29,-6,-11.9
3806,Vb-341.BE040-S3DE-SPM,341.BE040,,2026-04-29,2.9,-12.3
3807,Vb-351.BE340-MDE-SPM,351.BE340,,2026-04-29,2.9,-11.8
3808,Vb-351.BE340-MNDE-SPM,351.BE340,,2026-04-29,-7.2,-18.1
3809,,351.BE340,Shaft 1 inboard,2026-04-29,0.6,-5.1
3810,,351.BE340,Shaft 2 inboard,2026-04-29,13,-0.4
3811,Vb-351.BE340-S3DE-SPM,351.BE340,,2026-04-29,41.4,25.9
3812,Vb-342.BE041-MDE-SPM,342.BE041,,2026-04-29,12.2,6.2
3813,Vb-342.BE041-MNDE-SPM,342.BE041,,2026-04-29,9.6,-10.2
3814,,342.BE041,Shaft 1 inboard,2026-04-29,5.9,-10.6
3815,,342.BE041,Shaft 2 inboard,2026-04-29,-1.3,-8.3
3816,Vb-342.BE041-S3DE-SPM,342.BE041,,2026-04-29,5.7,-11.7
3817,Vb-351.BE341-MDE-SPM,351.BE341,,2026-04-29,-0.6,-8.1
3818,Vb-351.BE341-MNDE-SPM,351.BE341,,2026-04-29,-11.5,-17.6
3819,,351.BE341,Shaft 1 inboard,2026-04-29,5.2,-13.4
3820,,351.BE341,Shaft 2 inboard,2026-04-29,3.4,-6.5
3821,Vb-351.BE341-S3DE-SPM,351.BE341,,2026-04-29,46.7,22.8
3822,Vb-451.FN240-FDE-SPM,451.FN240,,2026-04-26,20,-2.6
3823,Vb-451.FN240-FNDE-SPM,451.FN240,,2026-04-26,10.9,-8.4
3824,Vb-451.FN240-MDE-SPM,451.FN240,,2026-04-26,22.5,11.1
3825,Vb-451.FN240-MNDE-SPM,451.FN240,,2026-04-26,30.6,17.3
3826,Vb-451.WI210-MDE-SPM,451.WI210,,2026-04-12,-7.6,-14.1
3827,Vb-451.WI210-PDE-SPM,451.WI210,,2026-01-14,10.7,5.5
3828,Vb-451.WI210-PNDE-SPM,451.WI210,,2026-01-14,5.1,-2.7
3829,Vb-451.WI111-MDE-SPM,451.WI111,,2026-04-12,-6.9,-18.4
3830,Vb-451.WI111-MNDE-SPM,451.WI111,,2026-04-12,5,-15.3
3831,Vb-451.WI111-PDE-SPM,451.WI111,,2026-04-12,14,6.8
3832,Vb-451.WI111-PNDE-SPM,451.WI111,,2026-04-12,4.7,-3.6
3833,Vb-341.FN315-FDE-SPM,341.FN315,,2026-01-21,37.4,21.4
3834,Vb-341.FN315-FNDE-SPM,341.FN315,,2026-01-21,50.6,31.1
3835,Vb-341.FN315-MDE-SPM,341.FN315,,2026-01-21,70.7,27
3836,Vb-341.FN315-MNDE-SPM,341.FN315,,2026-01-21,50.9,18.8
3837,Vb-341.FN316-FDE-SPM,341.FN316,,2026-04-29,26.8,19.9
3838,Vb-341.FN316-FNDE-SPM,341.FN316,,2026-04-29,32.6,15.1
3839,Vb-341.FN316-MDE-SPM,341.FN316,,2026-04-29,25.6,14.5
3840,Vb-341.FN316-MNDE-SPM,341.FN316,,2026-04-29,0,-8.6
3841,Vb-441.CR400-CRDE-SPM,441.CR400,,2026-04-07,25.3,-3.4
3842,Vb-441.CR400-CRNDE-SPM,441.CR400,,2026-04-07,28.3,-2.9
3843,Vb-441.CR400-MDE-SPM,441.CR400,,2026-04-07,4.9,-12.8
3844,Vb-441.CR400-MNDE-SPM,441.CR400,,2026-04-07,2.9,-11.1
3845,Vb-461.MD140-MDE-SPM,461.MD140,,2026-04-30,13.6,2.8
3846,Vb-461.MD140-MNDE-SPM,461.MD140,,2026-04-30,16.7,9.3
3847,Vb-461.MD140-PHSS-SPM,461.MD140,,2026-04-30,-10.8,-19.4
3848,Vb-461.MD140-RGT-SPM,461.MD140,,2026-04-30,-16.8,-28.1
3849,Vb-461.FN125-FDE-SPM,461.FN125,,2026-04-30,11,-0.1
3850,Vb-461.FN125-FNDE-SPM,461.FN125,,2026-04-30,26.7,21.6
3851,Vb-461.FN125-MDE-SPM,461.FN125,,2026-04-30,7.5,-6.6
3852,Vb-461.FN125-MNDE-SPM,461.FN125,,2026-04-30,6.6,0.8
3853,Vb-461.MD152-MDE-SPM,461.MD152,,2026-03-26,20.2,12.2
3854,Vb-461.MD152-MNDE-SPM,461.MD152,,2026-03-26,32.2,21.4
3855,Vb-461.MD152-S1DE-SPM,461.MD152,,2026-03-26,8.4,1.9
3856,Vb-461.MD152-S1NDE-SPM,461.MD152,,2026-03-26,7.6,0.4
3857,Vb-461.MD152-S2DE-SPM,461.MD152,,2026-03-26,4.9,-2.1
3858,Vb-461.MD152-S2NDE-SPM,461.MD152,,2026-03-26,11.4,-2.5
3859,Vb-331.WI211-MDE-SPM,331.WI211,,2026-04-29,-4.6,-20.2
3860,Vb-331.WI211-MNDE-SPM,331.WI211,,2026-04-29,-6.9,-12.2
3861,Vb-331.WI211-PDE-SPM,331.WI211,,2026-04-29,6,-1.3
3862,Vb-331.WI211-PNDE-SPM,331.WI211,,2026-04-29,25.9,20.3
3863,Vb-441.FN300-FDE-SPM,441.FN300,,2026-04-29,25.7,15.5
3864,Vb-441.FN300-FNDE-SPM,441.FN300,,2026-04-29,19.4,10.8
3865,Vb-441.FN300-MDE-SPM,441.FN300,,2026-04-29,16.6,9.1
3866,Vb-441.FN300-MNDE-SPM,441.FN300,,2026-04-29,8.7,2.1
3867,Vb-441.FN305-FDE-SPM,441.FN305,,2026-04-06,26.1,17.4
3868,Vb-441.FN305-FNDE-SPM,441.FN305,,2026-04-06,17.3,11.5
3869,Vb-441.FN305-MDE-SPM,441.FN305,,2026-04-06,20.2,13.3
3870,Vb-441.FN305-MNDE-SPM,441.FN305,,2026-04-06,4,-2.6
3871,Vb-441.FN310-FDE-SPM,441.FN310,,2026-04-06,29.7,21.7
3872,Vb-441.FN310-FNDE-SPM,441.FN310,,2026-04-06,29.4,18.5
3873,Vb-441.FN310-MDE-SPM,441.FN310,,2026-04-06,23.1,15
3874,Vb-441.FN310-MNDE-SPM,441.FN310,,2026-04-06,13,1.6
3875,Vb-441.FN315-FDE-SPM,441.FN315,,2026-04-29,20.3,11.7
3876,Vb-441.FN315-FNDE-SPM,441.FN315,,2026-04-29,27.8,16
3877,Vb-441.FN315-MDE-SPM,441.FN315,,2026-04-29,17.1,7.6
3878,Vb-441.FN315-MNDE-SPM,441.FN315,,2026-04-29,12.2,-2.2
3879,Vb-441.FN325-FDE-SPM,441.FN325,,2026-04-06,26.4,15.2
3880,Vb-441.FN325-FNDE-SPM,441.FN325,,2026-04-06,24.6,12.8
3881,Vb-441.FN325-MDE-SPM,441.FN325,,2026-04-06,16.5,5.5
3882,Vb-441.FN325-MNDE-SPM,441.FN325,,2026-04-06,7.2,-4.8
3883,Vb-441.FN335-FDE-SPM,441.FN335,,2026-04-06,6.2,-6.5
3884,Vb-441.FN335-FNDE-SPM,441.FN335,,2026-04-06,4.1,-3.1
3885,Vb-441.FN335-MDE-SPM,441.FN335,,2026-04-06,8.3,2
3886,Vb-441.FN335-MNDE-SPM,441.FN335,,2026-04-06,17.6,8.4
3887,Vb-441.FN340-FDE-SPM,441.FN340,,2026-04-07,4.4,-12.8
3888,Vb-441.FN340-FNDE-SPM,441.FN340,,2026-04-07,7.9,-1.3
3889,Vb-441.FN340-MDE-SPM,441.FN340,,2026-04-07,23.3,8.8
3890,Vb-441.FN340-MNDE-SPM,441.FN340,,2026-04-07,11.3,5.6
3891,Vb-441.FN345-FDE-SPM,441.FN345,,2026-04-29,18.7,9.5
3892,Vb-441.FN345-FNDE-SPM,441.FN345,,2026-04-29,23.8,14.7
3893,Vb-441.FN345-MDE-SPM,441.FN345,,2026-04-29,16.4,8.5
3894,Vb-441.FN345-MNDE-SPM,441.FN345,,2026-04-29,18.7,10.8
3895,Vb-441.FN350-FDE-SPM,441.FN350,,2026-04-29,16.8,7.4
3896,Vb-441.FN350-FNDE-SPM,441.FN350,,2026-04-29,10,3.3
3897,Vb-441.FN350-MDE-SPM,441.FN350,,2026-04-29,23.2,9.7
3898,Vb-441.FN350-MNDE-SPM,441.FN350,,2026-04-29,15.6,7.2
3899,Vb-741.CP110-CDE-SPM-5,741.CP110,,2026-04-26,21.7,8.7
3900,Vb-741.CP110-CDE-SPM-7,741.CP110,,2026-04-26,15.6,6.9
3901,Vb-741.CP110-CNDE-SPM-1,741.CP110,,2026-04-26,20.9,10.2
3902,Vb-741.CP110-MDE-SPM-A,741.CP110,,2026-04-26,20.8,11.2
3903,Vb-741.CP110-MNDE-SPM-B,741.CP110,,2026-04-26,15.5,-8.7
3904,Vb-741.CP111-CDE-SPM-5,741.CP111,,2026-03-24,9.2,0.9
3905,Vb-741.CP111-CDE-SPM-7,741.CP111,,2026-03-24,10.1,2.9
3906,Vb-741.CP111-CNDE-SPM-1,741.CP111,,2026-03-24,15.9,8.9
3907,Vb-741.CP111-MDE-SPM-A,741.CP111,,2026-03-24,19.2,6.9
3908,Vb-741.CP111-MNDE-SPM-B,741.CP111,,2026-03-24,29.4,2.7
3909,Vb-742.CP111-CDE-SPM-5,742.CP111,,2026-01-04,30.6,23.6
3910,Vb-742.CP111-CDE-SPM-7,742.CP111,,2026-01-04,26.9,21.2
3911,Vb-742.CP111-CNDE-SPM-1,742.CP111,,2026-01-04,26.7,20.1
3912,Vb-742.CP111-MDE-SPM-A,742.CP111,,2026-01-04,5.6,-0.9
3913,Vb-742.CP111-MNDE-SPM-B,742.CP111,,2026-01-04,14,-12.4
3914,Vb-741.CP112-CDE-SPM-5,741.CP112,,2026-04-26,28.2,9.2
3915,Vb-741.CP112-CDE-SPM-7,741.CP112,,2026-04-26,15.5,5.3
3916,Vb-741.CP112-CNDE-SPM-1,741.CP112,,2026-04-26,27.6,17.4
3917,Vb-741.CP112-MDE-SPM-A,741.CP112,,2026-04-26,25.4,8.5
3918,Vb-741.CP112-MNDE-SPM-B,741.CP112,,2026-04-26,13.2,-12.8
3919,Vb-742.CP112-CDE-SPM-5,742.CP112,,2026-01-04,17.3,9.9
3920,Vb-742.CP112-CDE-SPM-7,742.CP112,,2026-01-04,24.4,14.8
3921,Vb-742.CP112-CNDE-SPM-1,742.CP112,,2026-01-04,40.4,31.8
3922,Vb-742.CP112-MDE-SPM-A,742.CP112,,2026-01-04,12.3,3.3
3923,Vb-742.CP112-MNDE-SPM-B,742.CP112,,2026-01-04,28.2,9.3
3924,Vb-741.CP113-CDE-SPM-5,741.CP113,,2026-04-26,20,8
3925,Vb-741.CP113-CDE-SPM-7,741.CP113,,2026-04-26,13,7.4
3926,Vb-741.CP113-CNDE-SPM-1,741.CP113,,2026-04-26,25.7,12.8
3927,Vb-741.CP113-MDE-SPM-A,741.CP113,,2026-04-26,30,8.1
3928,Vb-741.CP113-MNDE-SPM-B,741.CP113,,2026-04-26,20.6,4.9
3929,Vb-742.CP113-CDE-SPM-5,742.CP113,,2026-01-04,10.7,2.8
3930,Vb-742.CP113-CDE-SPM-7,742.CP113,,2026-01-04,8.2,1.9
3931,Vb-742.CP113-CNDE-SPM-1,742.CP113,,2026-01-04,10.2,3.2
3932,Vb-742.CP113-MDE-SPM-A,742.CP113,,2026-01-04,8,-16.4
3933,Vb-742.CP113-MNDE-SPM-B,742.CP113,,2026-01-04,1.6,-16.2
3934,Vb-331.CP280-CDE-SPM-5,331.CP280,,2026-04-26,29.9,15.7
3935,Vb-331.CP280-CDE-SPM-7,331.CP280,,2026-04-26,28.9,15.2
3936,Vb-331.CP280-CNDE-SPM-1,331.CP280,,2026-04-26,35.3,22.8
3937,Vb-331.CP280-MDE-SPM-A,331.CP280,,2026-04-26,33,14.5
3938,Vb-331.CP280-MNDE-SPM-B,331.CP280,,2026-04-26,37.6,8.4
3939,Vb-331.CP281-CDE-SPM-5,331.CP281,,2026-04-26,25.4,13
3940,Vb-331.CP281-CDE-SPM-7,331.CP281,,2026-04-26,24.8,13.1
3941,Vb-331.CP281-CNDE-SPM-1,331.CP281,,2026-04-26,28,17.8
3942,Vb-331.CP281-MDE-SPM-A,331.CP281,,2026-04-26,33.1,10.3
3943,Vb-331.CP281-MNDE-SPM-B,331.CP281,,2026-04-26,33.6,6.1
3944,Vb-331.CP282-CNDE-SPM-1,331.CP282,,2026-04-05,26.2,8.8
3945,Vb-461.CP524-CDE-SPM-5,461.CP524,,2026-01-21,19.1,-0.2
3946,Vb-461.CP524-CDE-SPM-7,461.CP524,,2026-01-21,13.2,2
3947,Vb-461.CP524-CNDE-SPM-1,461.CP524,,2026-01-21,10.6,3.7
3948,Vb-461.CP524-MDE-SPM-A,461.CP524,,2026-01-21,24.9,14.4
3949,Vb-461.CP524-MNDE-SPM-B,461.CP524,,2026-01-21,14.9,7.5
3950,,461.CP525,Compressor DE,2026-04-30,14.5,-4.1
3951,,461.CP525,Compressor DE,2026-04-30,19.3,0.4
3952,,461.CP525,Compressor NDE,2026-04-30,23.3,9.6
3953,,461.CP525,Motor DE,2026-04-30,9.2,1
3954,,461.CP525,Motor NDE,2026-04-30,10.7,-3.2
3955,Vb-461.CP526-CDE-SPM-5,461.CP526,,2026-04-30,12.2,1.8
3956,Vb-461.CP526-CDE-SPM-7,461.CP526,,2026-04-30,23.4,15.8
3957,Vb-461.CP526-CNDE-SPM-1,461.CP526,,2026-04-30,24.8,13.8
3958,Vb-461.CP526-MDE-SPM-A,461.CP526,,2026-04-30,23.8,8.6
3959,Vb-461.CP526-MNDE-SPM-B,461.CP526,,2026-04-30,13.8,6.3
3960,Vb-111.CP400-CDE-SPM-5,111.CP400,,2026-03-15,30,8.5
3961,Vb-111.CP400-CDE-SPM-7,111.CP400,,2026-03-15,22,6.6
3962,Vb-111.CP400-CNDE-SPM-1,111.CP400,,2026-03-15,24.3,11
3963,Vb-111.CP400-MDE-SPM-A,111.CP400,,2026-03-15,30.8,10.4
3964,Vb-111.CP400-MNDE-SPM-B,111.CP400,,2026-03-10,27.2,0.8
3965,Vb-331.FN400-FDE-SPM,331.FN400,,2026-04-14,0.1,-12.5
3966,Vb-331.FN400-FNDE-SPM,331.FN400,,2026-04-14,7.9,-6.9
3967,Vb-331.FN400-MDE-SPM,331.FN400,,2026-04-14,1.6,-6.6
3968,Vb-331.FN400-MNDE-SPM,331.FN400,,2026-04-14,6.7,-4.5
3969,Vb-441.FN.590-FDE-SPM,441.FN590,,2026-04-06,-0.6,-21.1
3970,Vb-441.FN.590-FNDE-SPM,441.FN590,,2026-04-06,9.7,-22.2
3971,Vb-441.FN.590-MDE-SPM,441.FN590,,2026-04-06,18.3,6.7
3972,Vb-441.FN.590-MNDE-SPM,441.FN590,,2026-04-06,10.1,-2.7
3973,Vb-441.FN.590-S1DE-SPM,441.FN590,,2026-04-06,8.3,2.4
3974,Vb-441.FN.590-S1NDE-SPM,441.FN590,,2026-04-06,9,3.2
3975,Vb-441.FN.590-S2DE-SPM,441.FN590,,2026-04-06,-0.1,-5.5
3976,Vb-441.FN.590-v-S2NDE-SPM,441.FN590,,2026-04-06,0.5,-6.4
3977,Vb-461.PP515-MDE-SPM,461.PP515,,2026-04-30,6.6,-10.2
3978,Vb-461.PP515-MNDE-SPM,461.PP515,,2026-04-30,7.9,-15.9
3979,Vb-461.PP515-PDE-SPM,461.PP515,,2026-04-30,12.3,-13.8
3980,Vb-461.PP515-PNDE-SPM,461.PP515,,2026-04-30,16.3,2.3
3981,Vb-331.FN110-FDE-SPM,331.FN110,,2026-04-26,15.5,0.1
3982,Vb-331.FN110-FNDE-SPM,331.FN110,,2026-04-26,16,-1.2
3983,Vb-331.FN110-MDE-SPM,331.FN110,,2026-04-26,22.2,13.9
3984,Vb-331.FN110-MNDE-SPM,331.FN110,,2026-04-26,20.7,6.3
3985,Vb-431.MD140-MDE-SPM,431.MD140,,2026-04-29,4.6,-4.7
3986,Vb-431.MD140-MNDE-SPM,431.MD140,,2026-04-29,13.6,-2
3987,Vb-431.MD140-S1DE-SPM,431.MD140,,2026-04-29,-6.1,-14.9
3988,Vb-431.MD140-S1NDE-SPM,431.MD140,,2026-04-29,-5.9,-18.6
3989,Vb-431.MD140-S2DE-SPM,431.MD140,,2026-04-29,15.3,-1.3
3990,Vb-431.MD140-S2NDE-SPM,431.MD140,,2026-04-29,16.8,-2.6
3991,Vb-431.MD140-S3DE-SPM,431.MD140,,2026-04-29,28.2,-1.6
3992,Vb-431.MD140-S3NDE-SPM,431.MD140,,2026-04-29,21,-1.5
3993,Vb-431.MD140-S4DE-SPM,431.MD140,,2026-04-29,33.8,-7.5
3994,Vb-431.MD140-S4NDE-SPM,431.MD140,,2026-04-29,42.2,-4.7
3995,Vb-431.MD160-MDE-SPM,431.MD160,,2026-04-29,1.1,-7.1
3996,Vb-431.MD160-MNDE-SPM,431.MD160,,2026-04-29,12.4,-7.6
3997,Vb-431.MD160-S1DE-SPM,431.MD160,,2026-04-29,0.8,-12.5
3998,Vb-431.MD160-S1NDE-SPM,431.MD160,,2026-04-29,-1.1,-14.5
3999,Vb-431.MD160-S2DE-SPM,431.MD160,,2026-04-29,16.9,-7.8
4000,Vb-431.MD160-S2NDE-SPM,431.MD160,,2026-04-29,24.8,-6.1
4001,Vb-431.MD160-S3DE-SPM,431.MD160,,2026-04-29,24.6,-7.1
4002,Vb-431.MD160-S3NDE-SPM,431.MD160,,2026-04-29,24.6,-2.3
4003,Vb-431.MD160-S4DE-SPM,431.MD160,,2026-04-29,19.9,-3.4
4004,Vb-431.MD160-S4NDE-SPM,431.MD160,,2026-04-29,32.8,-4.6
4005,Vb-431.FN171-FDE-SPM,431.FN171,,2026-04-29,18.9,8.8
4006,Vb-431.FN171-FNDE-SPM,431.FN171,,2026-04-29,7.2,-2
4007,Vb-431.FN171-MDE-SPM,431.FN171,,2026-04-29,15.2,0.2
4008,Vb-431.FN171-MNDE-SPM,431.FN171,,2026-04-29,15.9,-8.6
4009,Vb-431.FN176-FDE-SPM,431.FN176,,2026-04-29,17.9,5.5
4010,Vb-431.FN176-FNDE-SPM,431.FN176,,2026-04-29,24.3,-8.2
4011,Vb-431.FN176-MDE-SPM,431.FN176,,2026-04-29,15.6,-1.9
4012,Vb-431.FN176-MNDE-SPM,431.FN176,,2026-04-29,8.9,-16.8
4013,Vb-111.HC100-MDE-SPM,111.HC100,,2026-01-31,28.2,-10.9
4014,Vb-111.HC100-MNDE-SPM,111.HC100,,2026-01-31,4.5,-19.5
4015,Vb-111.HC100-RDE-SPM,111.HC100,,2026-01-31,18.2,-12.9
4016,Vb-111.HC100-RNDE-SPM,111.HC100,,2026-01-31,-0.9,-12.1
4017,Vb-111.HC100-S1DE-SPM,111.HC100,,2026-01-31,0.9,-24.3
4018,Vb-111.HC100-S1NDE-SPM,111.HC100,,2026-01-31,1.9,-23.6
4019,Vb-111.HC100-S2DE-SPM,111.HC100,,2026-01-31,30.3,-16.1
4020,Vb-111.HC100-S2NDE-SPM,111.HC100,,2026-01-31,12.9,-18.4
4021,Vb-461.FN400-FDE-SPM,461.FN400,,2026-04-30,8.1,-5.7
4022,Vb-461.FN400-FNDE-SPM,461.FN400,,2026-04-30,6.9,-9.6
4023,Vb-461.FN400-MDE-SPM,461.FN400,,2026-04-30,3.8,-23.6
4024,Vb-461.FN400-MNDE-SPM,461.FN400,,2026-04-30,-1.3,-26
4025,Vb-431.FN560-MDE-SPM,431.FN560,,2026-04-29,11.9,0.6
4026,Vb-431.FN560-MNDE-SPM,431.FN560,,2026-04-29,0.9,-6.1
4027,,441.WI001,Motor DE,2026-04-29,5.7,-11.5
4028,,441.WI001,Motor NDE,2026-04-29,2.9,-12.4
4029,,761.WI210,Motor DE,2026-04-08,11.8,-2.6
4030,,761.WI210,Motor NDE,2026-04-08,19.8,-1.6
4031,,441.WI002,Motor DE,2026-04-29,15.3,-7.8
4032,,441.WI002,Motor NDE,2026-04-29,4.6,-34.2
4033,,761.WI211,Motor DE,2026-04-08,24.6,17.5
4034,,761.WI211,Motor NDE,2026-04-08,12.1,1.4
4035,,441.WI003,Motor DE,2026-04-29,14.2,-1.7
4036,,441.WI003,Motor NDE,2026-04-29,-2.6,-10.2
4037,,761.WI212,Motor DE,2026-04-08,12.8,1.4
4038,,761.WI212,Motor NDE,2026-04-08,16.3,2.9
4039,,441.WI004,Motor DE,2026-04-29,12.7,-12.9
4040,,441.WI004,Motor NDE,2026-04-29,-2.4,-18.6
4041,,761.WI213,Motor DE,2026-04-08,27.5,17.3
4042,,761.WI213,Motor NDE,2026-04-08,10.6,4.4
4043,,761.WI214,Motor DE,2026-04-08,26.7,12.9
4044,,761.WI214,Motor NDE,2026-04-08,12.8,-2.5
4045,,761.WI215,Motor DE,2026-02-13,7.8,-5.7
4046,,761.WI215,Motor NDE,2026-02-14,30,-10.6
4047,,761.WI216,Motor DE,2026-04-08,4.1,-1.8
4048,,761.WI216,Motor NDE,2026-04-08,6.5,-4.1
4049,Vb-451.FN010-FDE-SPM,451.FN010,,2026-04-26,16.2,-0.9
4050,Vb-451.FN010-FNDE-SPM,451.FN010,,2026-04-26,20.5,-4
4051,Vb-451.FN010-MDE-SPM,451.FN010,,2026-04-26,11.9,-7.7
4052,Vb-451.FN010-MNDE-SPM,451.FN010,,2026-04-26,2.2,-14.6
4053,Vb-321.MD140-GBHSS-SPM,321.MD140,,2026-04-14,12.9,-5.5
4054,Vb-321.MD140-MDE-SPM,321.MD140,,2026-04-14,20.1,-20.6
4055,Vb-321.MD140-MNDE-SPM-ORD,321.MD140,,2026-04-14,-4.7,-19.9
4056,Vb-321.FN400-FDE-SPM,321.FN400,,2026-04-14,11.2,-3.5
4057,Vb-321.FN400-FNDE-SPM,321.FN400,,2026-04-14,4.1,-4.5
4058,Vb-321.FN400-MDE-SPM,321.FN400,,2026-04-14,11.7,4.2
4059,Vb-321.FN400-MNDE-SPM,321.FN400,,2026-04-14,9.9,-10.4
4060,Vb-321.MD152-MDE-SPM,321.MD152,,2026-03-26,34.3,20.4
4061,Vb-321.MD152-MNDE-SPM,321.MD152,,2026-03-26,23.9,16.6
4062,Vb-321.MD152-S1DE-SPM,321.MD152,,2026-03-26,4.4,-6.9
4063,Vb-321.MD152-S1NDE-SPM,321.MD152,,2026-03-26,2.1,-7.1
4064,Vb-321.MD152-S2DE-SPM,321.MD152,,2026-03-26,16.4,1.4
4065,Vb-321.MD152-S2NDE-SPM,321.MD152,,2026-03-26,20.5,-4.2
4066,Vb-321.FN125-FDE-SPM,321.FN125,,2026-04-14,39,22.1
4067,Vb-321.FN125-FNDE-SPM,321.FN125,,2026-04-14,17,8.8
4068,Vb-321.FN125-MDE-SPM,321.FN125,,2026-04-14,3.8,-3.2
4069,Vb-321.FN125-MNDE-SPM,321.FN125,,2026-04-14,3.6,-6
4070,,352.BL115,BL DE,2026-04-15,6.1,-3.1
4071,,352.BL115,BL NDE,2026-04-15,16.3,1
4072,,352.BL115,Motor DE,2026-04-15,6.7,-0.7
4073,,352.BL115,Motor NDE,2026-04-15,-2,-7.1
4074,Vb-342.BL300-BLDE-SPM,342.BL300,,2026-03-30,11.1,0.4
4075,Vb-342.BL300-BLNDE-SPM,342.BL300,,2026-03-30,4,-2.9
4076,Vb-342.BL300-MDE-SPM,342.BL300,,2026-03-30,21.8,13.9
4077,Vb-342.BL300-MNDE-SPM,342.BL300,,2026-03-30,16.3,7.5
4078,Vb-342.BL305-BLDE-SPM,342.BL305,,2026-04-15,5.9,-3.2
4079,Vb-342.BL305-BLNDE-SPM,342.BL305,,2026-04-15,8.5,-1.9
4080,Vb-342.BL305-MDE-SPM,342.BL305,,2026-04-15,17.2,7.1
4081,Vb-342.BL305-MNDE-SPM,342.BL305,,2026-04-15,7.7,0.3
4082,Vb-342.BL310-BLDE-SPM,342.BL310,,2026-04-15,1.5,-11
4083,Vb-342.BL310-BLNDE-SPM,342.BL310,,2026-04-15,7.7,-12.4
4084,Vb-342.BL310-MDE-SPM,342.BL310,,2026-04-15,27.4,17.4
4085,Vb-342.BL310-MNDE-SPM,342.BL310,,2026-04-15,4.3,-5.7
4086,Vb-466.BL580-BLDE-SPM,466.BL580,,2026-02-04,18.5,0.1
4087,Vb-466.BL580-BLNDE-SPM,466.BL580,,2026-02-04,20.7,2.7
4088,Vb-466.BL580-MDE-SPM,466.BL580,,2026-02-04,10.7,-9.2
4089,Vb-466.BL580-MNDE-SPM,466.BL580,,2026-02-04,6.7,-21.9
4090,Vb-466.BL585-BLDE-SPM,466.BL585,,2026-04-23,18.5,1.2
4091,Vb-466.BL585-BLNDE-SPM,466.BL585,,2026-04-23,16.5,-1
4092,Vb-466.BL585-MDE-SPM,466.BL585,,2026-04-23,17.5,-9.9
4093,Vb-466.BL585-MNDE-SPM,466.BL585,,2026-04-23,6.6,-22
4094,Vb-466.BL630-BLDE-SPM,466.BL630,,2026-04-23,9.5,-4
4095,Vb-466.BL630-BLNDE-SPM,466.BL630,,2026-04-23,22,4.3
4096,Vb-466.BL630-MDE-SPM,466.BL630,,2026-04-23,3.5,-3.8
4097,Vb-466.BL630-MNDE-SPM,466.BL630,,2026-04-23,-4.7,-16
4098,Vb-462.FN450-FDE-SPM,462.FN450,,2026-04-15,28.4,-14.9
4099,Vb-462.FN450-FNDE-SPM,462.FN450,,2026-04-15,5.4,-27.8
4100,Vb-462.FN450-MDE-SPM,462.FN450,,2026-04-15,11,1.9
4101,Vb-462.FN450-MNDE-SPM,462.FN450,,2026-04-15,13.3,5
4102,Vb-342.BE050-MDE-SPM,342.BE050,,2026-04-20,8.8,-4
4103,Vb-342.BE050-MNDE-SPM,342.BE050,,2026-04-20,1.5,-14.9
4104,,342.BE050,Shaft 1 inboard,2026-04-20,0.8,-6.9
4105,,342.BE050,Shaft 2 inboard,2026-04-20,3.7,-7.7
4106,Vb-342.BE050-S3DE-SPM,342.BE050,,2026-04-20,22.3,-9.1
4107,Vb-352.BE340-MDE-SPM,352.BE340,,2026-04-20,19.1,-7.3
4108,Vb-352.BE340-MNDE-SPM,352.BE340,,2026-04-20,12.1,-13.4
4109,,352.BE340,Shaft 1 inboard,2026-04-20,-0.4,-8.4
4110,,352.BE340,Shaft 2 inboard,2026-04-20,-8.6,-15.9
4111,Vb-352.BE340-S3DE-SPM,352.BE340,,2026-04-20,4.5,-10.9
4112,Vb-342.BE051-MDE-SPM,342.BE051,,2026-04-20,14,-0.2
4113,Vb-342.BE051-MNDE-SPM,342.BE051,,2026-04-20,-0.9,-18.7
4114,,342.BE051,Shaft 1 inboard,2026-04-20,5.5,-8.9
4115,,342.BE051,Shaft 2 inboard,2026-04-20,4.2,-2
4116,Vb-342.BE051-S3DE-SPM,342.BE051,,2026-04-20,6.3,-14.1
4117,Vb-352.BE341-MDE-SPM,352.BE341,,2026-04-20,10.5,-6.1
4118,Vb-352.BE341-MNDE-SPM,352.BE341,,2026-04-20,-8,-17.8
4119,,352.BE341,Shaft 1 inboard,2026-04-20,9.5,-13.1
4120,,352.BE341,Shaft 2 inboard,2026-04-20,2.2,-12
4121,Vb-352.BE341-S3DE-SPM,352.BE341,,2026-04-20,15.5,-6.7
4122,Vb-452.FN240-FDE-SPM,452.FN240,,2026-04-21,2.4,-7.3
4123,Vb-452.FN240-FNDE-SPM,452.FN240,,2026-04-21,-0.1,-6.2
4124,Vb-452.FN240-MDE-SPM,452.FN240,,2026-04-21,19.1,10.8
4125,Vb-452.FN240-MNDE-SPM,452.FN240,,2026-04-21,23.1,15.2
4126,Vb-452.WI112-MDE-SPM,452.WI112,,2026-04-09,-5.7,-19.2
4127,Vb-452.WI112-MNDE-SPM,452.WI112,,2026-04-09,-7.2,-23.4
4128,Vb-452.WI112-PDE-SPM,452.WI112,,2026-04-09,12.6,4.1
4129,Vb-452.WI112-PNDE-SPM,452.WI112,,2026-04-09,24,7.5
4130,Vb-452.WI111-MDE-SPM,452.WI111,,2026-03-24,8.1,-7.4
4131,Vb-452.WI111-MNDE-SPM,452.WI111,,2026-03-24,-11.2,-23.1
4132,Vb-452.WI111-PDE-SPM,452.WI111,,2026-03-24,10,1.2
4133,Vb-452.WI111-PNDE-SPM,452.WI111,,2026-03-08,12,0.1
4134,Vb-342.FN315-FDE-SPM,342.FN315,,2026-04-21,61.4,10.4
4135,Vb-342.FN315-FNDE-SPM,342.FN315,,2026-04-21,42.4,23.5
4136,Vb-342.FN315-MDE-SPM,342.FN315,,2026-04-21,15.2,-12.6
4137,Vb-342.FN315-MNDE-SPM,342.FN315,,2026-04-21,6.3,-19.1
4138,Vb-442.CR400-CRDE-SPM,442.CR400,,2026-04-07,29.9,-7.6
4139,Vb-442.CR400-CRNDE-SPM,442.CR400,,2026-04-07,18,-9.9
4140,Vb-442.CR400-MDE-SPM,442.CR400,,2026-04-07,19.2,-4.7
4141,Vb-442.CR400-MNDE-SPM,442.CR400,,2026-04-07,-0.7,-22.3
4142,Vb-462.MD140-MDE-SPM,462.MD140,,2026-04-15,4.8,-2.7
4143,Vb-462.MD140-MNDE-SPM,462.MD140,,2026-04-15,10,2.4
4144,Vb-462.MD140-PHSS-SPM,462.MD140,,2026-04-15,-1.5,-22.7
4145,Vb-462.MD140-RGT-SPM,462.MD140,,2026-04-15,40.1,9.6
4146,Vb-462.FN125-FDE-SPM,462.FN125,,2026-04-15,-10.2,-22.3
4147,Vb-462.FN125-FNDE-SPM,462.FN125,,2026-04-15,-10.5,-21.8
4148,Vb-462.FN125-MDE-SPM,462.FN125,,2026-03-29,3.9,-8.7
4149,Vb-462.FN125-MNDE-SPM,462.FN125,,2026-04-15,1.1,-14.3
4150,Vb-461.MD152-MDE-SPM,461.MD152,,2026-04-15,13.6,7
4151,Vb-461.MD152-MNDE-SPM,461.MD152,,2026-04-15,18.7,10.2
4152,Vb-461.MD152-S1DE-SPM,461.MD152,,2026-04-15,10.6,2.7
4153,Vb-461.MD152-S1NDE-SPM,461.MD152,,2026-04-15,3.2,-4.4
4154,Vb-461.MD152-S2DE-SPM,461.MD152,,2026-04-15,-4.9,-14.7
4155,Vb-461.MD152-S2NDE-SPM,461.MD152,,2026-04-15,-0.7,-8.4
4156,Vb-332.WI210-MDE-SPM,332.WI210,,2026-04-27,14.7,4.5
4157,Vb-332.WI210-MNDE-SPM,332.WI210,,2026-04-27,-1.2,-18.6
4158,Vb-332.WI210-PDE-SPM,332.WI210,,2026-04-27,10.7,5.2
4159,Vb-332.WI210-PNDE-SPM,332.WI210,,2026-04-27,15.2,8.7
4160,Vb-332.WI211-MDE-SPM,332.WI211,,2026-04-27,-4.5,-9.8
4161,Vb-332.WI211-MNDE-SPM,332.WI211,,2026-04-27,-7.1,-16.5
4162,Vb-332.WI211-PDE-SPM,332.WI211,,2026-04-27,16,7.4
4163,Vb-332.WI211-PNDE-SPM,332.WI211,,2026-04-27,15.2,8.1
4164,Vb-442.FN300-FDE-SPM,442.FN300,,2026-04-23,43.4,36
4165,Vb-442.FN300-FNDE-SPM,442.FN300,,2026-04-23,29.6,22
4166,Vb-442.FN300-MDE-SPM,442.FN300,,2026-04-23,16.9,8.5
4167,Vb-442.FN300-MNDE-SPM,442.FN300,,2026-04-23,20.2,12.5
4168,Vb-442.FN305-FDE-SPM,442.FN305,,2026-04-23,25.1,15.9
4169,Vb-442.FN305-FNDE-SPM,442.FN305,,2026-04-23,26.6,13.1
4170,Vb-442.FN305-MDE-SPM,442.FN305,,2026-04-23,19,11.3
4171,Vb-442.FN305-MNDE-SPM,442.FN305,,2026-04-23,20.4,13.6
4172,Vb-442.FN310-FDE-SPM,442.FN310,,2026-04-23,17.6,9
4173,Vb-442.FN310-FNDE-SPM,442.FN310,,2026-04-23,17.1,7.7
4174,Vb-442.FN310-MDE-SPM,442.FN310,,2026-04-23,18.1,10
4175,Vb-442.FN310-MNDE-SPM,442.FN310,,2026-04-23,12.6,6.7
4176,Vb-442.FN315-FDE-SPM,442.FN315,,2026-04-23,13.5,3.4
4177,Vb-442.FN315-FNDE-SPM,442.FN315,,2026-04-23,10.2,1.6
4178,Vb-442.FN315-MDE-SPM,442.FN315,,2026-04-23,20.4,10.3
4179,Vb-442.FN315-MNDE-SPM,442.FN315,,2026-04-23,15.9,8.8
4180,Vb-442.FN325-FDE-SPM,442.FN325,,2026-04-23,15.4,7.5
4181,Vb-442.FN325-FNDE-SPM,442.FN325,,2026-04-23,19.3,12
4182,Vb-442.FN325-MDE-SPM,442.FN325,,2026-04-23,24.4,16.4
4183,Vb-442.FN325-MNDE-SPM,442.FN325,,2026-04-23,15,8.9
4184,Vb-442.FN335-FDE-SPM,442.FN335,,2026-04-23,7.6,-0.8
4185,Vb-442.FN335-FNDE-SPM,442.FN335,,2026-04-23,3.3,-2.5
4186,Vb-442.FN335-MDE-SPM,442.FN335,,2026-04-23,17.4,8.5
4187,Vb-442.FN335-MNDE-SPM,442.FN335,,2026-04-23,16,7.7
4188,Vb-442.FN340-FDE-SPM,442.FN340,,2026-04-07,16.1,8.2
4189,Vb-442.FN340-FNDE-SPM,442.FN340,,2026-04-07,19.2,12.2
4190,Vb-442.FN340-MDE-SPM,442.FN340,,2026-04-07,14.2,6.4
4191,Vb-442.FN340-MNDE-SPM,442.FN340,,2026-04-07,11.4,4.3
4192,Vb-442.FN345-FDE-SPM,442.FN345,,2026-04-07,15.3,5.8
4193,Vb-442.FN345-FNDE-SPM,442.FN345,,2026-04-07,13.2,-3.8
4194,Vb-442.FN345-MDE-SPM,442.FN345,,2026-04-07,26,6.4
4195,Vb-442.FN345-MNDE-SPM,442.FN345,,2026-04-07,14,6.6
4196,Vb-442.FN350-FDE-SPM,442.FN350,,2026-04-07,21.3,13.7
4197,Vb-442.FN350-FNDE-SPM,442.FN350,,2026-04-07,9.9,2.6
4198,Vb-442.FN350-MDE-SPM,442.FN350,,2026-04-07,24.3,11.6
4199,Vb-442.FN350-MNDE-SPM,442.FN350,,2026-04-07,15.6,8.3
4200,Vb-462.CP525-CDE-SPM-5,462.CP525,,2026-04-15,16.9,-3
4201,Vb-462.CP525-CDE-SPM-7,462.CP525,,2026-04-15,16.1,4.6
4202,Vb-462.CP525-CNDE-SPM-1,462.CP525,,2026-04-15,25.8,13
4203,Vb-462.CP525-MDE-SPM-A,462.CP525,,2026-04-15,16.4,4.9
4204,Vb-462.CP525-MNDE-SPM-B,462.CP525,,2026-04-15,2.1,-4.3
4205,Vb-743.CP110-CDE-SPM-5,743.CP110,,2026-03-30,20.1,13
4206,Vb-743.CP110-CDE-SPM-7,743.CP110,,2026-03-30,24.6,17.9
4207,Vb-743.CP110-CNDE-SPM-1,743.CP110,,2026-03-30,17.2,9.7
4208,Vb-743.CP110-MDE-SPM-A,743.CP110,,2026-03-30,17.6,-4.7
4209,Vb-743.CP110-MNDE-SPM-B,743.CP110,,2026-03-30,9.8,-7.9
4210,Vb-743.CP111-CDE-SPM-5,743.CP111,,2026-04-19,42.3,33.9
4211,Vb-743.CP111-CDE-SPM-7,743.CP111,,2026-04-19,37.5,27.4
4212,Vb-743.CP111-CNDE-SPM-1,743.CP111,,2026-04-19,49.3,32.8
4213,Vb-743.CP111-MDE-SPM-A,743.CP111,,2026-04-19,15.7,4.7
4214,Vb-743.CP111-MNDE-SPM-B,743.CP111,,2026-04-19,27.6,8.7
4215,Vb-743.CP112-CDE-SPM-5,743.CP112,,2026-04-21,21.5,10.1
4216,Vb-743.CP112-CDE-SPM-7,743.CP112,,2026-04-21,25.7,13.2
4217,Vb-743.CP112-CNDE-SPM-1,743.CP112,,2026-04-21,22.5,12
4218,Vb-743.CP112-MDE-SPM-A,743.CP112,,2026-04-21,14.5,-5.7
4219,Vb-743.CP112-MNDE-SPM-B,743.CP112,,2026-04-21,2.1,-5.2
4220,Vb-744.CP112-CDE-SPM-5,744.CP112,,2026-01-26,32.5,20.9
4221,Vb-744.CP112-CDE-SPM-7,744.CP112,,2026-01-26,26.7,20.2
4222,Vb-744.CP112-CNDE-SPM-1,744.CP112,,2026-01-26,35.6,17.2
4223,Vb-744.CP112-MDE-SPM-A,744.CP112,,2026-01-26,21.4,2.2
4224,Vb-744.CP112-MNDE-SPM-B,744.CP112,,2026-01-26,8.3,-5.1
4225,Vb-743.CP113-CDE-SPM-5,743.CP113,,2026-04-21,26.7,18.9
4226,Vb-743.CP113-CDE-SPM-7,743.CP113,,2026-04-21,21.4,14.2
4227,Vb-743.CP113-CNDE-SPM-1,743.CP113,,2026-04-21,27.2,19.9
4228,Vb-743.CP113-MDE-SPM-A,743.CP113,,2026-04-21,15.1,-7.5
4229,Vb-743.CP113-MNDE-SPM-B,743.CP113,,2026-04-21,6.4,-7.6
4230,,744.CP113,Compressor DE,2026-01-26,29.8,21
4231,,744.CP113,Compressor DE,2026-01-26,27.9,21.4
4232,,744.CP113,Compressor NDE,2026-01-26,44.4,19.6
4233,,744.CP113,Motor DE,2026-01-26,13.5,5.1
4234,,744.CP113,Motor NDE,2026-01-26,8.7,-2.3
4235,,743.CP115,Compressor DE,2026-04-21,32.6,16.1
4236,,743.CP115,Compressor DE,2026-04-21,21.7,8.7
4237,,743.CP115,Compressor NDE,2026-04-21,36.4,18.5
4238,,743.CP115,Motor DE,2026-04-21,24,-1.6
4239,,743.CP115,Motor NDE,2026-04-21,5,-14.5
4240,,332.CP280,Compressor DE,2026-04-21,7.3,0.2
4241,,332.CP280,Compressor DE,2026-04-21,10.1,4.3
4242,,332.CP280,Compressor NDE,2026-04-21,8.6,2.1
4243,,332.CP280,Motor DE,2026-04-21,-5.2,-11.9
4244,,332.CP280,Motor NDE,2026-04-21,10,-10.9
4245,Vb-332.CP281-CDE-SPM-5,332.CP281,,2026-04-21,13.4,6.7
4246,Vb-332.CP281-CDE-SPM-7,332.CP281,,2026-04-21,-5.5,-12.3
4247,Vb-332.CP281-CNDE-SPM-1,332.CP281,,2026-04-21,6.7,-0.8
4248,Vb-332.CP281-MDE-SPM-A,332.CP281,,2026-04-21,11.3,-0.8
4249,Vb-332.CP281-MNDE-SPM-B,332.CP281,,2026-04-21,16.5,3.1
4250,Vb-462.CP530-CDE-SPM-5,462.CP530,,2026-01-21,10.9,6.3
4251,Vb-462.CP530-CDE-SPM-7,462.CP530,,2026-01-21,14.4,6.3
4252,Vb-462.CP530-CNDE-SPM-1,462.CP530,,2026-01-21,31.2,21.5
4253,Vb-462.CP530-MDE-SPM-A,462.CP530,,2026-01-21,7.5,2.5
4254,Vb-462.CP530-MNDE-SPM-B,462.CP530,,2026-01-21,3.4,-2.6
4255,,462.CP.535,Compressor DE,2026-04-15,16.2,0.6
4256,,462.CP.535,Compressor DE,2026-04-15,20.5,8.6
4257,,462.CP.535,Compressor NDE,2026-04-15,25.8,18.2
4258,,462.CP.535,Motor DE,2026-04-15,10.2,-0.8
4259,,462.CP.535,Motor NDE,2026-04-15,17.1,5
4260,Vb-332.FN400-FDE-SPM,332.FN400,,2026-04-14,2.4,-12.2
4261,Vb-332.FN400-FNDE-SPM,332.FN400,,2026-04-14,9,-3.6
4262,Vb-332.FN400-MDE-SPM,332.FN400,,2026-04-14,2.1,-5.7
4263,Vb-332.FN400-MNDE-SPM,332.FN400,,2026-04-14,13.7,-8.9
4264,Vb-442.FN590-FDE-SPM,442.FN590,,2026-04-07,15.7,-11.1
4265,Vb-442.FN590-FNDE-SPM,442.FN590,,2026-04-07,31.5,-9.9
4266,Vb-442.FN590-MDE-SPM,442.FN590,,2026-04-07,18.6,7.4
4267,Vb-442.FN590-MNDE-SPM,442.FN590,,2026-04-07,16.7,9.4
4268,Vb-442.FN590-S1DE-SPM,442.FN590,,2026-04-07,19.1,11.4
4269,Vb-442.FN590-S1NDE-SPM,442.FN590,,2026-04-07,18.3,11.8
4270,Vb-442.FN590-S2DE-SPM,442.FN590,,2026-04-07,24.8,15.3
4271,Vb-442.FN590-S2NDE-SPM,442.FN590,,2026-04-07,24.1,12.8
4272,Vb-462.PP515-MDE-SPM,462.PP515,,2026-04-15,10.8,-14.6
4273,Vb-462.PP515-MNDE-SPM,462.PP515,,2026-04-15,-6.5,-14.9
4274,Vb-462.PP515-PDE-SPM,462.PP515,,2026-04-15,4.5,-13.7
4275,Vb-462.PP515-PNDE-SPM,462.PP515,,2026-04-15,9.1,-9.2
4276,Vb-332.FN110-FDE-SPM,332.FN110,,2026-04-21,9.2,-7.7
4277,Vb-332.FN110-FNDE-SPM,332.FN110,,2026-04-21,9.5,-5.1
4278,Vb-332.FN110-MDE-SPM,332.FN110,,2026-04-21,22.7,15
4279,Vb-332.FN110-MNDE-SPM,332.FN110,,2026-04-21,25.6,16.3
4280,Vb-432.MD140-MDE-SPM,432.MD140,,2026-04-21,8.6,-5.4
4281,Vb-432.MD140-MNDE-SPM,432.MD140,,2026-04-21,9.5,-2
4282,Vb-432.MD140-S1DE-SPM,432.MD140,,2026-04-21,6.8,-19.2
4283,Vb-432.MD140-S1NDE-SPM,432.MD140,,2026-04-21,5.1,-17.7
4284,Vb-432.MD140-S2DE-SPM,432.MD140,,2026-04-21,13.2,-12.1
4285,Vb-432.MD140-S2NDE-SPM,432.MD140,,2026-04-21,13,-10.5
4286,Vb-432.MD140-S3DE-SPM,432.MD140,,2026-04-21,27,-9.8
4287,Vb-432.MD140-S3NDE-SPM,432.MD140,,2026-04-21,24.8,-7.9
4288,Vb-432.MD140-S4DE-SPM,432.MD140,,2026-04-21,8.7,-15.1
4289,Vb-432.MD140-S4NDE-SPM,432.MD140,,2026-04-21,11.3,-12.5
4290,Vb-432.MD160-MDE-SPM,432.MD160,,2026-04-21,9.7,-4.6
4291,Vb-432.MD160-MNDE-SPM,432.MD160,,2026-04-21,18.3,2.7
4292,Vb-432.MD160-S1DE-SPM,432.MD160,,2026-04-21,0.1,-11.1
4293,Vb-432.MD160-S1NDE-SPM,432.MD160,,2026-04-21,-2.7,-15.4
4294,Vb-432.MD160-S2DE-SPM,432.MD160,,2026-04-21,13,-8.9
4295,Vb-432.MD160-S2NDE-SPM,432.MD160,,2026-04-21,16.6,-7
4296,Vb-432.MD160-S3DE-SPM,432.MD160,,2026-04-21,14.9,-0.9
4297,Vb-432.MD160-S3NDE-SPM,432.MD160,,2026-04-21,27.2,0.9
4298,Vb-432.MD160-S4DE-SPM,432.MD160,,2026-04-21,14.7,-4.5
4299,Vb-432.MD160-S4NDE-SPM,432.MD160,,2026-04-21,34.4,-8.8
4300,Vb-432.FN171-FDE-SPM,432.FN171,,2026-04-20,14.9,-7
4301,Vb-432.FN171-FNDE-SPM,432.FN171,,2026-04-20,9.3,-6.2
4302,Vb-432.FN171-MDE-SPM,432.FN171,,2026-04-20,12.6,-14.7
4303,Vb-432.FN171-MNDE-SPM,432.FN171,,2026-04-20,-5.9,-21.8
4304,Vb-432.FN176-FDE-SPM,432.FN176,,2026-04-07,18,3.4
4305,Vb-432.FN176-FNDE-SPM,432.FN176,,2026-04-07,18.9,4.6
4306,Vb-432.FN176-MDE-SPM,432.FN176,,2026-04-07,-9.3,-15.9
4307,Vb-432.FN176-MNDE-SPM,432.FN176,,2026-04-07,-2,-18.1
4308,Vb-462.FN400-FDE-SPM,462.FN400,,2026-04-27,10,1.8
4309,Vb-462.FN400-FNDE-SPM,462.FN400,,2026-04-14,2.3,-6.3
4310,Vb-462.FN400-MDE-SPM,462.FN400,,2026-04-27,-4.8,-24.6
4311,Vb-462.FN400-MNDE-SPM,462.FN400,,2026-04-27,-11.1,-27.9
4312,Vb-432.FN560-MDE-SPM,432.FN560,,2026-04-20,9.2,1.6
4313,Vb-432.FN560-MNDE-SPM,432.FN560,,2026-04-20,7.5,1.5
4314,,442.WI001,Motor DE,2026-04-20,11.2,0.3
4315,,442.WI001,Motor NDE,2026-04-20,4.4,-18.3
4316,,762.WI210,Motor DE,2026-04-08,15.1,7.4
4317,,762.WI210,Motor NDE,2026-04-08,9.3,-4.8
4318,,442.WI002,Motor DE,2026-04-20,8.6,2.8
4319,,442.WI002,Motor NDE,2026-04-20,-6.1,-12.1
4320,,762.WI211,Motor DE,2026-04-08,30.2,18.8
4321,,762.WI211,Motor NDE,2026-04-08,3.9,-1.3
4322,,442.WI003,Motor DE,2026-03-16,7.8,-16
4323,,442.WI003,Motor NDE,2026-03-16,3,-33
4324,,762.WI212,Motor DE,2026-04-08,16.4,8.7
4325,,762.WI212,Motor NDE,2026-04-08,-1.8,-7.2
4326,,442.WI004,Motor DE,2026-04-20,11.8,4.5
4327,,442.WI004,Motor NDE,2026-04-20,0,-12.4
4328,,762.WI213,Motor DE,2026-01-27,7.6,0.2
4329,,762.WI213,Motor NDE,2026-01-27,-7.8,-21.2
4330,,442.WI005,Motor DE,2026-04-20,13.4,4.6
4331,,442.WI005,Motor NDE,2026-04-20,-10.4,-24.9
4332,,762.WI214,Motor DE,2026-04-08,29,15.4
4333,,762.WI214,Motor NDE,2026-04-08,3.6,-6.4
4334,,762.WI216,Motor DE,2026-04-08,17.2,11.3
4335,,762.WI216,Motor NDE,2026-04-08,15.8,8.3
4336,Vb-452.FN010-FDE-SPM,452.FN010,,2026-04-21,9.8,0
4337,Vb-452.FN010-FNDE-SPM,452.FN010,,2026-04-21,5.7,-13.2
4338,Vb-452.FN010-MDE-SPM,452.FN010,,2026-04-21,3.4,-15.9
4339,Vb-452.FN010-MNDE-SPM,452.FN010,,2026-04-21,-6.4,-24.4
4340,Vb-322.MD140-MDE-SPM,322.MD140,,2026-04-14,15.3,-12.8
4341,Vb-322.MD140-MNDE-SPM,322.MD140,,2026-04-14,18.9,4.6
4342,Vb-322.FN400-FDE-SPM,322.FN400,,2026-04-14,5.5,-4.5
4343,Vb-322.FN400-FNDE-SPM,322.FN400,,2026-04-14,7.2,-6.9
4344,Vb-322.FN400-MDE-SPM,322.FN400,,2026-04-14,10.1,0.3
4345,Vb-322.FN400-MNDE-SPM,322.FN400,,2026-04-14,6.4,-17.1
4346,Vb-322.FN125-FDE-SPM,322.FN125,,2026-04-14,28.6,5.3
4347,Vb-322.FN125-FNDE-SPM,322.FN125,,2026-04-14,23,8.4
4348,Vb-322.FN125-MDE-SPM,322.FN125,,2026-04-14,3.1,-3
4349,Vb-322.FN125-MNDE-SPM,322.FN125,,2026-04-14,3.8,-2.3
4350,Vb-531.MD140-MNDE-SPM,531.MD140,,2026-04-27,,
4351,Vb-531.MD140-MDE-SPM,531.MD140,,2026-04-27,,
4352,Vb-531.MD140-S1DE-SPM,531.MD140,,2026-04-27,,
4353,Vb-531.MD140-S1NDE-SPM,531.MD140,,2026-04-27,,
4354,Vb-531.MD140-S2DE-SPM,531.MD140,,2026-04-27,,
4355,Vb-531.MD140-S2NDE-SPM,531.MD140,,2026-04-27,,
4356,Vb-531.MD140-S3DE-SPM,531.MD140,,2026-04-27,,
4357,Vb-531.MD140-S3NDE-SPM,531.MD140,,2026-04-27,,
4358,Vb-531.MD140-S4DE-SPM,531.MD140,,2026-04-27,,
4359,Vb-531.MD140-S4NDE-SPM,531.MD140,,2026-04-27,,
4360,Vb-531.FN380-MNDE-SPM,531.FN380,,2026-04-23,,
4361,Vb-531.FN380-MDE-SPM,531.FN380,,2026-04-23,,
4362,Vb-531.FN380-FNDE-SPM,531.FN380,,2026-04-23,,
4363,,531.FN380,Fan NDE,2026-04-23,,
4364,Vb-531.FN530-MNDE-SPM,531.FN530,,2026-04-23,,
4365,Vb-531.FN530-MDE-SPM,531.FN530,,2026-04-23,,
4366,Vb-531.FN530-FNDE-SPM,531.FN530,,2026-04-23,,
4367,,531.FN530,Fan NDE,2026-04-23,,
4368,,531.FN242,Motor NDE,2026-04-23,,
4369,,531.FN242,Motor DE,2026-04-23,,
4370,,531.FN242,Fan DE,2026-04-23,,
4371,,531.FN242,Fan NDE,2026-04-23,,
4372,Vb-531.MD302-MNDE-SPM,531.MD302,,2026-04-23,,
4373,Vb-531.MD302-MDE-SPM,531.MD302,,2026-04-23,,
4374,Vb-531.MD302-S1DE-SPM,531.MD302,,2026-04-23,,
4375,Vb-531.MD302-S1NDE-SPM,531.MD302,,2026-04-23,,
4376,Vb-531.MD302-S2DE-SPM,531.MD302,,2026-04-23,,
4377,Vb-531.MD302-S2NDE-SPM,531.MD302,,2026-04-23,,
4378,Vb-532.MD140-MNDE-SPM,532.MD140,,2026-04-23,,
4379,Vb-532.MD140-MDE-SPM,532.MD140,,2026-04-23,,
4380,Vb-532.MD140-S1DE-SPM,532.MD140,,2026-04-23,,
4381,Vb-532.MD140-S1NDE-SPM,532.MD140,,2026-04-23,,
4382,Vb-532.MD140-S2DE-SPM,532.MD140,,2026-04-23,,
4383,Vb-532.MD140-S2NDE-SPM,532.MD140,,2026-04-23,,
4384,Vb-532.MD140-S3DE-SPM,532.MD140,,2026-04-23,,
4385,Vb-532.MD140-S3NDE-SPM,532.MD140,,2026-04-23,,
4386,Vb-532.MD140-S4DE-SPM,532.MD140,,2026-04-23,,
4387,Vb-532.MD140-S4NDE-SPM,532.MD140,,2026-04-23,,
4388,Vb-532.FN380-MNDE-SPM,532.FN380,,2026-04-27,,
4389,Vb-532.FN380-MDE-SPM,532.FN380,,2026-04-27,,
4390,Vb-532.FN380-FNDE-SPM,532.FN380,,2026-04-27,,
4391,,532.FN380,Fan NDE,2026-04-27,,
4392,Vb-532.FN530-MNDE-SPM,532.FN530,,2026-04-23,,
4393,Vb-532.FN530-MDE-SPM,532.FN530,,2026-04-23,,
4394,Vb-532.FN530-FNDE-SPM,532.FN530,,2026-04-23,,
4395,,532.FN530,Fan NDE,2026-04-23,,
4396,,532.FN242,Motor NDE,2026-03-17,,
4397,,532.FN242,Motor DE,2026-03-17,,
4398,,532.FN242,Fan DE,2026-03-17,,
4399,,532.FN242,Fan NDE,2026-03-17,,
4400,Vb-532.BE220-MNDE-SPM,532.BE220,,2026-04-23,,
4401,Vb-532.BE220-MDE-SPM,532.BE220,,2026-04-23,,
4402,,532.BE220,Shaft 1 inboard  DE,2026-04-23,,
4403,,532.BE220,Shaft 2  inboard  DE,2026-04-23,,
4404,,532.BE220,Shaft 2  outboard NDE,2026-04-23,,
4405,,532.BE220,Bearing DE,2026-04-23,,
4406,,532.BE220,Bearing NDE,2026-04-23,,
4407,Vb-532.MD302-MNDE-SPM,532.MD302,,2026-04-23,,
4408,Vb-532.MD302-MDE-SPM,532.MD302,,2026-04-23,,
4409,Vb-532.MD302-S1DE-SPM,532.MD302,,2026-04-23,,
4410,Vb-532.MD302-S1NDE-SPM,532.MD302,,2026-04-23,,
4411,Vb-532.MD302-S2DE-SPM,532.MD302,,2026-04-23,,
4412,Vb-532.MD302-S2NDE-SPM,532.MD302,,2026-04-23,,
4413,Vb-533.MD140-MNDE-SPM,533.MD140,,2026-04-22,,
4414,Vb-533.MD140-MDE-SPM,533.MD140,,2026-04-22,,
4415,Vb-533.MD140-S1DE-SPM,533.MD140,,2026-04-22,,
4416,Vb-533.MD140-S1NDE-SPM,533.MD140,,2026-04-22,,
4417,Vb-533.MD140-S2DE-SPM,533.MD140,,2026-04-22,,
4418,Vb-533.MD140-S2NDE-SPM,533.MD140,,2026-04-22,,
4419,Vb-533.MD140-S3DE-SPM,533.MD140,,2026-04-22,,
4420,Vb-533.MD140-S3NDE-SPM,533.MD140,,2026-04-22,,
4421,Vb-533.MD140-S4DE-SPM,533.MD140,,2026-04-22,,
4422,Vb-533.MD140-S4NDE-SPM,533.MD140,,2026-04-22,,
4423,Vb-533.FN350-MNDE-SPM,533.FN350,,2026-04-22,,
4424,Vb-533.FN350-MDE-SPM,533.FN350,,2026-04-22,,
4425,Vb-533.FN350-FNDE-SPM,533.FN350,,2026-04-22,,
4426,,533.FN350,Fan NDE,2026-04-22,,
4427,Vb-533.FN530-MNDE-SPM,533.FN530,,2026-04-22,,
4428,Vb-533.FN530-MDE-SPM,533.FN530,,2026-04-22,,
4429,Vb-533.FN530-FNDE-SPM,533.FN530,,2026-04-22,,
4430,,533.FN530,Fan NDE,2026-04-22,,
4431,,533.FN364,Motor NDE,2026-04-22,,
4432,,533.FN364,Motor DE,2026-04-22,,
4433,,533.FN364,Fan DE,2026-04-22,,
4434,,533.FN364,Fan NDE,2026-04-22,,
4435,,533.MD302,Motor NDE,2026-04-22,,
4436,,533.MD302,Motor DE,2026-04-22,,
4437,,533.MD302,Shaft 1 inboard  DE,2026-04-22,,
4438,,533.MD302,Shaft 1 Outboard NDE,2026-04-22,,
4439,,533.MD302,Shaft 2  inboard  DE,2026-04-22,,
4440,,533.MD302,Shaft 2  outboard NDE,2026-04-22,,
4441,Vb-533.BE220-MNDE-SPM,533.BE220,,2026-04-22,,
4442,Vb-533.BE220-MDE-SPM,533.BE220,,2026-04-22,,
4443,,533.BE220,Shaft 1 inboard  DE,2026-04-22,,
4444,,533.BE220,Shaft 2  inboard  DE,2026-04-22,,
4445,Vb-534.MD140-MNDE-SPM,534.MD140,,2026-04-27,,
4446,Vb-534.MD140-MDE-SPM,534.MD140,,2026-04-27,,
4447,Vb-534.MD140-S1DE-SPM,534.MD140,,2026-04-27,,
4448,Vb-534.MD140-S1NDE-SPM,534.MD140,,2026-04-27,,
4449,Vb-534.MD140-S2DE-SPM,534.MD140,,2026-04-27,,
4450,Vb-534.MD140-S2NDE-SPM,534.MD140,,2026-04-27,,
4451,Vb-534.MD140-S3DE-SPM,534.MD140,,2026-04-27,,
4452,Vb-534.MD140-S3NDE-SPM,534.MD140,,2026-04-27,,
4453,Vb-534.MD140-S4DE-SPM,534.MD140,,2026-04-27,,
4454,Vb-534.MD140-S4NDE-SPM,534.MD140,,2026-04-27,,
4455,Vb-534.FN350-MNDE-SPM,534.FN350,,2026-04-27,,
4456,Vb-534.FN350-MDE-SPM,534.FN350,,2026-04-27,,
4457,Vb-534.FN350-FNDE-SPM,534.FN350,,2026-04-27,,
4458,,534.FN350,Fan NDE,2026-04-27,,
4459,,534.FN364,Motor NDE,2026-04-27,,
4460,,534.FN364,Motor DE,2026-04-27,,
4461,,534.FN364,Fan DE,2026-04-27,,
4462,,534.FN364,Fan NDE,2026-04-27,,
4463,Vb-534.FN530-MNDE-SPM,534.FN530,,2026-04-27,,
4464,Vb-534.FN530-MDE-SPM,534.FN530,,2026-04-27,,
4465,Vb-534.FN530-FNDE-SPM,534.FN530,,2026-04-27,,
4466,,534.FN530,Fan NDE,2026-04-27,,
4467,Vb-534.BE220-MNDE-SPM,534.BE220,,2026-04-27,,
4468,Vb-534.BE220-MDE-SPM,534.BE220,,2026-04-27,,
4469,,534.BE220,Shaft 1 inboard  DE,2026-04-27,,
4470,,534.BE220,Shaft 2  inboard  DE,2026-04-27,,
4471,,534.MD302,Motor NDE,2026-04-27,,
4472,,534.MD302,Motor DE,2026-04-27,,
4473,,534.MD302,Shaft 1 inboard  DE,2026-04-27,,
4474,,534.MD302,Shaft 1 Outboard NDE,2026-04-27,,
4475,,534.MD302,Shaft 2  inboard  DE,2026-04-27,,
4476,,534.MD302,Shaft 2  outboard NDE,2026-04-27,,
4477,Vb-641.FN.952-MNDE-SPM,641.FN952,,2026-04-27,,
4478,Vb-641.FN.952-MDE-SPM,641.FN952,,2026-04-27,,
4479,Vb-641.FN.952-FNDE-SPM,641.FN952,,2026-04-27,,
4480,,641.FN952,Fan NDE,2026-04-27,,
4481,Vb-642.FN.952-MNDE-SPM,642.FN952,,2026-04-27,,
4482,Vb-642.FN.952-MDE-SPM,642.FN952,,2026-04-27,,
4483,Vb-642.FN.952-FNDE-SPM,642.FN952,,2026-04-27,,
4484,,642.FN952,Fan NDE,2026-04-27,,
4485,Vb-643.FN.952-MNDE-SPM,643.FN952,,2026-04-27,,
4486,Vb-643.FN.952-MDE-SPM,643.FN952,,2026-04-27,,
4487,Vb-643.FN.952-FNDE-SPM,643.FN952,,2026-04-27,,
4488,,643.FN952,Fan NDE,2026-04-27,,
4489,Vb-644.FN.952-MNDE-SPM,644.FN952,,2026-04-27,,
4490,Vb-644.FN.952-MDE-SPM,644.FN952,,2026-04-27,,
4491,Vb-644.FN.952-FNDE-SPM,644.FN952,,2026-04-27,,
4492,,644.FN952,Fan NDE,2026-04-27,,
4493,Vb-645.FN.952-MNDE-SPM,645.FN952,,2026-04-27,,
4494,Vb-645.FN.952-MDE-SPM,645.FN952,,2026-04-27,,
4495,Vb-645.FN.952-FNDE-SPM,645.FN952,,2026-04-27,,
4496,,645.FN952,Fan NDE,2026-04-27,,
4497,Vb-646.FN.952-MNDE-SPM,646.FN952,,2026-04-27,,
4498,Vb-646.FN.952-MDE-SPM,646.FN952,,2026-04-27,,
4499,Vb-646.FN.952-FNDE-SPM,646.FN952,,2026-04-27,,
4500,,646.FN952,Fan NDE,2026-04-27,,
4501,Vb-742.CP110-MNDE-SPM-B,742.CP110,,2026-04-22,,
4502,Vb-742.CP110-MDE-SPM-A,742.CP110,,2026-04-22,,
4503,,742.CP110,Compressor DE,2026-04-22,,
4504,Vb-742.CP110-CNDE-SPM-1,742.CP110,,2026-04-22,,
4505,Vb-742.CP111-MNDE-SPM-B,742.CP111,,2026-04-22,,
4506,Vb-742.CP111-MDE-SPM-A,742.CP111,,2026-04-22,,
4507,,742.CP111,Compressor DE,2026-04-22,,
4508,Vb-742.CP111-CNDE-SPM-1,742.CP111,,2026-04-22,,
4509,Vb-744.CP110-MNDE-SPM-B,744.CP110,,2026-03-18,,
4510,Vb-744.CP110-MDE-SPM-A,744.CP110,,2026-03-18,,
4511,,744.CP110,Compressor DE,2026-03-18,,
4512,Vb-744.CP110-CNDE-SPM-1,744.CP110,,2026-03-18,,
4513,Vb-744.CP111-MNDE-SPM-B,744.CP111,,2026-02-08,,
4514,Vb-744.CP111-MDE-SPM-A,744.CP111,,2026-02-08,,
4515,,744.CP111,Compressor DE,2026-02-08,,
4516,Vb-744.CP111-CNDE-SPM-1,744.CP111,,2026-02-08,,
4517,Vb-612.BL300-MNDE-SPM,612.BL300,,2026-04-27,,
4518,Vb-612.BL300-MDE-SPM,612.BL300,,2026-04-27,,
4519,Vb-612.BL300-BLDE-SPM,612.BL300,,2026-04-27,,
4520,Vb-612.BL300-BLNDE-SPM,612.BL300,,2026-04-27,,
4521,Vb-612.BL300-MNDE-SPM,612.BL300,,2026-04-27,,
4522,Vb-613.BL300-MDE-SPM,613.BL300,,2026-04-27,,
4523,Vb-613.BL300-BLDE-SPM,613.BL300,,2026-04-27,,
4524,Vb-613.BL300-BLNDE-SPM,613.BL300,,2026-04-27,,
4525,Vb-614.BL300-MNDE-SPM,614.BL300,,2026-04-27,,
4526,Vb-614.BL300-MDE-SPM,614.BL300,,2026-04-27,,
4527,Vb-614.BL300-BLDE-SPM,614.BL300,,2026-04-27,,
4528,Vb-614.BL300-BLNDE-SPM,614.BL300,,2026-04-27,,
4529,Vb-531.MD140-MNDE-SPM,531.MD140,,2026-05-13,,
4530,Vb-531.MD140-MDE-SPM,531.MD140,,2026-05-13,,
4531,Vb-531.MD140-S1DE-SPM,531.MD140,,2026-05-13,,
4532,Vb-531.MD140-S1NDE-SPM,531.MD140,,2026-05-13,,
4533,Vb-531.MD140-S2DE-SPM,531.MD140,,2026-05-13,,
4534,Vb-531.MD140-S2NDE-SPM,531.MD140,,2026-05-13,,
4535,Vb-531.MD140-S3DE-SPM,531.MD140,,2026-05-13,,
4536,Vb-531.MD140-S3NDE-SPM,531.MD140,,2026-05-13,,
4537,Vb-531.MD140-S4DE-SPM,531.MD140,,2026-05-13,,
4538,Vb-531.FN380-MNDE-SPM,531.FN380,,2026-05-13,,
4539,Vb-531.FN380-MDE-SPM,531.FN380,,2026-05-13,,
4540,Vb-531.FN380-FNDE-SPM,531.FN380,,2026-05-13,,
4541,,531.FN380,Fan NDE,2026-05-13,,
4542,Vb-531.FN530-MNDE-SPM,531.FN530,,2026-05-13,,
4543,Vb-531.FN530-MDE-SPM,531.FN530,,2026-05-13,,
4544,Vb-531.FN530-FNDE-SPM,531.FN530,,2026-05-13,,
4545,,531.FN530,Fan NDE,2026-05-13,,
4546,,531.FN242,Motor NDE,2026-05-13,,
4547,,531.FN242,Motor DE,2026-05-13,,
4548,,531.FN242,Fan DE,2026-05-13,,
4549,,531.FN242,Fan NDE,2026-05-13,,
4550,Vb-531.MD302-MNDE-SPM,531.MD302,,2026-05-13,,
4551,Vb-531.MD302-MDE-SPM,531.MD302,,2026-05-13,,
4552,Vb-531.MD302-S1DE-SPM,531.MD302,,2026-05-13,,
4553,Vb-531.MD302-S1NDE-SPM,531.MD302,,2026-05-13,,
4554,Vb-531.MD302-S2DE-SPM,531.MD302,,2026-05-13,,
4555,Vb-531.MD302-S2NDE-SPM,531.MD302,,2026-05-13,,
4556,Vb-531.BE220-MNDE-SPM,531.BE220,,2026-05-13,,
4557,Vb-531.BE220-MDE-SPM,531.BE220,,2026-05-13,,
4558,,531.BE220,Shaft 1 inboard  DE,2026-05-13,,
4559,,531.BE220,Shaft 2  inboard  DE,2026-05-13,,
4560,,531.BE220,Shaft 2  outboard NDE,2026-05-13,,
4561,,531.BE220,Bearing DE,2026-05-13,,
4562,,531.BE220,Bearing NDE,2026-05-13,,
4563,Vb-532.MD140-S4NDE-SPM,532.MD140,,2026-05-13,,
4564,Vb-532.MD140-MDE-SPM,532.MD140,,2026-05-13,,
4565,Vb-532.MD140-S1DE-SPM,532.MD140,,2026-05-13,,
4566,Vb-532.MD140-S1NDE-SPM,532.MD140,,2026-05-13,,
4567,Vb-532.MD140-S2NDE-SPM,532.MD140,,2026-05-13,,
4568,Vb-532.MD140-S3NDE-SPM,532.MD140,,2026-05-13,,
4569,Vb-532.MD140-S4NDE-SPM,532.MD140,,2026-05-13,,
4570,Vb-532.FN380-MNDE-SPM,532.FN380,,2026-05-13,,
4571,Vb-532.FN380-MDE-SPM,532.FN380,,2026-05-13,,
4572,Vb-532.FN380-FNDE-SPM,532.FN380,,2026-05-13,,
4573,,532.FN380,Fan NDE,2026-05-13,,
4574,Vb-532.FN530-MNDE-SPM,532.FN530,,2026-05-13,,
4575,Vb-532.FN530-MDE-SPM,532.FN530,,2026-05-13,,
4576,Vb-532.FN530-FNDE-SPM,532.FN530,,2026-05-13,,
4577,,532.FN530,Fan NDE,2026-05-13,,
4578,,532.FN242,Motor NDE,2026-05-13,,
4579,,532.FN242,Motor DE,2026-05-13,,
4580,,532.FN242,Fan DE,2026-05-13,,
4581,,532.FN242,Fan NDE,2026-05-13,,
4582,Vb-532.MD302-MNDE-SPM,532.MD302,,2026-05-13,,
4583,Vb-532.MD302-MDE-SPM,532.MD302,,2026-05-13,,
4584,Vb-532.MD302-S1DE-SPM,532.MD302,,2026-05-13,,
4585,Vb-532.MD302-S1NDE-SPM,532.MD302,,2026-05-13,,
4586,Vb-532.MD302-S2DE-SPM,532.MD302,,2026-05-13,,
4587,Vb-532.MD302-S2NDE-SPM,532.MD302,,2026-05-13,,
4588,Vb-533.MD140-MNDE-SPM,533.MD140,,2026-05-11,,
4589,Vb-533.MD140-MDE-SPM,533.MD140,,2026-05-11,,
4590,Vb-533.MD140-S1DE-SPM,533.MD140,,2026-05-11,,
4591,Vb-533.MD140-S1NDE-SPM,533.MD140,,2026-05-11,,
4592,Vb-533.MD140-S2DE-SPM,533.MD140,,2026-05-11,,
4593,Vb-533.MD140-S2NDE-SPM,533.MD140,,2026-05-11,,
4594,Vb-533.MD140-S3DE-SPM,533.MD140,,2026-05-11,,
4595,Vb-533.MD140-S3NDE-SPM,533.MD140,,2026-05-11,,
4596,Vb-533.MD140-S4DE-SPM,533.MD140,,2026-05-11,,
4597,Vb-533.MD140-S4NDE-SPM,533.MD140,,2026-05-11,,
4598,Vb-533.FN350-MNDE-SPM,533.FN350,,2026-05-11,,
4599,Vb-533.FN350-MDE-SPM,533.FN350,,2026-05-11,,
4600,Vb-533.FN350-FNDE-SPM,533.FN350,,2026-05-11,,
4601,,533.FN350,Fan NDE,2026-05-11,,
4602,Vb-533.FN350-MNDE-SPM,533.FN350,,2026-05-11,,
4603,Vb-533.FN350-MDE-SPM,533.FN350,,2026-05-11,,
4604,Vb-533.FN350-FNDE-SPM,533.FN350,,2026-05-11,,
4605,,533.FN350,Fan NDE,2026-05-11,,
4606,,533.FN364,Motor NDE,2026-05-11,,
4607,,533.FN364,Motor DE,2026-05-11,,
4608,,533.FN364,Fan DE,2026-05-11,,
4609,,533.FN364,Fan NDE,2026-05-11,,
4610,,533.MD302,Motor NDE,2026-05-11,,
4611,,533.MD302,Motor DE,2026-05-11,,
4612,,533.MD302,Shaft 1 inboard  DE,2026-05-11,,
4613,,533.MD302,Shaft 1 Outboard NDE,2026-05-11,,
4614,,533.MD302,Shaft 2  inboard  DE,2026-05-11,,
4615,,533.MD302,Shaft 2  outboard NDE,2026-05-11,,
4616,,533.MD302,Shaft 3  inboard  DE,2026-05-11,,
4617,,533.MD302,Shaft 3  outboard NDE,2026-05-11,,
4618,Vb-533.BE220-MNDE-SPM,533.BE220,,2026-05-11,,
4619,Vb-533.BE220-MDE-SPM,533.BE220,,2026-05-11,,
4620,,533.BE220,Shaft 1 inboard  DE,2026-05-11,,
4621,,533.BE220,Shaft 2  inboard  DE,2026-05-11,,
4622,,533.BE220,Shaft 2  inboard  DE,2026-05-11,,
4623,,533.BE220,Shaft 2  outboard NDE,2026-05-11,,
4624,,533.BE220,Bearing DE,2026-05-11,,
4625,,533.BE220,Bearing NDE,2026-05-11,,
4626,Vb-534.MD140-MNDE-SPM,534.MD140,,2026-05-13,,
4627,Vb-534.MD140-MDE-SPM,534.MD140,,2026-05-13,,
4628,Vb-534.MD140-S1DE-SPM,534.MD140,,2026-05-13,,
4629,Vb-534.MD140-S1NDE-SPM,534.MD140,,2026-05-13,,
4630,Vb-534.MD140-S2DE-SPM,534.MD140,,2026-05-13,,
4631,Vb-534.MD140-S2NDE-SPM,534.MD140,,2026-05-13,,
4632,Vb-534.MD140-S3DE-SPM,534.MD140,,2026-05-13,,
4633,Vb-534.MD140-S3NDE-SPM,534.MD140,,2026-05-13,,
4634,Vb-534.MD140-S4DE-SPM,534.MD140,,2026-05-13,,
4635,Vb-534.MD140-S4NDE-SPM,534.MD140,,2026-05-13,,
4636,Vb-534.FN350-MNDE-SPM,534.FN350,,2026-05-13,,
4637,Vb-534.FN350-MDE-SPM,534.FN350,,2026-05-13,,
4638,Vb-534.FN350-FNDE-SPM,534.FN350,,2026-05-13,,
4639,,534.FN350,Fan NDE,2026-05-13,,
4640,,534.FN364,Motor NDE,2026-04-27,,
4641,,534.FN364,Motor DE,2026-04-27,,
4642,,534.FN364,Fan DE,2026-04-27,,
4643,,534.FN364,Fan NDE,2026-04-27,,
4644,Vb-534.FN530-MNDE-SPM,534.FN530,,2026-05-13,,
4645,Vb-534.FN530-MDE-SPM,534.FN530,,2026-05-13,,
4646,Vb-534.FN530-FNDE-SPM,534.FN530,,2026-05-13,,
4647,,534.FN530,Fan NDE,2026-05-13,,
4648,,534.MD302,Motor NDE,2026-04-27,,
4649,,534.MD302,Motor DE,2026-04-27,,
4650,,534.MD302,Shaft 1 inboard  DE,2026-04-27,,
4651,,534.MD302,Shaft 1 Outboard NDE,2026-04-27,,
4652,,534.MD302,Shaft 2  inboard  DE,2026-04-27,,
4653,,534.MD302,Shaft 2  outboard NDE,2026-04-27,,
4654,Vb-641.FN.952-MNDE-SPM,641.FN952,,2026-05-13,,
4655,Vb-641.FN.952-MDE-SPM,641.FN952,,2026-05-13,,
4656,Vb-641.FN.952-FNDE-SPM,641.FN952,,2026-05-13,,
4657,,641.FN952,Fan NDE,2026-05-13,,
4658,Vb-642.FN.952-MNDE-SPM,642.FN952,,2026-05-13,,
4659,Vb-642.FN.952-MDE-SPM,642.FN952,,2026-05-13,,
4660,Vb-642.FN.952-FNDE-SPM,642.FN952,,2026-05-13,,
4661,,642.FN952,Fan NDE,2026-05-13,,
4662,Vb-643.FN.952-MNDE-SPM,643.FN952,,2026-05-13,,
4663,Vb-643.FN.952-MDE-SPM,643.FN952,,2026-05-13,,
4664,Vb-643.FN.952-FNDE-SPM,643.FN952,,2026-05-13,,
4665,,643.FN952,Fan NDE,2026-05-13,,
4666,Vb-644.FN.952-MNDE-SPM,644.FN952,,2026-05-13,,
4667,Vb-644.FN.952-MDE-SPM,644.FN952,,2026-05-13,,
4668,Vb-644.FN.952-FNDE-SPM,644.FN952,,2026-05-13,,
4669,,644.FN952,Fan NDE,2026-05-13,,
4670,Vb-645.FN.952-MNDE-SPM,645.FN952,,2026-05-13,,
4671,Vb-645.FN.952-MDE-SPM,645.FN952,,2026-05-13,,
4672,Vb-645.FN.952-FNDE-SPM,645.FN952,,2026-05-13,,
4673,,645.FN952,Fan NDE,2026-05-13,,
4674,Vb-646.FN.952-MNDE-SPM,646.FN952,,2026-05-13,,
4675,Vb-646.FN.952-MDE-SPM,646.FN952,,2026-05-13,,
4676,Vb-646.FN.952-FNDE-SPM,646.FN952,,2026-05-13,,
4677,,646.FN952,Fan NDE,2026-05-13,,
4678,Vb-213.HC100-MNDE-SPM,213.HC100,,2026-05-13,,
4679,Vb-213.HC100-MDE-SPM,213.HC100,,2026-05-13,,
4680,,213.HC100,Crusher DE,2026-05-13,,
4681,,213.HC100,Crusher NDE,2026-05-13,,
4682,Vb-742.CP110-MNDE-SPM-B,742.CP110,,2026-05-11,,
4683,Vb-742.CP110-MDE-SPM-A,742.CP110,,2026-05-11,,
4684,,742.CP110,Compressor DE,2026-05-11,,
4685,Vb-742.CP110-CNDE-SPM-1,742.CP110,,2026-05-11,,
4686,Vb-742.CP112-MNDE-SPM-B,742.CP112,,2026-05-11,,
4687,Vb-742.CP112-MDE-SPM-A,742.CP112,,2026-05-11,,
4688,,742.CP112,Compressor DE,2026-05-11,,
4689,Vb-742.CP112-CNDE-SPM-1,742.CP112,,2026-05-11,,
4690,Vb-742.CP113-MNDE-SPM-B,742.CP113,,2026-05-11,,
4691,Vb-742.CP113-MDE-SPM-A,742.CP113,,2026-05-11,,
4692,,742.CP113,Compressor DE,2026-05-11,,
4693,Vb-742.CP113-CNDE-SPM-1,742.CP113,,2026-05-11,,
4694,Vb-744.CP110-MNDE-SPM-B,744.CP110,,2026-05-11,,
4695,Vb-744.CP110-MDE-SPM-A,744.CP110,,2026-05-11,,
4696,,744.CP110,Compressor DE,2026-05-11,,
4697,Vb-744.CP110-CNDE-SPM-1,744.CP110,,2026-05-11,,
4698,Vb-744.CP111-MNDE-SPM-B,744.CP111,,2026-05-11,,
4699,Vb-744.CP111-MDE-SPM-A,744.CP111,,2026-05-11,,
4700,,744.CP111,Compressor DE,2026-05-11,,
4701,Vb-744.CP111-CNDE-SPM-1,744.CP111,,2026-05-11,,
4702,,744.CP113,Motor NDE,2026-05-11,,
4703,,744.CP113,Motor DE,2026-05-11,,
4704,,744.CP113,Compressor DE,2026-05-11,,
4705,,744.CP113,Compressor NDE,2026-05-11,,
4706,Vb-612.BL300-MNDE-SPM,612.BL300,,2026-05-13,,
4707,Vb-612.BL300-MDE-SPM,612.BL300,,2026-05-13,,
4708,Vb-612.BL300-BLDE-SPM,612.BL300,,2026-05-13,,
4709,Vb-612.BL300-BLNDE-SPM,612.BL300,,2026-05-13,,
4710,Vb-612.BL300-MNDE-SPM,612.BL300,,2026-05-13,,
4711,Vb-613.BL300-MDE-SPM,613.BL300,,2026-05-13,,
4712,Vb-613.BL300-BLDE-SPM,613.BL300,,2026-05-13,,
4713,Vb-613.BL300-BLNDE-SPM,613.BL300,,2026-05-13,,
4714,Vb-614.BL300-MNDE-SPM,614.BL300,,2026-05-13,,
4715,Vb-614.BL300-MDE-SPM,614.BL300,,2026-05-13,,
4716,Vb-614.BL300-BLDE-SPM,614.BL300,,2026-05-13,,
4717,Vb-614.BL300-BLNDE-SPM,614.BL300,,2026-05-13,,
4718,Vb-531.MD140-MDE-SPM,531.MD140,,2026-06-04,,
4719,Vb-531.MD140-MNDE-SPM,531.MD140,,2026-06-04,,
4720,Vb-531.MD140-S1DE-SPM,531.MD140,,2026-06-04,,
4721,Vb-531.MD140-S1NDE-SPM,531.MD140,,2026-06-04,,
4722,Vb-531.MD140-S2DE-SPM,531.MD140,,2026-06-04,,
4723,Vb-531.MD140-S2NDE-SPM,531.MD140,,2026-06-04,,
4724,Vb-531.MD140-S3DE-SPM,531.MD140,,2026-06-04,,
4725,Vb-531.MD140-S3NDE-SPM,531.MD140,,2026-06-04,,
4726,Vb-531.MD140-S4DE-SPM,531.MD140,,2026-06-04,,
4727,Vb-531.MD140-S4NDE-SPM,531.MD140,,2026-06-04,,
4728,Vb-532.MD140-MDE-SPM,532.MD140,,2026-06-09,,
4729,Vb-532.MD140-MNDE-SPM,532.MD140,,2026-06-09,,
4730,Vb-532.MD140-S1DE-SPM,532.MD140,,2026-06-09,,
4731,Vb-532.MD140-S1NDE-SPM,532.MD140,,2026-06-09,,
4732,Vb-532.MD140-S2NDE-SPM,532.MD140,,2026-06-09,,
4733,Vb-532.MD140-S3NDE-SPM,532.MD140,,2026-06-09,,
4734,Vb-532.MD140-S4NDE-SPM,532.MD140,,2026-06-09,,
4735,Vb-534.MD140-MDE-SPM,534.MD140,,2026-06-04,,
4736,Vb-534.MD140-MNDE-SPM,534.MD140,,2026-06-04,,
4737,Vb-534.MD140-S1DE-SPM,534.MD140,,2026-06-04,,
4738,Vb-534.MD140-S1NDE-SPM,534.MD140,,2026-06-04,,
4739,Vb-534.MD140-S2NDE-SPM,534.MD140,,2026-06-04,,
4740,Vb-534.MD140-S3NDE-SPM,534.MD140,,2026-06-04,,
4741,Vb-534.MD140-S4NDE-SPM,534.MD140,,2026-06-04,,
