#,VIB ID,Equipment ID,Point (unmatched only),Month,Date 1,HDm 1 (dBsv),HDc 1 (dBsv),Date 2,HDm 2 (dBsv),HDc 2 (dBsv)
1,Vb-111.CP400-MDE-SPM-A,111.CP400,,2025-04,2025-04-17,30,11,,,
2,Vb-111.CP400-MNDE-SPM-B,111.CP400,,2025-04,2025-04-17,26,8,,,
3,Vb-111.CP400-CDE-SPM-5,111.CP400,,2025-06,2025-06-17,16,6,,,
4,Vb-111.CP400-CDE-SPM-7,111.CP400,,2025-06,2025-06-17,21,13,,,
5,Vb-111.CP400-CNDE-SPM-1,111.CP400,,2025-06,2025-06-17,23,15,,,
6,Vb-111.CP400-MDE-SPM-A,111.CP400,,2025-06,2025-06-17,25,8,,,
7,Vb-111.CP400-MNDE-SPM-B,111.CP400,,2025-06,2025-06-17,21,9,,,
8,Vb-111.CP400-CDE-SPM-5,111.CP400,,2026-03,2026-03-15,30,8.5,,,
9,Vb-111.CP400-CDE-SPM-7,111.CP400,,2026-03,2026-03-15,22,6.6,,,
10,Vb-111.CP400-CNDE-SPM-1,111.CP400,,2026-03,2026-03-15,24.3,11,,,
11,Vb-111.CP400-MDE-SPM-A,111.CP400,,2026-03,2026-03-15,30.8,10.4,,,
12,Vb-111.CP400-MNDE-SPM-B,111.CP400,,2026-03,2026-03-10,27.2,0.8,,,
13,Vb-111.HC100-MDE-SPM,111.HC100,,2025-04,2025-04-17,26,-11,,,
14,Vb-111.HC100-MNDE-SPM,111.HC100,,2025-04,2025-04-17,4,-15,,,
15,Vb-111.HC100-RDE-SPM,111.HC100,,2025-04,2025-04-17,24,-10,,,
16,Vb-111.HC100-RNDE-SPM,111.HC100,,2025-04,2025-04-17,18,-10,,,
17,Vb-111.HC100-S1DE-SPM,111.HC100,,2025-04,2025-04-17,9,-24,,,
18,Vb-111.HC100-S1NDE-SPM,111.HC100,,2025-04,2025-04-17,12,-26,,,
19,Vb-111.HC100-S2DE-SPM,111.HC100,,2025-04,2025-04-17,20,-14,,,
20,Vb-111.HC100-S2NDE-SPM,111.HC100,,2025-04,2025-04-17,21,-16,,,
21,Vb-111.HC100-MDE-SPM,111.HC100,,2025-06,2025-06-17,17,-14,,,
22,Vb-111.HC100-MNDE-SPM,111.HC100,,2025-06,2025-06-17,2,-15,,,
23,Vb-111.HC100-RDE-SPM,111.HC100,,2025-06,2025-06-17,35,1,,,
24,Vb-111.HC100-RNDE-SPM,111.HC100,,2025-06,2025-06-17,34,8,,,
25,Vb-111.HC100-S1DE-SPM,111.HC100,,2025-06,2025-06-17,-3,-12,,,
26,Vb-111.HC100-S1NDE-SPM,111.HC100,,2025-06,2025-06-17,1,-10,,,
27,Vb-111.HC100-S2DE-SPM,111.HC100,,2025-06,2025-06-17,16,-11,,,
28,Vb-111.HC100-S2NDE-SPM,111.HC100,,2025-06,2025-06-17,7,-12,,,
29,Vb-111.HC100-MDE-SPM,111.HC100,,2026-01,2026-01-31,28.2,-10.9,,,
30,Vb-111.HC100-MNDE-SPM,111.HC100,,2026-01,2026-01-31,4.5,-19.5,,,
31,Vb-111.HC100-RDE-SPM,111.HC100,,2026-01,2026-01-31,18.2,-12.9,,,
32,Vb-111.HC100-RNDE-SPM,111.HC100,,2026-01,2026-01-31,-0.9,-12.1,,,
33,Vb-111.HC100-S1DE-SPM,111.HC100,,2026-01,2026-01-31,0.9,-24.3,,,
34,Vb-111.HC100-S1NDE-SPM,111.HC100,,2026-01,2026-01-31,1.9,-23.6,,,
35,Vb-111.HC100-S2DE-SPM,111.HC100,,2026-01,2026-01-31,30.3,-16.1,,,
36,Vb-111.HC100-S2NDE-SPM,111.HC100,,2026-01,2026-01-31,12.9,-18.4,,,
37,Vb-213.HC100-CRDE-SPM,213.HC100,,2025-04,2025-04-17,16,1,,,
38,Vb-213.HC100-CRNDE-SPM,213.HC100,,2025-04,2025-04-17,23,-5,,,
39,Vb-213.HC100-MDE-SPM,213.HC100,,2025-04,2025-04-17,22,-1,,,
40,Vb-213.HC100-MNDE-SPM,213.HC100,,2025-04,2025-04-17,6,-10,,,
41,Vb-213.HC100-CRDE-SPM,213.HC100,,2025-06,2025-06-29,13,2,,,
42,Vb-213.HC100-CRNDE-SPM,213.HC100,,2025-06,2025-06-29,11,-7,,,
43,Vb-213.HC100-MDE-SPM,213.HC100,,2025-06,2025-06-29,10,0,,,
44,Vb-213.HC100-CRDE-SPM,213.HC100,,2025-08,2025-08-25,27,-5,,,
45,Vb-213.HC100-CRNDE-SPM,213.HC100,,2025-08,2025-08-25,17,-1,,,
46,Vb-213.HC100-MDE-SPM,213.HC100,,2025-08,2025-08-25,10,-1,,,
47,Vb-213.HC100-MNDE-SPM,213.HC100,,2025-08,2025-08-25,-2,-14,,,
48,Vb-213.HC100-CRDE-SPM,213.HC100,,2026-01,2026-01-26,8.9,-7.9,,,
49,Vb-213.HC100-CRNDE-SPM,213.HC100,,2026-01,2026-01-26,4.1,-4.1,,,
50,Vb-213.HC100-MDE-SPM,213.HC100,,2026-01,2026-01-26,19,0.4,,,
51,Vb-213.HC100-MNDE-SPM,213.HC100,,2026-01,2026-01-26,-10.6,-18.4,,,
52,,213.HC100,Crusher DE,2026-05,2026-05-13,,,,,
53,,213.HC100,Crusher NDE,2026-05,2026-05-13,,,,,
54,Vb-213.HC100-MDE-SPM,213.HC100,,2026-05,2026-05-13,,,,,
55,Vb-213.HC100-MNDE-SPM,213.HC100,,2026-05,2026-05-13,,,,,
56,Vb-321.FN125-FDE-SPM,321.FN125,,2025-06,2025-06-03,34,25,,,
57,Vb-321.FN125-FNDE-SPM,321.FN125,,2025-06,2025-06-03,31,4,,,
58,Vb-321.FN125-MDE-SPM,321.FN125,,2025-06,2025-06-03,8,-6,,,
59,Vb-321.FN125-MNDE-SPM,321.FN125,,2025-06,2025-06-03,5,-7,,,
60,Vb-321.FN125-FDE-SPM,321.FN125,,2025-07,2025-07-08,26,19,,,
61,Vb-321.FN125-FNDE-SPM,321.FN125,,2025-07,2025-07-08,31,24,,,
62,Vb-321.FN125-MDE-SPM,321.FN125,,2025-07,2025-07-08,-2,-9,,,
63,Vb-321.FN125-MNDE-SPM,321.FN125,,2025-07,2025-07-08,11,-6,,,
64,Vb-321.FN125-FDE-SPM,321.FN125,,2025-08,2025-08-07,26,19,,,
65,Vb-321.FN125-FNDE-SPM,321.FN125,,2025-08,2025-08-07,31,24,,,
66,Vb-321.FN125-MDE-SPM,321.FN125,,2025-08,2025-08-07,-2,-9,,,
67,Vb-321.FN125-MNDE-SPM,321.FN125,,2025-08,2025-08-07,11,-6,,,
68,Vb-321.FN125-FDE-SPM,321.FN125,,2025-09,2025-09-21,26,15,,,
69,Vb-321.FN125-FNDE-SPM,321.FN125,,2025-09,2025-09-21,28,21,,,
70,Vb-321.FN125-MDE-SPM,321.FN125,,2025-09,2025-09-21,6,-9,,,
71,Vb-321.FN125-MNDE-SPM,321.FN125,,2025-09,2025-09-21,11,-7,,,
72,Vb-321.FN125-FDE-SPM,321.FN125,,2026-01,2026-01-14,35,16,,,
73,Vb-321.FN125-FNDE-SPM,321.FN125,,2026-01,2026-01-14,18,10,,,
74,Vb-321.FN125-MDE-SPM,321.FN125,,2026-01,2026-01-14,8,-7,,,
75,Vb-321.FN125-MNDE-SPM,321.FN125,,2026-01,2026-01-14,9,-10,,,
76,Vb-321.FN125-FDE-SPM,321.FN125,,2026-04,2026-04-14,39,22.1,,,
77,Vb-321.FN125-FNDE-SPM,321.FN125,,2026-04,2026-04-14,17,8.8,,,
78,Vb-321.FN125-MDE-SPM,321.FN125,,2026-04,2026-04-14,3.8,-3.2,,,
79,Vb-321.FN125-MNDE-SPM,321.FN125,,2026-04,2026-04-14,3.6,-6,,,
80,Vb-321.FN400-FDE-SPM,321.FN400,,2025-06,2025-06-03,9,-6,,,
81,Vb-321.FN400-FNDE-SPM,321.FN400,,2025-06,2025-06-03,4,-5,,,
82,Vb-321.FN400-MDE-SPM,321.FN400,,2025-06,2025-06-03,8,0,,,
83,Vb-321.FN400-MNDE-SPM,321.FN400,,2025-06,2025-06-03,7,-15,,,
84,Vb-321.FN400-FDE-SPM,321.FN400,,2025-07,2025-07-08,13,-3,,,
85,Vb-321.FN400-FNDE-SPM,321.FN400,,2025-07,2025-07-08,5,-4,,,
86,Vb-321.FN400-MDE-SPM,321.FN400,,2025-07,2025-07-08,12,4,,,
87,Vb-321.FN400-MNDE-SPM,321.FN400,,2025-07,2025-07-08,4,-14,,,
88,Vb-321.FN400-FDE-SPM,321.FN400,,2025-08,2025-08-07,13,-3,,,
89,Vb-321.FN400-FNDE-SPM,321.FN400,,2025-08,2025-08-07,5,-4,,,
90,Vb-321.FN400-MDE-SPM,321.FN400,,2025-08,2025-08-07,12,4,,,
91,Vb-321.FN400-MNDE-SPM,321.FN400,,2025-08,2025-08-07,4,-14,,,
92,Vb-321.FN400-FDE-SPM,321.FN400,,2025-09,2025-09-21,11,-3,,,
93,Vb-321.FN400-FNDE-SPM,321.FN400,,2025-09,2025-09-21,0,-9,,,
94,Vb-321.FN400-MDE-SPM,321.FN400,,2025-09,2025-09-21,16,5,,,
95,Vb-321.FN400-MNDE-SPM,321.FN400,,2025-09,2025-09-21,13,-17,,,
96,Vb-321.FN400-FDE-SPM,321.FN400,,2026-01,2026-01-03,7,-6,,,
97,Vb-321.FN400-FNDE-SPM,321.FN400,,2026-01,2026-01-03,0,-9,,,
98,Vb-321.FN400-MDE-SPM,321.FN400,,2026-01,2026-01-03,10,2,,,
99,Vb-321.FN400-MNDE-SPM,321.FN400,,2026-01,2026-01-03,16,-8,,,
100,Vb-321.FN400-FDE-SPM,321.FN400,,2026-04,2026-04-14,11.2,-3.5,,,
101,Vb-321.FN400-FNDE-SPM,321.FN400,,2026-04,2026-04-14,4.1,-4.5,,,
102,Vb-321.FN400-MDE-SPM,321.FN400,,2026-04,2026-04-14,11.7,4.2,,,
103,Vb-321.FN400-MNDE-SPM,321.FN400,,2026-04,2026-04-14,9.9,-10.4,,,
104,Vb-321.MD140-GBHSS-SPM,321.MD140,,2025-06,2025-06-03,3,-10,,,
105,Vb-321.MD140-MDE-SPM,321.MD140,,2025-06,2025-06-03,10,-16,,,
106,Vb-321.MD140-MNDE-SPM-ORD,321.MD140,,2025-06,2025-06-03,-1,-17,,,
107,Vb-321.MD140-GBHSS-SPM,321.MD140,,2025-07,2025-07-08,9,-10,,,
108,Vb-321.MD140-MDE-SPM,321.MD140,,2025-07,2025-07-08,18,-18,,,
109,Vb-321.MD140-MNDE-SPM-ORD,321.MD140,,2025-07,2025-07-08,7,-21,,,
110,Vb-321.MD140-GBHSS-SPM,321.MD140,,2025-08,2025-08-07,9,-10,,,
111,Vb-321.MD140-MDE-SPM,321.MD140,,2025-08,2025-08-07,18,-18,,,
112,Vb-321.MD140-MNDE-SPM-ORD,321.MD140,,2025-08,2025-08-07,7,-21,,,
113,Vb-321.MD140-GBHSS-SPM,321.MD140,,2025-10,2025-10-12,3,-12,,,
114,Vb-321.MD140-MDE-SPM,321.MD140,,2025-10,2025-10-12,17,-13,,,
115,Vb-321.MD140-MNDE-SPM-ORD,321.MD140,,2025-10,2025-10-12,3,-20,,,
116,Vb-321.MD140-GBHSS-SPM,321.MD140,,2026-03,2026-03-01,4,-11,,,
117,Vb-321.MD140-MDE-SPM,321.MD140,,2026-03,2026-03-01,2,-16,,,
118,Vb-321.MD140-MNDE-SPM-ORD,321.MD140,,2026-03,2026-03-01,-1,-12,,,
119,Vb-321.MD140-GBHSS-SPM,321.MD140,,2026-04,2026-04-14,12.9,-5.5,,,
120,Vb-321.MD140-MDE-SPM,321.MD140,,2026-04,2026-04-14,20.1,-20.6,,,
121,Vb-321.MD140-MNDE-SPM-ORD,321.MD140,,2026-04,2026-04-14,-4.7,-19.9,,,
122,Vb-321.MD152-MDE-SPM,321.MD152,,2025-08,2025-08-24,26,16,,,
123,Vb-321.MD152-MNDE-SPM,321.MD152,,2025-08,2025-08-24,18,11,,,
124,Vb-321.MD152-S1DE-SPM,321.MD152,,2025-08,2025-08-24,10,-12,,,
125,Vb-321.MD152-S1NDE-SPM,321.MD152,,2025-08,2025-08-24,-1,-11,,,
126,Vb-321.MD152-S2DE-SPM,321.MD152,,2025-08,2025-08-24,23,-3,,,
127,Vb-321.MD152-S2NDE-SPM,321.MD152,,2025-08,2025-08-24,15,-10,,,
128,Vb-321.MD152-MDE-SPM,321.MD152,,2026-03,2026-03-26,34.3,20.4,,,
129,Vb-321.MD152-MNDE-SPM,321.MD152,,2026-03,2026-03-26,23.9,16.6,,,
130,Vb-321.MD152-S1DE-SPM,321.MD152,,2026-03,2026-03-26,4.4,-6.9,,,
131,Vb-321.MD152-S1NDE-SPM,321.MD152,,2026-03,2026-03-26,2.1,-7.1,,,
132,Vb-321.MD152-S2DE-SPM,321.MD152,,2026-03,2026-03-26,16.4,1.4,,,
133,Vb-321.MD152-S2NDE-SPM,321.MD152,,2026-03,2026-03-26,20.5,-4.2,,,
134,Vb-322.FN125-FDE-SPM,322.FN125,,2025-05,2025-05-24,27,13,,,
135,Vb-322.FN125-FNDE-SPM,322.FN125,,2025-05,2025-05-24,16,7,,,
136,Vb-322.FN125-MDE-SPM,322.FN125,,2025-05,2025-05-24,4,-2,,,
137,Vb-322.FN125-MNDE-SPM,322.FN125,,2025-05,2025-05-24,9,0,,,
138,Vb-322.FN125-FDE-SPM,322.FN125,,2025-07,2025-07-21,40,21,,,
139,Vb-322.FN125-FNDE-SPM,322.FN125,,2025-07,2025-07-21,17,10,,,
140,Vb-322.FN125-MDE-SPM,322.FN125,,2025-07,2025-07-21,12,-1,,,
141,Vb-322.FN125-MNDE-SPM,322.FN125,,2025-07,2025-07-21,12,5,,,
142,Vb-322.FN125-FDE-SPM,322.FN125,,2025-09,2025-09-21,26,11,,,
143,Vb-322.FN125-FNDE-SPM,322.FN125,,2025-09,2025-09-21,14,-35,,,
144,Vb-322.FN125-MDE-SPM,322.FN125,,2025-09,2025-09-21,10,-1,,,
145,Vb-322.FN125-MNDE-SPM,322.FN125,,2025-09,2025-09-21,9,-6,,,
146,Vb-322.FN125-FDE-SPM,322.FN125,,2026-02,2026-02-16,36.2,12.5,,,
147,Vb-322.FN125-FNDE-SPM,322.FN125,,2026-02,2026-02-16,27.1,19.5,,,
148,Vb-322.FN125-MDE-SPM,322.FN125,,2026-02,2026-02-16,8.5,-1.9,,,
149,Vb-322.FN125-MNDE-SPM,322.FN125,,2026-02,2026-02-16,6.8,-2.2,,,
150,Vb-322.FN125-FDE-SPM,322.FN125,,2026-04,2026-04-14,28.6,5.3,,,
151,Vb-322.FN125-FNDE-SPM,322.FN125,,2026-04,2026-04-14,23,8.4,,,
152,Vb-322.FN125-MDE-SPM,322.FN125,,2026-04,2026-04-14,3.1,-3,,,
153,Vb-322.FN125-MNDE-SPM,322.FN125,,2026-04,2026-04-14,3.8,-2.3,,,
154,Vb-322.FN400-FDE-SPM,322.FN400,,2025-05,2025-05-24,4,-4,,,
155,Vb-322.FN400-FNDE-SPM,322.FN400,,2025-05,2025-05-24,2,-8,,,
156,Vb-322.FN400-MDE-SPM,322.FN400,,2025-05,2025-05-24,12,1,,,
157,Vb-322.FN400-MNDE-SPM,322.FN400,,2025-05,2025-05-24,11,2,,,
158,Vb-322.FN400-FDE-SPM,322.FN400,,2025-07,2025-07-21,4,-3,,,
159,Vb-322.FN400-FNDE-SPM,322.FN400,,2025-07,2025-07-21,7,-10,,,
160,Vb-322.FN400-MDE-SPM,322.FN400,,2025-07,2025-07-21,14,4,,,
161,Vb-322.FN400-MNDE-SPM,322.FN400,,2025-07,2025-07-21,18,-11,,,
162,Vb-322.FN400-FDE-SPM,322.FN400,,2025-09,2025-09-21,7,-1,,,
163,Vb-322.FN400-FNDE-SPM,322.FN400,,2025-09,2025-09-21,7,-11,,,
164,Vb-322.FN400-MDE-SPM,322.FN400,,2025-09,2025-09-21,17,9,,,
165,Vb-322.FN400-MNDE-SPM,322.FN400,,2025-09,2025-09-21,-8,-16,,,
166,Vb-322.FN400-FDE-SPM,322.FN400,,2026-02,2026-02-16,15.4,-5.2,,,
167,Vb-322.FN400-FNDE-SPM,322.FN400,,2026-02,2026-02-16,2.7,-8.3,,,
168,Vb-322.FN400-MDE-SPM,322.FN400,,2026-02,2026-02-16,11.5,2.4,,,
169,Vb-322.FN400-MNDE-SPM,322.FN400,,2026-02,2026-02-16,16.6,-16.6,,,
170,Vb-322.FN400-FDE-SPM,322.FN400,,2026-04,2026-04-14,5.5,-4.5,,,
171,Vb-322.FN400-FNDE-SPM,322.FN400,,2026-04,2026-04-14,7.2,-6.9,,,
172,Vb-322.FN400-MDE-SPM,322.FN400,,2026-04,2026-04-14,10.1,0.3,,,
173,Vb-322.FN400-MNDE-SPM,322.FN400,,2026-04,2026-04-14,6.4,-17.1,,,
174,Vb-322.MD140-MDE-SPM,322.MD140,,2025-05,2025-05-24,9,-17,,,
175,Vb-322.MD140-MNDE-SPM,322.MD140,,2025-05,2025-05-24,9,3,,,
176,Vb-322.MD140-MDE-SPM,322.MD140,,2025-07,2025-07-21,3,-13,,,
177,Vb-322.MD140-MNDE-SPM,322.MD140,,2025-07,2025-07-21,14,7,,,
178,Vb-322.MD140-MDE-SPM,322.MD140,,2025-09,2025-09-21,9,-11,,,
179,Vb-322.MD140-MNDE-SPM,322.MD140,,2025-09,2025-09-21,10,3,,,
180,Vb-322.MD140-MDE-SPM,322.MD140,,2026-02,2026-02-16,21.3,-17.7,,,
181,Vb-322.MD140-MNDE-SPM,322.MD140,,2026-02,2026-02-16,-4.6,-23.4,,,
182,Vb-322.MD140-MDE-SPM,322.MD140,,2026-04,2026-04-14,15.3,-12.8,,,
183,Vb-322.MD140-MNDE-SPM,322.MD140,,2026-04,2026-04-14,18.9,4.6,,,
184,,322.MD152,Motor DE,2026-04,2026-04-14,19.9,6.4,,,
185,,322.MD152,Motor NDE,2026-04,2026-04-14,21.1,11.8,,,
186,,322.MD152,Shaft 1 inboard  DE,2026-04,2026-04-14,9.6,-9.9,,,
187,,322.MD152,Shaft 1 Outboard NDE,2026-04,2026-04-14,21.9,-14.8,,,
188,,322.MD152,Shaft 2  inboard  DE,2026-04,2026-04-14,21.6,-9.9,,,
189,,322.MD152,Shaft 2  outboard NDE,2026-04,2026-04-14,11.4,-6.4,,,
190,Vb-331.CP280-CDE-SPM-5,331.CP280,,2025-05,2025-05-12,16,8,,,
191,Vb-331.CP280-CNDE-SPM-1,331.CP280,,2025-05,2025-05-12,24,11,,,
192,Vb-331.CP280-MDE-SPM-A,331.CP280,,2025-05,2025-05-12,25,9,,,
193,Vb-331.CP280-MNDE-SPM-B,331.CP280,,2025-05,2025-05-12,27,6,,,
194,Vb-331.CP280-CDE-SPM-5,331.CP280,,2025-07,2025-07-08,19,9,,,
195,Vb-331.CP280-CDE-SPM-7,331.CP280,,2025-07,2025-07-08,24,11,,,
196,Vb-331.CP280-CNDE-SPM-1,331.CP280,,2025-07,2025-07-08,27,13,,,
197,Vb-331.CP280-MDE-SPM-A,331.CP280,,2025-07,2025-07-08,21,12,,,
198,Vb-331.CP280-MNDE-SPM-B,331.CP280,,2025-07,2025-07-08,33,10,,,
199,Vb-331.CP280-CDE-SPM-5,331.CP280,,2025-09,2025-09-10,30,21,2025-09-24,24,15
200,Vb-331.CP280-CDE-SPM-7,331.CP280,,2025-09,2025-09-10,27,19,2025-09-24,31,15
201,Vb-331.CP280-CNDE-SPM-1,331.CP280,,2025-09,2025-09-10,27,15,2025-09-24,33,22
202,Vb-331.CP280-MDE-SPM-A,331.CP280,,2025-09,2025-09-10,36,13,2025-09-24,34,17
203,Vb-331.CP280-MNDE-SPM-B,331.CP280,,2025-09,2025-09-09,20,9,2025-09-24,32,20
204,Vb-331.CP280-CDE-SPM-5,331.CP280,,2026-02,2026-02-15,28,9,,,
205,Vb-331.CP280-CDE-SPM-7,331.CP280,,2026-02,2026-02-15,21,12,,,
206,Vb-331.CP280-CNDE-SPM-1,331.CP280,,2026-02,2026-02-15,20,14,,,
207,Vb-331.CP280-MDE-SPM-A,331.CP280,,2026-02,2026-02-15,21,8,,,
208,Vb-331.CP280-MNDE-SPM-B,331.CP280,,2026-02,2026-02-15,27,6,,,
209,Vb-331.CP280-CDE-SPM-5,331.CP280,,2026-03,2026-03-24,17.1,1.8,,,
210,Vb-331.CP280-CDE-SPM-7,331.CP280,,2026-03,2026-03-24,22.4,6.1,,,
211,Vb-331.CP280-CNDE-SPM-1,331.CP280,,2026-03,2026-03-24,29.2,12.5,,,
212,Vb-331.CP280-MDE-SPM-A,331.CP280,,2026-03,2026-03-24,24.7,7.8,,,
213,Vb-331.CP280-MNDE-SPM-B,331.CP280,,2026-03,2026-03-24,20.8,6.4,,,
214,Vb-331.CP280-CDE-SPM-5,331.CP280,,2026-04,2026-04-26,29.9,15.7,,,
215,Vb-331.CP280-CDE-SPM-7,331.CP280,,2026-04,2026-04-26,28.9,15.2,,,
216,Vb-331.CP280-CNDE-SPM-1,331.CP280,,2026-04,2026-04-26,35.3,22.8,,,
217,Vb-331.CP280-MDE-SPM-A,331.CP280,,2026-04,2026-04-26,33,14.5,,,
218,Vb-331.CP280-MNDE-SPM-B,331.CP280,,2026-04,2026-04-26,37.6,8.4,,,
219,Vb-331.CP281-CDE-SPM-5,331.CP281,,2025-07,2025-07-08,29,19,,,
220,Vb-331.CP281-CDE-SPM-7,331.CP281,,2025-07,2025-07-08,33,22,,,
221,Vb-331.CP281-CNDE-SPM-1,331.CP281,,2025-07,2025-07-08,37,27,,,
222,Vb-331.CP281-MDE-SPM-A,331.CP281,,2025-07,2025-07-08,35,18,,,
223,Vb-331.CP281-MNDE-SPM-B,331.CP281,,2025-07,2025-07-08,44,25,,,
224,Vb-331.CP281-CDE-SPM-5,331.CP281,,2025-08,2025-08-07,29,19,,,
225,Vb-331.CP281-CDE-SPM-7,331.CP281,,2025-08,2025-08-07,33,22,,,
226,Vb-331.CP281-CNDE-SPM-1,331.CP281,,2025-08,2025-08-07,37,27,,,
227,Vb-331.CP281-MDE-SPM-A,331.CP281,,2025-08,2025-08-07,35,18,,,
228,Vb-331.CP281-MNDE-SPM-B,331.CP281,,2025-08,2025-08-07,44,25,,,
229,Vb-331.CP281-CDE-SPM-5,331.CP281,,2026-02,2026-02-15,20,11,,,
230,Vb-331.CP281-CDE-SPM-7,331.CP281,,2026-02,2026-02-15,25,8,,,
231,Vb-331.CP281-CNDE-SPM-1,331.CP281,,2026-02,2026-02-15,20,9,,,
232,Vb-331.CP281-MDE-SPM-A,331.CP281,,2026-02,2026-02-15,32,1,,,
233,Vb-331.CP281-MNDE-SPM-B,331.CP281,,2026-02,2026-02-15,33,3,,,
234,Vb-331.CP281-CDE-SPM-5,331.CP281,,2026-03,2026-03-24,22,7.1,,,
235,Vb-331.CP281-CDE-SPM-7,331.CP281,,2026-03,2026-03-24,24,11.4,,,
236,Vb-331.CP281-CNDE-SPM-1,331.CP281,,2026-03,2026-03-24,27.6,15,,,
237,Vb-331.CP281-MDE-SPM-A,331.CP281,,2026-03,2026-03-24,17.9,2.4,,,
238,Vb-331.CP281-MNDE-SPM-B,331.CP281,,2026-03,2026-03-24,33.6,6.8,,,
239,Vb-331.CP281-CDE-SPM-5,331.CP281,,2026-04,2026-04-26,25.4,13,,,
240,Vb-331.CP281-CDE-SPM-7,331.CP281,,2026-04,2026-04-26,24.8,13.1,,,
241,Vb-331.CP281-CNDE-SPM-1,331.CP281,,2026-04,2026-04-26,28,17.8,,,
242,Vb-331.CP281-MDE-SPM-A,331.CP281,,2026-04,2026-04-26,33.1,10.3,,,
243,Vb-331.CP281-MNDE-SPM-B,331.CP281,,2026-04,2026-04-26,33.6,6.1,,,
244,Vb-331.CP282-CDE-SPM-5,331.CP282,,2025-07,2025-07-08,32,15,,,
245,Vb-331.CP282-CDE-SPM-7,331.CP282,,2025-07,2025-07-08,26,6,,,
246,Vb-331.CP282-CNDE-SPM-1,331.CP282,,2025-07,2025-07-08,31,14,,,
247,Vb-331.CP282-MDE-SPM-A,331.CP282,,2025-07,2025-07-08,25,7,,,
248,Vb-331.CP282-MNDE-SPM-B,331.CP282,,2025-07,2025-07-08,26,6,,,
249,Vb-331.CP282-CDE-SPM-5,331.CP282,,2025-09,2025-09-10,30,13,2025-09-24,29,10
250,Vb-331.CP282-CDE-SPM-7,331.CP282,,2025-09,2025-09-10,24,8,2025-09-24,28,9
251,Vb-331.CP282-CNDE-SPM-1,331.CP282,,2025-09,2025-09-10,32,12,2025-09-24,30,11
252,Vb-331.CP282-MDE-SPM-A,331.CP282,,2025-09,2025-09-10,25,10,2025-09-24,28,8
253,Vb-331.CP282-MNDE-SPM-B,331.CP282,,2025-09,2025-09-09,29,9,2025-09-24,30,7
254,Vb-331.CP282-CNDE-SPM-1,331.CP282,,2026-04,2026-04-05,26.2,8.8,,,
255,Vb-331.FN110-FDE-SPM,331.FN110,,2025-05,2025-05-12,15,1,,,
256,Vb-331.FN110-FNDE-SPM,331.FN110,,2025-05,2025-05-12,9,1,,,
257,Vb-331.FN110-MDE-SPM,331.FN110,,2025-05,2025-05-12,24,17,,,
258,Vb-331.FN110-MNDE-SPM,331.FN110,,2025-05,2025-05-12,29,5,,,
259,Vb-331.FN110-FDE-SPM,331.FN110,,2025-07,2025-07-08,17,-1,,,
260,Vb-331.FN110-FNDE-SPM,331.FN110,,2025-07,2025-07-08,12,0,,,
261,Vb-331.FN110-MDE-SPM,331.FN110,,2025-07,2025-07-08,22,14,,,
262,Vb-331.FN110-MNDE-SPM,331.FN110,,2025-07,2025-07-08,23,-1,,,
263,Vb-331.FN110-FDE-SPM,331.FN110,,2025-09,2025-09-14,10,-2,,,
264,Vb-331.FN110-FNDE-SPM,331.FN110,,2025-09,2025-09-14,17,1,,,
265,Vb-331.FN110-MDE-SPM,331.FN110,,2025-09,2025-09-14,20,12,,,
266,Vb-331.FN110-MNDE-SPM,331.FN110,,2025-09,2025-09-14,24,1,,,
267,Vb-331.FN110-FDE-SPM,331.FN110,,2025-10,2025-10-05,30,-3,,,
268,Vb-331.FN110-FNDE-SPM,331.FN110,,2025-10,2025-10-05,13,0,,,
269,Vb-331.FN110-MDE-SPM,331.FN110,,2025-10,2025-10-05,22,14,,,
270,Vb-331.FN110-MNDE-SPM,331.FN110,,2025-10,2025-10-05,28,4,,,
271,Vb-331.FN110-FDE-SPM,331.FN110,,2026-02,2026-02-16,8,-2,,,
272,Vb-331.FN110-FNDE-SPM,331.FN110,,2026-02,2026-02-16,10,-2,,,
273,Vb-331.FN110-MDE-SPM,331.FN110,,2026-02,2026-02-16,30,15,,,
274,Vb-331.FN110-MNDE-SPM,331.FN110,,2026-02,2026-02-16,19,5,,,
275,Vb-331.FN110-FDE-SPM,331.FN110,,2026-03,2026-03-26,7.7,-1.5,,,
276,Vb-331.FN110-FNDE-SPM,331.FN110,,2026-03,2026-03-26,7.4,-1.6,,,
277,Vb-331.FN110-MNDE-SPM,331.FN110,,2026-03,2026-03-26,19.7,1.3,,,
278,Vb-331.FN110-FDE-SPM,331.FN110,,2026-04,2026-04-26,15.5,0.1,,,
279,Vb-331.FN110-FNDE-SPM,331.FN110,,2026-04,2026-04-26,16,-1.2,,,
280,Vb-331.FN110-MDE-SPM,331.FN110,,2026-04,2026-04-01,30,16.3,2026-04-26,22.2,13.9
281,Vb-331.FN110-MNDE-SPM,331.FN110,,2026-04,2026-04-26,20.7,6.3,,,
282,Vb-331.FN400-FDE-SPM,331.FN400,,2025-06,2025-06-03,4,-9,,,
283,Vb-331.FN400-FNDE-SPM,331.FN400,,2025-06,2025-06-03,8,-3,,,
284,Vb-331.FN400-MDE-SPM,331.FN400,,2025-06,2025-06-03,6,-4,,,
285,Vb-331.FN400-MNDE-SPM,331.FN400,,2025-06,2025-06-03,10,1,,,
286,Vb-331.FN400-FDE-SPM,331.FN400,,2025-07,2025-07-08,4,-8,,,
287,Vb-331.FN400-FNDE-SPM,331.FN400,,2025-07,2025-07-08,11,-4,,,
288,Vb-331.FN400-MDE-SPM,331.FN400,,2025-07,2025-07-08,4,-3,,,
289,Vb-331.FN400-MNDE-SPM,331.FN400,,2025-07,2025-07-08,12,-9,,,
290,Vb-331.FN400-FDE-SPM,331.FN400,,2025-09,2025-09-14,-1,-12,,,
291,Vb-331.FN400-FNDE-SPM,331.FN400,,2025-09,2025-09-14,21,-6,,,
292,Vb-331.FN400-MDE-SPM,331.FN400,,2025-09,2025-09-14,0,-7,,,
293,Vb-331.FN400-MNDE-SPM,331.FN400,,2025-09,2025-09-14,3,-15,,,
294,Vb-331.FN400-FDE-SPM,331.FN400,,2026-01,2026-01-14,-1,-12,,,
295,Vb-331.FN400-FNDE-SPM,331.FN400,,2026-01,2026-01-14,0,-9,,,
296,Vb-331.FN400-MDE-SPM,331.FN400,,2026-01,2026-01-14,1,-6,,,
297,Vb-331.FN400-MNDE-SPM,331.FN400,,2026-01,2026-01-14,5,-9,,,
298,Vb-331.FN400-FDE-SPM,331.FN400,,2026-04,2026-04-14,0.1,-12.5,,,
299,Vb-331.FN400-FNDE-SPM,331.FN400,,2026-04,2026-04-14,7.9,-6.9,,,
300,Vb-331.FN400-MDE-SPM,331.FN400,,2026-04,2026-04-14,1.6,-6.6,,,
301,Vb-331.FN400-MNDE-SPM,331.FN400,,2026-04,2026-04-14,6.7,-4.5,,,
302,Vb-331.WI210-MDE-SPM,331.WI210,,2025-05,2025-05-14,15,8,,,
303,Vb-331.WI210-MNDE-SPM,331.WI210,,2025-05,2025-05-14,-4,-13,,,
304,Vb-331.WI210-PDE-SPM,331.WI210,,2025-05,2025-05-14,7,2,,,
305,Vb-331.WI210-PNDE-SPM,331.WI210,,2025-05,2025-05-14,23,16,,,
306,Vb-331.WI210-MDE-SPM,331.WI210,,2025-06,2025-06-23,16,6,,,
307,Vb-331.WI210-MNDE-SPM,331.WI210,,2025-06,2025-06-23,0,-9,,,
308,Vb-331.WI210-PDE-SPM,331.WI210,,2025-06,2025-06-23,6,0,,,
309,Vb-331.WI210-PNDE-SPM,331.WI210,,2025-06,2025-06-23,16,9,,,
310,Vb-331.WI210-MDE-SPM,331.WI210,,2025-08,2025-08-12,12,7,,,
311,Vb-331.WI210-PDE-SPM,331.WI210,,2025-08,2025-08-12,12,7,,,
312,Vb-331.WI210-PNDE-SPM,331.WI210,,2025-08,2025-08-12,21,16,,,
313,Vb-331.WI210-MNDE-SPM,331.WI210,,2025-09,2025-09-16,-9,-20,,,
314,Vb-331.WI210-MDE-SPM,331.WI210,,2025-10,2025-10-07,14,4,,,
315,Vb-331.WI210-MNDE-SPM,331.WI210,,2025-10,2025-10-07,12,-14,,,
316,Vb-331.WI210-PDE-SPM,331.WI210,,2025-10,2025-10-07,13,8,,,
317,Vb-331.WI210-PNDE-SPM,331.WI210,,2025-10,2025-10-07,15,6,,,
318,Vb-331.WI211-MDE-SPM,331.WI211,,2025-07,2025-07-13,28,23,,,
319,Vb-331.WI211-MNDE-SPM,331.WI211,,2025-07,2025-07-13,2,-3,,,
320,Vb-331.WI211-PDE-SPM,331.WI211,,2025-07,2025-07-13,5,-6,,,
321,Vb-331.WI211-PNDE-SPM,331.WI211,,2025-07,2025-07-13,18,10,,,
322,Vb-331.WI211-MDE-SPM,331.WI211,,2025-09,2025-09-16,4,-6,,,
323,Vb-331.WI211-MNDE-SPM,331.WI211,,2025-09,2025-09-16,-10,-23,,,
324,Vb-331.WI211-PDE-SPM,331.WI211,,2025-09,2025-09-16,17,8,,,
325,Vb-331.WI211-PNDE-SPM,331.WI211,,2025-09,2025-09-16,19,14,,,
326,Vb-331.WI211-MDE-SPM,331.WI211,,2025-10,2025-10-07,7,1,,,
327,Vb-331.WI211-MNDE-SPM,331.WI211,,2025-10,2025-10-07,-3,-10,,,
328,Vb-331.WI211-PDE-SPM,331.WI211,,2025-10,2025-10-07,13,4,,,
329,Vb-331.WI211-PNDE-SPM,331.WI211,,2025-10,2025-10-07,23,17,,,
330,Vb-331.WI211-MDE-SPM,331.WI211,,2026-02,2026-02-17,-3,-18,,,
331,Vb-331.WI211-MNDE-SPM,331.WI211,,2026-02,2026-02-17,-1,-8,,,
332,Vb-331.WI211-PDE-SPM,331.WI211,,2026-02,2026-02-17,18,11,,,
333,Vb-331.WI211-PNDE-SPM,331.WI211,,2026-02,2026-02-17,20,14,,,
334,Vb-331.WI211-MDE-SPM,331.WI211,,2026-03,2026-03-24,6,-15.5,,,
335,Vb-331.WI211-MNDE-SPM,331.WI211,,2026-03,2026-03-24,-4.9,-12.5,,,
336,Vb-331.WI211-PDE-SPM,331.WI211,,2026-03,2026-03-24,16.2,0.8,,,
337,Vb-331.WI211-PNDE-SPM,331.WI211,,2026-03,2026-03-24,22.7,16.8,,,
338,Vb-331.WI211-MDE-SPM,331.WI211,,2026-04,2026-04-29,-4.6,-20.2,,,
339,Vb-331.WI211-MNDE-SPM,331.WI211,,2026-04,2026-04-29,-6.9,-12.2,,,
340,Vb-331.WI211-PDE-SPM,331.WI211,,2026-04,2026-04-29,6,-1.3,,,
341,Vb-331.WI211-PNDE-SPM,331.WI211,,2026-04,2026-04-29,25.9,20.3,,,
342,,332.CP280,Compressor DE,2026-02,2026-02-04,10.5,3,2026-02-04,8.9,1.3
343,,332.CP280,Compressor NDE,2026-02,2026-02-04,9.3,2.6,,,
344,,332.CP280,Motor DE,2026-02,2026-02-04,7.3,-15,,,
345,,332.CP280,Motor NDE,2026-02,2026-02-04,19.2,-11.8,,,
346,,332.CP280,Compressor DE,2026-03,2026-03-31,9.8,3,2026-03-31,7.2,1.4
347,,332.CP280,Compressor NDE,2026-03,2026-03-31,9.2,2.5,,,
348,,332.CP280,Motor DE,2026-03,2026-03-31,3.4,-17.3,,,
349,,332.CP280,Motor NDE,2026-03,2026-03-31,16.8,-13.8,,,
350,,332.CP280,Compressor DE,2026-04,2026-04-21,7.3,0.2,2026-04-21,10.1,4.3
351,,332.CP280,Compressor NDE,2026-04,2026-04-21,8.6,2.1,,,
352,,332.CP280,Motor DE,2026-04,2026-04-21,-5.2,-11.9,,,
353,,332.CP280,Motor NDE,2026-04,2026-04-21,10,-10.9,,,
354,Vb-332.CP281-CDE-SPM-5,332.CP281,,2025-05,2025-05-08,19,12,,,
355,Vb-332.CP281-CDE-SPM-7,332.CP281,,2025-05,2025-05-08,-6,-12,,,
356,Vb-332.CP281-CNDE-SPM-1,332.CP281,,2025-05,2025-05-08,-1,-8,,,
357,Vb-332.CP281-MDE-SPM-A,332.CP281,,2025-05,2025-05-08,11,3,,,
358,Vb-332.CP281-MNDE-SPM-B,332.CP281,,2025-05,2025-05-08,9,0,,,
359,Vb-332.CP281-CDE-SPM-5,332.CP281,,2025-09,2025-09-07,14,6,,,
360,Vb-332.CP281-CDE-SPM-7,332.CP281,,2025-09,2025-09-07,-3,-10,,,
361,Vb-332.CP281-CNDE-SPM-1,332.CP281,,2025-09,2025-09-07,2,-5,,,
362,Vb-332.CP281-MDE-SPM-A,332.CP281,,2025-09,2025-09-07,12,5,,,
363,Vb-332.CP281-MNDE-SPM-B,332.CP281,,2025-09,2025-09-07,9,-2,,,
364,Vb-332.CP281-CDE-SPM-5,332.CP281,,2026-02,2026-02-04,16.3,8.2,,,
365,Vb-332.CP281-CDE-SPM-7,332.CP281,,2026-02,2026-02-04,-1.8,-9.7,,,
366,Vb-332.CP281-CNDE-SPM-1,332.CP281,,2026-02,2026-02-04,1.8,-6.3,,,
367,Vb-332.CP281-MDE-SPM-A,332.CP281,,2026-02,2026-02-04,16.8,5.8,,,
368,Vb-332.CP281-MNDE-SPM-B,332.CP281,,2026-02,2026-02-04,11.9,-0.3,,,
369,Vb-332.CP281-CDE-SPM-5,332.CP281,,2026-03,2026-03-31,13.8,5.8,,,
370,Vb-332.CP281-CDE-SPM-7,332.CP281,,2026-03,2026-03-31,-3,-12.9,,,
371,Vb-332.CP281-CNDE-SPM-1,332.CP281,,2026-03,2026-03-31,2.4,-4.9,,,
372,Vb-332.CP281-MDE-SPM-A,332.CP281,,2026-03,2026-03-31,14.1,5,,,
373,Vb-332.CP281-MNDE-SPM-B,332.CP281,,2026-03,2026-03-31,11.3,1.4,,,
374,Vb-332.CP281-CDE-SPM-5,332.CP281,,2026-04,2026-04-21,13.4,6.7,,,
375,Vb-332.CP281-CDE-SPM-7,332.CP281,,2026-04,2026-04-21,-5.5,-12.3,,,
376,Vb-332.CP281-CNDE-SPM-1,332.CP281,,2026-04,2026-04-21,6.7,-0.8,,,
377,Vb-332.CP281-MDE-SPM-A,332.CP281,,2026-04,2026-04-21,11.3,-0.8,,,
378,Vb-332.CP281-MNDE-SPM-B,332.CP281,,2026-04,2026-04-21,16.5,3.1,,,
379,Vb-332.CP282-CDE-SPM-5,332.CP282,,2025-07,2025-07-28,17,8,,,
380,Vb-332.CP282-CDE-SPM-7,332.CP282,,2025-07,2025-07-28,27,12,,,
381,Vb-332.CP282-CNDE-SPM-1,332.CP282,,2025-07,2025-07-28,18,6,,,
382,Vb-332.CP282-MDE-SPM-A,332.CP282,,2025-07,2025-07-28,22,-3,,,
383,Vb-332.CP282-MNDE-SPM-B,332.CP282,,2025-07,2025-07-28,6,-18,,,
384,Vb-332.CP282-CDE-SPM-5,332.CP282,,2025-09,2025-09-07,25,15,,,
385,Vb-332.CP282-CDE-SPM-7,332.CP282,,2025-09,2025-09-07,20,5,,,
386,Vb-332.CP282-CNDE-SPM-1,332.CP282,,2025-09,2025-09-07,20,9,,,
387,Vb-332.CP282-MDE-SPM-A,332.CP282,,2025-09,2025-09-07,19,1,,,
388,Vb-332.CP282-MNDE-SPM-B,332.CP282,,2025-09,2025-09-07,12,-13,,,
389,Vb-332.FN110-FDE-SPM,332.FN110,,2025-05,2025-05-25,8,-11,,,
390,Vb-332.FN110-FNDE-SPM,332.FN110,,2025-05,2025-05-25,4,-6,,,
391,Vb-332.FN110-MDE-SPM,332.FN110,,2025-05,2025-05-25,16,8,,,
392,Vb-332.FN110-MNDE-SPM,332.FN110,,2025-05,2025-05-25,22,14,,,
393,Vb-332.FN110-FDE-SPM,332.FN110,,2025-07,2025-07-28,12,-9,,,
394,Vb-332.FN110-FNDE-SPM,332.FN110,,2025-07,2025-07-28,13,-7,,,
395,Vb-332.FN110-MDE-SPM,332.FN110,,2025-07,2025-07-28,6,-3,,,
396,Vb-332.FN110-MNDE-SPM,332.FN110,,2025-07,2025-07-28,7,-9,,,
397,Vb-332.FN110-FDE-SPM,332.FN110,,2025-10,2025-10-05,9,-8,,,
398,Vb-332.FN110-FNDE-SPM,332.FN110,,2025-10,2025-10-05,15,-2,,,
399,Vb-332.FN110-MDE-SPM,332.FN110,,2025-10,2025-10-05,8,-2,,,
400,Vb-332.FN110-MNDE-SPM,332.FN110,,2025-10,2025-10-05,5,-3,,,
401,Vb-332.FN110-FDE-SPM,332.FN110,,2026-02,2026-02-05,4.1,-9.4,,,
402,Vb-332.FN110-FNDE-SPM,332.FN110,,2026-02,2026-02-05,3.4,-6.1,,,
403,Vb-332.FN110-MDE-SPM,332.FN110,,2026-02,2026-02-05,5.1,-3,,,
404,Vb-332.FN110-MNDE-SPM,332.FN110,,2026-02,2026-02-05,6.7,-2.3,,,
405,Vb-332.FN110-FDE-SPM,332.FN110,,2026-03,2026-03-31,9.7,-7.5,,,
406,Vb-332.FN110-FNDE-SPM,332.FN110,,2026-03,2026-03-31,10.9,-8.4,,,
407,Vb-332.FN110-MDE-SPM,332.FN110,,2026-03,2026-03-31,7.4,-3.1,,,
408,Vb-332.FN110-MNDE-SPM,332.FN110,,2026-03,2026-03-31,33,20.6,,,
409,Vb-332.FN110-FDE-SPM,332.FN110,,2026-04,2026-04-21,9.2,-7.7,,,
410,Vb-332.FN110-FNDE-SPM,332.FN110,,2026-04,2026-04-21,9.5,-5.1,,,
411,Vb-332.FN110-MDE-SPM,332.FN110,,2026-04,2026-04-21,22.7,15,,,
412,Vb-332.FN110-MNDE-SPM,332.FN110,,2026-04,2026-04-21,25.6,16.3,,,
413,Vb-332.FN400-FDE-SPM,332.FN400,,2025-05,2025-05-24,-3,-11,,,
414,Vb-332.FN400-FNDE-SPM,332.FN400,,2025-05,2025-05-24,1,-6,,,
415,Vb-332.FN400-MDE-SPM,332.FN400,,2025-05,2025-05-24,6,-3,,,
416,Vb-332.FN400-MNDE-SPM,332.FN400,,2025-05,2025-05-24,0,-8,,,
417,Vb-332.FN400-FDE-SPM,332.FN400,,2025-07,2025-07-21,5,-7,,,
418,Vb-332.FN400-FNDE-SPM,332.FN400,,2025-07,2025-07-21,12,-1,,,
419,Vb-332.FN400-MDE-SPM,332.FN400,,2025-07,2025-07-21,8,-5,,,
420,Vb-332.FN400-MNDE-SPM,332.FN400,,2025-07,2025-07-21,4,-8,,,
421,Vb-332.FN400-FDE-SPM,332.FN400,,2025-09,2025-09-21,2,-12,,,
422,Vb-332.FN400-FNDE-SPM,332.FN400,,2025-09,2025-09-21,8,-4,,,
423,Vb-332.FN400-MDE-SPM,332.FN400,,2025-09,2025-09-21,7,-5,,,
424,Vb-332.FN400-MNDE-SPM,332.FN400,,2025-09,2025-09-21,10,-6,,,
425,Vb-332.FN400-FDE-SPM,332.FN400,,2026-02,2026-02-16,-5.3,-12.2,,,
426,Vb-332.FN400-FNDE-SPM,332.FN400,,2026-02,2026-02-16,-1.2,-9.8,,,
427,Vb-332.FN400-MDE-SPM,332.FN400,,2026-02,2026-02-16,4,-3.2,,,
428,Vb-332.FN400-MNDE-SPM,332.FN400,,2026-02,2026-02-16,0.2,-9.7,,,
429,Vb-332.FN400-FDE-SPM,332.FN400,,2026-04,2026-04-14,2.4,-12.2,,,
430,Vb-332.FN400-FNDE-SPM,332.FN400,,2026-04,2026-04-14,9,-3.6,,,
431,Vb-332.FN400-MDE-SPM,332.FN400,,2026-04,2026-04-14,2.1,-5.7,,,
432,Vb-332.FN400-MNDE-SPM,332.FN400,,2026-04,2026-04-14,13.7,-8.9,,,
433,Vb-332.WI210-MDE-SPM,332.WI210,,2025-07,2025-07-28,16,-5,,,
434,Vb-332.WI210-MNDE-SPM,332.WI210,,2025-07,2025-07-28,3,-15,,,
435,Vb-332.WI210-PDE-SPM,332.WI210,,2025-07,2025-07-28,12,5,,,
436,Vb-332.WI210-PNDE-SPM,332.WI210,,2025-07,2025-07-28,15,7,,,
437,Vb-332.WI210-MDE-SPM,332.WI210,,2025-10,2025-10-06,7,-4,,,
438,Vb-332.WI210-MNDE-SPM,332.WI210,,2025-10,2025-10-06,-4,-16,,,
439,Vb-332.WI210-PDE-SPM,332.WI210,,2025-10,2025-10-06,12,6,,,
440,Vb-332.WI210-PNDE-SPM,332.WI210,,2025-10,2025-10-06,24,15,,,
441,Vb-332.WI210-MDE-SPM,332.WI210,,2026-02,2026-02-12,-0.2,-11,,,
442,Vb-332.WI210-MNDE-SPM,332.WI210,,2026-02,2026-02-12,-9,-24.1,,,
443,Vb-332.WI210-PDE-SPM,332.WI210,,2026-02,2026-02-12,4.9,-0.3,,,
444,Vb-332.WI210-PNDE-SPM,332.WI210,,2026-02,2026-02-12,20.9,15.9,,,
445,Vb-332.WI210-MDE-SPM,332.WI210,,2026-04,2026-04-27,14.7,4.5,,,
446,Vb-332.WI210-MNDE-SPM,332.WI210,,2026-04,2026-04-27,-1.2,-18.6,,,
447,Vb-332.WI210-PDE-SPM,332.WI210,,2026-04,2026-04-27,10.7,5.2,,,
448,Vb-332.WI210-PNDE-SPM,332.WI210,,2026-04,2026-04-27,15.2,8.7,,,
449,Vb-332.WI211-MDE-SPM,332.WI211,,2025-05,2025-05-25,-6,-14,,,
450,Vb-332.WI211-MNDE-SPM,332.WI211,,2025-05,2025-05-25,-13,-30,,,
451,Vb-332.WI211-PDE-SPM,332.WI211,,2025-05,2025-05-25,6,-2,,,
452,Vb-332.WI211-PNDE-SPM,332.WI211,,2025-05,2025-05-25,22,12,,,
453,Vb-332.WI211-MDE-SPM,332.WI211,,2025-06,2025-06-16,9,-9,,,
454,Vb-332.WI211-MNDE-SPM,332.WI211,,2025-06,2025-06-16,-12,-18,,,
455,Vb-332.WI211-PDE-SPM,332.WI211,,2025-06,2025-06-16,11,4,,,
456,Vb-332.WI211-PNDE-SPM,332.WI211,,2025-06,2025-06-16,20,10,,,
457,Vb-332.WI211-MDE-SPM,332.WI211,,2025-10,2025-10-06,17,-2,,,
458,Vb-332.WI211-MNDE-SPM,332.WI211,,2025-10,2025-10-06,6,-20,,,
459,Vb-332.WI211-PDE-SPM,332.WI211,,2025-10,2025-10-06,41,28,,,
460,Vb-332.WI211-PNDE-SPM,332.WI211,,2025-10,2025-10-06,25,12,,,
461,Vb-332.WI211-MDE-SPM,332.WI211,,2026-04,2026-04-27,-4.5,-9.8,,,
462,Vb-332.WI211-MNDE-SPM,332.WI211,,2026-04,2026-04-27,-7.1,-16.5,,,
463,Vb-332.WI211-PDE-SPM,332.WI211,,2026-04,2026-04-27,16,7.4,,,
464,Vb-332.WI211-PNDE-SPM,332.WI211,,2026-04,2026-04-27,15.2,8.1,,,
465,Vb-341.BE040-MDE-SPM,341.BE040,,2025-04,2025-04-16,5,-14,,,
466,Vb-341.BE040-MNDE-SPM,341.BE040,,2025-04,2025-04-16,4,-5,,,
467,Vb-341.BE040-S1NDE-SPM,341.BE040,,2025-04,2025-04-16,2,-4,,,
468,Vb-341.BE040-S2NDE-SPM,341.BE040,,2025-04,2025-04-16,14,-9,,,
469,Vb-341.BE040-S3DE-SPM,341.BE040,,2025-04,2025-04-16,27,-13,,,
470,Vb-341.BE040-S3NDE-SPM,341.BE040,,2025-04,2025-04-16,-3,-18,,,
471,Vb-341.BE040-MDE-SPM,341.BE040,,2025-06,2025-06-23,14,-6,,,
472,Vb-341.BE040-MNDE-SPM,341.BE040,,2025-06,2025-06-23,-1,-17,,,
473,Vb-341.BE040-S1NDE-SPM,341.BE040,,2025-06,2025-06-23,-3,-14,,,
474,Vb-341.BE040-S2NDE-SPM,341.BE040,,2025-06,2025-06-23,-4,-10,,,
475,Vb-341.BE040-S3DE-SPM,341.BE040,,2025-06,2025-06-23,-10,-17,,,
476,Vb-341.BE040-S3NDE-SPM,341.BE040,,2025-06,2025-06-23,3,-19,,,
477,Vb-341.BE040-MDE-SPM,341.BE040,,2025-08,2025-08-11,5,-5,,,
478,Vb-341.BE040-MNDE-SPM,341.BE040,,2025-08,2025-08-11,8,-15,,,
479,Vb-341.BE040-S1NDE-SPM,341.BE040,,2025-08,2025-08-11,4,-14,,,
480,Vb-341.BE040-S2NDE-SPM,341.BE040,,2025-08,2025-08-11,11,-10,,,
481,Vb-341.BE040-S3DE-SPM,341.BE040,,2025-08,2025-08-11,-1,-16,,,
482,Vb-341.BE040-S3NDE-SPM,341.BE040,,2025-08,2025-08-11,13,-16,,,
483,Vb-341.BE040-MDE-SPM,341.BE040,,2026-02,2026-02-17,-3,-11,2026-02-17,-3,-11.1
484,Vb-341.BE040-MNDE-SPM,341.BE040,,2026-02,2026-02-17,-6,-20,2026-02-17,-6.3,-19.5
485,Vb-341.BE040-S1NDE-SPM,341.BE040,,2026-02,2026-02-17,-8,-17,2026-02-17,-7.9,-16.6
486,Vb-341.BE040-S2NDE-SPM,341.BE040,,2026-02,2026-02-17,-1,-17,2026-02-17,-0.5,-17.1
487,Vb-341.BE040-S3DE-SPM,341.BE040,,2026-02,2026-02-17,5,-20,2026-02-17,4.5,-20.2
488,Vb-341.BE040-S3NDE-SPM,341.BE040,,2026-02,2026-02-17,23,-16,2026-02-17,22.5,-15.6
489,,341.BE040,Shaft 1 inboard,2026-04,2026-04-29,-7.8,-13.7,,,
490,,341.BE040,Shaft 2 inboard,2026-04,2026-04-29,-6,-11.9,,,
491,Vb-341.BE040-MDE-SPM,341.BE040,,2026-04,2026-04-29,0.1,-8,,,
492,Vb-341.BE040-MNDE-SPM,341.BE040,,2026-04,2026-04-29,-5.7,-20.2,,,
493,Vb-341.BE040-S3DE-SPM,341.BE040,,2026-04,2026-04-29,2.9,-12.3,,,
494,Vb-341.BL300-BLDE-SPM,341.BL300,,2025-08,2025-08-07,7,1,,,
495,Vb-341.BL300-MDE-SPM,341.BL300,,2025-08,2025-08-07,26,5,,,
496,Vb-341.BL300-MNDE-SPM,341.BL300,,2025-08,2025-08-07,9,0,,,
497,Vb-341.BL300-BLDE-SPM,341.BL300,,2025-09,2025-09-09,-3,-9,,,
498,Vb-341.BL300-BLNDE-SPM,341.BL300,,2025-09,2025-09-09,9,-10,,,
499,Vb-341.BL300-MDE-SPM,341.BL300,,2025-09,2025-09-09,23,6,,,
500,Vb-341.BL300-MNDE-SPM,341.BL300,,2025-09,2025-09-09,11,-5,,,
501,Vb-341.BL300-BLDE-SPM,341.BL300,,2026-02,2026-02-17,17,1,,,
502,Vb-341.BL300-BLNDE-SPM,341.BL300,,2026-02,2026-02-17,12,-4,,,
503,Vb-341.BL300-MDE-SPM,341.BL300,,2026-02,2026-02-17,26,19,,,
504,Vb-341.BL300-MNDE-SPM,341.BL300,,2026-02,2026-02-17,21,14,,,
505,Vb-341.BL300-BLDE-SPM,341.BL300,,2026-04,2026-04-15,23.1,-5.1,2026-04-26,21.1,-5.2
506,Vb-341.BL300-BLNDE-SPM,341.BL300,,2026-04,2026-04-15,21.1,-0.7,2026-04-26,31.3,-0.4
507,Vb-341.BL300-MDE-SPM,341.BL300,,2026-04,2026-04-15,22.7,15.4,2026-04-26,25.8,17.1
508,Vb-341.BL300-MNDE-SPM,341.BL300,,2026-04,2026-04-15,15.9,7.1,2026-04-26,6.7,-3.4
509,Vb-341.BL305-BLNDE-SPM,341.BL305,,2025-08,2025-08-10,6,-4,,,
510,Vb-341.BL305-MNDE-SPM,341.BL305,,2025-08,2025-08-07,1,-9,,,
511,Vb-341.BL305-BLDE-SPM,341.BL305,,2025-09,2025-09-09,10,-1,,,
512,Vb-341.BL305-MDE-SPM,341.BL305,,2025-09,2025-09-09,30,10,,,
513,Vb-341.BL305-MNDE-SPM,341.BL305,,2025-09,2025-09-09,9,-5,,,
514,Vb-341.BL305-BLDE-SPM,341.BL305,,2026-02,2026-02-17,1,-7,,,
515,Vb-341.BL305-BLNDE-SPM,341.BL305,,2026-02,2026-02-17,9,-5,,,
516,Vb-341.BL305-MDE-SPM,341.BL305,,2026-02,2026-02-17,21,13,,,
517,Vb-341.BL305-MNDE-SPM,341.BL305,,2026-02,2026-02-17,3,-3,,,
518,Vb-341.BL305-BLDE-SPM,341.BL305,,2026-03,2026-03-26,14.5,4.5,,,
519,Vb-341.BL305-BLNDE-SPM,341.BL305,,2026-03,2026-03-26,11.1,4,,,
520,Vb-341.BL305-MDE-SPM,341.BL305,,2026-03,2026-03-26,-5.9,-18,,,
521,Vb-341.BL305-MNDE-SPM,341.BL305,,2026-03,2026-03-26,1,-5.4,,,
522,Vb-341.BL305-BLDE-SPM,341.BL305,,2026-04,2026-04-26,26.2,8.8,,,
523,Vb-341.BL305-BLNDE-SPM,341.BL305,,2026-04,2026-04-26,23.9,8.6,,,
524,Vb-341.BL305-MDE-SPM,341.BL305,,2026-04,2026-04-26,20.1,11.2,,,
525,Vb-341.BL305-MNDE-SPM,341.BL305,,2026-04,2026-04-26,8.1,-4.7,,,
526,Vb-341.BL310-BLDE-SPM,341.BL310,,2025-06,2025-06-01,56,13,,,
527,Vb-341.BL310-BLDE-SPM,341.BL310,,2025-08,2025-08-07,56,13,,,
528,Vb-341.BL310-BLNDE-SPM,341.BL310,,2025-08,2025-08-10,18,1,,,
529,Vb-341.BL310-BLDE-SPM,341.BL310,,2025-09,2025-09-09,9,-3,,,
530,Vb-341.BL310-MDE-SPM,341.BL310,,2025-09,2025-09-09,38,24,,,
531,Vb-341.BL310-MNDE-SPM,341.BL310,,2025-09,2025-09-09,17,4,,,
532,Vb-341.BL310-BLDE-SPM,341.BL310,,2026-02,2026-02-17,17,-2,2026-02-17,16.5,-2
533,Vb-341.BL310-BLNDE-SPM,341.BL310,,2026-02,2026-02-17,16,-4,2026-02-17,15.9,-3.9
534,Vb-341.BL310-MDE-SPM,341.BL310,,2026-02,2026-02-17,24,13,2026-02-17,23.9,12.8
535,Vb-341.BL310-MNDE-SPM,341.BL310,,2026-02,2026-02-17,19,10,2026-02-17,18.7,9.9
536,Vb-341.BL310-BLDE-SPM,341.BL310,,2026-04,2026-04-26,17.9,-3.3,,,
537,Vb-341.BL310-BLNDE-SPM,341.BL310,,2026-04,2026-04-26,15.5,1.1,,,
538,Vb-341.BL310-MDE-SPM,341.BL310,,2026-04,2026-04-26,24.3,14.6,,,
539,Vb-341.BL310-MNDE-SPM,341.BL310,,2026-04,2026-04-26,16.4,7,,,
540,Vb-341.FN315-FDE-SPM,341.FN315,,2025-07,2025-07-13,32,11,,,
541,Vb-341.FN315-FNDE-SPM,341.FN315,,2025-07,2025-07-13,41,26,,,
542,Vb-341.FN315-MDE-SPM,341.FN315,,2025-07,2025-07-13,37,27,,,
543,Vb-341.FN315-MNDE-SPM,341.FN315,,2025-07,2025-07-13,13,4,,,
544,Vb-341.FN315-FDE-SPM,341.FN315,,2025-09,2025-09-16,39,24,,,
545,Vb-341.FN315-FNDE-SPM,341.FN315,,2025-09,2025-09-16,36,25,,,
546,Vb-341.FN315-MDE-SPM,341.FN315,,2025-09,2025-09-16,39,22,,,
547,Vb-341.FN315-MNDE-SPM,341.FN315,,2025-09,2025-09-16,19,1,,,
548,Vb-341.FN315-FDE-SPM,341.FN315,,2026-01,2026-01-21,37,21,2026-01-21,37.4,21.4
549,Vb-341.FN315-FNDE-SPM,341.FN315,,2026-01,2026-01-21,51,31,2026-01-21,50.6,31.1
550,Vb-341.FN315-MDE-SPM,341.FN315,,2026-01,2026-01-21,71,27,2026-01-21,70.7,27
551,Vb-341.FN315-MNDE-SPM,341.FN315,,2026-01,2026-01-21,51,19,2026-01-21,50.9,18.8
552,Vb-341.FN316-FDE-SPM,341.FN316,,2025-08,2025-08-12,-14,-41,,,
553,Vb-341.FN316-FNDE-SPM,341.FN316,,2025-08,2025-08-12,-16,-40,,,
554,Vb-341.FN316-MDE-SPM,341.FN316,,2025-08,2025-08-12,-13,-29,,,
555,Vb-341.FN316-MNDE-SPM,341.FN316,,2025-08,2025-08-12,12,-30,,,
556,Vb-341.FN316-FDE-SPM,341.FN316,,2025-09,2025-09-16,-1,-40,,,
557,Vb-341.FN316-FNDE-SPM,341.FN316,,2025-09,2025-09-16,-18,-41,,,
558,Vb-341.FN316-MDE-SPM,341.FN316,,2025-09,2025-09-16,8,-29,,,
559,Vb-341.FN316-MNDE-SPM,341.FN316,,2025-09,2025-09-16,-6,-28,,,
560,Vb-341.FN316-FDE-SPM,341.FN316,,2026-02,2026-02-17,33,27,,,
561,Vb-341.FN316-FNDE-SPM,341.FN316,,2026-02,2026-02-17,16,-2,,,
562,Vb-341.FN316-MDE-SPM,341.FN316,,2026-02,2026-02-17,19,10,,,
563,Vb-341.FN316-MNDE-SPM,341.FN316,,2026-02,2026-02-17,1,-9,,,
564,Vb-341.FN316-FDE-SPM,341.FN316,,2026-03,2026-03-10,34.6,27.4,,,
565,Vb-341.FN316-FNDE-SPM,341.FN316,,2026-03,2026-03-10,26.5,12.8,,,
566,Vb-341.FN316-MDE-SPM,341.FN316,,2026-03,2026-03-10,25.1,12.2,,,
567,Vb-341.FN316-MNDE-SPM,341.FN316,,2026-03,2026-03-10,12.1,-12.2,,,
568,Vb-341.FN316-FDE-SPM,341.FN316,,2026-04,2026-04-29,26.8,19.9,,,
569,Vb-341.FN316-FNDE-SPM,341.FN316,,2026-04,2026-04-29,32.6,15.1,,,
570,Vb-341.FN316-MDE-SPM,341.FN316,,2026-04,2026-04-29,25.6,14.5,,,
571,Vb-341.FN316-MNDE-SPM,341.FN316,,2026-04,2026-04-29,0,-8.6,,,
572,Vb-342.BE041-MDE-SPM,342.BE041,,2025-04,2025-04-16,3,-8,,,
573,Vb-342.BE041-MNDE-SPM,342.BE041,,2025-04,2025-04-16,9,-10,,,
574,Vb-342.BE041-S1NDE-SPM,342.BE041,,2025-04,2025-04-16,9,-9,,,
575,Vb-342.BE041-S2NDE-SPM,342.BE041,,2025-04,2025-04-16,-2,-9,,,
576,Vb-342.BE041-S3DE-SPM,342.BE041,,2025-04,2025-04-16,20,-17,,,
577,Vb-342.BE041-S3NDE-SPM,342.BE041,,2025-04,2025-04-16,35,-12,,,
578,Vb-342.BE041-MDE-SPM,342.BE041,,2025-06,2025-06-23,7,-2,,,
579,Vb-342.BE041-MNDE-SPM,342.BE041,,2025-06,2025-06-23,-1,-12,,,
580,Vb-342.BE041-S1NDE-SPM,342.BE041,,2025-06,2025-06-23,0,-25,,,
581,Vb-342.BE041-S2NDE-SPM,342.BE041,,2025-06,2025-06-23,5,-19,,,
582,Vb-342.BE041-S3DE-SPM,342.BE041,,2025-06,2025-06-23,10,-26,,,
583,Vb-342.BE041-S3NDE-SPM,342.BE041,,2025-06,2025-06-23,-3,-26,,,
584,Vb-342.BE041-MDE-SPM,342.BE041,,2025-08,2025-08-11,2,-13,,,
585,Vb-342.BE041-MNDE-SPM,342.BE041,,2025-08,2025-08-11,8,-6,,,
586,Vb-342.BE041-S1NDE-SPM,342.BE041,,2025-08,2025-08-11,-9,-31,,,
587,Vb-342.BE041-S2NDE-SPM,342.BE041,,2025-08,2025-08-11,-10,-23,,,
588,Vb-342.BE041-S3DE-SPM,342.BE041,,2025-08,2025-08-11,3,-28,,,
589,Vb-342.BE041-S3NDE-SPM,342.BE041,,2025-08,2025-08-11,2,-24,,,
590,Vb-342.BE041-MDE-SPM,342.BE041,,2026-02,2026-02-17,8,-4,2026-02-17,8.3,-4.4
591,Vb-342.BE041-MNDE-SPM,342.BE041,,2026-02,2026-02-17,1,-6,2026-02-17,1.3,-6.1
592,Vb-342.BE041-S1NDE-SPM,342.BE041,,2026-02,2026-02-17,-4,-28,2026-02-17,-3.7,-27.5
593,Vb-342.BE041-S2NDE-SPM,342.BE041,,2026-02,2026-02-17,2,-26,2026-02-17,1.5,-26.3
594,Vb-342.BE041-S3DE-SPM,342.BE041,,2026-02,2026-02-17,23,-23,2026-02-17,22.7,-23.2
595,Vb-342.BE041-S3NDE-SPM,342.BE041,,2026-02,2026-02-17,5,-26,2026-02-17,4.7,-26.1
596,,342.BE041,Shaft 1 inboard,2026-04,2026-04-29,5.9,-10.6,,,
597,,342.BE041,Shaft 2 inboard,2026-04,2026-04-29,-1.3,-8.3,,,
598,Vb-342.BE041-MDE-SPM,342.BE041,,2026-04,2026-04-29,12.2,6.2,,,
599,Vb-342.BE041-MNDE-SPM,342.BE041,,2026-04,2026-04-29,9.6,-10.2,,,
600,Vb-342.BE041-S3DE-SPM,342.BE041,,2026-04,2026-04-29,5.7,-11.7,,,
601,Vb-342.BE050-MDE-SPM,342.BE050,,2025-06,2025-06-29,9,-5,,,
602,Vb-342.BE050-MNDE-SPM,342.BE050,,2025-06,2025-06-29,3,-11,,,
603,Vb-342.BE050-S1NDE-SPM,342.BE050,,2025-06,2025-06-29,5,-1,,,
604,Vb-342.BE050-S2NDE-SPM,342.BE050,,2025-06,2025-06-29,10,-5,,,
605,Vb-342.BE050-S3DE-SPM,342.BE050,,2025-06,2025-06-29,2,-9,,,
606,Vb-342.BE050-S3NDE-SPM,342.BE050,,2025-06,2025-06-29,7,-14,,,
607,Vb-342.BE050-MDE-SPM,342.BE050,,2025-08,2025-08-19,14,-4,,,
608,Vb-342.BE050-MNDE-SPM,342.BE050,,2025-08,2025-08-19,-3,-11,,,
609,Vb-342.BE050-S1NDE-SPM,342.BE050,,2025-08,2025-08-19,7,-2,,,
610,Vb-342.BE050-S2NDE-SPM,342.BE050,,2025-08,2025-08-19,12,-8,,,
611,Vb-342.BE050-S3DE-SPM,342.BE050,,2025-08,2025-08-19,-2,-9,,,
612,Vb-342.BE050-S3NDE-SPM,342.BE050,,2025-08,2025-08-19,-2,-9,,,
613,Vb-342.BE050-MDE-SPM,342.BE050,,2026-02,2026-02-09,21.6,-1.2,,,
614,Vb-342.BE050-MNDE-SPM,342.BE050,,2026-02,2026-02-09,0.5,-11,,,
615,Vb-342.BE050-S1NDE-SPM,342.BE050,,2026-02,2026-02-09,2.4,-5,,,
616,Vb-342.BE050-S2NDE-SPM,342.BE050,,2026-02,2026-02-09,-0.6,-8.2,,,
617,Vb-342.BE050-S3DE-SPM,342.BE050,,2026-02,2026-02-09,11.9,-10.6,,,
618,Vb-342.BE050-S3NDE-SPM,342.BE050,,2026-02,2026-02-09,18.9,-11.3,,,
619,,342.BE050,Shaft 1 inboard,2026-04,2026-04-20,0.8,-6.9,,,
620,,342.BE050,Shaft 2 inboard,2026-04,2026-04-20,3.7,-7.7,,,
621,Vb-342.BE050-MDE-SPM,342.BE050,,2026-04,2026-04-20,8.8,-4,,,
622,Vb-342.BE050-MNDE-SPM,342.BE050,,2026-04,2026-04-20,1.5,-14.9,,,
623,Vb-342.BE050-S3DE-SPM,342.BE050,,2026-04,2026-04-20,22.3,-9.1,,,
624,Vb-342.BE051-MDE-SPM,342.BE051,,2025-06,2025-06-29,11,-2,,,
625,Vb-342.BE051-MNDE-SPM,342.BE051,,2025-06,2025-06-29,-3,-13,,,
626,Vb-342.BE051-S1NDE-SPM,342.BE051,,2025-06,2025-06-29,4,-3,,,
627,Vb-342.BE051-S2NDE-SPM,342.BE051,,2025-06,2025-06-29,1,-9,,,
628,Vb-342.BE051-MDE-SPM,342.BE051,,2025-08,2025-08-19,15,1,,,
629,Vb-342.BE051-MNDE-SPM,342.BE051,,2025-08,2025-08-19,2,-18,,,
630,Vb-342.BE051-S1NDE-SPM,342.BE051,,2025-08,2025-08-19,2,-5,,,
631,Vb-342.BE051-S2NDE-SPM,342.BE051,,2025-08,2025-08-19,0,-9,,,
632,Vb-342.BE051-S3DE-SPM,342.BE051,,2025-08,2025-08-19,-4,-10,,,
633,Vb-342.BE051-S3NDE-SPM,342.BE051,,2025-08,2025-08-19,-2,-12,,,
634,Vb-342.BE051-MDE-SPM,342.BE051,,2026-02,2026-02-09,22.6,4.7,,,
635,Vb-342.BE051-MNDE-SPM,342.BE051,,2026-02,2026-02-09,24.9,-15.3,,,
636,Vb-342.BE051-S1NDE-SPM,342.BE051,,2026-02,2026-02-09,1.4,-8.4,,,
637,Vb-342.BE051-S2NDE-SPM,342.BE051,,2026-02,2026-02-09,1.3,-6.3,,,
638,Vb-342.BE051-S3DE-SPM,342.BE051,,2026-02,2026-02-09,31.7,-13.6,,,
639,Vb-342.BE051-S3NDE-SPM,342.BE051,,2026-02,2026-02-09,13.1,-12.1,,,
640,,342.BE051,Shaft 1 inboard,2026-04,2026-04-20,5.5,-8.9,,,
641,,342.BE051,Shaft 2 inboard,2026-04,2026-04-20,4.2,-2,,,
642,Vb-342.BE051-MDE-SPM,342.BE051,,2026-04,2026-04-20,14,-0.2,,,
643,Vb-342.BE051-MNDE-SPM,342.BE051,,2026-04,2026-04-20,-0.9,-18.7,,,
644,Vb-342.BE051-S3DE-SPM,342.BE051,,2026-04,2026-04-20,6.3,-14.1,,,
645,Vb-342.BL300-BLDE-SPM,342.BL300,,2025-07,2025-07-29,23,6,,,
646,Vb-342.BL300-BLNDE-SPM,342.BL300,,2025-07,2025-07-29,26,-1,,,
647,Vb-342.BL300-MDE-SPM,342.BL300,,2025-07,2025-07-29,13,5,,,
648,Vb-342.BL300-MNDE-SPM,342.BL300,,2025-07,2025-07-29,17,8,,,
649,Vb-342.BL300-BLDE-SPM,342.BL300,,2025-10,2025-10-07,6,-2,,,
650,Vb-342.BL300-BLNDE-SPM,342.BL300,,2025-10,2025-10-07,10,4,,,
651,Vb-342.BL300-MDE-SPM,342.BL300,,2025-10,2025-10-07,11,0,,,
652,Vb-342.BL300-MNDE-SPM,342.BL300,,2025-10,2025-10-07,7,-2,,,
653,Vb-342.BL300-BLDE-SPM,342.BL300,,2026-02,2026-02-05,8.3,0.8,,,
654,Vb-342.BL300-BLNDE-SPM,342.BL300,,2026-02,2026-02-05,8.1,-1,,,
655,Vb-342.BL300-MDE-SPM,342.BL300,,2026-02,2026-02-05,23.3,9.6,,,
656,Vb-342.BL300-MNDE-SPM,342.BL300,,2026-02,2026-02-05,15.5,3,,,
657,Vb-342.BL300-BLDE-SPM,342.BL300,,2026-03,2026-03-30,11.1,0.4,,,
658,Vb-342.BL300-BLNDE-SPM,342.BL300,,2026-03,2026-03-30,4,-2.9,,,
659,Vb-342.BL300-MDE-SPM,342.BL300,,2026-03,2026-03-30,21.8,13.9,,,
660,Vb-342.BL300-MNDE-SPM,342.BL300,,2026-03,2026-03-30,16.3,7.5,,,
661,Vb-342.BL305-BLDE-SPM,342.BL305,,2025-07,2025-07-29,13,-3,,,
662,Vb-342.BL305-BLNDE-SPM,342.BL305,,2025-07,2025-07-29,-26,-40,,,
663,Vb-342.BL305-MDE-SPM,342.BL305,,2025-07,2025-07-29,22,16,,,
664,Vb-342.BL305-MNDE-SPM,342.BL305,,2025-07,2025-07-29,24,14,,,
665,Vb-342.BL305-BLDE-SPM,342.BL305,,2025-10,2025-10-07,32,9,,,
666,Vb-342.BL305-MDE-SPM,342.BL305,,2025-10,2025-10-07,16,8,,,
667,Vb-342.BL305-MNDE-SPM,342.BL305,,2025-10,2025-10-07,-3,-9,,,
668,Vb-342.BL305-BLDE-SPM,342.BL305,,2026-02,2026-02-05,5.3,-1.1,,,
669,Vb-342.BL305-BLNDE-SPM,342.BL305,,2026-02,2026-02-05,10.9,-5.8,,,
670,Vb-342.BL305-MDE-SPM,342.BL305,,2026-02,2026-02-05,26.4,14.2,,,
671,Vb-342.BL305-MNDE-SPM,342.BL305,,2026-02,2026-02-05,20.8,7.2,,,
672,Vb-342.BL305-BLDE-SPM,342.BL305,,2026-04,2026-04-15,5.9,-3.2,,,
673,Vb-342.BL305-BLNDE-SPM,342.BL305,,2026-04,2026-04-15,8.5,-1.9,,,
674,Vb-342.BL305-MDE-SPM,342.BL305,,2026-04,2026-04-15,17.2,7.1,,,
675,Vb-342.BL305-MNDE-SPM,342.BL305,,2026-04,2026-04-15,7.7,0.3,,,
676,Vb-342.BL310-BLDE-SPM,342.BL310,,2025-07,2025-07-29,10,-9,,,
677,Vb-342.BL310-MDE-SPM,342.BL310,,2025-07,2025-07-29,32,23,,,
678,Vb-342.BL310-MNDE-SPM,342.BL310,,2025-07,2025-07-29,28,19,,,
679,Vb-342.BL310-BLDE-SPM,342.BL310,,2025-10,2025-10-07,3,-4,,,
680,Vb-342.BL310-BLNDE-SPM,342.BL310,,2025-10,2025-10-07,10,1,,,
681,Vb-342.BL310-MDE-SPM,342.BL310,,2025-10,2025-10-07,23,11,,,
682,Vb-342.BL310-MNDE-SPM,342.BL310,,2025-10,2025-10-07,11,1,,,
683,Vb-342.BL310-BLDE-SPM,342.BL310,,2026-02,2026-02-05,10.9,-5.6,,,
684,Vb-342.BL310-BLNDE-SPM,342.BL310,,2026-02,2026-02-05,-1.4,-8.4,,,
685,Vb-342.BL310-MDE-SPM,342.BL310,,2026-02,2026-02-05,27.3,12.4,,,
686,Vb-342.BL310-MNDE-SPM,342.BL310,,2026-02,2026-02-05,20,6.6,,,
687,Vb-342.BL310-BLDE-SPM,342.BL310,,2026-04,2026-04-15,1.5,-11,,,
688,Vb-342.BL310-BLNDE-SPM,342.BL310,,2026-04,2026-04-15,7.7,-12.4,,,
689,Vb-342.BL310-MDE-SPM,342.BL310,,2026-04,2026-04-15,27.4,17.4,,,
690,Vb-342.BL310-MNDE-SPM,342.BL310,,2026-04,2026-04-15,4.3,-5.7,,,
691,Vb-342.FN315-FDE-SPM,342.FN315,,2025-07,2025-07-29,30,7,,,
692,Vb-342.FN315-FNDE-SPM,342.FN315,,2025-07,2025-07-29,33,23,,,
693,Vb-342.FN315-MDE-SPM,342.FN315,,2025-07,2025-07-29,6,-5,,,
694,Vb-342.FN315-MNDE-SPM,342.FN315,,2025-07,2025-07-29,14,-1,,,
695,Vb-342.FN315-FDE-SPM,342.FN315,,2025-09,2025-09-25,17,-1,,,
696,Vb-342.FN315-FNDE-SPM,342.FN315,,2025-09,2025-09-25,27,7,,,
697,Vb-342.FN315-MDE-SPM,342.FN315,,2025-09,2025-09-25,9,-7,,,
698,Vb-342.FN315-MNDE-SPM,342.FN315,,2025-09,2025-09-25,11,-5,,,
699,Vb-342.FN315-FDE-SPM,342.FN315,,2026-01,2026-01-25,20.8,4.7,,,
700,Vb-342.FN315-FNDE-SPM,342.FN315,,2026-01,2026-01-25,39.4,9.2,,,
701,Vb-342.FN315-MDE-SPM,342.FN315,,2026-01,2026-01-25,4,-1.9,,,
702,Vb-342.FN315-MNDE-SPM,342.FN315,,2026-01,2026-01-25,0.8,-7.4,,,
703,Vb-342.FN315-FDE-SPM,342.FN315,,2026-03,2026-03-31,27.4,4.4,,,
704,Vb-342.FN315-FNDE-SPM,342.FN315,,2026-03,2026-03-31,22.8,2.7,,,
705,Vb-342.FN315-MDE-SPM,342.FN315,,2026-03,2026-03-31,5,-11.6,,,
706,Vb-342.FN315-MNDE-SPM,342.FN315,,2026-03,2026-03-31,3.7,-19.3,,,
707,Vb-342.FN315-FDE-SPM,342.FN315,,2026-04,2026-04-21,61.4,10.4,,,
708,Vb-342.FN315-FNDE-SPM,342.FN315,,2026-04,2026-04-21,42.4,23.5,,,
709,Vb-342.FN315-MDE-SPM,342.FN315,,2026-04,2026-04-21,15.2,-12.6,,,
710,Vb-342.FN315-MNDE-SPM,342.FN315,,2026-04,2026-04-21,6.3,-19.1,,,
711,Vb-351.BE340-MDE-SPM,351.BE340,,2025-04,2025-04-16,4,-6,,,
712,Vb-351.BE340-MNDE-SPM,351.BE340,,2025-04,2025-04-16,2,-7,,,
713,Vb-351.BE340-S1NDE-SPM,351.BE340,,2025-04,2025-04-16,1,-5,,,
714,Vb-351.BE340-S2NDE-SPM,351.BE340,,2025-04,2025-04-16,24,-3,,,
715,Vb-351.BE340-S3DE-SPM,351.BE340,,2025-04,2025-04-16,44,21,,,
716,Vb-351.BE340-S3NDE-SPM,351.BE340,,2025-04,2025-04-16,46,23,,,
717,Vb-351.BE340-MDE-SPM,351.BE340,,2025-06,2025-06-23,4,-6,,,
718,Vb-351.BE340-MNDE-SPM,351.BE340,,2025-06,2025-06-23,-5,-11,,,
719,Vb-351.BE340-S1NDE-SPM,351.BE340,,2025-06,2025-06-23,6,0,,,
720,Vb-351.BE340-S2NDE-SPM,351.BE340,,2025-06,2025-06-23,8,0,,,
721,Vb-351.BE340-S3DE-SPM,351.BE340,,2025-06,2025-06-23,43,22,,,
722,Vb-351.BE340-S3NDE-SPM,351.BE340,,2025-06,2025-06-23,50,24,,,
723,Vb-351.BE340-MDE-SPM,351.BE340,,2025-08,2025-08-11,4,-8,,,
724,Vb-351.BE340-MNDE-SPM,351.BE340,,2025-08,2025-08-11,-2,-8,,,
725,Vb-351.BE340-S1NDE-SPM,351.BE340,,2025-08,2025-08-11,6,-4,,,
726,Vb-351.BE340-S2NDE-SPM,351.BE340,,2025-08,2025-08-11,6,-2,,,
727,Vb-351.BE340-S3DE-SPM,351.BE340,,2025-08,2025-08-11,54,21,,,
728,Vb-351.BE340-S3NDE-SPM,351.BE340,,2025-08,2025-08-11,66,27,,,
729,Vb-351.BE340-MDE-SPM,351.BE340,,2026-02,2026-02-17,-1,-12,2026-02-17,-1.1,-11.6
730,Vb-351.BE340-MNDE-SPM,351.BE340,,2026-02,2026-02-17,-5,-20,2026-02-17,-5.2,-20.4
731,Vb-351.BE340-S1NDE-SPM,351.BE340,,2026-02,2026-02-17,-3,-11,2026-02-17,-3.2,-10.7
732,Vb-351.BE340-S2NDE-SPM,351.BE340,,2026-02,2026-02-17,6,-1,2026-02-17,6.2,-1.1
733,Vb-351.BE340-S3DE-SPM,351.BE340,,2026-02,2026-02-17,39,15,,,
734,Vb-351.BE340-S3NDE-SPM,351.BE340,,2026-02,2026-02-17,53,-2,2026-02-17,52.7,-1.8
735,,351.BE340,Shaft 1 inboard,2026-04,2026-04-29,0.6,-5.1,,,
736,,351.BE340,Shaft 2 inboard,2026-04,2026-04-29,13,-0.4,,,
737,Vb-351.BE340-MDE-SPM,351.BE340,,2026-04,2026-04-29,2.9,-11.8,,,
738,Vb-351.BE340-MNDE-SPM,351.BE340,,2026-04,2026-04-29,-7.2,-18.1,,,
739,Vb-351.BE340-S3DE-SPM,351.BE340,,2026-04,2026-04-29,41.4,25.9,,,
740,Vb-351.BE341-MDE-SPM,351.BE341,,2025-04,2025-04-16,6,-1,,,
741,Vb-351.BE341-MNDE-SPM,351.BE341,,2025-04,2025-04-16,4,-2,,,
742,Vb-351.BE341-S1NDE-SPM,351.BE341,,2025-04,2025-04-16,-1,-7,,,
743,Vb-351.BE341-S2NDE-SPM,351.BE341,,2025-04,2025-04-16,17,-3,,,
744,Vb-351.BE341-S3DE-SPM,351.BE341,,2025-04,2025-04-16,53,16,,,
745,Vb-351.BE341-S3NDE-SPM,351.BE341,,2025-04,2025-04-16,60,19,,,
746,Vb-351.BE341-MDE-SPM,351.BE341,,2025-06,2025-06-23,11,3,,,
747,Vb-351.BE341-MNDE-SPM,351.BE341,,2025-06,2025-06-23,-3,-9,,,
748,Vb-351.BE341-S1NDE-SPM,351.BE341,,2025-06,2025-06-23,0,-9,,,
749,Vb-351.BE341-S2NDE-SPM,351.BE341,,2025-06,2025-06-23,11,-2,,,
750,Vb-351.BE341-S3DE-SPM,351.BE341,,2025-06,2025-06-23,47,18,,,
751,Vb-351.BE341-S3NDE-SPM,351.BE341,,2025-06,2025-06-23,45,17,,,
752,Vb-351.BE341-MDE-SPM,351.BE341,,2025-08,2025-08-11,9,3,,,
753,Vb-351.BE341-MNDE-SPM,351.BE341,,2025-08,2025-08-11,-5,-10,,,
754,Vb-351.BE341-S1NDE-SPM,351.BE341,,2025-08,2025-08-11,3,-4,,,
755,Vb-351.BE341-S2NDE-SPM,351.BE341,,2025-08,2025-08-11,17,1,,,
756,Vb-351.BE341-S3DE-SPM,351.BE341,,2025-08,2025-08-11,43,16,,,
757,Vb-351.BE341-S3NDE-SPM,351.BE341,,2025-08,2025-08-11,43,21,,,
758,Vb-351.BE341-MDE-SPM,351.BE341,,2026-02,2026-02-17,-2,-10,2026-02-17,-1.5,-10.1
759,Vb-351.BE341-MNDE-SPM,351.BE341,,2026-02,2026-02-17,-2,-18,2026-02-17,-1.5,-18.2
760,Vb-351.BE341-S1NDE-SPM,351.BE341,,2026-02,2026-02-17,2,-20,2026-02-17,1.6,-19.7
761,Vb-351.BE341-S2NDE-SPM,351.BE341,,2026-02,2026-02-17,15,-11,2026-02-17,15,-10.8
762,Vb-351.BE341-S3DE-SPM,351.BE341,,2026-02,2026-02-17,45,18,2026-02-17,45.2,18
763,Vb-351.BE341-S3NDE-SPM,351.BE341,,2026-02,2026-02-17,47,19,2026-02-17,46.8,19.4
764,,351.BE341,Shaft 1 inboard,2026-04,2026-04-29,5.2,-13.4,,,
765,,351.BE341,Shaft 2 inboard,2026-04,2026-04-29,3.4,-6.5,,,
766,Vb-351.BE341-MDE-SPM,351.BE341,,2026-04,2026-04-29,-0.6,-8.1,,,
767,Vb-351.BE341-MNDE-SPM,351.BE341,,2026-04,2026-04-29,-11.5,-17.6,,,
768,Vb-351.BE341-S3DE-SPM,351.BE341,,2026-04,2026-04-29,46.7,22.8,,,
769,Vb-351.BL110-BLDE-SPM,351.BL110,,2025-09,2025-09-24,23,9,,,
770,Vb-351.BL110-BLNDE-SPM,351.BL110,,2025-09,2025-09-24,31,18,,,
771,Vb-351.BL110-MDE-SPM,351.BL110,,2025-09,2025-09-24,21,9,,,
772,Vb-351.BL110-MNDE-SPM,351.BL110,,2025-09,2025-09-24,3,-6,,,
773,Vb-351.BL110-BLDE-SPM,351.BL110,,2026-02,2026-02-17,24,8,,,
774,Vb-351.BL110-BLNDE-SPM,351.BL110,,2026-02,2026-02-17,26,15,,,
775,Vb-351.BL110-MDE-SPM,351.BL110,,2026-02,2026-02-17,-1,-7,,,
776,Vb-351.BL110-MNDE-SPM,351.BL110,,2026-02,2026-02-17,-2,-10,,,
777,Vb-351.BL110-BLDE-SPM,351.BL110,,2026-03,2026-03-26,32.5,15.1,,,
778,Vb-351.BL110-BLNDE-SPM,351.BL110,,2026-03,2026-03-26,14.4,3.4,,,
779,Vb-351.BL110-MDE-SPM,351.BL110,,2026-03,2026-03-26,7.2,-1.1,,,
780,Vb-351.BL110-MNDE-SPM,351.BL110,,2026-03,2026-03-26,-1.5,-14.3,,,
781,Vb-351.BL110-BLDE-SPM,351.BL110,,2026-04,2026-04-26,34.7,12.5,,,
782,Vb-351.BL110-BLNDE-SPM,351.BL110,,2026-04,2026-04-26,32.6,13.6,,,
783,Vb-351.BL110-MDE-SPM,351.BL110,,2026-04,2026-04-26,11.6,4,,,
784,Vb-351.BL110-MNDE-SPM,351.BL110,,2026-04,2026-04-26,-4.9,-11,,,
785,Vb-352.BE340-MDE-SPM,352.BE340,,2025-06,2025-06-18,5,-2,,,
786,Vb-352.BE340-MNDE-SPM,352.BE340,,2025-06,2025-06-18,5,-3,,,
787,Vb-352.BE340-S1NDE-SPM,352.BE340,,2025-06,2025-06-18,8,2,,,
788,Vb-352.BE340-S2NDE-SPM,352.BE340,,2025-06,2025-06-18,8,0,,,
789,Vb-352.BE340-S3DE-SPM,352.BE340,,2025-06,2025-06-18,20,-10,,,
790,Vb-352.BE340-S3NDE-SPM,352.BE340,,2025-06,2025-06-18,9,-7,,,
791,Vb-352.BE340-MDE-SPM,352.BE340,,2025-08,2025-08-19,16,-4,,,
792,Vb-352.BE340-MNDE-SPM,352.BE340,,2025-08,2025-08-19,-5,-17,,,
793,Vb-352.BE340-S1NDE-SPM,352.BE340,,2025-08,2025-08-19,2,-5,,,
794,Vb-352.BE340-S2NDE-SPM,352.BE340,,2025-08,2025-08-19,2,-8,,,
795,Vb-352.BE340-S3DE-SPM,352.BE340,,2025-08,2025-08-19,-2,-9,,,
796,Vb-352.BE340-S3NDE-SPM,352.BE340,,2025-08,2025-08-19,6,-6,,,
797,Vb-352.BE340-MDE-SPM,352.BE340,,2026-02,2026-02-09,12.1,-0.8,,,
798,Vb-352.BE340-MNDE-SPM,352.BE340,,2026-02,2026-02-09,1.6,-15.4,,,
799,Vb-352.BE340-S1NDE-SPM,352.BE340,,2026-02,2026-02-09,-1.1,-7.3,,,
800,Vb-352.BE340-S2NDE-SPM,352.BE340,,2026-02,2026-02-09,-7.8,-15.3,,,
801,Vb-352.BE340-S3DE-SPM,352.BE340,,2026-02,2026-02-09,3.3,-8.8,,,
802,Vb-352.BE340-S3NDE-SPM,352.BE340,,2026-02,2026-02-09,-3.2,-9.1,,,
803,,352.BE340,Shaft 1 inboard,2026-04,2026-04-20,-0.4,-8.4,,,
804,,352.BE340,Shaft 2 inboard,2026-04,2026-04-20,-8.6,-15.9,,,
805,Vb-352.BE340-MDE-SPM,352.BE340,,2026-04,2026-04-20,19.1,-7.3,,,
806,Vb-352.BE340-MNDE-SPM,352.BE340,,2026-04,2026-04-20,12.1,-13.4,,,
807,Vb-352.BE340-S3DE-SPM,352.BE340,,2026-04,2026-04-20,4.5,-10.9,,,
808,Vb-352.BE341-MDE-SPM,352.BE341,,2025-06,2025-06-18,6,-2,,,
809,Vb-352.BE341-MNDE-SPM,352.BE341,,2025-06,2025-06-18,2,-5,,,
810,Vb-352.BE341-S1NDE-SPM,352.BE341,,2025-06,2025-06-18,-3,-13,,,
811,Vb-352.BE341-S2NDE-SPM,352.BE341,,2025-06,2025-06-18,13,-17,,,
812,Vb-352.BE341-S3DE-SPM,352.BE341,,2025-06,2025-06-18,10,-10,,,
813,Vb-352.BE341-S3NDE-SPM,352.BE341,,2025-06,2025-06-18,10,-13,,,
814,Vb-352.BE341-MDE-SPM,352.BE341,,2025-08,2025-08-19,11,-3,,,
815,Vb-352.BE341-MNDE-SPM,352.BE341,,2025-08,2025-08-19,-3,-15,,,
816,Vb-352.BE341-S1NDE-SPM,352.BE341,,2025-08,2025-08-19,3,-12,,,
817,Vb-352.BE341-S2NDE-SPM,352.BE341,,2025-08,2025-08-19,7,-21,,,
818,Vb-352.BE341-S3DE-SPM,352.BE341,,2025-08,2025-08-19,2,-10,,,
819,Vb-352.BE341-S3NDE-SPM,352.BE341,,2025-08,2025-08-19,3,-11,,,
820,Vb-352.BE341-MDE-SPM,352.BE341,,2026-02,2026-02-09,9.3,-5.7,,,
821,Vb-352.BE341-MNDE-SPM,352.BE341,,2026-02,2026-02-09,-0.3,-16.3,,,
822,Vb-352.BE341-S1NDE-SPM,352.BE341,,2026-02,2026-02-09,-1.3,-11.9,,,
823,Vb-352.BE341-S2NDE-SPM,352.BE341,,2026-02,2026-02-09,-2.6,-12.3,,,
824,Vb-352.BE341-S3DE-SPM,352.BE341,,2026-02,2026-02-09,-2.3,-11.9,,,
825,Vb-352.BE341-S3NDE-SPM,352.BE341,,2026-02,2026-02-09,-6.4,-13.1,,,
826,,352.BE341,Shaft 1 inboard,2026-04,2026-04-20,9.5,-13.1,,,
827,,352.BE341,Shaft 2 inboard,2026-04,2026-04-20,2.2,-12,,,
828,Vb-352.BE341-MDE-SPM,352.BE341,,2026-04,2026-04-20,10.5,-6.1,,,
829,Vb-352.BE341-MNDE-SPM,352.BE341,,2026-04,2026-04-20,-8,-17.8,,,
830,Vb-352.BE341-S3DE-SPM,352.BE341,,2026-04,2026-04-20,15.5,-6.7,,,
831,Vb-352.BL110-BLDE-SPM,352.BL110,,2025-07,2025-07-29,25,0,,,
832,Vb-352.BL110-BLNDE-SPM,352.BL110,,2025-07,2025-07-29,10,0,,,
833,Vb-352.BL110-MDE-SPM,352.BL110,,2025-07,2025-07-29,21,12,,,
834,Vb-352.BL110-MNDE-SPM,352.BL110,,2025-07,2025-07-29,1,-6,,,
835,Vb-352.BL110-BLDE-SPM,352.BL110,,2025-10,2025-10-07,11,1,,,
836,Vb-352.BL110-BLNDE-SPM,352.BL110,,2025-10,2025-10-07,15,-3,,,
837,Vb-352.BL110-MDE-SPM,352.BL110,,2025-10,2025-10-07,17,5,,,
838,Vb-352.BL110-MNDE-SPM,352.BL110,,2025-10,2025-10-07,-5,-16,,,
839,,352.BL115,BL DE,2026-02,2026-02-05,21.4,4.3,,,
840,,352.BL115,BL NDE,2026-02,2026-02-05,11,2.4,,,
841,,352.BL115,Motor DE,2026-02,2026-02-05,13.9,0.8,,,
842,,352.BL115,Motor NDE,2026-02,2026-02-05,-3.1,-6.5,,,
843,,352.BL115,BL DE,2026-04,2026-04-15,6.1,-3.1,,,
844,,352.BL115,BL NDE,2026-04,2026-04-15,16.3,1,,,
845,,352.BL115,Motor DE,2026-04,2026-04-15,6.7,-0.7,,,
846,,352.BL115,Motor NDE,2026-04,2026-04-15,-2,-7.1,,,
847,Vb-431.FN171-FDE-SPM,431.FN171,,2025-05,2025-05-14,34,8,,,
848,Vb-431.FN171-FNDE-SPM,431.FN171,,2025-05,2025-05-14,31,19,,,
849,Vb-431.FN171-MDE-SPM,431.FN171,,2025-05,2025-05-14,11,-8,,,
850,Vb-431.FN171-MNDE-SPM,431.FN171,,2025-05,2025-05-14,1,-8,,,
851,Vb-431.FN171-FDE-SPM,431.FN171,,2025-07,2025-07-10,17,7,,,
852,Vb-431.FN171-FNDE-SPM,431.FN171,,2025-07,2025-07-10,12,5,,,
853,Vb-431.FN171-MDE-SPM,431.FN171,,2025-07,2025-07-10,10,-10,,,
854,Vb-431.FN171-MNDE-SPM,431.FN171,,2025-07,2025-07-10,-4,-11,,,
855,Vb-431.FN171-FDE-SPM,431.FN171,,2025-09,2025-09-02,21,1,2025-09-16,23,2
856,Vb-431.FN171-FNDE-SPM,431.FN171,,2025-09,2025-09-02,24,13,2025-09-16,25,18
857,Vb-431.FN171-MDE-SPM,431.FN171,,2025-09,2025-09-02,6,-11,2025-09-16,-2,-12
858,Vb-431.FN171-MNDE-SPM,431.FN171,,2025-09,2025-09-02,1,-13,2025-09-16,-7,-21
859,Vb-431.FN171-FDE-SPM,431.FN171,,2026-02,2026-02-17,20,12,,,
860,Vb-431.FN171-FNDE-SPM,431.FN171,,2026-02,2026-02-17,27,18,,,
861,Vb-431.FN171-MDE-SPM,431.FN171,,2026-02,2026-02-17,7,-12,,,
862,Vb-431.FN171-MNDE-SPM,431.FN171,,2026-02,2026-02-17,7,-3,,,
863,Vb-431.FN171-FDE-SPM,431.FN171,,2026-03,2026-03-24,20.9,8,,,
864,Vb-431.FN171-FNDE-SPM,431.FN171,,2026-03,2026-03-24,24.1,13.7,,,
865,Vb-431.FN171-MDE-SPM,431.FN171,,2026-03,2026-03-24,13.4,-8.2,,,
866,Vb-431.FN171-MNDE-SPM,431.FN171,,2026-03,2026-03-24,3.2,-7.9,,,
867,Vb-431.FN171-FDE-SPM,431.FN171,,2026-04,2026-04-29,18.9,8.8,,,
868,Vb-431.FN171-FNDE-SPM,431.FN171,,2026-04,2026-04-29,7.2,-2,,,
869,Vb-431.FN171-MDE-SPM,431.FN171,,2026-04,2026-04-29,15.2,0.2,,,
870,Vb-431.FN171-MNDE-SPM,431.FN171,,2026-04,2026-04-29,15.9,-8.6,,,
871,Vb-431.FN176-FDE-SPM,431.FN176,,2025-05,2025-05-04,17,10,,,
872,Vb-431.FN176-FNDE-SPM,431.FN176,,2025-05,2025-05-04,32,14,,,
873,Vb-431.FN176-MDE-SPM,431.FN176,,2025-05,2025-05-04,12,1,,,
874,Vb-431.FN176-MNDE-SPM,431.FN176,,2025-05,2025-05-04,-5,-15,,,
875,Vb-431.FN176-FDE-SPM,431.FN176,,2025-07,2025-07-07,20,13,,,
876,Vb-431.FN176-FNDE-SPM,431.FN176,,2025-07,2025-07-07,11,-7,,,
877,Vb-431.FN176-MDE-SPM,431.FN176,,2025-07,2025-07-07,9,2,,,
878,Vb-431.FN176-MNDE-SPM,431.FN176,,2025-07,2025-07-07,-6,-21,,,
879,Vb-431.FN176-FDE-SPM,431.FN176,,2025-09,2025-09-02,20,14,,,
880,Vb-431.FN176-FNDE-SPM,431.FN176,,2025-09,2025-09-02,16,-6,,,
881,Vb-431.FN176-MDE-SPM,431.FN176,,2025-09,2025-09-02,19,1,,,
882,Vb-431.FN176-MNDE-SPM,431.FN176,,2025-09,2025-09-02,13,-12,,,
883,Vb-431.FN176-FDE-SPM,431.FN176,,2025-10,2025-10-12,24,16,,,
884,Vb-431.FN176-FNDE-SPM,431.FN176,,2025-10,2025-10-12,20,7,,,
885,Vb-431.FN176-MDE-SPM,431.FN176,,2025-10,2025-10-12,10,0,,,
886,Vb-431.FN176-MNDE-SPM,431.FN176,,2025-10,2025-10-12,-6,-11,,,
887,Vb-431.FN176-FDE-SPM,431.FN176,,2026-04,2026-04-06,21.5,6,2026-04-29,17.9,5.5
888,Vb-431.FN176-FNDE-SPM,431.FN176,,2026-04,2026-04-06,27,15.1,2026-04-29,24.3,-8.2
889,Vb-431.FN176-MDE-SPM,431.FN176,,2026-04,2026-04-06,6.1,-4.6,2026-04-29,15.6,-1.9
890,Vb-431.FN176-MNDE-SPM,431.FN176,,2026-04,2026-04-06,0.4,-13.9,2026-04-29,8.9,-16.8
891,Vb-431.FN176-FDE-SPM,431.FN176,,2026-12,2026-12-01,20,13,,,
892,Vb-431.FN176-FNDE-SPM,431.FN176,,2026-12,2026-12-01,22,13,,,
893,Vb-431.FN176-MDE-SPM,431.FN176,,2026-12,2026-12-01,17,-6,,,
894,Vb-431.FN176-MNDE-SPM,431.FN176,,2026-12,2026-12-01,-8,-13,,,
895,Vb-431.FN560-MDE-SPM,431.FN560,,2025-05,2025-05-14,5,-1,,,
896,Vb-431.FN560-MNDE-SPM,431.FN560,,2025-05,2025-05-14,3,-4,,,
897,Vb-431.FN560-MDE-SPM,431.FN560,,2025-07,2025-07-13,10,1,,,
898,Vb-431.FN560-MNDE-SPM,431.FN560,,2025-07,2025-07-13,5,-1,,,
899,Vb-431.FN560-MDE-SPM,431.FN560,,2025-09,2025-09-16,11,0,,,
900,Vb-431.FN560-MNDE-SPM,431.FN560,,2025-09,2025-09-16,6,0,,,
901,Vb-431.FN560-MDE-SPM,431.FN560,,2026-02,2026-02-17,7,-1,,,
902,Vb-431.FN560-MNDE-SPM,431.FN560,,2026-02,2026-02-17,5,-3,,,
903,Vb-431.FN560-MDE-SPM,431.FN560,,2026-03,2026-03-25,9.6,-0.1,,,
904,Vb-431.FN560-MNDE-SPM,431.FN560,,2026-03,2026-03-25,2.2,-3.4,,,
905,Vb-431.FN560-MDE-SPM,431.FN560,,2026-04,2026-04-29,11.9,0.6,,,
906,Vb-431.FN560-MNDE-SPM,431.FN560,,2026-04,2026-04-29,0.9,-6.1,,,
907,Vb-431.MD140-MDE-SPM,431.MD140,,2025-05,2025-05-14,0,-6,,,
908,Vb-431.MD140-MNDE-SPM,431.MD140,,2025-05,2025-05-14,5,-2,,,
909,Vb-431.MD140-S1DE-SPM,431.MD140,,2025-05,2025-05-14,-2,-20,,,
910,Vb-431.MD140-S1NDE-SPM,431.MD140,,2025-05,2025-05-14,-8,-21,,,
911,Vb-431.MD140-S2DE-SPM,431.MD140,,2025-05,2025-05-14,5,-5,,,
912,Vb-431.MD140-S2NDE-SPM,431.MD140,,2025-05,2025-05-14,16,-8,,,
913,Vb-431.MD140-S3DE-SPM,431.MD140,,2025-05,2025-05-14,13,-4,,,
914,Vb-431.MD140-S3NDE-SPM,431.MD140,,2025-05,2025-05-14,25,-7,,,
915,Vb-431.MD140-S4DE-SPM,431.MD140,,2025-05,2025-05-14,23,-13,,,
916,Vb-431.MD140-S4NDE-SPM,431.MD140,,2025-05,2025-05-14,23,-12,,,
917,Vb-431.MD140-MDE-SPM,431.MD140,,2025-07,2025-07-13,4,-2,,,
918,Vb-431.MD140-MNDE-SPM,431.MD140,,2025-07,2025-07-13,4,-3,,,
919,Vb-431.MD140-S1DE-SPM,431.MD140,,2025-07,2025-07-13,-9,-18,,,
920,Vb-431.MD140-S1NDE-SPM,431.MD140,,2025-07,2025-07-13,-8,-20,,,
921,Vb-431.MD140-S2DE-SPM,431.MD140,,2025-07,2025-07-13,12,-6,,,
922,Vb-431.MD140-S2NDE-SPM,431.MD140,,2025-07,2025-07-13,11,-6,,,
923,Vb-431.MD140-S3DE-SPM,431.MD140,,2025-07,2025-07-13,17,-4,,,
924,Vb-431.MD140-S3NDE-SPM,431.MD140,,2025-07,2025-07-13,20,-5,,,
925,Vb-431.MD140-S4DE-SPM,431.MD140,,2025-07,2025-07-13,19,-11,,,
926,Vb-431.MD140-S4NDE-SPM,431.MD140,,2025-07,2025-07-13,21,-12,,,
927,Vb-431.MD140-MDE-SPM,431.MD140,,2025-09,2025-09-16,3,-6,,,
928,Vb-431.MD140-MNDE-SPM,431.MD140,,2025-09,2025-09-16,4,-5,,,
929,Vb-431.MD140-S1DE-SPM,431.MD140,,2025-09,2025-09-16,-7,-23,,,
930,Vb-431.MD140-S1NDE-SPM,431.MD140,,2025-09,2025-09-16,-4,-24,,,
931,Vb-431.MD140-S2DE-SPM,431.MD140,,2025-09,2025-09-16,13,-10,,,
932,Vb-431.MD140-S2NDE-SPM,431.MD140,,2025-09,2025-09-16,21,-8,,,
933,Vb-431.MD140-S3DE-SPM,431.MD140,,2025-09,2025-09-16,22,-9,,,
934,Vb-431.MD140-S3NDE-SPM,431.MD140,,2025-09,2025-09-16,23,-8,,,
935,Vb-431.MD140-S4DE-SPM,431.MD140,,2025-09,2025-09-16,21,-14,,,
936,Vb-431.MD140-S4NDE-SPM,431.MD140,,2025-09,2025-09-16,17,-16,,,
937,Vb-431.MD140-MDE-SPM,431.MD140,,2026-02,2026-02-17,3,-5,,,
938,Vb-431.MD140-MNDE-SPM,431.MD140,,2026-02,2026-02-17,1,-4,,,
939,Vb-431.MD140-S1DE-SPM,431.MD140,,2026-02,2026-02-17,-3,-16,,,
940,Vb-431.MD140-S1NDE-SPM,431.MD140,,2026-02,2026-02-17,-6,-20,,,
941,Vb-431.MD140-S2DE-SPM,431.MD140,,2026-02,2026-02-17,28,-5,,,
942,Vb-431.MD140-S2NDE-SPM,431.MD140,,2026-02,2026-02-17,16,-4,,,
943,Vb-431.MD140-S3DE-SPM,431.MD140,,2026-02,2026-02-17,22,2,,,
944,Vb-431.MD140-S3NDE-SPM,431.MD140,,2026-02,2026-02-17,23,-6,,,
945,Vb-431.MD140-S4DE-SPM,431.MD140,,2026-02,2026-02-17,44,-6,,,
946,Vb-431.MD140-S4NDE-SPM,431.MD140,,2026-02,2026-02-17,44,-10,,,
947,Vb-431.MD140-MDE-SPM,431.MD140,,2026-03,2026-03-24,2.2,-7.8,,,
948,Vb-431.MD140-MNDE-SPM,431.MD140,,2026-03,2026-03-24,1,-6.5,,,
949,Vb-431.MD140-S1DE-SPM,431.MD140,,2026-03,2026-03-24,-7.8,-19.5,,,
950,Vb-431.MD140-S1NDE-SPM,431.MD140,,2026-03,2026-03-24,-5.2,-20.5,,,
951,Vb-431.MD140-S2DE-SPM,431.MD140,,2026-03,2026-03-24,12.7,-5.7,,,
952,Vb-431.MD140-S2NDE-SPM,431.MD140,,2026-03,2026-03-24,16.4,-5,,,
953,Vb-431.MD140-S3DE-SPM,431.MD140,,2026-03,2026-03-24,24.2,-7.7,,,
954,Vb-431.MD140-S3NDE-SPM,431.MD140,,2026-03,2026-03-24,23.4,-3.2,,,
955,Vb-431.MD140-S4DE-SPM,431.MD140,,2026-03,2026-03-24,26.6,-11.9,,,
956,Vb-431.MD140-S4NDE-SPM,431.MD140,,2026-03,2026-03-24,38,-10.8,,,
957,Vb-431.MD140-MDE-SPM,431.MD140,,2026-04,2026-04-29,4.6,-4.7,,,
958,Vb-431.MD140-MNDE-SPM,431.MD140,,2026-04,2026-04-29,13.6,-2,,,
959,Vb-431.MD140-S1DE-SPM,431.MD140,,2026-04,2026-04-29,-6.1,-14.9,,,
960,Vb-431.MD140-S1NDE-SPM,431.MD140,,2026-04,2026-04-29,-5.9,-18.6,,,
961,Vb-431.MD140-S2DE-SPM,431.MD140,,2026-04,2026-04-29,15.3,-1.3,,,
962,Vb-431.MD140-S2NDE-SPM,431.MD140,,2026-04,2026-04-29,16.8,-2.6,,,
963,Vb-431.MD140-S3DE-SPM,431.MD140,,2026-04,2026-04-29,28.2,-1.6,,,
964,Vb-431.MD140-S3NDE-SPM,431.MD140,,2026-04,2026-04-29,21,-1.5,,,
965,Vb-431.MD140-S4DE-SPM,431.MD140,,2026-04,2026-04-29,33.8,-7.5,,,
966,Vb-431.MD140-S4NDE-SPM,431.MD140,,2026-04,2026-04-29,42.2,-4.7,,,
967,Vb-431.MD160-MDE-SPM,431.MD160,,2025-05,2025-05-14,3,-5,,,
968,Vb-431.MD160-MNDE-SPM,431.MD160,,2025-05,2025-05-14,5,-6,,,
969,Vb-431.MD160-S1DE-SPM,431.MD160,,2025-05,2025-05-14,3,-16,,,
970,Vb-431.MD160-S1NDE-SPM,431.MD160,,2025-05,2025-05-14,3,-17,,,
971,Vb-431.MD160-S2DE-SPM,431.MD160,,2025-05,2025-05-14,9,-14,,,
972,Vb-431.MD160-S2NDE-SPM,431.MD160,,2025-05,2025-05-14,19,-9,,,
973,Vb-431.MD160-S3DE-SPM,431.MD160,,2025-05,2025-05-14,23,-3,,,
974,Vb-431.MD160-S3NDE-SPM,431.MD160,,2025-05,2025-05-14,40,-7,,,
975,Vb-431.MD160-S4DE-SPM,431.MD160,,2025-05,2025-05-14,22,-16,,,
976,Vb-431.MD160-S4NDE-SPM,431.MD160,,2025-05,2025-05-14,19,-15,,,
977,Vb-431.MD160-MDE-SPM,431.MD160,,2025-07,2025-07-13,1,-6,,,
978,Vb-431.MD160-MNDE-SPM,431.MD160,,2025-07,2025-07-13,2,-4,,,
979,Vb-431.MD160-S1DE-SPM,431.MD160,,2025-07,2025-07-13,3,-16,,,
980,Vb-431.MD160-S1NDE-SPM,431.MD160,,2025-07,2025-07-13,6,-18,,,
981,Vb-431.MD160-S2DE-SPM,431.MD160,,2025-07,2025-07-13,7,-14,,,
982,Vb-431.MD160-S2NDE-SPM,431.MD160,,2025-07,2025-07-13,24,-11,,,
983,Vb-431.MD160-S3DE-SPM,431.MD160,,2025-07,2025-07-13,19,-9,,,
984,Vb-431.MD160-S3NDE-SPM,431.MD160,,2025-07,2025-07-13,31,-7,,,
985,Vb-431.MD160-S4DE-SPM,431.MD160,,2025-07,2025-07-13,27,-15,,,
986,Vb-431.MD160-S4NDE-SPM,431.MD160,,2025-07,2025-07-13,19,-14,,,
987,Vb-431.MD160-MDE-SPM,431.MD160,,2025-09,2025-09-16,3,-3,,,
988,Vb-431.MD160-MNDE-SPM,431.MD160,,2025-09,2025-09-16,2,-7,,,
989,Vb-431.MD160-S1DE-SPM,431.MD160,,2025-09,2025-09-16,-6,-38,,,
990,Vb-431.MD160-S1NDE-SPM,431.MD160,,2025-09,2025-09-16,2,-21,,,
991,Vb-431.MD160-S2DE-SPM,431.MD160,,2025-09,2025-09-16,9,-12,,,
992,Vb-431.MD160-S2NDE-SPM,431.MD160,,2025-09,2025-09-16,21,-7,,,
993,Vb-431.MD160-S3DE-SPM,431.MD160,,2025-09,2025-09-16,23,-7,,,
994,Vb-431.MD160-S3NDE-SPM,431.MD160,,2025-09,2025-09-16,28,-21,,,
995,Vb-431.MD160-S4DE-SPM,431.MD160,,2025-09,2025-09-16,17,-16,,,
996,Vb-431.MD160-S4NDE-SPM,431.MD160,,2025-09,2025-09-16,10,-23,,,
997,Vb-431.MD160-MDE-SPM,431.MD160,,2026-02,2026-02-17,9,-7,,,
998,Vb-431.MD160-MNDE-SPM,431.MD160,,2026-02,2026-02-17,8,-7,,,
999,Vb-431.MD160-S1DE-SPM,431.MD160,,2026-02,2026-02-17,0,-14,,,
1000,Vb-431.MD160-S1NDE-SPM,431.MD160,,2026-02,2026-02-17,3,-15,,,
1001,Vb-431.MD160-S2DE-SPM,431.MD160,,2026-02,2026-02-17,9,-13,,,
1002,Vb-431.MD160-S2NDE-SPM,431.MD160,,2026-02,2026-02-17,25,-5,,,
1003,Vb-431.MD160-S3DE-SPM,431.MD160,,2026-02,2026-02-17,19,-20,,,
1004,Vb-431.MD160-S3NDE-SPM,431.MD160,,2026-02,2026-02-17,24,-1,,,
1005,Vb-431.MD160-S4DE-SPM,431.MD160,,2026-02,2026-02-17,20,-6,,,
1006,Vb-431.MD160-S4NDE-SPM,431.MD160,,2026-02,2026-02-17,18,-6,,,
1007,Vb-431.MD160-MDE-SPM,431.MD160,,2026-03,2026-03-25,4.2,-3.1,,,
1008,Vb-431.MD160-MNDE-SPM,431.MD160,,2026-03,2026-03-25,9.6,-4.2,,,
1009,Vb-431.MD160-S1DE-SPM,431.MD160,,2026-03,2026-03-25,1.8,-15.3,,,
1010,Vb-431.MD160-S1NDE-SPM,431.MD160,,2026-03,2026-03-25,-2,-16.7,,,
1011,Vb-431.MD160-S2DE-SPM,431.MD160,,2026-03,2026-03-25,7.4,-10.2,,,
1012,Vb-431.MD160-S2NDE-SPM,431.MD160,,2026-03,2026-03-25,29.2,-7.6,,,
1013,Vb-431.MD160-S3DE-SPM,431.MD160,,2026-03,2026-03-25,19.9,-6.4,,,
1014,Vb-431.MD160-S3NDE-SPM,431.MD160,,2026-03,2026-03-25,18.9,-1.7,,,
1015,Vb-431.MD160-S4DE-SPM,431.MD160,,2026-03,2026-03-25,8.6,-9.6,,,
1016,Vb-431.MD160-S4NDE-SPM,431.MD160,,2026-03,2026-03-25,10,-8.1,,,
1017,Vb-431.MD160-MDE-SPM,431.MD160,,2026-04,2026-04-29,1.1,-7.1,,,
1018,Vb-431.MD160-MNDE-SPM,431.MD160,,2026-04,2026-04-29,12.4,-7.6,,,
1019,Vb-431.MD160-S1DE-SPM,431.MD160,,2026-04,2026-04-29,0.8,-12.5,,,
1020,Vb-431.MD160-S1NDE-SPM,431.MD160,,2026-04,2026-04-29,-1.1,-14.5,,,
1021,Vb-431.MD160-S2DE-SPM,431.MD160,,2026-04,2026-04-29,16.9,-7.8,,,
1022,Vb-431.MD160-S2NDE-SPM,431.MD160,,2026-04,2026-04-29,24.8,-6.1,,,
1023,Vb-431.MD160-S3DE-SPM,431.MD160,,2026-04,2026-04-29,24.6,-7.1,,,
1024,Vb-431.MD160-S3NDE-SPM,431.MD160,,2026-04,2026-04-29,24.6,-2.3,,,
1025,Vb-431.MD160-S4DE-SPM,431.MD160,,2026-04,2026-04-29,19.9,-3.4,,,
1026,Vb-431.MD160-S4NDE-SPM,431.MD160,,2026-04,2026-04-29,32.8,-4.6,,,
1027,Vb-432.FN171-FDE-SPM,432.FN171,,2025-07,2025-07-29,5,-2,,,
1028,Vb-432.FN171-FNDE-SPM,432.FN171,,2025-07,2025-07-29,9,2,,,
1029,Vb-432.FN171-MDE-SPM,432.FN171,,2025-07,2025-07-29,-4,-12,,,
1030,Vb-432.FN171-MNDE-SPM,432.FN171,,2025-07,2025-07-29,-6,-19,,,
1031,Vb-432.FN171-FDE-SPM,432.FN171,,2025-09,2025-09-25,1,-7,,,
1032,Vb-432.FN171-FNDE-SPM,432.FN171,,2025-09,2025-09-25,15,4,,,
1033,Vb-432.FN171-MDE-SPM,432.FN171,,2025-09,2025-09-25,1,-14,,,
1034,Vb-432.FN171-MNDE-SPM,432.FN171,,2025-09,2025-09-25,-12,-21,,,
1035,Vb-432.FN171-FDE-SPM,432.FN171,,2026-02,2026-02-09,14.1,-9.9,,,
1036,Vb-432.FN171-FNDE-SPM,432.FN171,,2026-02,2026-02-09,8.7,-5.7,,,
1037,Vb-432.FN171-MDE-SPM,432.FN171,,2026-02,2026-02-09,-0.4,-14.7,,,
1038,Vb-432.FN171-MNDE-SPM,432.FN171,,2026-02,2026-02-09,-5.2,-24.8,,,
1039,Vb-432.FN171-FDE-SPM,432.FN171,,2026-03,2026-03-31,12.3,-8.7,,,
1040,Vb-432.FN171-FNDE-SPM,432.FN171,,2026-03,2026-03-31,2.7,-13.1,,,
1041,Vb-432.FN171-MDE-SPM,432.FN171,,2026-03,2026-03-31,6.6,-16.8,,,
1042,Vb-432.FN171-MNDE-SPM,432.FN171,,2026-03,2026-03-31,-9.7,-27.9,,,
1043,Vb-432.FN171-FDE-SPM,432.FN171,,2026-04,2026-04-20,14.9,-7,,,
1044,Vb-432.FN171-FNDE-SPM,432.FN171,,2026-04,2026-04-20,9.3,-6.2,,,
1045,Vb-432.FN171-MDE-SPM,432.FN171,,2026-04,2026-04-20,12.6,-14.7,,,
1046,Vb-432.FN171-MNDE-SPM,432.FN171,,2026-04,2026-04-20,-5.9,-21.8,,,
1047,Vb-432.FN176-FDE-SPM,432.FN176,,2025-01,2025-01-08,12,-16,,,
1048,Vb-432.FN176-FNDE-SPM,432.FN176,,2025-01,2025-01-08,23,16,,,
1049,Vb-432.FN176-MDE-SPM,432.FN176,,2025-01,2025-01-08,14,-5,,,
1050,Vb-432.FN176-MNDE-SPM,432.FN176,,2025-01,2025-01-08,3,-9,,,
1051,Vb-432.FN176-FDE-SPM,432.FN176,,2025-05,2025-05-24,12,4,,,
1052,Vb-432.FN176-FNDE-SPM,432.FN176,,2025-05,2025-05-24,13,-11,,,
1053,Vb-432.FN176-MDE-SPM,432.FN176,,2025-05,2025-05-24,8,-15,,,
1054,Vb-432.FN176-MNDE-SPM,432.FN176,,2025-05,2025-05-24,-10,-18,,,
1055,Vb-432.FN176-FDE-SPM,432.FN176,,2025-06,2025-06-08,24,7,,,
1056,Vb-432.FN176-FNDE-SPM,432.FN176,,2025-06,2025-06-08,13,6,,,
1057,Vb-432.FN176-MDE-SPM,432.FN176,,2025-06,2025-06-08,-7,-16,,,
1058,Vb-432.FN176-MNDE-SPM,432.FN176,,2025-06,2025-06-08,5,-15,,,
1059,Vb-432.FN176-FDE-SPM,432.FN176,,2025-10,2025-10-05,12,-1,,,
1060,Vb-432.FN176-FNDE-SPM,432.FN176,,2025-10,2025-10-05,13,6,,,
1061,Vb-432.FN176-MDE-SPM,432.FN176,,2025-10,2025-10-05,4,-7,,,
1062,Vb-432.FN176-MNDE-SPM,432.FN176,,2025-10,2025-10-05,9,-18,,,
1063,Vb-432.FN176-FDE-SPM,432.FN176,,2026-02,2026-02-01,15.4,1.9,,,
1064,Vb-432.FN176-FNDE-SPM,432.FN176,,2026-02,2026-02-01,15.9,-2.5,,,
1065,Vb-432.FN176-MDE-SPM,432.FN176,,2026-02,2026-02-01,5.5,-14.7,,,
1066,Vb-432.FN176-MNDE-SPM,432.FN176,,2026-02,2026-02-01,-7,-17.6,,,
1067,Vb-432.FN176-FDE-SPM,432.FN176,,2026-04,2026-04-07,18,3.4,,,
1068,Vb-432.FN176-FNDE-SPM,432.FN176,,2026-04,2026-04-07,18.9,4.6,,,
1069,Vb-432.FN176-MDE-SPM,432.FN176,,2026-04,2026-04-07,-9.3,-15.9,,,
1070,Vb-432.FN176-MNDE-SPM,432.FN176,,2026-04,2026-04-07,-2,-18.1,,,
1071,Vb-432.FN560-MDE-SPM,432.FN560,,2025-07,2025-07-29,1,-4,,,
1072,Vb-432.FN560-MNDE-SPM,432.FN560,,2025-07,2025-07-29,5,-1,,,
1073,Vb-432.FN560-MDE-SPM,432.FN560,,2025-09,2025-09-25,9,3,,,
1074,Vb-432.FN560-MNDE-SPM,432.FN560,,2025-09,2025-09-25,7,0,,,
1075,Vb-432.FN560-MDE-SPM,432.FN560,,2026-02,2026-02-09,21.8,7.5,,,
1076,Vb-432.FN560-MNDE-SPM,432.FN560,,2026-02,2026-02-09,6.3,0,,,
1077,Vb-432.FN560-MDE-SPM,432.FN560,,2026-03,2026-03-31,3,-3.1,,,
1078,Vb-432.FN560-MNDE-SPM,432.FN560,,2026-03,2026-03-31,7.2,1.2,,,
1079,Vb-432.FN560-MDE-SPM,432.FN560,,2026-04,2026-04-20,9.2,1.6,,,
1080,Vb-432.FN560-MNDE-SPM,432.FN560,,2026-04,2026-04-20,7.5,1.5,,,
1081,Vb-432.MD140-MDE-SPM,432.MD140,,2025-07,2025-07-29,3,-7,,,
1082,Vb-432.MD140-MNDE-SPM,432.MD140,,2025-07,2025-07-29,22,-7,,,
1083,Vb-432.MD140-S1DE-SPM,432.MD140,,2025-07,2025-07-29,4,-7,,,
1084,Vb-432.MD140-S1NDE-SPM,432.MD140,,2025-07,2025-07-29,-1,-13,,,
1085,Vb-432.MD140-S2DE-SPM,432.MD140,,2025-07,2025-07-29,18,1,,,
1086,Vb-432.MD140-S2NDE-SPM,432.MD140,,2025-07,2025-07-29,19,-1,,,
1087,Vb-432.MD140-S3DE-SPM,432.MD140,,2025-07,2025-07-29,23,0,,,
1088,Vb-432.MD140-S3NDE-SPM,432.MD140,,2025-07,2025-07-29,18,-1,,,
1089,Vb-432.MD140-S4DE-SPM,432.MD140,,2025-07,2025-07-29,21,-12,,,
1090,Vb-432.MD140-S4NDE-SPM,432.MD140,,2025-07,2025-07-29,19,-15,,,
1091,Vb-432.MD140-MDE-SPM,432.MD140,,2025-09,2025-09-25,5,-3,,,
1092,Vb-432.MD140-MNDE-SPM,432.MD140,,2025-09,2025-09-25,8,-2,,,
1093,Vb-432.MD140-S1DE-SPM,432.MD140,,2025-09,2025-09-25,7,-22,,,
1094,Vb-432.MD140-S1NDE-SPM,432.MD140,,2025-09,2025-09-25,7,-21,,,
1095,Vb-432.MD140-S2DE-SPM,432.MD140,,2025-09,2025-09-25,16,-15,,,
1096,Vb-432.MD140-S2NDE-SPM,432.MD140,,2025-09,2025-09-25,24,-17,,,
1097,Vb-432.MD140-S3DE-SPM,432.MD140,,2025-09,2025-09-25,21,-10,,,
1098,Vb-432.MD140-S3NDE-SPM,432.MD140,,2025-09,2025-09-25,29,-14,,,
1099,Vb-432.MD140-S4DE-SPM,432.MD140,,2025-09,2025-09-25,20,-17,,,
1100,Vb-432.MD140-S4NDE-SPM,432.MD140,,2025-09,2025-09-25,27,-17,,,
1101,Vb-432.MD140-MDE-SPM,432.MD140,,2026-02,2026-02-09,6.2,-2.5,,,
1102,Vb-432.MD140-MNDE-SPM,432.MD140,,2026-02,2026-02-09,8.6,0.9,,,
1103,Vb-432.MD140-S1DE-SPM,432.MD140,,2026-02,2026-02-09,5.6,-10.2,,,
1104,Vb-432.MD140-S1NDE-SPM,432.MD140,,2026-02,2026-02-09,2.6,-13.8,,,
1105,Vb-432.MD140-S2DE-SPM,432.MD140,,2026-02,2026-02-09,12,-2.8,,,
1106,Vb-432.MD140-S2NDE-SPM,432.MD140,,2026-02,2026-02-09,15.7,-6.7,,,
1107,Vb-432.MD140-S3DE-SPM,432.MD140,,2026-02,2026-02-09,17.8,-3.2,,,
1108,Vb-432.MD140-S3NDE-SPM,432.MD140,,2026-02,2026-02-09,24.6,-3,,,
1109,Vb-432.MD140-S4DE-SPM,432.MD140,,2026-02,2026-02-09,20.6,-8.2,,,
1110,Vb-432.MD140-S4NDE-SPM,432.MD140,,2026-02,2026-02-09,8.9,-10.4,,,
1111,Vb-432.MD140-MDE-SPM,432.MD140,,2026-03,2026-03-31,5.2,-4.1,,,
1112,Vb-432.MD140-MNDE-SPM,432.MD140,,2026-03,2026-03-31,5.4,-4.1,,,
1113,Vb-432.MD140-S1DE-SPM,432.MD140,,2026-03,2026-03-31,8.1,-9.4,,,
1114,Vb-432.MD140-S1NDE-SPM,432.MD140,,2026-03,2026-03-31,-1.2,-13.7,,,
1115,Vb-432.MD140-S2DE-SPM,432.MD140,,2026-03,2026-03-31,10.2,-3.7,,,
1116,Vb-432.MD140-S2NDE-SPM,432.MD140,,2026-03,2026-03-31,16.5,-3.1,,,
1117,Vb-432.MD140-S3DE-SPM,432.MD140,,2026-03,2026-03-31,17.8,-2.9,,,
1118,Vb-432.MD140-S3NDE-SPM,432.MD140,,2026-03,2026-03-31,20.6,-2.1,,,
1119,Vb-432.MD140-S4DE-SPM,432.MD140,,2026-03,2026-03-31,16.2,-8.8,,,
1120,Vb-432.MD140-S4NDE-SPM,432.MD140,,2026-03,2026-03-31,11.8,-13.7,,,
1121,Vb-432.MD140-MDE-SPM,432.MD140,,2026-04,2026-04-21,8.6,-5.4,,,
1122,Vb-432.MD140-MNDE-SPM,432.MD140,,2026-04,2026-04-21,9.5,-2,,,
1123,Vb-432.MD140-S1DE-SPM,432.MD140,,2026-04,2026-04-21,6.8,-19.2,,,
1124,Vb-432.MD140-S1NDE-SPM,432.MD140,,2026-04,2026-04-21,5.1,-17.7,,,
1125,Vb-432.MD140-S2DE-SPM,432.MD140,,2026-04,2026-04-21,13.2,-12.1,,,
1126,Vb-432.MD140-S2NDE-SPM,432.MD140,,2026-04,2026-04-21,13,-10.5,,,
1127,Vb-432.MD140-S3DE-SPM,432.MD140,,2026-04,2026-04-21,27,-9.8,,,
1128,Vb-432.MD140-S3NDE-SPM,432.MD140,,2026-04,2026-04-21,24.8,-7.9,,,
1129,Vb-432.MD140-S4DE-SPM,432.MD140,,2026-04,2026-04-21,8.7,-15.1,,,
1130,Vb-432.MD140-S4NDE-SPM,432.MD140,,2026-04,2026-04-21,11.3,-12.5,,,
1131,Vb-432.MD160-MDE-SPM,432.MD160,,2025-07,2025-07-30,3,-3,,,
1132,Vb-432.MD160-MNDE-SPM,432.MD160,,2025-07,2025-07-30,7,0,,,
1133,Vb-432.MD160-S1DE-SPM,432.MD160,,2025-07,2025-07-30,3,-12,,,
1134,Vb-432.MD160-S1NDE-SPM,432.MD160,,2025-07,2025-07-30,3,-12,,,
1135,Vb-432.MD160-S2DE-SPM,432.MD160,,2025-07,2025-07-30,13,-8,,,
1136,Vb-432.MD160-S2NDE-SPM,432.MD160,,2025-07,2025-07-30,29,-4,,,
1137,Vb-432.MD160-S3DE-SPM,432.MD160,,2025-07,2025-07-30,23,-2,,,
1138,Vb-432.MD160-S3NDE-SPM,432.MD160,,2025-07,2025-07-30,33,-6,,,
1139,Vb-432.MD160-S4DE-SPM,432.MD160,,2025-07,2025-07-30,20,-6,,,
1140,Vb-432.MD160-S4NDE-SPM,432.MD160,,2025-07,2025-07-30,28,-14,,,
1141,Vb-432.MD160-MDE-SPM,432.MD160,,2025-09,2025-09-25,22,-4,,,
1142,Vb-432.MD160-MNDE-SPM,432.MD160,,2025-09,2025-09-25,9,-1,,,
1143,Vb-432.MD160-S1DE-SPM,432.MD160,,2025-09,2025-09-25,26,-22,,,
1144,Vb-432.MD160-S1NDE-SPM,432.MD160,,2025-09,2025-09-25,29,-19,,,
1145,Vb-432.MD160-S2DE-SPM,432.MD160,,2025-09,2025-09-25,19,-14,,,
1146,Vb-432.MD160-S2NDE-SPM,432.MD160,,2025-09,2025-09-25,21,-17,,,
1147,Vb-432.MD160-S3DE-SPM,432.MD160,,2025-09,2025-09-25,24,-10,,,
1148,Vb-432.MD160-S3NDE-SPM,432.MD160,,2025-09,2025-09-25,47,-12,,,
1149,Vb-432.MD160-S4DE-SPM,432.MD160,,2025-09,2025-09-25,16,-16,,,
1150,Vb-432.MD160-S4NDE-SPM,432.MD160,,2025-09,2025-09-25,26,-17,,,
1151,Vb-432.MD160-MDE-SPM,432.MD160,,2026-02,2026-02-09,1.6,-6.6,,,
1152,Vb-432.MD160-MNDE-SPM,432.MD160,,2026-02,2026-02-09,7.3,-1,,,
1153,Vb-432.MD160-S1DE-SPM,432.MD160,,2026-02,2026-02-09,4.6,-7.3,,,
1154,Vb-432.MD160-S1NDE-SPM,432.MD160,,2026-02,2026-02-09,3.8,-6.8,,,
1155,Vb-432.MD160-S2DE-SPM,432.MD160,,2026-02,2026-02-09,16.8,-2.4,,,
1156,Vb-432.MD160-S2NDE-SPM,432.MD160,,2026-02,2026-02-09,14.6,1.6,,,
1157,Vb-432.MD160-S3DE-SPM,432.MD160,,2026-02,2026-02-09,16.5,2.9,,,
1158,Vb-432.MD160-S3NDE-SPM,432.MD160,,2026-02,2026-02-09,22.8,4.1,,,
1159,Vb-432.MD160-S4DE-SPM,432.MD160,,2026-02,2026-02-09,24.8,-22.5,,,
1160,Vb-432.MD160-S4NDE-SPM,432.MD160,,2026-02,2026-02-09,13.8,-6.4,,,
1161,Vb-432.MD160-MDE-SPM,432.MD160,,2026-03,2026-03-31,13.4,-7.7,,,
1162,Vb-432.MD160-MNDE-SPM,432.MD160,,2026-03,2026-03-31,12.4,-1.3,,,
1163,Vb-432.MD160-S1DE-SPM,432.MD160,,2026-03,2026-03-31,7,-4.5,,,
1164,Vb-432.MD160-S1NDE-SPM,432.MD160,,2026-03,2026-03-31,5.9,-7.3,,,
1165,Vb-432.MD160-S2DE-SPM,432.MD160,,2026-03,2026-03-31,12.4,1.4,,,
1166,Vb-432.MD160-S2NDE-SPM,432.MD160,,2026-03,2026-03-31,14.3,1,,,
1167,Vb-432.MD160-S3DE-SPM,432.MD160,,2026-03,2026-03-31,18.8,5.4,,,
1168,Vb-432.MD160-S3NDE-SPM,432.MD160,,2026-03,2026-03-31,25.2,9.9,,,
1169,Vb-432.MD160-S4DE-SPM,432.MD160,,2026-03,2026-03-31,19.2,-1.1,,,
1170,Vb-432.MD160-S4NDE-SPM,432.MD160,,2026-03,2026-03-31,14.4,-6,,,
1171,Vb-432.MD160-MDE-SPM,432.MD160,,2026-04,2026-04-21,9.7,-4.6,,,
1172,Vb-432.MD160-MNDE-SPM,432.MD160,,2026-04,2026-04-21,18.3,2.7,,,
1173,Vb-432.MD160-S1DE-SPM,432.MD160,,2026-04,2026-04-21,0.1,-11.1,,,
1174,Vb-432.MD160-S1NDE-SPM,432.MD160,,2026-04,2026-04-21,-2.7,-15.4,,,
1175,Vb-432.MD160-S2DE-SPM,432.MD160,,2026-04,2026-04-21,13,-8.9,,,
1176,Vb-432.MD160-S2NDE-SPM,432.MD160,,2026-04,2026-04-21,16.6,-7,,,
1177,Vb-432.MD160-S3DE-SPM,432.MD160,,2026-04,2026-04-21,14.9,-0.9,,,
1178,Vb-432.MD160-S3NDE-SPM,432.MD160,,2026-04,2026-04-21,27.2,0.9,,,
1179,Vb-432.MD160-S4DE-SPM,432.MD160,,2026-04,2026-04-21,14.7,-4.5,,,
1180,Vb-432.MD160-S4NDE-SPM,432.MD160,,2026-04,2026-04-21,34.4,-8.8,,,
1181,Vb-441.CR400-CRDE-SPM,441.CR400,,2025-05,2025-05-12,18,-2,,,
1182,Vb-441.CR400-CRNDE-SPM,441.CR400,,2025-05,2025-05-12,19,-2,,,
1183,Vb-441.CR400-MDE-SPM,441.CR400,,2025-05,2025-05-12,17,4,,,
1184,Vb-441.CR400-MNDE-SPM,441.CR400,,2025-05,2025-05-12,19,-7,,,
1185,Vb-441.CR400-CRDE-SPM,441.CR400,,2025-07,2025-07-07,17,-5,,,
1186,Vb-441.CR400-CRNDE-SPM,441.CR400,,2025-07,2025-07-07,24,-2,,,
1187,Vb-441.CR400-MDE-SPM,441.CR400,,2025-07,2025-07-07,11,-13,,,
1188,Vb-441.CR400-MNDE-SPM,441.CR400,,2025-07,2025-07-07,30,-20,,,
1189,Vb-441.CR400-CRDE-SPM,441.CR400,,2025-09,2025-09-14,16,-6,,,
1190,Vb-441.CR400-CRNDE-SPM,441.CR400,,2025-09,2025-09-14,17,-6,,,
1191,Vb-441.CR400-MDE-SPM,441.CR400,,2025-09,2025-09-14,8,-7,,,
1192,Vb-441.CR400-MNDE-SPM,441.CR400,,2025-09,2025-09-14,3,-22,,,
1193,Vb-441.CR400-CRDE-SPM,441.CR400,,2026-04,2026-04-07,25.3,-3.4,,,
1194,Vb-441.CR400-CRNDE-SPM,441.CR400,,2026-04,2026-04-07,28.3,-2.9,,,
1195,Vb-441.CR400-MDE-SPM,441.CR400,,2026-04,2026-04-07,4.9,-12.8,,,
1196,Vb-441.CR400-MNDE-SPM,441.CR400,,2026-04,2026-04-07,2.9,-11.1,,,
1197,Vb-441.CR400-CRDE-SPM,441.CR400,,2026-07,2026-07-02,24,-13,,,
1198,Vb-441.CR400-CRNDE-SPM,441.CR400,,2026-07,2026-07-02,15,-6,,,
1199,Vb-441.CR400-MDE-SPM,441.CR400,,2026-07,2026-07-02,23,2,,,
1200,Vb-441.CR400-MNDE-SPM,441.CR400,,2026-07,2026-07-02,4,-19,,,
1201,Vb-441.FN300-FDE-SPM,441.FN300,,2025-05,2025-05-04,30,24,,,
1202,Vb-441.FN300-FNDE-SPM,441.FN300,,2025-05,2025-05-04,23,7,,,
1203,Vb-441.FN300-MDE-SPM,441.FN300,,2025-05,2025-05-04,25,13,,,
1204,Vb-441.FN300-MNDE-SPM,441.FN300,,2025-05,2025-05-04,9,1,,,
1205,Vb-441.FN300-FDE-SPM,441.FN300,,2025-08,2025-08-05,19,13,,,
1206,Vb-441.FN300-FNDE-SPM,441.FN300,,2025-08,2025-08-05,16,9,,,
1207,Vb-441.FN300-MDE-SPM,441.FN300,,2025-08,2025-08-05,23,15,,,
1208,Vb-441.FN300-MNDE-SPM,441.FN300,,2025-08,2025-08-05,13,5,,,
1209,Vb-441.FN300-FDE-SPM,441.FN300,,2025-09,2025-09-14,17,9,,,
1210,Vb-441.FN300-FNDE-SPM,441.FN300,,2025-09,2025-09-14,28,20,,,
1211,Vb-441.FN300-MDE-SPM,441.FN300,,2025-09,2025-09-14,21,13,,,
1212,Vb-441.FN300-MNDE-SPM,441.FN300,,2025-09,2025-09-14,13,3,,,
1213,Vb-441.FN300-FDE-SPM,441.FN300,,2025-10,2025-10-12,26,19,,,
1214,Vb-441.FN300-FNDE-SPM,441.FN300,,2025-10,2025-10-12,29,21,,,
1215,Vb-441.FN300-MDE-SPM,441.FN300,,2025-10,2025-10-12,26,7,,,
1216,Vb-441.FN300-MNDE-SPM,441.FN300,,2025-10,2025-10-12,13,5,,,
1217,Vb-441.FN300-FDE-SPM,441.FN300,,2026-02,2026-02-14,23,15,,,
1218,Vb-441.FN300-FNDE-SPM,441.FN300,,2026-02,2026-02-14,18,8,,,
1219,Vb-441.FN300-MDE-SPM,441.FN300,,2026-02,2026-02-14,19,12,,,
1220,Vb-441.FN300-MNDE-SPM,441.FN300,,2026-02,2026-02-14,14,6,,,
1221,Vb-441.FN300-FDE-SPM,441.FN300,,2026-04,2026-04-06,21.9,15.1,2026-04-29,25.7,15.5
1222,Vb-441.FN300-FNDE-SPM,441.FN300,,2026-04,2026-04-06,19.9,12,2026-04-29,19.4,10.8
1223,Vb-441.FN300-MDE-SPM,441.FN300,,2026-04,2026-04-06,22.4,13.8,2026-04-29,16.6,9.1
1224,Vb-441.FN300-MNDE-SPM,441.FN300,,2026-04,2026-04-06,15.5,7.8,2026-04-29,8.7,2.1
1225,Vb-441.FN305-FDE-SPM,441.FN305,,2025-05,2025-05-04,25,11,,,
1226,Vb-441.FN305-FNDE-SPM,441.FN305,,2025-05,2025-05-04,22,9,,,
1227,Vb-441.FN305-MDE-SPM,441.FN305,,2025-05,2025-05-04,37,8,,,
1228,Vb-441.FN305-MNDE-SPM,441.FN305,,2025-05,2025-05-04,7,1,,,
1229,Vb-441.FN305-FDE-SPM,441.FN305,,2025-07,2025-07-07,24,16,,,
1230,Vb-441.FN305-FNDE-SPM,441.FN305,,2025-07,2025-07-07,18,11,,,
1231,Vb-441.FN305-MDE-SPM,441.FN305,,2025-07,2025-07-07,29,8,,,
1232,Vb-441.FN305-MNDE-SPM,441.FN305,,2025-07,2025-07-07,14,5,,,
1233,Vb-441.FN305-FDE-SPM,441.FN305,,2025-09,2025-09-14,19,10,,,
1234,Vb-441.FN305-FNDE-SPM,441.FN305,,2025-09,2025-09-14,24,10,,,
1235,Vb-441.FN305-MDE-SPM,441.FN305,,2025-09,2025-09-14,16,9,,,
1236,Vb-441.FN305-MNDE-SPM,441.FN305,,2025-09,2025-09-14,8,2,,,
1237,Vb-441.FN305-FDE-SPM,441.FN305,,2025-10,2025-10-12,20,11,,,
1238,Vb-441.FN305-FNDE-SPM,441.FN305,,2025-10,2025-10-12,23,14,,,
1239,Vb-441.FN305-MDE-SPM,441.FN305,,2025-10,2025-10-12,25,9,,,
1240,Vb-441.FN305-MNDE-SPM,441.FN305,,2025-10,2025-10-12,4,-3,,,
1241,Vb-441.FN305-FDE-SPM,441.FN305,,2026-02,2026-02-14,23,16,,,
1242,Vb-441.FN305-FNDE-SPM,441.FN305,,2026-02,2026-02-14,18,7,,,
1243,Vb-441.FN305-MDE-SPM,441.FN305,,2026-02,2026-02-14,22,6,,,
1244,Vb-441.FN305-MNDE-SPM,441.FN305,,2026-02,2026-02-14,10,-4,,,
1245,Vb-441.FN305-FDE-SPM,441.FN305,,2026-04,2026-04-06,26.1,17.4,,,
1246,Vb-441.FN305-FNDE-SPM,441.FN305,,2026-04,2026-04-06,17.3,11.5,,,
1247,Vb-441.FN305-MDE-SPM,441.FN305,,2026-04,2026-04-06,20.2,13.3,,,
1248,Vb-441.FN305-MNDE-SPM,441.FN305,,2026-04,2026-04-06,4,-2.6,,,
1249,Vb-441.FN310-FDE-SPM,441.FN310,,2025-05,2025-05-04,18,5,,,
1250,Vb-441.FN310-FNDE-SPM,441.FN310,,2025-05,2025-05-04,21,13,,,
1251,Vb-441.FN310-MDE-SPM,441.FN310,,2025-05,2025-05-04,21,10,,,
1252,Vb-441.FN310-MNDE-SPM,441.FN310,,2025-05,2025-05-04,14,5,,,
1253,Vb-441.FN310-FDE-SPM,441.FN310,,2025-07,2025-07-07,23,17,,,
1254,Vb-441.FN310-FNDE-SPM,441.FN310,,2025-07,2025-07-07,22,13,,,
1255,Vb-441.FN310-MDE-SPM,441.FN310,,2025-07,2025-07-07,13,3,,,
1256,Vb-441.FN310-MNDE-SPM,441.FN310,,2025-07,2025-07-07,14,7,,,
1257,Vb-441.FN310-FDE-SPM,441.FN310,,2025-09,2025-09-14,26,16,,,
1258,Vb-441.FN310-FNDE-SPM,441.FN310,,2025-09,2025-09-14,22,14,,,
1259,Vb-441.FN310-MDE-SPM,441.FN310,,2025-09,2025-09-14,17,8,,,
1260,Vb-441.FN310-MNDE-SPM,441.FN310,,2025-09,2025-09-14,15,7,,,
1261,Vb-441.FN310-FDE-SPM,441.FN310,,2025-10,2025-10-12,30,15,,,
1262,Vb-441.FN310-FNDE-SPM,441.FN310,,2025-10,2025-10-12,27,16,,,
1263,Vb-441.FN310-MDE-SPM,441.FN310,,2025-10,2025-10-12,22,10,,,
1264,Vb-441.FN310-MNDE-SPM,441.FN310,,2025-10,2025-10-12,14,5,,,
1265,Vb-441.FN310-FDE-SPM,441.FN310,,2026-02,2026-02-14,28,21,,,
1266,Vb-441.FN310-FNDE-SPM,441.FN310,,2026-02,2026-02-14,25,16,,,
1267,Vb-441.FN310-MDE-SPM,441.FN310,,2026-02,2026-02-14,23,11,,,
1268,Vb-441.FN310-MNDE-SPM,441.FN310,,2026-02,2026-02-14,17,6,,,
1269,Vb-441.FN310-FDE-SPM,441.FN310,,2026-04,2026-04-06,29.7,21.7,,,
1270,Vb-441.FN310-FNDE-SPM,441.FN310,,2026-04,2026-04-06,29.4,18.5,,,
1271,Vb-441.FN310-MDE-SPM,441.FN310,,2026-04,2026-04-06,23.1,15,,,
1272,Vb-441.FN310-MNDE-SPM,441.FN310,,2026-04,2026-04-06,13,1.6,,,
1273,Vb-441.FN315-FDE-SPM,441.FN315,,2025-05,2025-05-04,22,11,,,
1274,Vb-441.FN315-FNDE-SPM,441.FN315,,2025-05,2025-05-04,24,10,,,
1275,Vb-441.FN315-MDE-SPM,441.FN315,,2025-05,2025-05-04,22,9,,,
1276,Vb-441.FN315-MNDE-SPM,441.FN315,,2025-05,2025-05-04,12,-1,,,
1277,Vb-441.FN315-FDE-SPM,441.FN315,,2025-07,2025-07-07,24,14,,,
1278,Vb-441.FN315-FNDE-SPM,441.FN315,,2025-07,2025-07-07,17,7,,,
1279,Vb-441.FN315-MDE-SPM,441.FN315,,2025-07,2025-07-07,17,8,,,
1280,Vb-441.FN315-MNDE-SPM,441.FN315,,2025-07,2025-07-07,11,-3,,,
1281,Vb-441.FN315-FDE-SPM,441.FN315,,2025-09,2025-09-14,22,15,,,
1282,Vb-441.FN315-FNDE-SPM,441.FN315,,2025-09,2025-09-14,31,11,,,
1283,Vb-441.FN315-MDE-SPM,441.FN315,,2025-09,2025-09-14,18,7,,,
1284,Vb-441.FN315-MNDE-SPM,441.FN315,,2025-09,2025-09-14,10,1,,,
1285,Vb-441.FN315-FDE-SPM,441.FN315,,2025-10,2025-10-12,21,11,,,
1286,Vb-441.FN315-FNDE-SPM,441.FN315,,2025-10,2025-10-12,20,6,,,
1287,Vb-441.FN315-MDE-SPM,441.FN315,,2025-10,2025-10-12,25,8,,,
1288,Vb-441.FN315-MNDE-SPM,441.FN315,,2025-10,2025-10-12,8,2,,,
1289,Vb-441.FN315-FDE-SPM,441.FN315,,2026-02,2026-02-14,29,21,,,
1290,Vb-441.FN315-FNDE-SPM,441.FN315,,2026-02,2026-02-14,21,13,,,
1291,Vb-441.FN315-MDE-SPM,441.FN315,,2026-02,2026-02-14,18,9,,,
1292,Vb-441.FN315-MNDE-SPM,441.FN315,,2026-02,2026-02-14,8,-1,,,
1293,Vb-441.FN315-FDE-SPM,441.FN315,,2026-04,2026-04-06,20.3,1.6,2026-04-29,20.3,11.7
1294,Vb-441.FN315-FNDE-SPM,441.FN315,,2026-04,2026-04-06,23.5,10,2026-04-29,27.8,16
1295,Vb-441.FN315-MDE-SPM,441.FN315,,2026-04,2026-04-06,17.5,9.3,2026-04-29,17.1,7.6
1296,Vb-441.FN315-MNDE-SPM,441.FN315,,2026-04,2026-04-06,20.6,-3,2026-04-29,12.2,-2.2
1297,Vb-441.FN325-FDE-SPM,441.FN325,,2025-05,2025-05-04,20,11,,,
1298,Vb-441.FN325-FNDE-SPM,441.FN325,,2025-05,2025-05-04,20,14,,,
1299,Vb-441.FN325-MDE-SPM,441.FN325,,2025-05,2025-05-04,13,1,,,
1300,Vb-441.FN325-MNDE-SPM,441.FN325,,2025-05,2025-05-04,14,4,,,
1301,Vb-441.FN325-FDE-SPM,441.FN325,,2025-07,2025-07-07,20,4,,,
1302,Vb-441.FN325-FNDE-SPM,441.FN325,,2025-07,2025-07-07,22,15,,,
1303,Vb-441.FN325-MDE-SPM,441.FN325,,2025-07,2025-07-07,17,5,,,
1304,Vb-441.FN325-MNDE-SPM,441.FN325,,2025-07,2025-07-07,15,6,,,
1305,Vb-441.FN325-FDE-SPM,441.FN325,,2025-09,2025-09-14,24,11,,,
1306,Vb-441.FN325-FNDE-SPM,441.FN325,,2025-09,2025-09-14,27,17,,,
1307,Vb-441.FN325-MDE-SPM,441.FN325,,2025-09,2025-09-14,15,6,,,
1308,Vb-441.FN325-MNDE-SPM,441.FN325,,2025-09,2025-09-14,14,3,,,
1309,Vb-441.FN325-FDE-SPM,441.FN325,,2025-10,2025-10-12,23,10,,,
1310,Vb-441.FN325-FNDE-SPM,441.FN325,,2025-10,2025-10-12,30,19,,,
1311,Vb-441.FN325-MDE-SPM,441.FN325,,2025-10,2025-10-12,15,6,,,
1312,Vb-441.FN325-MNDE-SPM,441.FN325,,2025-10,2025-10-12,14,-2,,,
1313,Vb-441.FN325-FDE-SPM,441.FN325,,2026-02,2026-02-14,25,18,,,
1314,Vb-441.FN325-FNDE-SPM,441.FN325,,2026-02,2026-02-14,24,4,,,
1315,Vb-441.FN325-MDE-SPM,441.FN325,,2026-02,2026-02-14,17,8,,,
1316,Vb-441.FN325-MNDE-SPM,441.FN325,,2026-02,2026-02-14,16,5,,,
1317,Vb-441.FN325-FDE-SPM,441.FN325,,2026-04,2026-04-06,26.4,15.2,,,
1318,Vb-441.FN325-FNDE-SPM,441.FN325,,2026-04,2026-04-06,24.6,12.8,,,
1319,Vb-441.FN325-MDE-SPM,441.FN325,,2026-04,2026-04-06,16.5,5.5,,,
1320,Vb-441.FN325-MNDE-SPM,441.FN325,,2026-04,2026-04-06,7.2,-4.8,,,
1321,Vb-441.FN335-FDE-SPM,441.FN335,,2025-05,2025-05-04,12,-16,,,
1322,Vb-441.FN335-FNDE-SPM,441.FN335,,2025-05,2025-05-04,19,6,,,
1323,Vb-441.FN335-MDE-SPM,441.FN335,,2025-05,2025-05-04,18,2,,,
1324,Vb-441.FN335-MNDE-SPM,441.FN335,,2025-05,2025-05-04,13,5,,,
1325,Vb-441.FN335-FDE-SPM,441.FN335,,2025-07,2025-07-07,3,-12,,,
1326,Vb-441.FN335-FNDE-SPM,441.FN335,,2025-07,2025-07-07,1,-12,,,
1327,Vb-441.FN335-MDE-SPM,441.FN335,,2025-07,2025-07-07,11,3,,,
1328,Vb-441.FN335-MNDE-SPM,441.FN335,,2025-07,2025-07-07,18,9,,,
1329,Vb-441.FN335-FDE-SPM,441.FN335,,2025-09,2025-09-14,1,-19,,,
1330,Vb-441.FN335-FNDE-SPM,441.FN335,,2025-09,2025-09-14,8,-2,,,
1331,Vb-441.FN335-MDE-SPM,441.FN335,,2025-09,2025-09-14,16,5,,,
1332,Vb-441.FN335-MNDE-SPM,441.FN335,,2025-09,2025-09-14,16,5,,,
1333,Vb-441.FN335-FDE-SPM,441.FN335,,2025-10,2025-10-12,11,3,,,
1334,Vb-441.FN335-FNDE-SPM,441.FN335,,2025-10,2025-10-12,26,-3,,,
1335,Vb-441.FN335-MDE-SPM,441.FN335,,2025-10,2025-10-12,11,1,,,
1336,Vb-441.FN335-MNDE-SPM,441.FN335,,2025-10,2025-10-12,16,5,,,
1337,Vb-441.FN335-FDE-SPM,441.FN335,,2026-02,2026-02-14,16,-5,,,
1338,Vb-441.FN335-FNDE-SPM,441.FN335,,2026-02,2026-02-14,11,3,,,
1339,Vb-441.FN335-MDE-SPM,441.FN335,,2026-02,2026-02-14,10,4,,,
1340,Vb-441.FN335-MNDE-SPM,441.FN335,,2026-02,2026-02-14,16,8,,,
1341,Vb-441.FN335-FDE-SPM,441.FN335,,2026-04,2026-04-06,6.2,-6.5,,,
1342,Vb-441.FN335-FNDE-SPM,441.FN335,,2026-04,2026-04-06,4.1,-3.1,,,
1343,Vb-441.FN335-MDE-SPM,441.FN335,,2026-04,2026-04-06,8.3,2,,,
1344,Vb-441.FN335-MNDE-SPM,441.FN335,,2026-04,2026-04-06,17.6,8.4,,,
1345,Vb-441.FN340-FDE-SPM,441.FN340,,2025-05,2025-05-04,5,-11,,,
1346,Vb-441.FN340-FNDE-SPM,441.FN340,,2025-05,2025-05-04,7,-1,,,
1347,Vb-441.FN340-MDE-SPM,441.FN340,,2025-05,2025-05-04,24,11,,,
1348,Vb-441.FN340-MNDE-SPM,441.FN340,,2025-05,2025-05-04,13,6,,,
1349,Vb-441.FN340-FDE-SPM,441.FN340,,2025-07,2025-07-07,23,-5,,,
1350,Vb-441.FN340-FNDE-SPM,441.FN340,,2025-07,2025-07-07,1,-5,,,
1351,Vb-441.FN340-MDE-SPM,441.FN340,,2025-07,2025-07-07,19,12,,,
1352,Vb-441.FN340-MNDE-SPM,441.FN340,,2025-07,2025-07-07,12,4,,,
1353,Vb-441.FN340-FDE-SPM,441.FN340,,2025-09,2025-09-14,10,3,,,
1354,Vb-441.FN340-FNDE-SPM,441.FN340,,2025-09,2025-09-14,11,1,,,
1355,Vb-441.FN340-MDE-SPM,441.FN340,,2025-09,2025-09-14,13,3,,,
1356,Vb-441.FN340-MNDE-SPM,441.FN340,,2025-09,2025-09-14,14,3,,,
1357,Vb-441.FN340-FDE-SPM,441.FN340,,2026-02,2026-02-14,2,-8,,,
1358,Vb-441.FN340-FNDE-SPM,441.FN340,,2026-02,2026-02-14,9,-3,,,
1359,Vb-441.FN340-MDE-SPM,441.FN340,,2026-02,2026-02-14,20,14,,,
1360,Vb-441.FN340-MNDE-SPM,441.FN340,,2026-02,2026-02-14,11,2,,,
1361,Vb-441.FN340-FDE-SPM,441.FN340,,2026-04,2026-04-07,4.4,-12.8,,,
1362,Vb-441.FN340-FNDE-SPM,441.FN340,,2026-04,2026-04-07,7.9,-1.3,,,
1363,Vb-441.FN340-MDE-SPM,441.FN340,,2026-04,2026-04-07,23.3,8.8,,,
1364,Vb-441.FN340-MNDE-SPM,441.FN340,,2026-04,2026-04-07,11.3,5.6,,,
1365,Vb-441.FN345-FDE-SPM,441.FN345,,2025-05,2025-05-04,18,5,,,
1366,Vb-441.FN345-FNDE-SPM,441.FN345,,2025-05,2025-05-04,18,7,,,
1367,Vb-441.FN345-MDE-SPM,441.FN345,,2025-05,2025-05-04,18,11,,,
1368,Vb-441.FN345-MNDE-SPM,441.FN345,,2025-05,2025-05-04,17,9,,,
1369,Vb-441.FN345-FDE-SPM,441.FN345,,2025-07,2025-07-07,10,-7,,,
1370,Vb-441.FN345-FNDE-SPM,441.FN345,,2025-07,2025-07-07,16,8,,,
1371,Vb-441.FN345-MDE-SPM,441.FN345,,2025-07,2025-07-07,18,8,,,
1372,Vb-441.FN345-MNDE-SPM,441.FN345,,2025-07,2025-07-07,16,8,,,
1373,Vb-441.FN345-FDE-SPM,441.FN345,,2025-09,2025-09-01,16,-4,,,
1374,Vb-441.FN345-FNDE-SPM,441.FN345,,2025-09,2025-09-01,26,-19,,,
1375,Vb-441.FN345-MDE-SPM,441.FN345,,2025-09,2025-09-01,21,13,,,
1376,Vb-441.FN345-MNDE-SPM,441.FN345,,2025-09,2025-09-01,23,4,,,
1377,Vb-441.FN345-FDE-SPM,441.FN345,,2026-02,2026-02-14,25,15,,,
1378,Vb-441.FN345-FNDE-SPM,441.FN345,,2026-02,2026-02-14,23,11,,,
1379,Vb-441.FN345-MDE-SPM,441.FN345,,2026-02,2026-02-14,25,10,,,
1380,Vb-441.FN345-MNDE-SPM,441.FN345,,2026-02,2026-02-14,20,9,,,
1381,Vb-441.FN345-FDE-SPM,441.FN345,,2026-04,2026-04-07,28.7,17.3,2026-04-29,18.7,9.5
1382,Vb-441.FN345-FNDE-SPM,441.FN345,,2026-04,2026-04-07,21.1,13.5,2026-04-29,23.8,14.7
1383,Vb-441.FN345-MDE-SPM,441.FN345,,2026-04,2026-04-07,28.4,11.6,2026-04-29,16.4,8.5
1384,Vb-441.FN345-MNDE-SPM,441.FN345,,2026-04,2026-04-07,16.8,7.3,2026-04-29,18.7,10.8
1385,Vb-441.FN350-FDE-SPM,441.FN350,,2025-05,2025-05-04,15,5,,,
1386,Vb-441.FN350-FNDE-SPM,441.FN350,,2025-05,2025-05-04,15,4,,,
1387,Vb-441.FN350-MDE-SPM,441.FN350,,2025-05,2025-05-04,15,6,,,
1388,Vb-441.FN350-MNDE-SPM,441.FN350,,2025-05,2025-05-04,16,5,,,
1389,Vb-441.FN350-FDE-SPM,441.FN350,,2025-07,2025-07-07,33,3,,,
1390,Vb-441.FN350-FNDE-SPM,441.FN350,,2025-07,2025-07-07,23,5,,,
1391,Vb-441.FN350-MDE-SPM,441.FN350,,2025-07,2025-07-07,18,8,,,
1392,Vb-441.FN350-MNDE-SPM,441.FN350,,2025-07,2025-07-07,16,6,,,
1393,Vb-441.FN350-FDE-SPM,441.FN350,,2025-09,2025-09-14,5,-3,,,
1394,Vb-441.FN350-FNDE-SPM,441.FN350,,2025-09,2025-09-14,7,-2,,,
1395,Vb-441.FN350-MDE-SPM,441.FN350,,2025-09,2025-09-14,15,8,,,
1396,Vb-441.FN350-MNDE-SPM,441.FN350,,2025-09,2025-09-14,13,5,,,
1397,Vb-441.FN350-FDE-SPM,441.FN350,,2026-02,2026-02-14,14,7,,,
1398,Vb-441.FN350-FNDE-SPM,441.FN350,,2026-02,2026-02-14,9,0,,,
1399,Vb-441.FN350-MDE-SPM,441.FN350,,2026-02,2026-02-14,30,6,,,
1400,Vb-441.FN350-MNDE-SPM,441.FN350,,2026-02,2026-02-14,16,6,,,
1401,Vb-441.FN350-FDE-SPM,441.FN350,,2026-04,2026-04-07,13.5,3.8,2026-04-29,16.8,7.4
1402,Vb-441.FN350-FNDE-SPM,441.FN350,,2026-04,2026-04-07,9,1.3,2026-04-29,10,3.3
1403,Vb-441.FN350-MDE-SPM,441.FN350,,2026-04,2026-04-07,22,8.3,2026-04-29,23.2,9.7
1404,Vb-441.FN350-MNDE-SPM,441.FN350,,2026-04,2026-04-07,19.3,10.9,2026-04-29,15.6,7.2
1405,Vb-441.FN.590-FDE-SPM,441.FN590,,2025-05,2025-05-12,-10,-28,,,
1406,Vb-441.FN.590-FNDE-SPM,441.FN590,,2025-05,2025-05-12,-4,-28,,,
1407,Vb-441.FN.590-MDE-SPM,441.FN590,,2025-05,2025-05-12,13,6,,,
1408,Vb-441.FN.590-MNDE-SPM,441.FN590,,2025-05,2025-05-12,16,7,,,
1409,Vb-441.FN.590-S1DE-SPM,441.FN590,,2025-05,2025-05-12,5,-2,,,
1410,Vb-441.FN.590-S1NDE-SPM,441.FN590,,2025-05,2025-05-12,2,-4,,,
1411,Vb-441.FN.590-S2DE-SPM,441.FN590,,2025-05,2025-05-12,-3,-12,,,
1412,Vb-441.FN.590-v-S2NDE-SPM,441.FN590,,2025-05,2025-05-12,0,-13,,,
1413,Vb-441.FN.590-FDE-SPM,441.FN590,,2025-07,2025-07-07,0,-26,,,
1414,Vb-441.FN.590-FNDE-SPM,441.FN590,,2025-07,2025-07-07,4,-21,,,
1415,Vb-441.FN.590-MDE-SPM,441.FN590,,2025-07,2025-07-07,15,6,,,
1416,Vb-441.FN.590-MNDE-SPM,441.FN590,,2025-07,2025-07-07,17,8,,,
1417,Vb-441.FN.590-S1DE-SPM,441.FN590,,2025-07,2025-07-07,11,3,,,
1418,Vb-441.FN.590-S1NDE-SPM,441.FN590,,2025-07,2025-07-07,10,3,,,
1419,Vb-441.FN.590-S2DE-SPM,441.FN590,,2025-07,2025-07-07,5,-7,,,
1420,Vb-441.FN.590-v-S2NDE-SPM,441.FN590,,2025-07,2025-07-07,14,-6,,,
1421,Vb-441.FN.590-FDE-SPM,441.FN590,,2025-09,2025-09-14,9,-30,,,
1422,Vb-441.FN.590-FNDE-SPM,441.FN590,,2025-09,2025-09-14,15,-22,,,
1423,Vb-441.FN.590-MDE-SPM,441.FN590,,2025-09,2025-09-14,19,9,,,
1424,Vb-441.FN.590-MNDE-SPM,441.FN590,,2025-09,2025-09-14,15,7,,,
1425,Vb-441.FN.590-S1DE-SPM,441.FN590,,2025-09,2025-09-14,14,7,,,
1426,Vb-441.FN.590-S1NDE-SPM,441.FN590,,2025-09,2025-09-14,9,2,,,
1427,Vb-441.FN.590-S2DE-SPM,441.FN590,,2025-09,2025-09-14,0,-10,,,
1428,Vb-441.FN.590-v-S2NDE-SPM,441.FN590,,2025-09,2025-09-14,2,-11,,,
1429,Vb-441.FN.590-FDE-SPM,441.FN590,,2026-02,2026-02-14,0,-21,,,
1430,Vb-441.FN.590-FNDE-SPM,441.FN590,,2026-02,2026-02-14,-5,-24,,,
1431,Vb-441.FN.590-MDE-SPM,441.FN590,,2026-02,2026-02-14,13,7,,,
1432,Vb-441.FN.590-MNDE-SPM,441.FN590,,2026-02,2026-02-14,11,4,,,
1433,Vb-441.FN.590-S1DE-SPM,441.FN590,,2026-02,2026-02-14,13,6,,,
1434,Vb-441.FN.590-S1NDE-SPM,441.FN590,,2026-02,2026-02-14,12,6,,,
1435,Vb-441.FN.590-S2DE-SPM,441.FN590,,2026-02,2026-02-14,5,-2,,,
1436,Vb-441.FN.590-v-S2NDE-SPM,441.FN590,,2026-02,2026-02-14,5,-5,,,
1437,Vb-441.FN.590-FDE-SPM,441.FN590,,2026-04,2026-04-06,-0.6,-21.1,,,
1438,Vb-441.FN.590-FNDE-SPM,441.FN590,,2026-04,2026-04-06,9.7,-22.2,,,
1439,Vb-441.FN.590-MDE-SPM,441.FN590,,2026-04,2026-04-06,18.3,6.7,,,
1440,Vb-441.FN.590-MNDE-SPM,441.FN590,,2026-04,2026-04-06,10.1,-2.7,,,
1441,Vb-441.FN.590-S1DE-SPM,441.FN590,,2026-04,2026-04-06,8.3,2.4,,,
1442,Vb-441.FN.590-S1NDE-SPM,441.FN590,,2026-04,2026-04-06,9,3.2,,,
1443,Vb-441.FN.590-S2DE-SPM,441.FN590,,2026-04,2026-04-06,-0.1,-5.5,,,
1444,Vb-441.FN.590-v-S2NDE-SPM,441.FN590,,2026-04,2026-04-06,0.5,-6.4,,,
1445,,441.WI001,Motor DE,2026-03,2026-03-25,9.5,-7.7,,,
1446,,441.WI001,Motor NDE,2026-03,2026-03-25,-9.2,-23.4,,,
1447,,441.WI001,Motor DE,2026-04,2026-04-29,5.7,-11.5,,,
1448,,441.WI001,Motor NDE,2026-04,2026-04-29,2.9,-12.4,,,
1449,,441.WI002,Motor DE,2026-03,2026-03-25,8.5,-18,,,
1450,,441.WI002,Motor NDE,2026-03,2026-03-25,3,-16.8,,,
1451,,441.WI002,Motor DE,2026-04,2026-04-29,15.3,-7.8,,,
1452,,441.WI002,Motor NDE,2026-04,2026-04-29,4.6,-34.2,,,
1453,,441.WI003,Motor DE,2026-03,2026-03-25,13.2,3.9,,,
1454,,441.WI003,Motor NDE,2026-03,2026-03-25,-5,-18.3,,,
1455,,441.WI003,Motor DE,2026-04,2026-04-29,14.2,-1.7,,,
1456,,441.WI003,Motor NDE,2026-04,2026-04-29,-2.6,-10.2,,,
1457,,441.WI004,Motor DE,2026-03,2026-03-25,5.7,-14.1,,,
1458,,441.WI004,Motor NDE,2026-03,2026-03-25,-1.5,-24.2,,,
1459,,441.WI004,Motor DE,2026-04,2026-04-29,12.7,-12.9,,,
1460,,441.WI004,Motor NDE,2026-04,2026-04-29,-2.4,-18.6,,,
1461,Vb-442.CR400-CRDE-SPM,442.CR400,,2025-01,2025-01-08,14,-9,,,
1462,Vb-442.CR400-CRNDE-SPM,442.CR400,,2025-01,2025-01-08,29,-7,,,
1463,Vb-442.CR400-MDE-SPM,442.CR400,,2025-01,2025-01-08,14,-6,,,
1464,Vb-442.CR400-MNDE-SPM,442.CR400,,2025-01,2025-01-08,2,-17,,,
1465,Vb-442.CR400-CRDE-SPM,442.CR400,,2025-05,2025-05-24,19,-7,,,
1466,Vb-442.CR400-CRNDE-SPM,442.CR400,,2025-05,2025-05-24,24,-8,,,
1467,Vb-442.CR400-MDE-SPM,442.CR400,,2025-05,2025-05-24,13,-3,,,
1468,Vb-442.CR400-MNDE-SPM,442.CR400,,2025-05,2025-05-24,-6,-22,,,
1469,Vb-442.CR400-CRNDE-SPM,442.CR400,,2025-06,2025-06-08,8,-11,,,
1470,Vb-442.CR400-MDE-SPM,442.CR400,,2025-06,2025-06-08,19,-6,,,
1471,Vb-442.CR400-MNDE-SPM,442.CR400,,2025-06,2025-06-08,5,-17,,,
1472,Vb-442.CR400-CRDE-SPM,442.CR400,,2025-07,2025-07-10,6,-12,,,
1473,Vb-442.CR400-CRDE-SPM,442.CR400,,2025-10,2025-10-07,11,-12,,,
1474,Vb-442.CR400-CRNDE-SPM,442.CR400,,2025-10,2025-10-07,21,-7,,,
1475,Vb-442.CR400-MDE-SPM,442.CR400,,2025-10,2025-10-07,19,-3,,,
1476,Vb-442.CR400-MNDE-SPM,442.CR400,,2025-10,2025-10-07,4,-19,,,
1477,Vb-442.CR400-CRNDE-SPM,442.CR400,,2026-01,2026-01-11,16.6,-6.4,,,
1478,Vb-442.CR400-CRDE-SPM,442.CR400,,2026-02,2026-02-04,8.8,-14.1,,,
1479,Vb-442.CR400-MDE-SPM,442.CR400,,2026-02,2026-02-04,18,-3.9,,,
1480,Vb-442.CR400-MNDE-SPM,442.CR400,,2026-02,2026-02-04,18.1,-17.6,,,
1481,Vb-442.CR400-CRDE-SPM,442.CR400,,2026-04,2026-04-07,29.9,-7.6,,,
1482,Vb-442.CR400-CRNDE-SPM,442.CR400,,2026-04,2026-04-07,18,-9.9,,,
1483,Vb-442.CR400-MDE-SPM,442.CR400,,2026-04,2026-04-07,19.2,-4.7,,,
1484,Vb-442.CR400-MNDE-SPM,442.CR400,,2026-04,2026-04-07,-0.7,-22.3,,,
1485,Vb-442.FN300-FDE-SPM,442.FN300,,2025-01,2025-01-08,32,25,,,
1486,Vb-442.FN300-FNDE-SPM,442.FN300,,2025-01,2025-01-08,30,18,,,
1487,Vb-442.FN300-MDE-SPM,442.FN300,,2025-01,2025-01-08,19,11,,,
1488,Vb-442.FN300-MNDE-SPM,442.FN300,,2025-01,2025-01-08,24,13,,,
1489,Vb-442.FN300-FDE-SPM,442.FN300,,2025-05,2025-05-24,35,28,,,
1490,Vb-442.FN300-FNDE-SPM,442.FN300,,2025-05,2025-05-24,32,18,,,
1491,Vb-442.FN300-MDE-SPM,442.FN300,,2025-05,2025-05-24,12,7,,,
1492,Vb-442.FN300-MNDE-SPM,442.FN300,,2025-05,2025-05-24,19,13,,,
1493,Vb-442.FN300-FDE-SPM,442.FN300,,2025-06,2025-06-08,32,24,,,
1494,Vb-442.FN300-FNDE-SPM,442.FN300,,2025-06,2025-06-08,20,7,,,
1495,Vb-442.FN300-MDE-SPM,442.FN300,,2025-06,2025-06-08,19,8,,,
1496,Vb-442.FN300-MNDE-SPM,442.FN300,,2025-06,2025-06-08,20,13,,,
1497,Vb-442.FN300-FDE-SPM,442.FN300,,2025-10,2025-10-05,33,25,,,
1498,Vb-442.FN300-FNDE-SPM,442.FN300,,2025-10,2025-10-05,33,11,,,
1499,Vb-442.FN300-MDE-SPM,442.FN300,,2025-10,2025-10-05,17,9,,,
1500,Vb-442.FN300-MNDE-SPM,442.FN300,,2025-10,2025-10-05,21,12,,,
1501,Vb-442.FN300-FDE-SPM,442.FN300,,2026-02,2026-02-01,36.5,29.2,,,
1502,Vb-442.FN300-FNDE-SPM,442.FN300,,2026-02,2026-02-01,26.9,20.3,,,
1503,Vb-442.FN300-MDE-SPM,442.FN300,,2026-02,2026-02-01,17,2.8,,,
1504,Vb-442.FN300-MNDE-SPM,442.FN300,,2026-02,2026-02-01,20.9,13.5,,,
1505,Vb-442.FN300-FDE-SPM,442.FN300,,2026-03,2026-03-29,40.5,32.4,,,
1506,Vb-442.FN300-FNDE-SPM,442.FN300,,2026-03,2026-03-29,28.7,22.1,,,
1507,Vb-442.FN300-MDE-SPM,442.FN300,,2026-03,2026-03-29,19.3,9.7,,,
1508,Vb-442.FN300-MNDE-SPM,442.FN300,,2026-03,2026-03-29,23.1,13.7,,,
1509,Vb-442.FN300-FDE-SPM,442.FN300,,2026-04,2026-04-23,43.4,36,,,
1510,Vb-442.FN300-FNDE-SPM,442.FN300,,2026-04,2026-04-23,29.6,22,,,
1511,Vb-442.FN300-MDE-SPM,442.FN300,,2026-04,2026-04-23,16.9,8.5,,,
1512,Vb-442.FN300-MNDE-SPM,442.FN300,,2026-04,2026-04-23,20.2,12.5,,,
1513,Vb-442.FN305-FDE-SPM,442.FN305,,2025-01,2025-01-08,27,21,,,
1514,Vb-442.FN305-FNDE-SPM,442.FN305,,2025-01,2025-01-08,29,22,,,
1515,Vb-442.FN305-MDE-SPM,442.FN305,,2025-01,2025-01-08,23,15,,,
1516,Vb-442.FN305-MNDE-SPM,442.FN305,,2025-01,2025-01-08,25,18,,,
1517,Vb-442.FN305-FDE-SPM,442.FN305,,2025-05,2025-05-24,31,23,,,
1518,Vb-442.FN305-FNDE-SPM,442.FN305,,2025-05,2025-05-24,38,20,,,
1519,Vb-442.FN305-MDE-SPM,442.FN305,,2025-05,2025-05-24,22,15,,,
1520,Vb-442.FN305-MNDE-SPM,442.FN305,,2025-05,2025-05-24,20,13,,,
1521,Vb-442.FN305-FDE-SPM,442.FN305,,2025-06,2025-06-08,27,17,,,
1522,Vb-442.FN305-FNDE-SPM,442.FN305,,2025-06,2025-06-08,38,25,,,
1523,Vb-442.FN305-MDE-SPM,442.FN305,,2025-06,2025-06-08,21,15,,,
1524,Vb-442.FN305-MNDE-SPM,442.FN305,,2025-06,2025-06-08,19,12,,,
1525,Vb-442.FN305-FDE-SPM,442.FN305,,2025-10,2025-10-05,30,10,,,
1526,Vb-442.FN305-FNDE-SPM,442.FN305,,2025-10,2025-10-05,35,22,,,
1527,Vb-442.FN305-MDE-SPM,442.FN305,,2025-10,2025-10-05,20,13,,,
1528,Vb-442.FN305-MNDE-SPM,442.FN305,,2025-10,2025-10-05,20,13,,,
1529,Vb-442.FN305-FDE-SPM,442.FN305,,2026-02,2026-02-01,24.7,16.2,,,
1530,Vb-442.FN305-FNDE-SPM,442.FN305,,2026-02,2026-02-01,34.2,17.6,,,
1531,Vb-442.FN305-MDE-SPM,442.FN305,,2026-02,2026-02-01,25.3,14.1,,,
1532,Vb-442.FN305-MNDE-SPM,442.FN305,,2026-02,2026-02-01,17.7,11.6,,,
1533,Vb-442.FN305-FDE-SPM,442.FN305,,2026-03,2026-03-29,24.1,14.9,,,
1534,Vb-442.FN305-FNDE-SPM,442.FN305,,2026-03,2026-03-29,20.4,10.2,,,
1535,Vb-442.FN305-MDE-SPM,442.FN305,,2026-03,2026-03-29,27.1,13.4,,,
1536,Vb-442.FN305-MNDE-SPM,442.FN305,,2026-03,2026-03-29,15.7,10,,,
1537,Vb-442.FN305-FDE-SPM,442.FN305,,2026-04,2026-04-23,25.1,15.9,,,
1538,Vb-442.FN305-FNDE-SPM,442.FN305,,2026-04,2026-04-23,26.6,13.1,,,
1539,Vb-442.FN305-MDE-SPM,442.FN305,,2026-04,2026-04-23,19,11.3,,,
1540,Vb-442.FN305-MNDE-SPM,442.FN305,,2026-04,2026-04-23,20.4,13.6,,,
1541,Vb-442.FN310-FDE-SPM,442.FN310,,2025-01,2025-01-08,29,21,,,
1542,Vb-442.FN310-FNDE-SPM,442.FN310,,2025-01,2025-01-08,35,24,,,
1543,Vb-442.FN310-MDE-SPM,442.FN310,,2025-01,2025-01-08,20,12,,,
1544,Vb-442.FN310-MNDE-SPM,442.FN310,,2025-01,2025-01-08,19,11,,,
1545,Vb-442.FN310-FDE-SPM,442.FN310,,2025-05,2025-05-24,37,28,,,
1546,Vb-442.FN310-FNDE-SPM,442.FN310,,2025-05,2025-05-24,21,15,,,
1547,Vb-442.FN310-MDE-SPM,442.FN310,,2025-05,2025-05-24,21,13,,,
1548,Vb-442.FN310-MNDE-SPM,442.FN310,,2025-05,2025-05-24,17,10,,,
1549,Vb-442.FN310-FDE-SPM,442.FN310,,2025-06,2025-06-08,15,7,,,
1550,Vb-442.FN310-FNDE-SPM,442.FN310,,2025-06,2025-06-08,23,10,,,
1551,Vb-442.FN310-MDE-SPM,442.FN310,,2025-06,2025-06-08,18,11,,,
1552,Vb-442.FN310-MNDE-SPM,442.FN310,,2025-06,2025-06-08,13,6,,,
1553,Vb-442.FN310-FDE-SPM,442.FN310,,2025-10,2025-10-05,25,16,,,
1554,Vb-442.FN310-FNDE-SPM,442.FN310,,2025-10,2025-10-05,23,8,,,
1555,Vb-442.FN310-MDE-SPM,442.FN310,,2025-10,2025-10-05,19,10,,,
1556,Vb-442.FN310-MNDE-SPM,442.FN310,,2025-10,2025-10-05,19,11,,,
1557,Vb-442.FN310-FDE-SPM,442.FN310,,2026-02,2026-02-01,22.9,14.9,,,
1558,Vb-442.FN310-FNDE-SPM,442.FN310,,2026-02,2026-02-01,16.3,7.7,,,
1559,Vb-442.FN310-MDE-SPM,442.FN310,,2026-02,2026-02-01,19.9,10.4,,,
1560,Vb-442.FN310-MNDE-SPM,442.FN310,,2026-02,2026-02-01,12.7,6.9,,,
1561,Vb-442.FN310-FDE-SPM,442.FN310,,2026-03,2026-03-29,32.4,21.4,,,
1562,Vb-442.FN310-FNDE-SPM,442.FN310,,2026-03,2026-03-29,20.9,13.7,,,
1563,Vb-442.FN310-MDE-SPM,442.FN310,,2026-03,2026-03-29,16.3,6.1,,,
1564,Vb-442.FN310-MNDE-SPM,442.FN310,,2026-03,2026-03-29,15,6.6,,,
1565,Vb-442.FN310-FDE-SPM,442.FN310,,2026-04,2026-04-23,17.6,9,,,
1566,Vb-442.FN310-FNDE-SPM,442.FN310,,2026-04,2026-04-23,17.1,7.7,,,
1567,Vb-442.FN310-MDE-SPM,442.FN310,,2026-04,2026-04-23,18.1,10,,,
1568,Vb-442.FN310-MNDE-SPM,442.FN310,,2026-04,2026-04-23,12.6,6.7,,,
1569,Vb-442.FN315-FDE-SPM,442.FN315,,2025-01,2025-01-08,34,28,,,
1570,Vb-442.FN315-FNDE-SPM,442.FN315,,2025-01,2025-01-08,28,12,,,
1571,Vb-442.FN315-MDE-SPM,442.FN315,,2025-01,2025-01-08,25,12,,,
1572,Vb-442.FN315-MNDE-SPM,442.FN315,,2025-01,2025-01-08,28,20,,,
1573,Vb-442.FN315-FDE-SPM,442.FN315,,2025-05,2025-05-24,13,4,,,
1574,Vb-442.FN315-FNDE-SPM,442.FN315,,2025-05,2025-05-24,12,4,,,
1575,Vb-442.FN315-MDE-SPM,442.FN315,,2025-05,2025-05-24,18,11,,,
1576,Vb-442.FN315-MNDE-SPM,442.FN315,,2025-05,2025-05-24,16,6,,,
1577,Vb-442.FN315-FDE-SPM,442.FN315,,2025-06,2025-06-08,25,17,,,
1578,Vb-442.FN315-FNDE-SPM,442.FN315,,2025-06,2025-06-08,19,10,,,
1579,Vb-442.FN315-MDE-SPM,442.FN315,,2025-06,2025-06-08,21,8,,,
1580,Vb-442.FN315-MNDE-SPM,442.FN315,,2025-06,2025-06-08,13,7,,,
1581,Vb-442.FN315-FDE-SPM,442.FN315,,2025-10,2025-10-05,31,21,,,
1582,Vb-442.FN315-FNDE-SPM,442.FN315,,2025-10,2025-10-05,12,2,,,
1583,Vb-442.FN315-MDE-SPM,442.FN315,,2025-10,2025-10-05,24,10,,,
1584,Vb-442.FN315-MNDE-SPM,442.FN315,,2025-10,2025-10-05,16,10,,,
1585,Vb-442.FN315-FDE-SPM,442.FN315,,2026-02,2026-02-01,18.2,6.2,,,
1586,Vb-442.FN315-FNDE-SPM,442.FN315,,2026-02,2026-02-01,13.2,4.3,,,
1587,Vb-442.FN315-MDE-SPM,442.FN315,,2026-02,2026-02-01,19.7,10,,,
1588,Vb-442.FN315-MNDE-SPM,442.FN315,,2026-02,2026-02-01,12.7,6.7,,,
1589,Vb-442.FN315-FDE-SPM,442.FN315,,2026-03,2026-03-29,10.9,3.3,,,
1590,Vb-442.FN315-FNDE-SPM,442.FN315,,2026-03,2026-03-29,13.5,5.1,,,
1591,Vb-442.FN315-MDE-SPM,442.FN315,,2026-03,2026-03-29,17.6,10.9,,,
1592,Vb-442.FN315-MNDE-SPM,442.FN315,,2026-03,2026-03-29,19.7,12.1,,,
1593,Vb-442.FN315-FDE-SPM,442.FN315,,2026-04,2026-04-23,13.5,3.4,,,
1594,Vb-442.FN315-FNDE-SPM,442.FN315,,2026-04,2026-04-23,10.2,1.6,,,
1595,Vb-442.FN315-MDE-SPM,442.FN315,,2026-04,2026-04-23,20.4,10.3,,,
1596,Vb-442.FN315-MNDE-SPM,442.FN315,,2026-04,2026-04-23,15.9,8.8,,,
1597,Vb-442.FN325-FDE-SPM,442.FN325,,2025-01,2025-01-08,28,22,,,
1598,Vb-442.FN325-FNDE-SPM,442.FN325,,2025-01,2025-01-08,26,17,,,
1599,Vb-442.FN325-MDE-SPM,442.FN325,,2025-01,2025-01-08,23,12,,,
1600,Vb-442.FN325-MNDE-SPM,442.FN325,,2025-01,2025-01-08,26,19,,,
1601,Vb-442.FN325-FDE-SPM,442.FN325,,2025-05,2025-05-24,32,22,,,
1602,Vb-442.FN325-FNDE-SPM,442.FN325,,2025-05,2025-05-24,16,8,,,
1603,Vb-442.FN325-MDE-SPM,442.FN325,,2025-05,2025-05-24,20,14,,,
1604,Vb-442.FN325-MNDE-SPM,442.FN325,,2025-05,2025-05-24,19,12,,,
1605,Vb-442.FN325-FDE-SPM,442.FN325,,2025-06,2025-06-08,29,19,,,
1606,Vb-442.FN325-FNDE-SPM,442.FN325,,2025-06,2025-06-08,24,17,,,
1607,Vb-442.FN325-MDE-SPM,442.FN325,,2025-06,2025-06-08,22,10,,,
1608,Vb-442.FN325-MNDE-SPM,442.FN325,,2025-06,2025-06-08,17,9,,,
1609,Vb-442.FN325-FDE-SPM,442.FN325,,2025-10,2025-10-05,33,26,,,
1610,Vb-442.FN325-FNDE-SPM,442.FN325,,2025-10,2025-10-05,29,21,,,
1611,Vb-442.FN325-MDE-SPM,442.FN325,,2025-10,2025-10-05,19,11,,,
1612,Vb-442.FN325-MNDE-SPM,442.FN325,,2025-10,2025-10-05,18,11,,,
1613,Vb-442.FN325-FDE-SPM,442.FN325,,2026-02,2026-02-01,30.8,22.2,,,
1614,Vb-442.FN325-FNDE-SPM,442.FN325,,2026-02,2026-02-01,25,19.2,,,
1615,Vb-442.FN325-MDE-SPM,442.FN325,,2026-02,2026-02-01,19.8,11.4,,,
1616,Vb-442.FN325-MNDE-SPM,442.FN325,,2026-02,2026-02-01,18.4,10.1,,,
1617,Vb-442.FN325-FDE-SPM,442.FN325,,2026-03,2026-03-29,20.1,9.1,,,
1618,Vb-442.FN325-FNDE-SPM,442.FN325,,2026-03,2026-03-29,13.7,5.1,,,
1619,Vb-442.FN325-MDE-SPM,442.FN325,,2026-03,2026-03-29,21.6,12.3,,,
1620,Vb-442.FN325-MNDE-SPM,442.FN325,,2026-03,2026-03-29,19.9,12.5,,,
1621,Vb-442.FN325-FDE-SPM,442.FN325,,2026-04,2026-04-23,15.4,7.5,,,
1622,Vb-442.FN325-FNDE-SPM,442.FN325,,2026-04,2026-04-23,19.3,12,,,
1623,Vb-442.FN325-MDE-SPM,442.FN325,,2026-04,2026-04-23,24.4,16.4,,,
1624,Vb-442.FN325-MNDE-SPM,442.FN325,,2026-04,2026-04-23,15,8.9,,,
1625,Vb-442.FN335-FDE-SPM,442.FN335,,2025-01,2025-01-08,15,4,,,
1626,Vb-442.FN335-FNDE-SPM,442.FN335,,2025-01,2025-01-08,7,-1,,,
1627,Vb-442.FN335-MDE-SPM,442.FN335,,2025-01,2025-01-08,18,11,,,
1628,Vb-442.FN335-MNDE-SPM,442.FN335,,2025-01,2025-01-08,20,14,,,
1629,Vb-442.FN335-FDE-SPM,442.FN335,,2025-05,2025-05-24,17,7,,,
1630,Vb-442.FN335-FNDE-SPM,442.FN335,,2025-05,2025-05-24,30,3,,,
1631,Vb-442.FN335-MDE-SPM,442.FN335,,2025-05,2025-05-24,17,10,,,
1632,Vb-442.FN335-MNDE-SPM,442.FN335,,2025-05,2025-05-24,22,16,,,
1633,Vb-442.FN335-FDE-SPM,442.FN335,,2025-06,2025-06-08,12,-1,,,
1634,Vb-442.FN335-FNDE-SPM,442.FN335,,2025-06,2025-06-08,17,0,,,
1635,Vb-442.FN335-MDE-SPM,442.FN335,,2025-06,2025-06-08,20,11,,,
1636,Vb-442.FN335-MNDE-SPM,442.FN335,,2025-06,2025-06-08,21,14,,,
1637,Vb-442.FN335-FDE-SPM,442.FN335,,2025-10,2025-10-05,16,7,,,
1638,Vb-442.FN335-FNDE-SPM,442.FN335,,2025-10,2025-10-05,9,-1,,,
1639,Vb-442.FN335-MDE-SPM,442.FN335,,2025-10,2025-10-05,24,10,,,
1640,Vb-442.FN335-MNDE-SPM,442.FN335,,2025-10,2025-10-05,21,14,,,
1641,Vb-442.FN335-FDE-SPM,442.FN335,,2026-02,2026-02-01,13.1,3.1,,,
1642,Vb-442.FN335-FNDE-SPM,442.FN335,,2026-02,2026-02-01,24.5,6.5,,,
1643,Vb-442.FN335-MDE-SPM,442.FN335,,2026-02,2026-02-01,14.5,7.2,,,
1644,Vb-442.FN335-MNDE-SPM,442.FN335,,2026-02,2026-02-01,13,7.1,,,
1645,Vb-442.FN335-FDE-SPM,442.FN335,,2026-03,2026-03-29,11.2,3.2,,,
1646,Vb-442.FN335-FNDE-SPM,442.FN335,,2026-03,2026-03-29,10.7,3.7,,,
1647,Vb-442.FN335-MDE-SPM,442.FN335,,2026-03,2026-03-29,18.2,8.3,,,
1648,Vb-442.FN335-MNDE-SPM,442.FN335,,2026-03,2026-03-29,17.6,10.4,,,
1649,Vb-442.FN335-FDE-SPM,442.FN335,,2026-04,2026-04-23,7.6,-0.8,,,
1650,Vb-442.FN335-FNDE-SPM,442.FN335,,2026-04,2026-04-23,3.3,-2.5,,,
1651,Vb-442.FN335-MDE-SPM,442.FN335,,2026-04,2026-04-23,17.4,8.5,,,
1652,Vb-442.FN335-MNDE-SPM,442.FN335,,2026-04,2026-04-23,16,7.7,,,
1653,Vb-442.FN340-FDE-SPM,442.FN340,,2025-01,2025-01-08,18,10,,,
1654,Vb-442.FN340-FNDE-SPM,442.FN340,,2025-01,2025-01-08,4,-5,,,
1655,Vb-442.FN340-MDE-SPM,442.FN340,,2025-01,2025-01-08,29,7,,,
1656,Vb-442.FN340-MNDE-SPM,442.FN340,,2025-01,2025-01-08,20,11,,,
1657,Vb-442.FN340-FDE-SPM,442.FN340,,2025-05,2025-05-24,14,-7,,,
1658,Vb-442.FN340-FNDE-SPM,442.FN340,,2025-05,2025-05-24,-4,-11,,,
1659,Vb-442.FN340-MDE-SPM,442.FN340,,2025-05,2025-05-24,16,9,,,
1660,Vb-442.FN340-MNDE-SPM,442.FN340,,2025-05,2025-05-24,16,8,,,
1661,Vb-442.FN340-FDE-SPM,442.FN340,,2025-06,2025-06-08,10,0,,,
1662,Vb-442.FN340-FNDE-SPM,442.FN340,,2025-06,2025-06-08,24,9,,,
1663,Vb-442.FN340-MDE-SPM,442.FN340,,2025-06,2025-06-08,21,11,,,
1664,Vb-442.FN340-MNDE-SPM,442.FN340,,2025-06,2025-06-08,20,12,,,
1665,Vb-442.FN340-FDE-SPM,442.FN340,,2025-10,2025-10-05,7,1,,,
1666,Vb-442.FN340-FNDE-SPM,442.FN340,,2025-10,2025-10-05,10,3,,,
1667,Vb-442.FN340-MDE-SPM,442.FN340,,2025-10,2025-10-01,24,5,,,
1668,Vb-442.FN340-MNDE-SPM,442.FN340,,2025-10,2025-10-01,17,10,,,
1669,Vb-442.FN340-FDE-SPM,442.FN340,,2026-02,2026-02-04,17,7.5,,,
1670,Vb-442.FN340-FNDE-SPM,442.FN340,,2026-02,2026-02-04,20.2,6.6,,,
1671,Vb-442.FN340-MDE-SPM,442.FN340,,2026-02,2026-02-04,18.3,9.4,,,
1672,Vb-442.FN340-MNDE-SPM,442.FN340,,2026-02,2026-02-04,16.9,9.3,,,
1673,Vb-442.FN340-FDE-SPM,442.FN340,,2026-04,2026-04-07,16.1,8.2,,,
1674,Vb-442.FN340-FNDE-SPM,442.FN340,,2026-04,2026-04-07,19.2,12.2,,,
1675,Vb-442.FN340-MDE-SPM,442.FN340,,2026-04,2026-04-07,14.2,6.4,,,
1676,Vb-442.FN340-MNDE-SPM,442.FN340,,2026-04,2026-04-07,11.4,4.3,,,
1677,Vb-442.FN345-FDE-SPM,442.FN345,,2025-01,2025-01-08,14,2,,,
1678,Vb-442.FN345-FNDE-SPM,442.FN345,,2025-01,2025-01-08,25,3,,,
1679,Vb-442.FN345-MDE-SPM,442.FN345,,2025-01,2025-01-08,26,8,,,
1680,Vb-442.FN345-MNDE-SPM,442.FN345,,2025-01,2025-01-08,25,9,,,
1681,Vb-442.FN345-FDE-SPM,442.FN345,,2025-05,2025-05-24,10,1,,,
1682,Vb-442.FN345-FNDE-SPM,442.FN345,,2025-05,2025-05-24,35,17,,,
1683,Vb-442.FN345-MDE-SPM,442.FN345,,2025-05,2025-05-24,14,4,,,
1684,Vb-442.FN345-MNDE-SPM,442.FN345,,2025-05,2025-05-24,17,10,,,
1685,Vb-442.FN345-FDE-SPM,442.FN345,,2025-06,2025-06-08,8,0,,,
1686,Vb-442.FN345-FNDE-SPM,442.FN345,,2025-06,2025-06-08,18,4,,,
1687,Vb-442.FN345-MDE-SPM,442.FN345,,2025-06,2025-06-08,13,6,,,
1688,Vb-442.FN345-MNDE-SPM,442.FN345,,2025-06,2025-06-08,19,10,,,
1689,Vb-442.FN345-FDE-SPM,442.FN345,,2025-10,2025-10-05,14,4,,,
1690,Vb-442.FN345-FNDE-SPM,442.FN345,,2025-10,2025-10-05,16,5,,,
1691,Vb-442.FN345-MDE-SPM,442.FN345,,2025-10,2025-10-05,19,8,,,
1692,Vb-442.FN345-MNDE-SPM,442.FN345,,2025-10,2025-10-05,20,12,,,
1693,Vb-442.FN345-FDE-SPM,442.FN345,,2026-02,2026-02-04,11.1,2.4,,,
1694,Vb-442.FN345-FNDE-SPM,442.FN345,,2026-02,2026-02-04,25.5,-5.5,,,
1695,Vb-442.FN345-MDE-SPM,442.FN345,,2026-02,2026-02-04,19.1,3.3,,,
1696,Vb-442.FN345-MNDE-SPM,442.FN345,,2026-02,2026-02-04,18.3,8.2,,,
1697,Vb-442.FN345-FDE-SPM,442.FN345,,2026-04,2026-04-07,15.3,5.8,,,
1698,Vb-442.FN345-FNDE-SPM,442.FN345,,2026-04,2026-04-07,13.2,-3.8,,,
1699,Vb-442.FN345-MDE-SPM,442.FN345,,2026-04,2026-04-07,26,6.4,,,
1700,Vb-442.FN345-MNDE-SPM,442.FN345,,2026-04,2026-04-07,14,6.6,,,
1701,Vb-442.FN350-FDE-SPM,442.FN350,,2025-01,2025-01-08,15,4,,,
1702,Vb-442.FN350-FNDE-SPM,442.FN350,,2025-01,2025-01-08,26,4,,,
1703,Vb-442.FN350-MDE-SPM,442.FN350,,2025-01,2025-01-08,31,9,,,
1704,Vb-442.FN350-MNDE-SPM,442.FN350,,2025-01,2025-01-08,27,12,,,
1705,Vb-442.FN350-FDE-SPM,442.FN350,,2025-05,2025-05-24,16,6,,,
1706,Vb-442.FN350-FNDE-SPM,442.FN350,,2025-05,2025-05-24,34,7,,,
1707,Vb-442.FN350-MDE-SPM,442.FN350,,2025-05,2025-05-24,24,11,,,
1708,Vb-442.FN350-MNDE-SPM,442.FN350,,2025-05,2025-05-24,17,10,,,
1709,Vb-442.FN350-FDE-SPM,442.FN350,,2025-06,2025-06-08,8,-5,,,
1710,Vb-442.FN350-FNDE-SPM,442.FN350,,2025-06,2025-06-08,9,1,,,
1711,Vb-442.FN350-MDE-SPM,442.FN350,,2025-06,2025-06-08,25,12,,,
1712,Vb-442.FN350-MNDE-SPM,442.FN350,,2025-06,2025-06-08,19,10,,,
1713,Vb-442.FN350-FDE-SPM,442.FN350,,2025-10,2025-10-05,18,11,,,
1714,Vb-442.FN350-FNDE-SPM,442.FN350,,2025-10,2025-10-05,6,-1,,,
1715,Vb-442.FN350-MDE-SPM,442.FN350,,2025-10,2025-10-05,25,13,,,
1716,Vb-442.FN350-MNDE-SPM,442.FN350,,2025-10,2025-10-05,22,13,,,
1717,Vb-442.FN350-FDE-SPM,442.FN350,,2026-02,2026-02-04,22.5,2.9,,,
1718,Vb-442.FN350-FNDE-SPM,442.FN350,,2026-02,2026-02-04,12.7,2,,,
1719,Vb-442.FN350-MDE-SPM,442.FN350,,2026-02,2026-02-04,20.5,10.3,,,
1720,Vb-442.FN350-MNDE-SPM,442.FN350,,2026-02,2026-02-04,21.3,12.4,,,
1721,Vb-442.FN350-FDE-SPM,442.FN350,,2026-04,2026-04-07,21.3,13.7,,,
1722,Vb-442.FN350-FNDE-SPM,442.FN350,,2026-04,2026-04-07,9.9,2.6,,,
1723,Vb-442.FN350-MDE-SPM,442.FN350,,2026-04,2026-04-07,24.3,11.6,,,
1724,Vb-442.FN350-MNDE-SPM,442.FN350,,2026-04,2026-04-07,15.6,8.3,,,
1725,Vb-442.FN590-FDE-SPM,442.FN590,,2025-01,2025-01-08,29,-15,,,
1726,Vb-442.FN590-FNDE-SPM,442.FN590,,2025-01,2025-01-08,23,-2,,,
1727,Vb-442.FN590-MDE-SPM,442.FN590,,2025-01,2025-01-08,19,11,,,
1728,Vb-442.FN590-MNDE-SPM,442.FN590,,2025-01,2025-01-08,14,8,,,
1729,Vb-442.FN590-S1DE-SPM,442.FN590,,2025-01,2025-01-08,17,10,,,
1730,Vb-442.FN590-S1NDE-SPM,442.FN590,,2025-01,2025-01-08,15,7,,,
1731,Vb-442.FN590-S2DE-SPM,442.FN590,,2025-01,2025-01-08,20,12,,,
1732,Vb-442.FN590-S2NDE-SPM,442.FN590,,2025-01,2025-01-08,30,17,,,
1733,Vb-442.FN590-FDE-SPM,442.FN590,,2025-05,2025-05-24,13,-10,,,
1734,Vb-442.FN590-FNDE-SPM,442.FN590,,2025-05,2025-05-24,35,-14,,,
1735,Vb-442.FN590-MDE-SPM,442.FN590,,2025-05,2025-05-24,19,10,,,
1736,Vb-442.FN590-MNDE-SPM,442.FN590,,2025-05,2025-05-24,18,9,,,
1737,Vb-442.FN590-S1DE-SPM,442.FN590,,2025-05,2025-05-24,10,4,,,
1738,Vb-442.FN590-S1NDE-SPM,442.FN590,,2025-05,2025-05-24,11,4,,,
1739,Vb-442.FN590-S2DE-SPM,442.FN590,,2025-05,2025-05-24,45,10,,,
1740,Vb-442.FN590-S2NDE-SPM,442.FN590,,2025-05,2025-05-24,38,9,,,
1741,Vb-442.FN590-FDE-SPM,442.FN590,,2025-06,2025-06-08,27,-13,,,
1742,Vb-442.FN590-FNDE-SPM,442.FN590,,2025-06,2025-06-08,8,-10,,,
1743,Vb-442.FN590-MDE-SPM,442.FN590,,2025-06,2025-06-08,21,14,,,
1744,Vb-442.FN590-MNDE-SPM,442.FN590,,2025-06,2025-06-08,19,11,,,
1745,Vb-442.FN590-S1DE-SPM,442.FN590,,2025-06,2025-06-08,16,7,,,
1746,Vb-442.FN590-S1NDE-SPM,442.FN590,,2025-06,2025-06-08,16,10,,,
1747,Vb-442.FN590-S2DE-SPM,442.FN590,,2025-06,2025-06-08,26,13,,,
1748,Vb-442.FN590-S2NDE-SPM,442.FN590,,2025-06,2025-06-08,28,17,,,
1749,Vb-442.FN590-FDE-SPM,442.FN590,,2025-10,2025-10-07,22,-13,,,
1750,Vb-442.FN590-FNDE-SPM,442.FN590,,2025-10,2025-10-07,34,-15,,,
1751,Vb-442.FN590-MDE-SPM,442.FN590,,2025-10,2025-10-07,16,9,,,
1752,Vb-442.FN590-MNDE-SPM,442.FN590,,2025-10,2025-10-07,17,8,,,
1753,Vb-442.FN590-S1DE-SPM,442.FN590,,2025-10,2025-10-07,12,5,,,
1754,Vb-442.FN590-S1NDE-SPM,442.FN590,,2025-10,2025-10-07,12,5,,,
1755,Vb-442.FN590-S2DE-SPM,442.FN590,,2025-10,2025-10-07,17,10,,,
1756,Vb-442.FN590-S2NDE-SPM,442.FN590,,2025-10,2025-10-07,33,14,,,
1757,Vb-442.FN590-FDE-SPM,442.FN590,,2026-02,2026-02-04,24.7,-7.2,,,
1758,Vb-442.FN590-FNDE-SPM,442.FN590,,2026-02,2026-02-04,26.6,-10.9,,,
1759,Vb-442.FN590-MDE-SPM,442.FN590,,2026-02,2026-02-04,14.7,6.7,,,
1760,Vb-442.FN590-MNDE-SPM,442.FN590,,2026-02,2026-02-04,18.5,10.3,,,
1761,Vb-442.FN590-S1DE-SPM,442.FN590,,2026-02,2026-02-04,18.1,7.9,,,
1762,Vb-442.FN590-S1NDE-SPM,442.FN590,,2026-02,2026-02-04,13,5.3,,,
1763,Vb-442.FN590-S2DE-SPM,442.FN590,,2026-02,2026-02-04,20.4,12.8,,,
1764,Vb-442.FN590-S2NDE-SPM,442.FN590,,2026-02,2026-02-04,23.5,11.8,,,
1765,Vb-442.FN590-FDE-SPM,442.FN590,,2026-04,2026-04-07,15.7,-11.1,,,
1766,Vb-442.FN590-FNDE-SPM,442.FN590,,2026-04,2026-04-07,31.5,-9.9,,,
1767,Vb-442.FN590-MDE-SPM,442.FN590,,2026-04,2026-04-07,18.6,7.4,,,
1768,Vb-442.FN590-MNDE-SPM,442.FN590,,2026-04,2026-04-07,16.7,9.4,,,
1769,Vb-442.FN590-S1DE-SPM,442.FN590,,2026-04,2026-04-07,19.1,11.4,,,
1770,Vb-442.FN590-S1NDE-SPM,442.FN590,,2026-04,2026-04-07,18.3,11.8,,,
1771,Vb-442.FN590-S2DE-SPM,442.FN590,,2026-04,2026-04-07,24.8,15.3,,,
1772,Vb-442.FN590-S2NDE-SPM,442.FN590,,2026-04,2026-04-07,24.1,12.8,,,
1773,,442.WI001,Motor DE,2026-03,2026-03-31,14.6,-9.2,,,
1774,,442.WI001,Motor NDE,2026-03,2026-03-31,-3.8,-20.3,,,
1775,,442.WI001,Motor DE,2026-04,2026-04-20,11.2,0.3,,,
1776,,442.WI001,Motor NDE,2026-04,2026-04-20,4.4,-18.3,,,
1777,,442.WI002,Motor DE,2026-03,2026-03-31,13.5,-7.3,,,
1778,,442.WI002,Motor NDE,2026-03,2026-03-31,-7.1,-16.2,,,
1779,,442.WI002,Motor DE,2026-04,2026-04-20,8.6,2.8,,,
1780,,442.WI002,Motor NDE,2026-04,2026-04-20,-6.1,-12.1,,,
1781,,442.WI003,Motor DE,2026-03,2026-03-16,7.8,-16,,,
1782,,442.WI003,Motor NDE,2026-03,2026-03-16,3,-33,,,
1783,,442.WI004,Motor DE,2026-03,2026-03-31,15.7,9.9,,,
1784,,442.WI004,Motor NDE,2026-03,2026-03-31,5.1,-4.8,,,
1785,,442.WI004,Motor DE,2026-04,2026-04-20,11.8,4.5,,,
1786,,442.WI004,Motor NDE,2026-04,2026-04-20,0,-12.4,,,
1787,,442.WI005,Motor DE,2026-03,2026-03-31,8,-3.3,,,
1788,,442.WI005,Motor NDE,2026-03,2026-03-31,4,-16.8,,,
1789,,442.WI005,Motor DE,2026-04,2026-04-20,13.4,4.6,,,
1790,,442.WI005,Motor NDE,2026-04,2026-04-20,-10.4,-24.9,,,
1791,Vb-451.FN010-FDE-SPM,451.FN010,,2025-05,2025-05-12,11,-4,,,
1792,Vb-451.FN010-FNDE-SPM,451.FN010,,2025-05,2025-05-12,7,-18,,,
1793,Vb-451.FN010-MDE-SPM,451.FN010,,2025-05,2025-05-12,3,-21,,,
1794,Vb-451.FN010-MNDE-SPM,451.FN010,,2025-05,2025-05-12,14,-20,,,
1795,Vb-451.FN010-FDE-SPM,451.FN010,,2025-07,2025-07-08,3,-5,,,
1796,Vb-451.FN010-FNDE-SPM,451.FN010,,2025-07,2025-07-08,4,-21,,,
1797,Vb-451.FN010-MDE-SPM,451.FN010,,2025-07,2025-07-08,6,-16,,,
1798,Vb-451.FN010-MNDE-SPM,451.FN010,,2025-07,2025-07-08,-1,-25,,,
1799,Vb-451.FN010-FDE-SPM,451.FN010,,2025-09,2025-09-02,3,-9,,,
1800,Vb-451.FN010-FNDE-SPM,451.FN010,,2025-09,2025-09-02,14,-22,,,
1801,Vb-451.FN010-MDE-SPM,451.FN010,,2025-09,2025-09-02,2,-15,,,
1802,Vb-451.FN010-MNDE-SPM,451.FN010,,2025-09,2025-09-02,4,-17,,,
1803,Vb-451.FN010-FDE-SPM,451.FN010,,2026-02,2026-02-17,19,-9,,,
1804,Vb-451.FN010-FNDE-SPM,451.FN010,,2026-02,2026-02-17,-14,-23,,,
1805,Vb-451.FN010-MDE-SPM,451.FN010,,2026-02,2026-02-17,9,-16,,,
1806,Vb-451.FN010-MNDE-SPM,451.FN010,,2026-02,2026-02-17,4,-24,,,
1807,Vb-451.FN010-FDE-SPM,451.FN010,,2026-03,2026-03-26,8.3,-6.7,,,
1808,Vb-451.FN010-FNDE-SPM,451.FN010,,2026-03,2026-03-26,-0.2,-14.9,,,
1809,Vb-451.FN010-MDE-SPM,451.FN010,,2026-03,2026-03-26,14.2,-14.8,,,
1810,Vb-451.FN010-MNDE-SPM,451.FN010,,2026-03,2026-03-26,-4.3,-22,,,
1811,Vb-451.FN010-FDE-SPM,451.FN010,,2026-04,2026-04-26,16.2,-0.9,,,
1812,Vb-451.FN010-FNDE-SPM,451.FN010,,2026-04,2026-04-26,20.5,-4,,,
1813,Vb-451.FN010-MDE-SPM,451.FN010,,2026-04,2026-04-26,11.9,-7.7,,,
1814,Vb-451.FN010-MNDE-SPM,451.FN010,,2026-04,2026-04-26,2.2,-14.6,,,
1815,Vb-451.FN240-FDE-SPM,451.FN240,,2025-05,2025-05-12,17,-1,,,
1816,Vb-451.FN240-FNDE-SPM,451.FN240,,2025-05,2025-05-12,16,-14,,,
1817,Vb-451.FN240-MDE-SPM,451.FN240,,2025-05,2025-05-12,24,8,,,
1818,Vb-451.FN240-MNDE-SPM,451.FN240,,2025-05,2025-05-12,22,14,,,
1819,Vb-451.FN240-FDE-SPM,451.FN240,,2025-07,2025-07-08,19,-6,,,
1820,Vb-451.FN240-FNDE-SPM,451.FN240,,2025-07,2025-07-08,15,-9,,,
1821,Vb-451.FN240-MDE-SPM,451.FN240,,2025-07,2025-07-08,12,5,,,
1822,Vb-451.FN240-MNDE-SPM,451.FN240,,2025-07,2025-07-08,21,13,,,
1823,Vb-451.FN240-FDE-SPM,451.FN240,,2025-09,2025-09-14,6,-22,,,
1824,Vb-451.FN240-FNDE-SPM,451.FN240,,2025-09,2025-09-14,5,-15,,,
1825,Vb-451.FN240-MDE-SPM,451.FN240,,2025-09,2025-09-14,16,9,,,
1826,Vb-451.FN240-MNDE-SPM,451.FN240,,2025-09,2025-09-14,16,7,,,
1827,Vb-451.FN240-FDE-SPM,451.FN240,,2026-02,2026-02-17,15,-9,,,
1828,Vb-451.FN240-FNDE-SPM,451.FN240,,2026-02,2026-02-17,-4,-13,,,
1829,Vb-451.FN240-MDE-SPM,451.FN240,,2026-02,2026-02-17,18,9,,,
1830,Vb-451.FN240-MNDE-SPM,451.FN240,,2026-02,2026-02-17,25,16,,,
1831,Vb-451.FN240-FDE-SPM,451.FN240,,2026-03,2026-03-26,11.6,-2.6,,,
1832,Vb-451.FN240-FNDE-SPM,451.FN240,,2026-03,2026-03-26,3.4,-6.7,,,
1833,Vb-451.FN240-MDE-SPM,451.FN240,,2026-03,2026-03-26,28.1,9.4,,,
1834,Vb-451.FN240-MNDE-SPM,451.FN240,,2026-03,2026-03-26,20,8.8,,,
1835,Vb-451.FN240-FDE-SPM,451.FN240,,2026-04,2026-04-26,20,-2.6,,,
1836,Vb-451.FN240-FNDE-SPM,451.FN240,,2026-04,2026-04-26,10.9,-8.4,,,
1837,Vb-451.FN240-MDE-SPM,451.FN240,,2026-04,2026-04-26,22.5,11.1,,,
1838,Vb-451.FN240-MNDE-SPM,451.FN240,,2026-04,2026-04-26,30.6,17.3,,,
1839,Vb-451.WI111-PDE-SPM,451.WI111,,2025-05,2025-05-12,25,-7,,,
1840,Vb-451.WI111-PDE-SPM,451.WI111,,2025-06,2025-06-24,13,4,,,
1841,Vb-451.WI111-PNDE-SPM,451.WI111,,2025-06,2025-06-24,16,7,,,
1842,Vb-451.WI111-MDE-SPM,451.WI111,,2025-09,2025-09-21,-1,-6,,,
1843,Vb-451.WI111-MNDE-SPM,451.WI111,,2025-09,2025-09-21,-1,-11,,,
1844,Vb-451.WI111-PDE-SPM,451.WI111,,2025-09,2025-09-21,15,10,,,
1845,Vb-451.WI111-PNDE-SPM,451.WI111,,2025-10,2025-10-08,10,0,,,
1846,Vb-451.WI111-MDE-SPM,451.WI111,,2026-04,2026-04-12,-6.9,-18.4,,,
1847,Vb-451.WI111-MNDE-SPM,451.WI111,,2026-04,2026-04-12,5,-15.3,,,
1848,Vb-451.WI111-PDE-SPM,451.WI111,,2026-04,2026-04-12,14,6.8,,,
1849,Vb-451.WI111-PNDE-SPM,451.WI111,,2026-04,2026-04-12,4.7,-3.6,,,
1850,Vb-451.WI111-MDE-SPM,451.WI111,,2026-07,2026-07-02,8,-9,,,
1851,Vb-451.WI111-MNDE-SPM,451.WI111,,2026-07,2026-07-02,2,-11,,,
1852,Vb-451.WI111-PDE-SPM,451.WI111,,2026-07,2026-07-02,31,22,,,
1853,Vb-451.WI111-PNDE-SPM,451.WI111,,2026-07,2026-07-02,31,18,,,
1854,Vb-451.WI210-MDE-SPM,451.WI210,,2025-05,2025-05-14,20,15,,,
1855,Vb-451.WI210-PDE-SPM,451.WI210,,2025-05,2025-05-14,9,-6,,,
1856,Vb-451.WI210-PNDE-SPM,451.WI210,,2025-05,2025-05-14,16,2,,,
1857,Vb-451.WI210-MDE-SPM,451.WI210,,2025-07,2025-07-08,1,-15,,,
1858,Vb-451.WI210-PDE-SPM,451.WI210,,2025-07,2025-07-08,22,14,,,
1859,Vb-451.WI210-PNDE-SPM,451.WI210,,2025-07,2025-07-08,26,19,,,
1860,Vb-451.WI210-MDE-SPM,451.WI210,,2025-09,2025-09-14,13,-3,,,
1861,Vb-451.WI210-PDE-SPM,451.WI210,,2025-09,2025-09-14,16,0,,,
1862,Vb-451.WI210-PNDE-SPM,451.WI210,,2025-09,2025-09-14,13,0,,,
1863,Vb-451.WI210-PDE-SPM,451.WI210,,2025-10,2025-10-07,6,0,,,
1864,Vb-451.WI210-PNDE-SPM,451.WI210,,2025-10,2025-10-07,15,6,,,
1865,Vb-451.WI210-MDE-SPM,451.WI210,,2026-01,2026-01-14,-2,-14,,,
1866,Vb-451.WI210-PDE-SPM,451.WI210,,2026-01,2026-01-14,11,6,2026-01-14,10.7,5.5
1867,Vb-451.WI210-PNDE-SPM,451.WI210,,2026-01,2026-01-14,5,-3,2026-01-14,5.1,-2.7
1868,Vb-451.WI210-MDE-SPM,451.WI210,,2026-04,2026-04-12,-7.6,-14.1,,,
1869,Vb-452.FN010-FDE-SPM,452.FN010,,2025-05,2025-05-25,6,-3,,,
1870,Vb-452.FN010-FNDE-SPM,452.FN010,,2025-05,2025-05-25,-2,-11,,,
1871,Vb-452.FN010-MDE-SPM,452.FN010,,2025-05,2025-05-25,0,-21,,,
1872,Vb-452.FN010-MNDE-SPM,452.FN010,,2025-05,2025-05-25,3,-19,,,
1873,Vb-452.FN010-FDE-SPM,452.FN010,,2025-07,2025-07-28,2,-6,,,
1874,Vb-452.FN010-FNDE-SPM,452.FN010,,2025-07,2025-07-28,1,-14,,,
1875,Vb-452.FN010-MDE-SPM,452.FN010,,2025-07,2025-07-28,4,-18,,,
1876,Vb-452.FN010-MNDE-SPM,452.FN010,,2025-07,2025-07-28,12,-23,,,
1877,Vb-452.FN010-FDE-SPM,452.FN010,,2025-09,2025-09-21,5,-3,,,
1878,Vb-452.FN010-FNDE-SPM,452.FN010,,2025-09,2025-09-21,-4,-14,,,
1879,Vb-452.FN010-MDE-SPM,452.FN010,,2025-09,2025-09-21,1,-18,,,
1880,Vb-452.FN010-MNDE-SPM,452.FN010,,2025-09,2025-09-21,9,-19,,,
1881,Vb-452.FN010-FDE-SPM,452.FN010,,2026-02,2026-02-05,8.3,-5.9,,,
1882,Vb-452.FN010-FNDE-SPM,452.FN010,,2026-02,2026-02-05,16.5,-8.5,,,
1883,Vb-452.FN010-MDE-SPM,452.FN010,,2026-02,2026-02-05,-12.5,-20.1,,,
1884,Vb-452.FN010-MNDE-SPM,452.FN010,,2026-02,2026-02-05,-0.9,-22.4,,,
1885,Vb-452.FN010-FDE-SPM,452.FN010,,2026-03,2026-03-31,7.1,-9.3,,,
1886,Vb-452.FN010-FNDE-SPM,452.FN010,,2026-03,2026-03-31,16.1,-14.3,,,
1887,Vb-452.FN010-MDE-SPM,452.FN010,,2026-03,2026-03-31,-9.7,-16.9,,,
1888,Vb-452.FN010-MNDE-SPM,452.FN010,,2026-03,2026-03-31,-1.4,-21.2,,,
1889,Vb-452.FN010-FDE-SPM,452.FN010,,2026-04,2026-04-21,9.8,0,,,
1890,Vb-452.FN010-FNDE-SPM,452.FN010,,2026-04,2026-04-21,5.7,-13.2,,,
1891,Vb-452.FN010-MDE-SPM,452.FN010,,2026-04,2026-04-21,3.4,-15.9,,,
1892,Vb-452.FN010-MNDE-SPM,452.FN010,,2026-04,2026-04-21,-6.4,-24.4,,,
1893,Vb-452.FN240-FDE-SPM,452.FN240,,2025-05,2025-05-25,3,-5,,,
1894,Vb-452.FN240-FNDE-SPM,452.FN240,,2025-05,2025-05-25,12,-7,,,
1895,Vb-452.FN240-MDE-SPM,452.FN240,,2025-05,2025-05-25,20,11,,,
1896,Vb-452.FN240-MNDE-SPM,452.FN240,,2025-05,2025-05-25,19,8,,,
1897,Vb-452.FN240-FDE-SPM,452.FN240,,2025-07,2025-07-28,5,-28,,,
1898,Vb-452.FN240-FNDE-SPM,452.FN240,,2025-07,2025-07-28,0,-12,,,
1899,Vb-452.FN240-MDE-SPM,452.FN240,,2025-07,2025-07-28,18,11,,,
1900,Vb-452.FN240-MNDE-SPM,452.FN240,,2025-07,2025-07-28,21,12,,,
1901,Vb-452.FN240-FDE-SPM,452.FN240,,2025-09,2025-09-21,-5,-20,,,
1902,Vb-452.FN240-FNDE-SPM,452.FN240,,2025-09,2025-09-21,15,-5,,,
1903,Vb-452.FN240-MDE-SPM,452.FN240,,2025-09,2025-09-21,21,14,,,
1904,Vb-452.FN240-MNDE-SPM,452.FN240,,2025-09,2025-09-21,20,12,,,
1905,Vb-452.FN240-FDE-SPM,452.FN240,,2026-02,2026-02-05,-2.1,-22.4,,,
1906,Vb-452.FN240-FNDE-SPM,452.FN240,,2026-02,2026-02-05,18.7,-3.6,,,
1907,Vb-452.FN240-MDE-SPM,452.FN240,,2026-02,2026-02-05,15.1,7.2,,,
1908,Vb-452.FN240-MNDE-SPM,452.FN240,,2026-02,2026-02-05,24.5,16.2,,,
1909,Vb-452.FN240-FDE-SPM,452.FN240,,2026-03,2026-03-31,2.2,-18.3,,,
1910,Vb-452.FN240-FNDE-SPM,452.FN240,,2026-03,2026-03-31,4.9,-13.5,,,
1911,Vb-452.FN240-MDE-SPM,452.FN240,,2026-03,2026-03-31,15.5,8.2,,,
1912,Vb-452.FN240-MNDE-SPM,452.FN240,,2026-03,2026-03-31,21,13,,,
1913,Vb-452.FN240-FDE-SPM,452.FN240,,2026-04,2026-04-21,2.4,-7.3,,,
1914,Vb-452.FN240-FNDE-SPM,452.FN240,,2026-04,2026-04-21,-0.1,-6.2,,,
1915,Vb-452.FN240-MDE-SPM,452.FN240,,2026-04,2026-04-21,19.1,10.8,,,
1916,Vb-452.FN240-MNDE-SPM,452.FN240,,2026-04,2026-04-21,23.1,15.2,,,
1917,Vb-452.WI111-MDE-SPM,452.WI111,,2025-07,2025-07-28,4,0,,,
1918,Vb-452.WI111-MNDE-SPM,452.WI111,,2025-07,2025-07-28,-1,-18,,,
1919,Vb-452.WI111-PDE-SPM,452.WI111,,2025-07,2025-07-28,9,0,,,
1920,Vb-452.WI111-PNDE-SPM,452.WI111,,2025-07,2025-07-28,21,4,,,
1921,Vb-452.WI111-MDE-SPM,452.WI111,,2025-10,2025-10-06,14,8,,,
1922,Vb-452.WI111-MNDE-SPM,452.WI111,,2025-10,2025-10-06,-4,-13,,,
1923,Vb-452.WI111-PDE-SPM,452.WI111,,2025-10,2025-10-06,8,1,,,
1924,Vb-452.WI111-PNDE-SPM,452.WI111,,2025-10,2025-10-06,11,-5,,,
1925,Vb-452.WI111-MDE-SPM,452.WI111,,2026-02,2026-02-05,10,-6.1,,,
1926,Vb-452.WI111-MNDE-SPM,452.WI111,,2026-02,2026-02-05,-2.5,-22.8,,,
1927,Vb-452.WI111-PDE-SPM,452.WI111,,2026-02,2026-02-05,14.2,3,,,
1928,Vb-452.WI111-PNDE-SPM,452.WI111,,2026-02,2026-02-05,-1.4,-8,,,
1929,Vb-452.WI111-MDE-SPM,452.WI111,,2026-03,2026-03-24,8.1,-7.4,,,
1930,Vb-452.WI111-MNDE-SPM,452.WI111,,2026-03,2026-03-24,-11.2,-23.1,,,
1931,Vb-452.WI111-PDE-SPM,452.WI111,,2026-03,2026-03-24,10,1.2,,,
1932,Vb-452.WI111-PNDE-SPM,452.WI111,,2026-03,2026-03-08,12,0.1,,,
1933,Vb-452.WI112-MDE-SPM,452.WI112,,2025-05,2025-05-25,20,13,,,
1934,Vb-452.WI112-MNDE-SPM,452.WI112,,2025-05,2025-05-25,3,-10,,,
1935,Vb-452.WI112-PDE-SPM,452.WI112,,2025-05,2025-05-25,13,6,,,
1936,Vb-452.WI112-PNDE-SPM,452.WI112,,2025-05,2025-05-25,10,1,,,
1937,Vb-452.WI112-MDE-SPM,452.WI112,,2025-09,2025-09-21,3,-8,,,
1938,Vb-452.WI112-MNDE-SPM,452.WI112,,2025-09,2025-09-21,5,-20,,,
1939,Vb-452.WI112-PDE-SPM,452.WI112,,2025-09,2025-09-21,22,8,,,
1940,Vb-452.WI112-PNDE-SPM,452.WI112,,2025-09,2025-09-21,19,12,,,
1941,Vb-452.WI112-MDE-SPM,452.WI112,,2026-04,2026-04-09,-5.7,-19.2,,,
1942,Vb-452.WI112-MNDE-SPM,452.WI112,,2026-04,2026-04-09,-7.2,-23.4,,,
1943,Vb-452.WI112-PDE-SPM,452.WI112,,2026-04,2026-04-09,12.6,4.1,,,
1944,Vb-452.WI112-PNDE-SPM,452.WI112,,2026-04,2026-04-09,24,7.5,,,
1945,Vb-461.CP524-CDE-SPM-5,461.CP524,,2025-04,2025-04-15,21,-1,,,
1946,Vb-461.CP524-CNDE-SPM-1,461.CP524,,2025-04,2025-04-15,26,10,,,
1947,Vb-461.CP524-MDE-SPM-A,461.CP524,,2025-04,2025-04-15,20,6,,,
1948,Vb-461.CP524-MNDE-SPM-B,461.CP524,,2025-04,2025-04-15,19,4,,,
1949,Vb-461.CP524-CDE-SPM-5,461.CP524,,2025-07,2025-07-13,16,6,,,
1950,Vb-461.CP524-CDE-SPM-7,461.CP524,,2025-07,2025-07-13,18,6,,,
1951,Vb-461.CP524-CNDE-SPM-1,461.CP524,,2025-07,2025-07-13,22,13,,,
1952,Vb-461.CP524-MDE-SPM-A,461.CP524,,2025-07,2025-07-13,26,16,,,
1953,Vb-461.CP524-MNDE-SPM-B,461.CP524,,2025-07,2025-07-13,24,8,,,
1954,Vb-461.CP524-CDE-SPM-5,461.CP524,,2025-08,2025-08-19,13,5,,,
1955,Vb-461.CP524-CDE-SPM-7,461.CP524,,2025-08,2025-08-19,18,7,,,
1956,Vb-461.CP524-CNDE-SPM-1,461.CP524,,2025-08,2025-08-19,15,7,,,
1957,Vb-461.CP524-MDE-SPM-A,461.CP524,,2025-08,2025-08-19,24,13,,,
1958,Vb-461.CP524-MNDE-SPM-B,461.CP524,,2025-08,2025-08-19,15,6,,,
1959,Vb-461.CP524-CDE-SPM-5,461.CP524,,2025-09,2025-09-25,17,11,,,
1960,Vb-461.CP524-CDE-SPM-7,461.CP524,,2025-09,2025-09-25,17,5,,,
1961,Vb-461.CP524-CNDE-SPM-1,461.CP524,,2025-09,2025-09-25,12,6,,,
1962,Vb-461.CP524-MDE-SPM-A,461.CP524,,2025-09,2025-09-25,29,15,,,
1963,Vb-461.CP524-MNDE-SPM-B,461.CP524,,2025-09,2025-09-25,20,8,,,
1964,Vb-461.CP524-CDE-SPM-5,461.CP524,,2026-01,2026-01-21,19,0,2026-01-21,19.1,-0.2
1965,Vb-461.CP524-CDE-SPM-7,461.CP524,,2026-01,2026-01-21,13,2,2026-01-21,13.2,2
1966,Vb-461.CP524-CNDE-SPM-1,461.CP524,,2026-01,2026-01-21,11,4,2026-01-21,10.6,3.7
1967,Vb-461.CP524-MDE-SPM-A,461.CP524,,2026-01,2026-01-21,25,14,2026-01-21,24.9,14.4
1968,Vb-461.CP524-MNDE-SPM-B,461.CP524,,2026-01,2026-01-21,15,8,2026-01-21,14.9,7.5
1969,,461.CP525,Compressor DE,2025-04,2025-04-15,25,15,,,
1970,,461.CP525,Compressor NDE,2025-04,2025-04-15,27,12,,,
1971,,461.CP525,Motor DE,2025-04,2025-04-15,16,2,,,
1972,,461.CP525,Motor NDE,2025-04,2025-04-15,13,1,,,
1973,,461.CP525,Compressor DE,2026-02,2026-02-14,16,-1,2026-02-14,18,6
1974,,461.CP525,Compressor NDE,2026-02,2026-02-14,28,16,2026-02-14,28.1,16.4
1975,,461.CP525,Motor DE,2026-02,2026-02-14,26,10,2026-02-14,25.8,10
1976,,461.CP525,Motor NDE,2026-02,2026-02-14,13,0,2026-02-14,13.1,0
1977,,461.CP525,Compressor DE,2026-04,2026-04-30,14.5,-4.1,2026-04-30,19.3,0.4
1978,,461.CP525,Compressor NDE,2026-04,2026-04-30,23.3,9.6,,,
1979,,461.CP525,Motor DE,2026-04,2026-04-30,9.2,1,,,
1980,,461.CP525,Motor NDE,2026-04,2026-04-30,10.7,-3.2,,,
1981,Vb-461.CP526-CDE-SPM-5,461.CP526,,2025-05,2025-05-20,20,12,,,
1982,Vb-461.CP526-CDE-SPM-7,461.CP526,,2025-05,2025-05-20,24,17,,,
1983,Vb-461.CP526-CNDE-SPM-1,461.CP526,,2025-05,2025-05-20,17,10,,,
1984,Vb-461.CP526-MDE-SPM-A,461.CP526,,2025-05,2025-05-20,16,10,,,
1985,Vb-461.CP526-MNDE-SPM-B,461.CP526,,2025-05,2025-05-20,11,6,,,
1986,Vb-461.CP526-CDE-SPM-5,461.CP526,,2025-07,2025-07-13,18,11,,,
1987,Vb-461.CP526-CDE-SPM-7,461.CP526,,2025-07,2025-07-13,15,9,,,
1988,Vb-461.CP526-CNDE-SPM-1,461.CP526,,2025-07,2025-07-13,12,5,,,
1989,Vb-461.CP526-MDE-SPM-A,461.CP526,,2025-07,2025-07-13,20,7,,,
1990,Vb-461.CP526-MNDE-SPM-B,461.CP526,,2025-07,2025-07-13,11,2,,,
1991,Vb-461.CP526-CDE-SPM-5,461.CP526,,2025-08,2025-08-19,25,17,,,
1992,Vb-461.CP526-CDE-SPM-7,461.CP526,,2025-08,2025-08-19,18,12,,,
1993,Vb-461.CP526-CNDE-SPM-1,461.CP526,,2025-08,2025-08-19,26,16,,,
1994,Vb-461.CP526-MDE-SPM-A,461.CP526,,2025-08,2025-08-19,23,15,,,
1995,Vb-461.CP526-MNDE-SPM-B,461.CP526,,2025-08,2025-08-19,-20,-26,,,
1996,Vb-461.CP526-CDE-SPM-5,461.CP526,,2025-09,2025-09-25,25,15,,,
1997,Vb-461.CP526-CDE-SPM-7,461.CP526,,2025-09,2025-09-25,25,11,,,
1998,Vb-461.CP526-CNDE-SPM-1,461.CP526,,2025-09,2025-09-25,25,15,,,
1999,Vb-461.CP526-MDE-SPM-A,461.CP526,,2025-09,2025-09-25,13,6,,,
2000,Vb-461.CP526-MNDE-SPM-B,461.CP526,,2025-09,2025-09-25,27,10,,,
2001,Vb-461.CP526-CDE-SPM-5,461.CP526,,2026-04,2026-04-30,12.2,1.8,,,
2002,Vb-461.CP526-CDE-SPM-7,461.CP526,,2026-04,2026-04-30,23.4,15.8,,,
2003,Vb-461.CP526-CNDE-SPM-1,461.CP526,,2026-04,2026-04-30,24.8,13.8,,,
2004,Vb-461.CP526-MDE-SPM-A,461.CP526,,2026-04,2026-04-30,23.8,8.6,,,
2005,Vb-461.CP526-MNDE-SPM-B,461.CP526,,2026-04,2026-04-30,13.8,6.3,,,
2006,Vb-461.FN125-FDE-SPM,461.FN125,,2025-04,2025-04-15,18,11,,,
2007,Vb-461.FN125-FNDE-SPM,461.FN125,,2025-04,2025-04-15,9,-1,,,
2008,Vb-461.FN125-MDE-SPM,461.FN125,,2025-04,2025-04-15,5,-1,,,
2009,Vb-461.FN125-MNDE-SPM,461.FN125,,2025-04,2025-04-15,0,-7,,,
2010,Vb-461.FN125-FDE-SPM,461.FN125,,2025-07,2025-07-13,12,-2,,,
2011,Vb-461.FN125-FNDE-SPM,461.FN125,,2025-07,2025-07-13,14,4,,,
2012,Vb-461.FN125-MDE-SPM,461.FN125,,2025-07,2025-07-13,7,-3,,,
2013,Vb-461.FN125-MNDE-SPM,461.FN125,,2025-07,2025-07-13,6,-3,,,
2014,Vb-461.FN125-FDE-SPM,461.FN125,,2025-08,2025-08-19,9,-3,,,
2015,Vb-461.FN125-FNDE-SPM,461.FN125,,2025-08,2025-08-19,11,-5,,,
2016,Vb-461.FN125-MDE-SPM,461.FN125,,2025-08,2025-08-19,7,2,,,
2017,Vb-461.FN125-MNDE-SPM,461.FN125,,2025-08,2025-08-19,7,1,,,
2018,Vb-461.FN125-FDE-SPM,461.FN125,,2025-09,2025-09-25,10,1,,,
2019,Vb-461.FN125-FNDE-SPM,461.FN125,,2025-09,2025-09-25,9,-14,,,
2020,Vb-461.FN125-MDE-SPM,461.FN125,,2025-09,2025-09-25,0,-5,,,
2021,Vb-461.FN125-MNDE-SPM,461.FN125,,2025-09,2025-09-25,10,1,,,
2022,Vb-461.FN125-FDE-SPM,461.FN125,,2026-02,2026-02-14,34,21,,,
2023,Vb-461.FN125-FNDE-SPM,461.FN125,,2026-02,2026-02-14,28,16,,,
2024,Vb-461.FN125-MDE-SPM,461.FN125,,2026-02,2026-02-14,1,-10,,,
2025,Vb-461.FN125-MNDE-SPM,461.FN125,,2026-02,2026-02-14,1,-5,,,
2026,Vb-461.FN125-FDE-SPM,461.FN125,,2026-03,2026-03-26,19.1,8.5,,,
2027,Vb-461.FN125-FNDE-SPM,461.FN125,,2026-03,2026-03-26,6,-9.2,,,
2028,Vb-461.FN125-MDE-SPM,461.FN125,,2026-03,2026-03-26,1.1,-6.5,,,
2029,Vb-461.FN125-MNDE-SPM,461.FN125,,2026-03,2026-03-26,8.4,-1.3,,,
2030,Vb-461.FN125-FDE-SPM,461.FN125,,2026-04,2026-04-30,11,-0.1,,,
2031,Vb-461.FN125-FNDE-SPM,461.FN125,,2026-04,2026-04-30,26.7,21.6,,,
2032,Vb-461.FN125-MDE-SPM,461.FN125,,2026-04,2026-04-30,7.5,-6.6,,,
2033,Vb-461.FN125-MNDE-SPM,461.FN125,,2026-04,2026-04-30,6.6,0.8,,,
2034,Vb-461.FN400-FDE-SPM,461.FN400,,2025-04,2025-04-15,8,-3,,,
2035,Vb-461.FN400-FNDE-SPM,461.FN400,,2025-04,2025-04-15,7,-13,,,
2036,Vb-461.FN400-MDE-SPM,461.FN400,,2025-04,2025-04-15,-6,-20,,,
2037,Vb-461.FN400-MNDE-SPM,461.FN400,,2025-04,2025-04-15,-16,-23,,,
2038,Vb-461.FN400-FDE-SPM,461.FN400,,2025-07,2025-07-13,2,-5,,,
2039,Vb-461.FN400-FNDE-SPM,461.FN400,,2025-07,2025-07-13,14,-13,,,
2040,Vb-461.FN400-MDE-SPM,461.FN400,,2025-07,2025-07-13,3,-21,,,
2041,Vb-461.FN400-MNDE-SPM,461.FN400,,2025-07,2025-07-13,-7,-27,,,
2042,Vb-461.FN400-FDE-SPM,461.FN400,,2025-08,2025-08-19,8,1,,,
2043,Vb-461.FN400-FNDE-SPM,461.FN400,,2025-08,2025-08-17,24,-11,,,
2044,Vb-461.FN400-MDE-SPM,461.FN400,,2025-08,2025-08-17,-1,-25,,,
2045,Vb-461.FN400-MNDE-SPM,461.FN400,,2025-08,2025-08-17,-9,-25,,,
2046,Vb-461.FN400-FDE-SPM,461.FN400,,2025-09,2025-09-25,6,-3,,,
2047,Vb-461.FN400-FNDE-SPM,461.FN400,,2025-09,2025-09-25,17,-13,,,
2048,Vb-461.FN400-MDE-SPM,461.FN400,,2025-09,2025-09-25,8,-20,,,
2049,Vb-461.FN400-MNDE-SPM,461.FN400,,2025-09,2025-09-25,-1,-22,,,
2050,Vb-461.FN400-FDE-SPM,461.FN400,,2026-02,2026-02-14,9,-6,,,
2051,Vb-461.FN400-FNDE-SPM,461.FN400,,2026-02,2026-02-14,5,-12,,,
2052,Vb-461.FN400-MDE-SPM,461.FN400,,2026-02,2026-02-14,7,-27,,,
2053,Vb-461.FN400-MNDE-SPM,461.FN400,,2026-02,2026-02-14,-6,-32,,,
2054,Vb-461.FN400-FDE-SPM,461.FN400,,2026-03,2026-03-26,8.1,-5.5,,,
2055,Vb-461.FN400-FNDE-SPM,461.FN400,,2026-03,2026-03-26,11.7,-14.9,,,
2056,Vb-461.FN400-MDE-SPM,461.FN400,,2026-03,2026-03-26,10.7,-19.2,,,
2057,Vb-461.FN400-MNDE-SPM,461.FN400,,2026-03,2026-03-26,1.9,-22.4,,,
2058,Vb-461.FN400-FDE-SPM,461.FN400,,2026-04,2026-04-30,8.1,-5.7,,,
2059,Vb-461.FN400-FNDE-SPM,461.FN400,,2026-04,2026-04-30,6.9,-9.6,,,
2060,Vb-461.FN400-MDE-SPM,461.FN400,,2026-04,2026-04-30,3.8,-23.6,,,
2061,Vb-461.FN400-MNDE-SPM,461.FN400,,2026-04,2026-04-30,-1.3,-26,,,
2062,Vb-461.FN450-FDE-SPM,461.FN450,,2025-04,2025-04-15,1,-20,,,
2063,Vb-461.FN450-FNDE-SPM,461.FN450,,2025-04,2025-04-15,-3,-10,,,
2064,Vb-461.FN450-MDE-SPM,461.FN450,,2025-04,2025-04-15,10,4,,,
2065,Vb-461.FN450-MNDE-SPM,461.FN450,,2025-04,2025-04-15,17,8,,,
2066,Vb-461.FN450-FDE-SPM,461.FN450,,2025-07,2025-07-13,1,-28,,,
2067,Vb-461.FN450-FNDE-SPM,461.FN450,,2025-07,2025-07-13,2,-20,,,
2068,Vb-461.FN450-MDE-SPM,461.FN450,,2025-07,2025-07-13,13,6,,,
2069,Vb-461.FN450-MNDE-SPM,461.FN450,,2025-07,2025-07-13,11,4,,,
2070,Vb-461.FN450-FDE-SPM,461.FN450,,2025-08,2025-08-19,-5,-32,,,
2071,Vb-461.FN450-FNDE-SPM,461.FN450,,2025-08,2025-08-19,-1,-33,,,
2072,Vb-461.FN450-MDE-SPM,461.FN450,,2025-08,2025-08-19,10,3,,,
2073,Vb-461.FN450-MNDE-SPM,461.FN450,,2025-08,2025-08-19,10,-1,,,
2074,Vb-461.FN450-FDE-SPM,461.FN450,,2025-09,2025-09-25,10,-31,,,
2075,Vb-461.FN450-FNDE-SPM,461.FN450,,2025-09,2025-09-25,-13,-32,,,
2076,Vb-461.FN450-MDE-SPM,461.FN450,,2025-09,2025-09-25,12,6,,,
2077,Vb-461.FN450-MNDE-SPM,461.FN450,,2025-09,2025-09-25,13,6,,,
2078,Vb-461.FN450-FDE-SPM,461.FN450,,2026-02,2026-02-14,2,-25,,,
2079,Vb-461.FN450-FNDE-SPM,461.FN450,,2026-02,2026-02-14,6,-22,,,
2080,Vb-461.FN450-MDE-SPM,461.FN450,,2026-02,2026-02-14,15,7,,,
2081,Vb-461.FN450-MNDE-SPM,461.FN450,,2026-02,2026-02-14,11,1,,,
2082,Vb-461.FN450-FDE-SPM,461.FN450,,2026-03,2026-03-26,-7.9,-20,,,
2083,Vb-461.FN450-FNDE-SPM,461.FN450,,2026-03,2026-03-26,14,-7.8,,,
2084,Vb-461.FN450-MDE-SPM,461.FN450,,2026-03,2026-03-26,17.7,5.7,,,
2085,Vb-461.FN450-MNDE-SPM,461.FN450,,2026-03,2026-03-26,20.4,5.5,,,
2086,Vb-461.FN450-MDE-SPM,461.FN450,,2026-04,2026-04-30,-1.3,-34.8,,,
2087,Vb-461.FN450-MNDE-SPM,461.FN450,,2026-04,2026-04-30,-23.2,-36.1,,,
2088,Vb-461.MD140-MDE-SPM,461.MD140,,2025-04,2025-04-15,10,2,,,
2089,Vb-461.MD140-MNDE-SPM,461.MD140,,2025-04,2025-04-15,14,6,,,
2090,Vb-461.MD140-PHSS-SPM,461.MD140,,2025-04,2025-04-15,12,-10,,,
2091,Vb-461.MD140-RGT-SPM,461.MD140,,2025-04,2025-04-15,7,-15,,,
2092,Vb-461.MD140-MDE-SPM,461.MD140,,2025-07,2025-07-13,12,4,,,
2093,Vb-461.MD140-MNDE-SPM,461.MD140,,2025-07,2025-07-13,10,2,,,
2094,Vb-461.MD140-PHSS-SPM,461.MD140,,2025-07,2025-07-13,11,-11,,,
2095,Vb-461.MD140-RGT-SPM,461.MD140,,2025-07,2025-07-13,7,-16,,,
2096,Vb-461.MD140-MDE-SPM,461.MD140,,2025-08,2025-08-19,11,2,,,
2097,Vb-461.MD140-MNDE-SPM,461.MD140,,2025-08,2025-08-19,11,3,,,
2098,Vb-461.MD140-PHSS-SPM,461.MD140,,2025-08,2025-08-19,14,-8,,,
2099,Vb-461.MD140-RGT-SPM,461.MD140,,2025-08,2025-08-19,6,-19,,,
2100,Vb-461.MD140-MDE-SPM,461.MD140,,2025-09,2025-09-25,11,0,,,
2101,Vb-461.MD140-MNDE-SPM,461.MD140,,2025-09,2025-09-25,13,2,,,
2102,Vb-461.MD140-PHSS-SPM,461.MD140,,2025-09,2025-09-25,10,-12,,,
2103,Vb-461.MD140-RGT-SPM,461.MD140,,2025-09,2025-09-25,5,-15,,,
2104,Vb-461.MD140-MDE-SPM,461.MD140,,2026-02,2026-02-15,19,0,,,
2105,Vb-461.MD140-MNDE-SPM,461.MD140,,2026-02,2026-02-14,12,2,,,
2106,Vb-461.MD140-PHSS-SPM,461.MD140,,2026-02,2026-02-15,23,-22,,,
2107,Vb-461.MD140-RGT-SPM,461.MD140,,2026-02,2026-02-14,4,-19,,,
2108,Vb-461.MD140-MDE-SPM,461.MD140,,2026-03,2026-03-26,21.1,5.9,,,
2109,Vb-461.MD140-MNDE-SPM,461.MD140,,2026-03,2026-03-26,14.2,3.6,,,
2110,Vb-461.MD140-PHSS-SPM,461.MD140,,2026-03,2026-03-26,12.8,-13.5,,,
2111,Vb-461.MD140-RGT-SPM,461.MD140,,2026-03,2026-03-26,6.8,-16.6,,,
2112,Vb-461.MD140-MDE-SPM,461.MD140,,2026-04,2026-04-30,13.6,2.8,,,
2113,Vb-461.MD140-MNDE-SPM,461.MD140,,2026-04,2026-04-30,16.7,9.3,,,
2114,Vb-461.MD140-PHSS-SPM,461.MD140,,2026-04,2026-04-30,-10.8,-19.4,,,
2115,Vb-461.MD140-RGT-SPM,461.MD140,,2026-04,2026-04-30,-16.8,-28.1,,,
2116,Vb-461.MD152-MDE-SPM,461.MD152,,2025-08,2025-08-25,16,8,,,
2117,Vb-461.MD152-MNDE-SPM,461.MD152,,2025-08,2025-08-25,25,-19,,,
2118,Vb-461.MD152-S1DE-SPM,461.MD152,,2025-08,2025-08-25,2,-6,,,
2119,Vb-461.MD152-S1NDE-SPM,461.MD152,,2025-08,2025-08-25,8,-5,,,
2120,Vb-461.MD152-S2DE-SPM,461.MD152,,2025-08,2025-08-25,4,-4,,,
2121,Vb-461.MD152-S2NDE-SPM,461.MD152,,2025-08,2025-08-25,-2,-13,,,
2122,Vb-461.MD152-MDE-SPM,461.MD152,,2026-03,2026-03-26,20.2,12.2,,,
2123,Vb-461.MD152-MNDE-SPM,461.MD152,,2026-03,2026-03-26,32.2,21.4,,,
2124,Vb-461.MD152-S1DE-SPM,461.MD152,,2026-03,2026-03-26,8.4,1.9,,,
2125,Vb-461.MD152-S1NDE-SPM,461.MD152,,2026-03,2026-03-26,7.6,0.4,,,
2126,Vb-461.MD152-S2DE-SPM,461.MD152,,2026-03,2026-03-26,4.9,-2.1,,,
2127,Vb-461.MD152-S2NDE-SPM,461.MD152,,2026-03,2026-03-26,11.4,-2.5,,,
2128,Vb-461.MD152-MDE-SPM,461.MD152,,2026-04,2026-04-15,13.6,7,,,
2129,Vb-461.MD152-MNDE-SPM,461.MD152,,2026-04,2026-04-15,18.7,10.2,,,
2130,Vb-461.MD152-S1DE-SPM,461.MD152,,2026-04,2026-04-15,10.6,2.7,,,
2131,Vb-461.MD152-S1NDE-SPM,461.MD152,,2026-04,2026-04-15,3.2,-4.4,,,
2132,Vb-461.MD152-S2DE-SPM,461.MD152,,2026-04,2026-04-15,-4.9,-14.7,,,
2133,Vb-461.MD152-S2NDE-SPM,461.MD152,,2026-04,2026-04-15,-0.7,-8.4,,,
2134,Vb-461.PP513-MDE-SPM-ORD,461.PP513,,2025-04,2025-04-15,3,-8,,,
2135,Vb-461.PP513-MNDE-SPM-ORD,461.PP513,,2025-04,2025-04-15,-2,-12,,,
2136,Vb-461.PP513-PDE-SPM,461.PP513,,2025-04,2025-04-15,17,-10,,,
2137,Vb-461.PP513-PNDE-SPM,461.PP513,,2025-04,2025-04-15,9,-8,,,
2138,Vb-461.PP513-MDE-SPM-ORD,461.PP513,,2025-07,2025-07-13,4,-6,,,
2139,Vb-461.PP513-MNDE-SPM-ORD,461.PP513,,2025-07,2025-07-13,3,-10,,,
2140,Vb-461.PP513-PDE-SPM,461.PP513,,2025-07,2025-07-13,8,-17,,,
2141,Vb-461.PP513-PNDE-SPM,461.PP513,,2025-07,2025-07-13,5,-6,,,
2142,Vb-461.PP515-MDE-SPM,461.PP515,,2025-08,2025-08-06,19,-11,,,
2143,Vb-461.PP515-MNDE-SPM,461.PP515,,2025-08,2025-08-06,-1,-14,,,
2144,Vb-461.PP515-PDE-SPM,461.PP515,,2025-08,2025-08-06,9,-7,,,
2145,Vb-461.PP515-PNDE-SPM,461.PP515,,2025-08,2025-08-06,14,0,,,
2146,Vb-461.PP515-MDE-SPM,461.PP515,,2025-09,2025-09-25,2,-10,,,
2147,Vb-461.PP515-MNDE-SPM,461.PP515,,2025-09,2025-09-25,2,-11,,,
2148,Vb-461.PP515-PDE-SPM,461.PP515,,2025-09,2025-09-25,0,-14,,,
2149,Vb-461.PP515-PNDE-SPM,461.PP515,,2025-09,2025-09-25,1,-5,,,
2150,Vb-461.PP515-MDE-SPM,461.PP515,,2026-02,2026-02-14,5,-10,,,
2151,Vb-461.PP515-MNDE-SPM,461.PP515,,2026-02,2026-02-14,-1,-19,,,
2152,Vb-461.PP515-PDE-SPM,461.PP515,,2026-02,2026-02-14,-9,-19,,,
2153,Vb-461.PP515-PNDE-SPM,461.PP515,,2026-02,2026-02-14,-1,-10,,,
2154,Vb-461.PP515-MDE-SPM,461.PP515,,2026-03,2026-03-26,16.8,-11.7,,,
2155,Vb-461.PP515-MNDE-SPM,461.PP515,,2026-03,2026-03-26,8.9,-14.8,,,
2156,Vb-461.PP515-PDE-SPM,461.PP515,,2026-03,2026-03-26,7.6,-17.3,,,
2157,Vb-461.PP515-PNDE-SPM,461.PP515,,2026-03,2026-03-26,12.9,-6.6,,,
2158,Vb-461.PP515-MDE-SPM,461.PP515,,2026-04,2026-04-30,6.6,-10.2,,,
2159,Vb-461.PP515-MNDE-SPM,461.PP515,,2026-04,2026-04-30,7.9,-15.9,,,
2160,Vb-461.PP515-PDE-SPM,461.PP515,,2026-04,2026-04-30,12.3,-13.8,,,
2161,Vb-461.PP515-PNDE-SPM,461.PP515,,2026-04,2026-04-30,16.3,2.3,,,
2162,,462.CP.535,Compressor DE,2025-04,2025-04-16,27,16,,,
2163,,462.CP.535,Compressor NDE,2025-04,2025-04-16,31,19,,,
2164,,462.CP.535,Motor DE,2025-04,2025-04-16,14,3,,,
2165,,462.CP.535,Motor NDE,2025-04,2025-04-16,27,12,,,
2166,,462.CP.535,Compressor DE,2026-02,2026-02-09,24.1,14.7,2026-02-09,9.9,3
2167,,462.CP.535,Compressor NDE,2026-02,2026-02-09,31.2,21.3,,,
2168,,462.CP.535,Motor DE,2026-02,2026-02-09,0,-10.9,,,
2169,,462.CP.535,Motor NDE,2026-02,2026-02-09,22.4,1,,,
2170,,462.CP.535,Compressor DE,2026-04,2026-04-15,16.2,0.6,2026-04-15,20.5,8.6
2171,,462.CP.535,Compressor NDE,2026-04,2026-04-15,25.8,18.2,,,
2172,,462.CP.535,Motor DE,2026-04,2026-04-15,10.2,-0.8,,,
2173,,462.CP.535,Motor NDE,2026-04,2026-04-15,17.1,5,,,
2174,Vb-462.CP525-CDE-SPM-5,462.CP525,,2025-05,2025-05-24,26,17,,,
2175,Vb-462.CP525-CDE-SPM-7,462.CP525,,2025-05,2025-05-24,19,13,,,
2176,Vb-462.CP525-CNDE-SPM-1,462.CP525,,2025-05,2025-05-24,21,13,,,
2177,Vb-462.CP525-MDE-SPM-A,462.CP525,,2025-05,2025-05-24,19,7,,,
2178,Vb-462.CP525-MNDE-SPM-B,462.CP525,,2025-05,2025-05-24,11,-4,,,
2179,Vb-462.CP525-CDE-SPM-5,462.CP525,,2025-07,2025-07-29,27,13,,,
2180,Vb-462.CP525-CDE-SPM-7,462.CP525,,2025-07,2025-07-29,25,11,,,
2181,Vb-462.CP525-CNDE-SPM-1,462.CP525,,2025-07,2025-07-29,20,12,,,
2182,Vb-462.CP525-MDE-SPM-A,462.CP525,,2025-07,2025-07-29,26,7,,,
2183,Vb-462.CP525-MNDE-SPM-B,462.CP525,,2025-07,2025-07-29,20,1,,,
2184,Vb-462.CP525-CDE-SPM-5,462.CP525,,2025-09,2025-09-25,26,3,,,
2185,Vb-462.CP525-CDE-SPM-7,462.CP525,,2025-09,2025-09-25,27,7,,,
2186,Vb-462.CP525-CNDE-SPM-1,462.CP525,,2025-09,2025-09-25,21,13,,,
2187,Vb-462.CP525-MDE-SPM-A,462.CP525,,2025-09,2025-09-25,24,0,,,
2188,Vb-462.CP525-MNDE-SPM-B,462.CP525,,2025-09,2025-09-25,20,6,,,
2189,Vb-462.CP525-CDE-SPM-5,462.CP525,,2026-02,2026-02-09,10.8,3.6,,,
2190,Vb-462.CP525-CDE-SPM-7,462.CP525,,2026-02,2026-02-09,30.9,22.8,,,
2191,Vb-462.CP525-CNDE-SPM-1,462.CP525,,2026-02,2026-02-09,26.5,15.7,,,
2192,Vb-462.CP525-MDE-SPM-A,462.CP525,,2026-02,2026-02-09,4.8,-2.2,,,
2193,Vb-462.CP525-MNDE-SPM-B,462.CP525,,2026-02,2026-02-09,10.6,1.5,,,
2194,Vb-462.CP525-CDE-SPM-5,462.CP525,,2026-04,2026-04-15,16.9,-3,,,
2195,Vb-462.CP525-CDE-SPM-7,462.CP525,,2026-04,2026-04-15,16.1,4.6,,,
2196,Vb-462.CP525-CNDE-SPM-1,462.CP525,,2026-04,2026-04-15,25.8,13,,,
2197,Vb-462.CP525-MDE-SPM-A,462.CP525,,2026-04,2026-04-15,16.4,4.9,,,
2198,Vb-462.CP525-MNDE-SPM-B,462.CP525,,2026-04,2026-04-15,2.1,-4.3,,,
2199,Vb-462.CP530-CDE-SPM-5,462.CP530,,2025-05,2025-05-24,23,17,,,
2200,Vb-462.CP530-CDE-SPM-7,462.CP530,,2025-05,2025-05-24,21,16,,,
2201,Vb-462.CP530-CNDE-SPM-1,462.CP530,,2025-05,2025-05-24,29,22,,,
2202,Vb-462.CP530-MDE-SPM-A,462.CP530,,2025-05,2025-05-24,14,8,,,
2203,Vb-462.CP530-MNDE-SPM-B,462.CP530,,2025-05,2025-05-24,7,-2,,,
2204,Vb-462.CP530-CDE-SPM-5,462.CP530,,2025-07,2025-07-29,17,11,,,
2205,Vb-462.CP530-CDE-SPM-7,462.CP530,,2025-07,2025-07-29,28,18,,,
2206,Vb-462.CP530-CNDE-SPM-1,462.CP530,,2025-07,2025-07-29,30,20,,,
2207,Vb-462.CP530-MDE-SPM-A,462.CP530,,2025-07,2025-07-29,10,0,,,
2208,Vb-462.CP530-MNDE-SPM-B,462.CP530,,2025-07,2025-07-29,9,4,,,
2209,Vb-462.CP530-CDE-SPM-5,462.CP530,,2025-09,2025-09-25,26,20,,,
2210,Vb-462.CP530-CDE-SPM-7,462.CP530,,2025-09,2025-09-25,15,10,,,
2211,Vb-462.CP530-CNDE-SPM-1,462.CP530,,2025-09,2025-09-25,22,16,,,
2212,Vb-462.CP530-MDE-SPM-A,462.CP530,,2025-09,2025-09-25,11,6,,,
2213,Vb-462.CP530-MNDE-SPM-B,462.CP530,,2025-09,2025-09-25,31,-3,,,
2214,Vb-462.CP530-CDE-SPM-5,462.CP530,,2026-01,2026-01-21,10.9,6.3,,,
2215,Vb-462.CP530-CDE-SPM-7,462.CP530,,2026-01,2026-01-21,14.4,6.3,,,
2216,Vb-462.CP530-CNDE-SPM-1,462.CP530,,2026-01,2026-01-21,31.2,21.5,,,
2217,Vb-462.CP530-MDE-SPM-A,462.CP530,,2026-01,2026-01-21,7.5,2.5,,,
2218,Vb-462.CP530-MNDE-SPM-B,462.CP530,,2026-01,2026-01-21,3.4,-2.6,,,
2219,Vb-462.FN125-FDE-SPM,462.FN125,,2025-05,2025-05-24,-1,-10,,,
2220,Vb-462.FN125-FNDE-SPM,462.FN125,,2025-05,2025-05-24,17,-4,,,
2221,Vb-462.FN125-MDE-SPM,462.FN125,,2025-05,2025-05-24,17,-10,,,
2222,Vb-462.FN125-MNDE-SPM,462.FN125,,2025-05,2025-05-24,3,-11,,,
2223,Vb-462.FN125-FDE-SPM,462.FN125,,2025-07,2025-07-29,13,-5,,,
2224,Vb-462.FN125-FNDE-SPM,462.FN125,,2025-07,2025-07-29,-5,-15,,,
2225,Vb-462.FN125-MDE-SPM,462.FN125,,2025-07,2025-07-29,-1,-8,,,
2226,Vb-462.FN125-MNDE-SPM,462.FN125,,2025-07,2025-07-29,0,-15,,,
2227,Vb-462.FN125-FDE-SPM,462.FN125,,2025-09,2025-09-25,13,-6,,,
2228,Vb-462.FN125-FNDE-SPM,462.FN125,,2025-09,2025-09-25,4,-5,,,
2229,Vb-462.FN125-MDE-SPM,462.FN125,,2025-09,2025-09-25,13,3,,,
2230,Vb-462.FN125-MNDE-SPM,462.FN125,,2025-09,2025-09-25,8,-5,,,
2231,Vb-462.FN125-FDE-SPM,462.FN125,,2026-02,2026-02-09,-5.7,-17.6,,,
2232,Vb-462.FN125-FNDE-SPM,462.FN125,,2026-02,2026-02-09,3.2,-10.6,,,
2233,Vb-462.FN125-MDE-SPM,462.FN125,,2026-02,2026-02-09,16.7,-2,,,
2234,Vb-462.FN125-MNDE-SPM,462.FN125,,2026-02,2026-02-09,9.3,-11.9,,,
2235,Vb-462.FN125-MDE-SPM,462.FN125,,2026-03,2026-03-29,3.9,-8.7,,,
2236,Vb-462.FN125-FDE-SPM,462.FN125,,2026-04,2026-04-15,-10.2,-22.3,,,
2237,Vb-462.FN125-FNDE-SPM,462.FN125,,2026-04,2026-04-15,-10.5,-21.8,,,
2238,Vb-462.FN125-MNDE-SPM,462.FN125,,2026-04,2026-04-15,1.1,-14.3,,,
2239,Vb-462.FN400-FDE-SPM,462.FN400,,2025-05,2025-05-27,12,-3,,,
2240,Vb-462.FN400-FNDE-SPM,462.FN400,,2025-05,2025-05-28,5,-6,,,
2241,Vb-462.FN400-MDE-SPM,462.FN400,,2025-05,2025-05-27,11,-26,,,
2242,Vb-462.FN400-MNDE-SPM,462.FN400,,2025-05,2025-05-27,-15,-31,,,
2243,Vb-462.FN400-FDE-SPM,462.FN400,,2025-07,2025-07-29,4,-2,,,
2244,Vb-462.FN400-FNDE-SPM,462.FN400,,2025-07,2025-07-29,13,5,,,
2245,Vb-462.FN400-MDE-SPM,462.FN400,,2025-07,2025-07-29,-19,-25,,,
2246,Vb-462.FN400-MNDE-SPM,462.FN400,,2025-07,2025-07-29,10,-29,,,
2247,Vb-462.FN400-FDE-SPM,462.FN400,,2025-09,2025-09-25,10,4,,,
2248,Vb-462.FN400-FNDE-SPM,462.FN400,,2025-09,2025-09-25,20,13,,,
2249,Vb-462.FN400-MDE-SPM,462.FN400,,2025-09,2025-09-25,-10,-22,,,
2250,Vb-462.FN400-MNDE-SPM,462.FN400,,2025-09,2025-09-25,-19,-27,,,
2251,Vb-462.FN400-FDE-SPM,462.FN400,,2026-02,2026-02-09,10,3,,,
2252,Vb-462.FN400-FNDE-SPM,462.FN400,,2026-02,2026-02-08,19.7,14.5,,,
2253,Vb-462.FN400-MDE-SPM,462.FN400,,2026-02,2026-02-09,-9.8,-26.1,,,
2254,Vb-462.FN400-MNDE-SPM,462.FN400,,2026-02,2026-02-09,-8.3,-28.6,,,
2255,Vb-462.FN400-FDE-SPM,462.FN400,,2026-04,2026-04-14,0.8,-6.9,2026-04-27,10,1.8
2256,Vb-462.FN400-FNDE-SPM,462.FN400,,2026-04,2026-04-14,2.3,-6.3,,,
2257,Vb-462.FN400-MDE-SPM,462.FN400,,2026-04,2026-04-14,1,-23.5,2026-04-27,-4.8,-24.6
2258,Vb-462.FN400-MNDE-SPM,462.FN400,,2026-04,2026-04-14,-18.1,-28.1,2026-04-27,-11.1,-27.9
2259,Vb-462.FN450-FDE-SPM,462.FN450,,2025-05,2025-05-24,36,0,,,
2260,Vb-462.FN450-FNDE-SPM,462.FN450,,2025-05,2025-05-24,1,-26,,,
2261,Vb-462.FN450-MDE-SPM,462.FN450,,2025-05,2025-05-24,18,11,,,
2262,Vb-462.FN450-MNDE-SPM,462.FN450,,2025-05,2025-05-24,22,15,,,
2263,Vb-462.FN450-FDE-SPM,462.FN450,,2025-07,2025-07-29,21,-11,,,
2264,Vb-462.FN450-FNDE-SPM,462.FN450,,2025-07,2025-07-29,1,-26,,,
2265,Vb-462.FN450-MDE-SPM,462.FN450,,2025-07,2025-07-29,14,4,,,
2266,Vb-462.FN450-MNDE-SPM,462.FN450,,2025-07,2025-07-29,15,8,,,
2267,Vb-462.FN450-FDE-SPM,462.FN450,,2025-09,2025-09-25,5,-5,,,
2268,Vb-462.FN450-FNDE-SPM,462.FN450,,2025-09,2025-09-25,11,-18,,,
2269,Vb-462.FN450-MDE-SPM,462.FN450,,2025-09,2025-09-25,20,7,,,
2270,Vb-462.FN450-MNDE-SPM,462.FN450,,2025-09,2025-09-25,24,12,,,
2271,Vb-462.FN450-FDE-SPM,462.FN450,,2026-02,2026-02-09,25.4,-0.2,,,
2272,Vb-462.FN450-FNDE-SPM,462.FN450,,2026-02,2026-02-09,1.6,-16.3,,,
2273,Vb-462.FN450-MDE-SPM,462.FN450,,2026-02,2026-02-09,15.2,7.3,,,
2274,Vb-462.FN450-MNDE-SPM,462.FN450,,2026-02,2026-02-09,17.5,8.2,,,
2275,Vb-462.FN450-FDE-SPM,462.FN450,,2026-04,2026-04-15,28.4,-14.9,,,
2276,Vb-462.FN450-FNDE-SPM,462.FN450,,2026-04,2026-04-15,5.4,-27.8,,,
2277,Vb-462.FN450-MDE-SPM,462.FN450,,2026-04,2026-04-15,11,1.9,,,
2278,Vb-462.FN450-MNDE-SPM,462.FN450,,2026-04,2026-04-15,13.3,5,,,
2279,Vb-462.MD140-MDE-SPM,462.MD140,,2025-05,2025-05-24,6,1,,,
2280,Vb-462.MD140-MNDE-SPM,462.MD140,,2025-05,2025-05-24,5,-2,,,
2281,Vb-462.MD140-PHSS-SPM,462.MD140,,2025-05,2025-05-24,11,-20,,,
2282,Vb-462.MD140-RGT-SPM,462.MD140,,2025-05,2025-05-24,56,12,,,
2283,Vb-462.MD140-MDE-SPM,462.MD140,,2025-07,2025-07-29,7,-1,,,
2284,Vb-462.MD140-MNDE-SPM,462.MD140,,2025-07,2025-07-29,8,2,,,
2285,Vb-462.MD140-PHSS-SPM,462.MD140,,2025-07,2025-07-29,1,-22,,,
2286,Vb-462.MD140-RGT-SPM,462.MD140,,2025-07,2025-07-29,46,13,,,
2287,Vb-462.MD140-MDE-SPM,462.MD140,,2025-09,2025-09-25,9,-4,,,
2288,Vb-462.MD140-MNDE-SPM,462.MD140,,2025-09,2025-09-25,15,7,,,
2289,Vb-462.MD140-PHSS-SPM,462.MD140,,2025-09,2025-09-25,2,-20,,,
2290,Vb-462.MD140-RGT-SPM,462.MD140,,2025-09,2025-09-25,45,11,,,
2291,Vb-462.MD140-MDE-SPM,462.MD140,,2026-02,2026-02-09,4.2,-3,,,
2292,Vb-462.MD140-MNDE-SPM,462.MD140,,2026-02,2026-02-09,12.5,4.7,,,
2293,Vb-462.MD140-PHSS-SPM,462.MD140,,2026-02,2026-02-09,-1.3,-22.8,,,
2294,Vb-462.MD140-RGT-SPM,462.MD140,,2026-02,2026-02-09,43,12.6,,,
2295,Vb-462.MD140-MDE-SPM,462.MD140,,2026-04,2026-04-15,4.8,-2.7,,,
2296,Vb-462.MD140-MNDE-SPM,462.MD140,,2026-04,2026-04-15,10,2.4,,,
2297,Vb-462.MD140-PHSS-SPM,462.MD140,,2026-04,2026-04-15,-1.5,-22.7,,,
2298,Vb-462.MD140-RGT-SPM,462.MD140,,2026-04,2026-04-15,40.1,9.6,,,
2299,Vb-462.PP515-MDE-SPM,462.PP515,,2025-07,2025-07-28,7,-14,,,
2300,Vb-462.PP515-MNDE-SPM,462.PP515,,2025-07,2025-07-28,-4,-17,,,
2301,Vb-462.PP515-PDE-SPM,462.PP515,,2025-07,2025-07-28,6,-4,,,
2302,Vb-462.PP515-PNDE-SPM,462.PP515,,2025-07,2025-07-28,3,-16,,,
2303,Vb-462.PP515-MDE-SPM,462.PP515,,2026-02,2026-02-08,4.9,-12.5,,,
2304,Vb-462.PP515-MNDE-SPM,462.PP515,,2026-02,2026-02-08,-6.6,-15.1,,,
2305,Vb-462.PP515-PDE-SPM,462.PP515,,2026-02,2026-02-08,1.9,-7.2,,,
2306,Vb-462.PP515-PNDE-SPM,462.PP515,,2026-02,2026-02-08,-3.1,-15.2,,,
2307,Vb-462.PP515-MDE-SPM,462.PP515,,2026-04,2026-04-15,10.8,-14.6,,,
2308,Vb-462.PP515-MNDE-SPM,462.PP515,,2026-04,2026-04-15,-6.5,-14.9,,,
2309,Vb-462.PP515-PDE-SPM,462.PP515,,2026-04,2026-04-15,4.5,-13.7,,,
2310,Vb-462.PP515-PNDE-SPM,462.PP515,,2026-04,2026-04-15,9.1,-9.2,,,
2311,Vb-462.PP545-MDE-SPM,462.PP545,,2025-05,2025-05-24,-1,-11,,,
2312,Vb-462.PP545-MNDE-SPM,462.PP545,,2025-05,2025-05-24,-8,-15,,,
2313,Vb-462.PP545-PDE-SPM,462.PP545,,2025-05,2025-05-24,-8,-17,,,
2314,Vb-462.PP545-PNDE-SPM,462.PP545,,2025-05,2025-05-24,12,-10,,,
2315,Vb-462.PP545-MDE-SPM,462.PP545,,2025-06,2025-06-01,-3,-11,,,
2316,Vb-462.PP545-MNDE-SPM,462.PP545,,2025-06,2025-06-01,-14,-21,,,
2317,Vb-462.PP545-PDE-SPM,462.PP545,,2025-06,2025-06-01,-3,-10,,,
2318,Vb-462.PP545-PNDE-SPM,462.PP545,,2025-06,2025-06-01,1,-9,,,
2319,Vb-462.PP545-MDE-SPM,462.PP545,,2025-09,2025-09-25,-2,-9,,,
2320,Vb-462.PP545-MNDE-SPM,462.PP545,,2025-09,2025-09-25,-1,-18,,,
2321,Vb-462.PP545-PDE-SPM,462.PP545,,2025-09,2025-09-25,12,-9,,,
2322,Vb-462.PP545-PNDE-SPM,462.PP545,,2025-09,2025-09-25,-1,-7,,,
2323,Vb-465.BL580-BLDE-SPM,465.BL580,,2025-09,2025-09-09,14,-10,,,
2324,Vb-465.BL580-BLNDE-SPM,465.BL580,,2025-09,2025-09-09,19,-3,,,
2325,Vb-465.BL580-MDE-SPM,465.BL580,,2025-09,2025-09-09,17,-6,,,
2326,Vb-465.BL580-MNDE-SPM,465.BL580,,2025-09,2025-09-09,-9,-23,,,
2327,Vb-465.BL580-BLDE-SPM,465.BL580,,2026-02,2026-02-17,13,-7,,,
2328,Vb-465.BL580-BLNDE-SPM,465.BL580,,2026-02,2026-02-17,22,6,,,
2329,Vb-465.BL580-MDE-SPM,465.BL580,,2026-02,2026-02-17,-17,-22,,,
2330,Vb-465.BL580-MNDE-SPM,465.BL580,,2026-02,2026-02-17,-10,-24,,,
2331,Vb-465.BL580-BLDE-SPM,465.BL580,,2026-03,2026-03-26,9.5,-8,,,
2332,Vb-465.BL580-BLNDE-SPM,465.BL580,,2026-03,2026-03-26,12,-3.3,,,
2333,Vb-465.BL580-MDE-SPM,465.BL580,,2026-03,2026-03-26,6.4,-13.2,,,
2334,Vb-465.BL580-MNDE-SPM,465.BL580,,2026-03,2026-03-26,10.3,-17.7,,,
2335,Vb-465.BL580-BLDE-SPM,465.BL580,,2026-04,2026-04-19,12.5,-7.2,,,
2336,Vb-465.BL580-BLNDE-SPM,465.BL580,,2026-04,2026-04-19,11.1,-5.6,,,
2337,Vb-465.BL580-MDE-SPM,465.BL580,,2026-04,2026-04-19,-7,-17.9,,,
2338,Vb-465.BL580-MNDE-SPM,465.BL580,,2026-04,2026-04-19,-11.1,-23.3,,,
2339,Vb-465.BL630-MNDE-SPM,465.BL630,,2025-06,2025-06-19,7,-6,,,
2340,Vb-465.BL630-BLDE-SPM,465.BL630,,2025-08,2025-08-26,-12,-19,,,
2341,Vb-465.BL630-BLNDE-SPM,465.BL630,,2025-08,2025-08-26,0,-16,,,
2342,Vb-465.BL630-MDE-SPM,465.BL630,,2025-08,2025-08-26,-15,-23,,,
2343,Vb-465.BL630-MNDE-SPM,465.BL630,,2025-08,2025-08-26,-5,-26,,,
2344,Vb-465.BL630-BLDE-SPM,465.BL630,,2026-02,2026-02-17,6,-15,,,
2345,Vb-465.BL630-BLNDE-SPM,465.BL630,,2026-02,2026-02-17,16,-1,,,
2346,Vb-465.BL630-MDE-SPM,465.BL630,,2026-02,2026-02-17,-8,-20,,,
2347,Vb-465.BL630-MNDE-SPM,465.BL630,,2026-02,2026-02-17,-6,-25,,,
2348,Vb-465.BL630-BLDE-SPM,465.BL630,,2026-03,2026-03-25,8.9,-14.4,,,
2349,Vb-465.BL630-BLNDE-SPM,465.BL630,,2026-03,2026-03-25,14.3,-6.1,,,
2350,Vb-465.BL630-MDE-SPM,465.BL630,,2026-03,2026-03-25,-10.6,-16.6,,,
2351,Vb-465.BL630-MNDE-SPM,465.BL630,,2026-03,2026-03-25,-5.5,-24.2,,,
2352,Vb-465.BL635-BLDE-SPM,465.BL635,,2025-05,2025-05-12,-5,-10,,,
2353,Vb-465.BL635-BLNDE-SPM,465.BL635,,2025-05,2025-05-12,17,-1,,,
2354,Vb-465.BL635-MDE-SPM,465.BL635,,2025-05,2025-05-12,-3,-15,,,
2355,Vb-465.BL635-MNDE-SPM,465.BL635,,2025-05,2025-05-12,-8,-16,,,
2356,Vb-465.BL635-BLDE-SPM,465.BL635,,2025-08,2025-08-07,5,-7,,,
2357,Vb-465.BL635-BLNDE-SPM,465.BL635,,2025-08,2025-08-07,22,11,,,
2358,Vb-465.BL635-MDE-SPM,465.BL635,,2025-08,2025-08-07,-4,-18,,,
2359,Vb-465.BL635-MNDE-SPM,465.BL635,,2025-08,2025-08-07,10,-20,,,
2360,Vb-465.BL635-BLDE-SPM,465.BL635,,2025-09,2025-09-02,19,-7,,,
2361,Vb-465.BL635-BLNDE-SPM,465.BL635,,2025-09,2025-09-02,11,1,,,
2362,Vb-465.BL635-MDE-SPM,465.BL635,,2025-09,2025-09-02,17,-11,,,
2363,Vb-465.BL635-MNDE-SPM,465.BL635,,2025-09,2025-09-02,-10,-23,,,
2364,Vb-465.BL635-BLDE-SPM,465.BL635,,2026-01,2026-01-14,10,-8,2026-01-14,9.9,-8.2
2365,Vb-465.BL635-BLNDE-SPM,465.BL635,,2026-01,2026-01-14,4,-6,2026-01-14,3.5,-6.3
2366,Vb-465.BL635-MDE-SPM,465.BL635,,2026-01,2026-01-14,9,-11,2026-01-14,8.9,-11
2367,Vb-465.BL635-MNDE-SPM,465.BL635,,2026-01,2026-01-14,-12,-19,2026-01-14,-11.6,-18.7
2368,Vb-465.BL635-BLDE-SPM,465.BL635,,2026-04,2026-04-19,-5.1,-14.5,,,
2369,Vb-465.BL635-BLNDE-SPM,465.BL635,,2026-04,2026-04-19,12,-6.6,,,
2370,Vb-465.BL635-MDE-SPM,465.BL635,,2026-04,2026-04-19,4.3,-12.7,,,
2371,Vb-465.BL635-MNDE-SPM,465.BL635,,2026-04,2026-04-19,-7.9,-23.7,,,
2372,Vb-466.BL580-BLDE-SPM,466.BL580,,2026-02,2026-02-04,18.5,0.1,,,
2373,Vb-466.BL580-BLNDE-SPM,466.BL580,,2026-02,2026-02-04,20.7,2.7,,,
2374,Vb-466.BL580-MDE-SPM,466.BL580,,2026-02,2026-02-04,10.7,-9.2,,,
2375,Vb-466.BL580-MNDE-SPM,466.BL580,,2026-02,2026-02-04,6.7,-21.9,,,
2376,Vb-466.BL585-BLDE-SPM,466.BL585,,2025-07,2025-07-29,27,3,,,
2377,Vb-466.BL585-BLNDE-SPM,466.BL585,,2025-07,2025-07-29,22,4,,,
2378,Vb-466.BL585-MDE-SPM,466.BL585,,2025-07,2025-07-29,12,-9,,,
2379,Vb-466.BL585-MNDE-SPM,466.BL585,,2025-07,2025-07-29,6,-15,,,
2380,Vb-466.BL585-BLDE-SPM,466.BL585,,2025-10,2025-10-07,24,6,,,
2381,Vb-466.BL585-BLNDE-SPM,466.BL585,,2025-10,2025-10-07,21,10,,,
2382,Vb-466.BL585-MDE-SPM,466.BL585,,2025-10,2025-10-07,10,-4,,,
2383,Vb-466.BL585-MNDE-SPM,466.BL585,,2025-10,2025-10-07,7,-14,,,
2384,Vb-466.BL585-BLDE-SPM,466.BL585,,2026-03,2026-03-29,10.2,-5.4,,,
2385,Vb-466.BL585-BLNDE-SPM,466.BL585,,2026-03,2026-03-29,14.7,-5.4,,,
2386,Vb-466.BL585-MDE-SPM,466.BL585,,2026-03,2026-03-29,13.9,-12.4,,,
2387,Vb-466.BL585-MNDE-SPM,466.BL585,,2026-03,2026-03-29,6.2,-15.2,,,
2388,Vb-466.BL585-BLDE-SPM,466.BL585,,2026-04,2026-04-23,18.5,1.2,,,
2389,Vb-466.BL585-BLNDE-SPM,466.BL585,,2026-04,2026-04-23,16.5,-1,,,
2390,Vb-466.BL585-MDE-SPM,466.BL585,,2026-04,2026-04-23,17.5,-9.9,,,
2391,Vb-466.BL585-MNDE-SPM,466.BL585,,2026-04,2026-04-23,6.6,-22,,,
2392,Vb-466.BL630-BLDE-SPM,466.BL630,,2025-07,2025-07-29,6,-7,,,
2393,Vb-466.BL630-BLNDE-SPM,466.BL630,,2025-07,2025-07-29,16,0,,,
2394,Vb-466.BL630-MDE-SPM,466.BL630,,2025-07,2025-07-29,5,-1,,,
2395,Vb-466.BL630-MNDE-SPM,466.BL630,,2025-07,2025-07-29,-2,-17,,,
2396,Vb-466.BL630-BLDE-SPM,466.BL630,,2026-02,2026-02-04,12.7,-11.8,,,
2397,Vb-466.BL630-BLNDE-SPM,466.BL630,,2026-02,2026-02-04,17.3,-3.8,,,
2398,Vb-466.BL630-MDE-SPM,466.BL630,,2026-02,2026-02-04,3.8,-4.3,,,
2399,Vb-466.BL630-MNDE-SPM,466.BL630,,2026-02,2026-02-04,-4.1,-10.3,,,
2400,Vb-466.BL630-BLDE-SPM,466.BL630,,2026-03,2026-03-29,11.3,-5.8,,,
2401,Vb-466.BL630-BLNDE-SPM,466.BL630,,2026-03,2026-03-29,19.9,1.8,,,
2402,Vb-466.BL630-MDE-SPM,466.BL630,,2026-03,2026-03-29,5.8,-5.2,,,
2403,Vb-466.BL630-MNDE-SPM,466.BL630,,2026-03,2026-03-29,-5.3,-13.7,,,
2404,Vb-466.BL630-BLDE-SPM,466.BL630,,2026-04,2026-04-23,9.5,-4,,,
2405,Vb-466.BL630-BLNDE-SPM,466.BL630,,2026-04,2026-04-23,22,4.3,,,
2406,Vb-466.BL630-MDE-SPM,466.BL630,,2026-04,2026-04-23,3.5,-3.8,,,
2407,Vb-466.BL630-MNDE-SPM,466.BL630,,2026-04,2026-04-23,-4.7,-16,,,
2408,Vb-466.BL635-BLDE-SPM,466.BL635,,2025-10,2025-10-07,2,-7,,,
2409,Vb-466.BL635-BLNDE-SPM,466.BL635,,2025-10,2025-10-07,6,-2,,,
2410,Vb-466.BL635-MDE-SPM,466.BL635,,2025-10,2025-10-07,-4,-13,,,
2411,Vb-466.BL635-MNDE-SPM,466.BL635,,2025-10,2025-10-07,-3,-22,,,
2412,Vb-531.BE220-MDE-SPM,531.BE220,,2025-05,2025-05-06,16,-14,,,
2413,Vb-531.BE220-MNDE-SPM,531.BE220,,2025-05,2025-05-06,8,-24,,,
2414,Vb-531.BE220-S1-SPM,531.BE220,,2025-05,2025-05-06,10,-5,,,
2415,Vb-531.BE220-S2-SPM,531.BE220,,2025-05,2025-05-06,8,-6,,,
2416,Vb-531.BE220-S3-SPM,531.BE220,,2025-05,2025-05-06,57,23,,,
2417,Vb-531.BE220-MDE-SPM,531.BE220,,2025-06,2025-06-25,7,-20,,,
2418,Vb-531.BE220-MNDE-SPM,531.BE220,,2025-06,2025-06-25,8,-20,,,
2419,Vb-531.BE220-S1-SPM,531.BE220,,2025-06,2025-06-25,16,-5,,,
2420,Vb-531.BE220-S2-SPM,531.BE220,,2025-06,2025-06-25,3,-6,,,
2421,Vb-531.BE220-S3-SPM,531.BE220,,2025-06,2025-06-25,54,22,,,
2422,Vb-531.BE220-MDE-SPM,531.BE220,,2025-08,2025-08-26,4,-13,,,
2423,Vb-531.BE220-MNDE-SPM,531.BE220,,2025-08,2025-08-26,15,-19,,,
2424,Vb-531.BE220-S1-SPM,531.BE220,,2025-08,2025-08-26,3,-12,,,
2425,Vb-531.BE220-S2-SPM,531.BE220,,2025-08,2025-08-26,15,-3,,,
2426,Vb-531.BE220-S3-SPM,531.BE220,,2025-08,2025-08-26,52,24,,,
2427,,531.BE220,Shaft 1 inboard  DE,2026-05,2026-05-13,,,,,
2428,,531.BE220,Shaft 2  inboard  DE,2026-05,2026-05-13,,,,,
2429,,531.BE220,Shaft 2  outboard NDE,2026-05,2026-05-13,,,,,
2430,,531.BE220,Bearing DE,2026-05,2026-05-13,,,,,
2431,,531.BE220,Bearing NDE,2026-05,2026-05-13,,,,,
2432,Vb-531.BE220-MDE-SPM,531.BE220,,2026-05,2026-05-13,,,,,
2433,Vb-531.BE220-MNDE-SPM,531.BE220,,2026-05,2026-05-13,,,,,
2434,,531.FN242,Motor NDE,2026-04,2026-04-23,,,,,
2435,,531.FN242,Motor DE,2026-04,2026-04-23,,,,,
2436,,531.FN242,Fan DE,2026-04,2026-04-23,,,,,
2437,,531.FN242,Fan NDE,2026-04,2026-04-23,,,,,
2438,,531.FN242,Motor NDE,2026-05,2026-05-13,,,,,
2439,,531.FN242,Motor DE,2026-05,2026-05-13,,,,,
2440,,531.FN242,Fan DE,2026-05,2026-05-13,,,,,
2441,,531.FN242,Fan NDE,2026-05,2026-05-13,,,,,
2442,Vb-531.FN380-FDE-SPM,531.FN380,,2025-01,2025-01-06,14,1,,,
2443,Vb-531.FN380-FNDE-SPM,531.FN380,,2025-01,2025-01-06,24,-13,,,
2444,Vb-531.FN380-MDE-SPM,531.FN380,,2025-01,2025-01-06,14,-14,,,
2445,Vb-531.FN380-MNDE-SPM,531.FN380,,2025-01,2025-01-06,5,-25,,,
2446,Vb-531.FN380-FDE-SPM,531.FN380,,2025-05,2025-05-12,20,4,,,
2447,Vb-531.FN380-FNDE-SPM,531.FN380,,2025-05,2025-05-12,15,1,,,
2448,Vb-531.FN380-MDE-SPM,531.FN380,,2025-05,2025-05-07,20,-9,,,
2449,Vb-531.FN380-MNDE-SPM,531.FN380,,2025-05,2025-05-07,12,-25,,,
2450,Vb-531.FN380-FDE-SPM,531.FN380,,2025-07,2025-07-14,9,-5,,,
2451,Vb-531.FN380-FNDE-SPM,531.FN380,,2025-07,2025-07-14,10,-5,,,
2452,Vb-531.FN380-MDE-SPM,531.FN380,,2025-07,2025-07-14,9,-20,,,
2453,Vb-531.FN380-MNDE-SPM,531.FN380,,2025-07,2025-07-14,8,-27,,,
2454,Vb-531.FN380-FDE-SPM,531.FN380,,2025-08,2025-08-26,13,-4,,,
2455,Vb-531.FN380-FNDE-SPM,531.FN380,,2025-08,2025-08-26,13,-4,,,
2456,Vb-531.FN380-MDE-SPM,531.FN380,,2025-08,2025-08-26,14,-16,,,
2457,Vb-531.FN380-MNDE-SPM,531.FN380,,2025-08,2025-08-26,9,-28,,,
2458,Vb-531.FN380-FDE-SPM,531.FN380,,2025-09,2025-09-28,26,11,,,
2459,Vb-531.FN380-FNDE-SPM,531.FN380,,2025-09,2025-09-28,14,-5,,,
2460,Vb-531.FN380-MDE-SPM,531.FN380,,2025-09,2025-09-28,18,-19,,,
2461,Vb-531.FN380-MNDE-SPM,531.FN380,,2025-09,2025-09-28,9,-24,,,
2462,,531.FN380,Fan NDE,2026-04,2026-04-23,,,,,
2463,Vb-531.FN380-FNDE-SPM,531.FN380,,2026-04,2026-04-23,,,,,
2464,Vb-531.FN380-MDE-SPM,531.FN380,,2026-04,2026-04-23,,,,,
2465,Vb-531.FN380-MNDE-SPM,531.FN380,,2026-04,2026-04-23,,,,,
2466,,531.FN380,Fan NDE,2026-05,2026-05-13,,,,,
2467,Vb-531.FN380-FNDE-SPM,531.FN380,,2026-05,2026-05-13,,,,,
2468,Vb-531.FN380-MDE-SPM,531.FN380,,2026-05,2026-05-13,,,,,
2469,Vb-531.FN380-MNDE-SPM,531.FN380,,2026-05,2026-05-13,,,,,
2470,Vb-531.FN530-FDE-SPM,531.FN530,,2025-01,2025-01-06,20,14,,,
2471,Vb-531.FN530-FNDE-SPM,531.FN530,,2025-01,2025-01-06,20,13,,,
2472,Vb-531.FN530-MDE-SPM,531.FN530,,2025-01,2025-01-06,5,-13,,,
2473,Vb-531.FN530-MNDE-SPM,531.FN530,,2025-01,2025-01-06,-4,-18,,,
2474,Vb-531.FN530-FDE-SPM,531.FN530,,2025-05,2025-05-09,23,10,,,
2475,Vb-531.FN530-FNDE-SPM,531.FN530,,2025-05,2025-05-09,21,13,,,
2476,Vb-531.FN530-MDE-SPM,531.FN530,,2025-05,2025-05-09,18,-12,,,
2477,Vb-531.FN530-MNDE-SPM,531.FN530,,2025-05,2025-05-09,-10,-21,,,
2478,Vb-531.FN530-FDE-SPM,531.FN530,,2025-07,2025-07-30,18,4,,,
2479,Vb-531.FN530-FNDE-SPM,531.FN530,,2025-07,2025-07-30,9,4,,,
2480,Vb-531.FN530-MDE-SPM,531.FN530,,2025-07,2025-07-30,-2,-13,,,
2481,Vb-531.FN530-MNDE-SPM,531.FN530,,2025-07,2025-07-30,25,-12,,,
2482,Vb-531.FN530-FDE-SPM,531.FN530,,2025-08,2025-08-26,7,-2,,,
2483,Vb-531.FN530-FNDE-SPM,531.FN530,,2025-08,2025-08-26,12,-26,,,
2484,Vb-531.FN530-MDE-SPM,531.FN530,,2025-08,2025-08-26,3,-15,,,
2485,Vb-531.FN530-MNDE-SPM,531.FN530,,2025-08,2025-08-26,-9,-24,,,
2486,Vb-531.FN530-FDE-SPM,531.FN530,,2025-09,2025-09-28,29,9,,,
2487,Vb-531.FN530-FNDE-SPM,531.FN530,,2025-09,2025-09-28,23,10,,,
2488,Vb-531.FN530-MDE-SPM,531.FN530,,2025-09,2025-09-28,-4,-12,,,
2489,Vb-531.FN530-MNDE-SPM,531.FN530,,2025-09,2025-09-28,0,-20,,,
2490,,531.FN530,Fan NDE,2026-04,2026-04-23,,,,,
2491,Vb-531.FN530-FNDE-SPM,531.FN530,,2026-04,2026-04-23,,,,,
2492,Vb-531.FN530-MDE-SPM,531.FN530,,2026-04,2026-04-23,,,,,
2493,Vb-531.FN530-MNDE-SPM,531.FN530,,2026-04,2026-04-23,,,,,
2494,,531.FN530,Fan NDE,2026-05,2026-05-13,,,,,
2495,Vb-531.FN530-FNDE-SPM,531.FN530,,2026-05,2026-05-13,,,,,
2496,Vb-531.FN530-MDE-SPM,531.FN530,,2026-05,2026-05-13,,,,,
2497,Vb-531.FN530-MNDE-SPM,531.FN530,,2026-05,2026-05-13,,,,,
2498,Vb-531.MD140-MDE-SPM,531.MD140,,2025-01,2025-01-06,25,1,,,
2499,Vb-531.MD140-MNDE-SPM,531.MD140,,2025-01,2025-01-06,17,-8,,,
2500,Vb-531.MD140-S1DE-SPM,531.MD140,,2025-01,2025-01-06,16,-8,,,
2501,Vb-531.MD140-S1NDE-SPM,531.MD140,,2025-01,2025-01-06,28,0,,,
2502,Vb-531.MD140-S2DE-SPM,531.MD140,,2025-01,2025-01-06,19,-6,,,
2503,Vb-531.MD140-S2NDE-SPM,531.MD140,,2025-01,2025-01-06,20,-2,,,
2504,Vb-531.MD140-S3DE-SPM,531.MD140,,2025-01,2025-01-06,46,-4,,,
2505,Vb-531.MD140-S3NDE-SPM,531.MD140,,2025-01,2025-01-06,33,1,,,
2506,Vb-531.MD140-S4DE-SPM,531.MD140,,2025-01,2025-01-06,21,-1,,,
2507,Vb-531.MD140-S4NDE-SPM,531.MD140,,2025-01,2025-01-06,34,2,,,
2508,Vb-531.MD140-MDE-SPM,531.MD140,,2025-05,2025-05-20,10,2,,,
2509,Vb-531.MD140-MNDE-SPM,531.MD140,,2025-05,2025-05-20,6,-13,,,
2510,Vb-531.MD140-S1DE-SPM,531.MD140,,2025-05,2025-05-20,17,-3,,,
2511,Vb-531.MD140-S1NDE-SPM,531.MD140,,2025-05,2025-05-20,37,8,,,
2512,Vb-531.MD140-S2DE-SPM,531.MD140,,2025-05,2025-05-20,25,1,,,
2513,Vb-531.MD140-S2NDE-SPM,531.MD140,,2025-05,2025-05-20,29,11,,,
2514,Vb-531.MD140-S3DE-SPM,531.MD140,,2025-05,2025-05-20,34,4,,,
2515,Vb-531.MD140-S3NDE-SPM,531.MD140,,2025-05,2025-05-20,37,10,,,
2516,Vb-531.MD140-S4DE-SPM,531.MD140,,2025-05,2025-05-20,29,4,,,
2517,Vb-531.MD140-S4NDE-SPM,531.MD140,,2025-05,2025-05-20,27,6,,,
2518,Vb-531.MD140-MDE-SPM,531.MD140,,2025-07,2025-07-17,9,-19,,,
2519,Vb-531.MD140-MNDE-SPM,531.MD140,,2025-07,2025-07-17,20,-8,,,
2520,Vb-531.MD140-S1NDE-SPM,531.MD140,,2025-07,2025-07-25,18,4,,,
2521,Vb-531.MD140-S2DE-SPM,531.MD140,,2025-07,2025-07-25,26,4,,,
2522,Vb-531.MD140-S2NDE-SPM,531.MD140,,2025-07,2025-07-25,32,4,,,
2523,Vb-531.MD140-S3DE-SPM,531.MD140,,2025-07,2025-07-25,36,9,,,
2524,Vb-531.MD140-S3NDE-SPM,531.MD140,,2025-07,2025-07-25,36,6,,,
2525,Vb-531.MD140-S4DE-SPM,531.MD140,,2025-07,2025-07-25,39,12,,,
2526,Vb-531.MD140-MDE-SPM,531.MD140,,2025-08,2025-08-26,20,-5,,,
2527,Vb-531.MD140-MNDE-SPM,531.MD140,,2025-08,2025-08-26,9,-12,,,
2528,Vb-531.MD140-S1DE-SPM,531.MD140,,2025-08,2025-08-01,11,-10,2025-08-28,13,-8
2529,Vb-531.MD140-S1NDE-SPM,531.MD140,,2025-08,2025-08-28,13,-7,,,
2530,Vb-531.MD140-S2DE-SPM,531.MD140,,2025-08,2025-08-28,14,2,,,
2531,Vb-531.MD140-S2NDE-SPM,531.MD140,,2025-08,2025-08-28,19,-1,,,
2532,Vb-531.MD140-S3DE-SPM,531.MD140,,2025-08,2025-08-28,28,0,,,
2533,Vb-531.MD140-S3NDE-SPM,531.MD140,,2025-08,2025-08-28,33,2,,,
2534,Vb-531.MD140-S4DE-SPM,531.MD140,,2025-08,2025-08-28,33,0,,,
2535,Vb-531.MD140-S4NDE-SPM,531.MD140,,2025-08,2025-08-01,33,1,2025-08-28,39,7
2536,Vb-531.MD140-MDE-SPM,531.MD140,,2025-10,2025-10-12,11,3,,,
2537,Vb-531.MD140-MNDE-SPM,531.MD140,,2025-10,2025-10-12,14,-5,,,
2538,Vb-531.MD140-S1DE-SPM,531.MD140,,2025-10,2025-10-12,25,1,,,
2539,Vb-531.MD140-S1NDE-SPM,531.MD140,,2025-10,2025-10-12,27,3,,,
2540,Vb-531.MD140-S2DE-SPM,531.MD140,,2025-10,2025-10-12,16,-1,,,
2541,Vb-531.MD140-S2NDE-SPM,531.MD140,,2025-10,2025-10-12,26,3,,,
2542,Vb-531.MD140-S3DE-SPM,531.MD140,,2025-10,2025-10-12,30,4,,,
2543,Vb-531.MD140-S3NDE-SPM,531.MD140,,2025-10,2025-10-15,38,9,,,
2544,Vb-531.MD140-S4DE-SPM,531.MD140,,2025-10,2025-10-12,27,-1,,,
2545,Vb-531.MD140-S4NDE-SPM,531.MD140,,2025-10,2025-10-15,42,13,,,
2546,Vb-531.MD140-MDE-SPM,531.MD140,,2026-04,2026-04-27,,,,,
2547,Vb-531.MD140-MNDE-SPM,531.MD140,,2026-04,2026-04-27,,,,,
2548,Vb-531.MD140-S1DE-SPM,531.MD140,,2026-04,2026-04-27,,,,,
2549,Vb-531.MD140-S1NDE-SPM,531.MD140,,2026-04,2026-04-27,,,,,
2550,Vb-531.MD140-S2DE-SPM,531.MD140,,2026-04,2026-04-27,,,,,
2551,Vb-531.MD140-S2NDE-SPM,531.MD140,,2026-04,2026-04-27,,,,,
2552,Vb-531.MD140-S3DE-SPM,531.MD140,,2026-04,2026-04-27,,,,,
2553,Vb-531.MD140-S3NDE-SPM,531.MD140,,2026-04,2026-04-27,,,,,
2554,Vb-531.MD140-S4DE-SPM,531.MD140,,2026-04,2026-04-27,,,,,
2555,Vb-531.MD140-S4NDE-SPM,531.MD140,,2026-04,2026-04-27,,,,,
2556,Vb-531.MD140-MDE-SPM,531.MD140,,2026-05,2026-05-13,,,,,
2557,Vb-531.MD140-MNDE-SPM,531.MD140,,2026-05,2026-05-13,,,,,
2558,Vb-531.MD140-S1DE-SPM,531.MD140,,2026-05,2026-05-13,,,,,
2559,Vb-531.MD140-S1NDE-SPM,531.MD140,,2026-05,2026-05-13,,,,,
2560,Vb-531.MD140-S2DE-SPM,531.MD140,,2026-05,2026-05-13,,,,,
2561,Vb-531.MD140-S2NDE-SPM,531.MD140,,2026-05,2026-05-13,,,,,
2562,Vb-531.MD140-S3DE-SPM,531.MD140,,2026-05,2026-05-13,,,,,
2563,Vb-531.MD140-S3NDE-SPM,531.MD140,,2026-05,2026-05-13,,,,,
2564,Vb-531.MD140-S4DE-SPM,531.MD140,,2026-05,2026-05-13,,,,,
2565,Vb-531.MD140-MDE-SPM,531.MD140,,2026-06,2026-06-04,,,,,
2566,Vb-531.MD140-MNDE-SPM,531.MD140,,2026-06,2026-06-04,,,,,
2567,Vb-531.MD140-S1DE-SPM,531.MD140,,2026-06,2026-06-04,,,,,
2568,Vb-531.MD140-S1NDE-SPM,531.MD140,,2026-06,2026-06-04,,,,,
2569,Vb-531.MD140-S2DE-SPM,531.MD140,,2026-06,2026-06-04,,,,,
2570,Vb-531.MD140-S2NDE-SPM,531.MD140,,2026-06,2026-06-04,,,,,
2571,Vb-531.MD140-S3DE-SPM,531.MD140,,2026-06,2026-06-04,,,,,
2572,Vb-531.MD140-S3NDE-SPM,531.MD140,,2026-06,2026-06-04,,,,,
2573,Vb-531.MD140-S4DE-SPM,531.MD140,,2026-06,2026-06-04,,,,,
2574,Vb-531.MD140-S4NDE-SPM,531.MD140,,2026-06,2026-06-04,,,,,
2575,Vb-531.MD302-MDE-SPM,531.MD302,,2025-04,2025-04-23,20,12,,,
2576,Vb-531.MD302-MNDE-SPM,531.MD302,,2025-04,2025-04-23,16,10,,,
2577,Vb-531.MD302-S1DE-SPM,531.MD302,,2025-04,2025-04-23,15,-1,,,
2578,Vb-531.MD302-S1NDE-SPM,531.MD302,,2025-04,2025-04-23,9,-2,,,
2579,Vb-531.MD302-S2DE-SPM,531.MD302,,2025-04,2025-04-23,23,-8,,,
2580,Vb-531.MD302-S2NDE-SPM,531.MD302,,2025-04,2025-04-23,18,-3,,,
2581,Vb-531.MD302-MDE-SPM,531.MD302,,2025-06,2025-06-25,19,10,,,
2582,Vb-531.MD302-MNDE-SPM,531.MD302,,2025-06,2025-06-25,27,15,,,
2583,Vb-531.MD302-S1DE-SPM,531.MD302,,2025-06,2025-06-25,0,-7,,,
2584,Vb-531.MD302-S1NDE-SPM,531.MD302,,2025-06,2025-06-25,2,-5,,,
2585,Vb-531.MD302-S2DE-SPM,531.MD302,,2025-06,2025-06-25,12,-9,,,
2586,Vb-531.MD302-S2NDE-SPM,531.MD302,,2025-06,2025-06-25,14,-2,,,
2587,Vb-531.MD302-MDE-SPM,531.MD302,,2025-08,2025-08-26,19,11,,,
2588,Vb-531.MD302-MNDE-SPM,531.MD302,,2025-08,2025-08-26,23,16,,,
2589,Vb-531.MD302-S1DE-SPM,531.MD302,,2025-08,2025-08-26,12,-5,,,
2590,Vb-531.MD302-S1NDE-SPM,531.MD302,,2025-08,2025-08-26,5,-2,,,
2591,Vb-531.MD302-S2DE-SPM,531.MD302,,2025-08,2025-08-26,10,-11,,,
2592,Vb-531.MD302-S2NDE-SPM,531.MD302,,2025-08,2025-08-26,20,-4,,,
2593,Vb-531.MD302-MDE-SPM,531.MD302,,2026-04,2026-04-23,,,,,
2594,Vb-531.MD302-MNDE-SPM,531.MD302,,2026-04,2026-04-23,,,,,
2595,Vb-531.MD302-S1DE-SPM,531.MD302,,2026-04,2026-04-23,,,,,
2596,Vb-531.MD302-S1NDE-SPM,531.MD302,,2026-04,2026-04-23,,,,,
2597,Vb-531.MD302-S2DE-SPM,531.MD302,,2026-04,2026-04-23,,,,,
2598,Vb-531.MD302-S2NDE-SPM,531.MD302,,2026-04,2026-04-23,,,,,
2599,Vb-531.MD302-MDE-SPM,531.MD302,,2026-05,2026-05-13,,,,,
2600,Vb-531.MD302-MNDE-SPM,531.MD302,,2026-05,2026-05-13,,,,,
2601,Vb-531.MD302-S1DE-SPM,531.MD302,,2026-05,2026-05-13,,,,,
2602,Vb-531.MD302-S1NDE-SPM,531.MD302,,2026-05,2026-05-13,,,,,
2603,Vb-531.MD302-S2DE-SPM,531.MD302,,2026-05,2026-05-13,,,,,
2604,Vb-531.MD302-S2NDE-SPM,531.MD302,,2026-05,2026-05-13,,,,,
2605,Vb-532.BE220-MDE-SPM,532.BE220,,2025-04,2025-04-23,-5,-15,,,
2606,Vb-532.BE220-MNDE-SPM,532.BE220,,2025-04,2025-04-23,6,-13,,,
2607,Vb-532.BE220-S1-SPM,532.BE220,,2025-04,2025-04-23,20,-1,,,
2608,Vb-532.BE220-S2-SPM,532.BE220,,2025-04,2025-04-23,24,-2,,,
2609,Vb-532.BE220-S3-SPM,532.BE220,,2025-04,2025-04-23,62,26,,,
2610,Vb-532.BE220-MDE-SPM,532.BE220,,2025-06,2025-06-25,5,-15,,,
2611,Vb-532.BE220-MNDE-SPM,532.BE220,,2025-06,2025-06-25,7,-20,,,
2612,Vb-532.BE220-S1-SPM,532.BE220,,2025-06,2025-06-25,14,-4,,,
2613,Vb-532.BE220-S2-SPM,532.BE220,,2025-06,2025-06-25,17,-3,,,
2614,Vb-532.BE220-S3-SPM,532.BE220,,2025-06,2025-06-25,63,24,,,
2615,Vb-532.BE220-MDE-SPM,532.BE220,,2025-08,2025-08-26,2,-19,,,
2616,Vb-532.BE220-MNDE-SPM,532.BE220,,2025-08,2025-08-26,11,-25,,,
2617,Vb-532.BE220-S1-SPM,532.BE220,,2025-08,2025-08-26,6,-7,,,
2618,Vb-532.BE220-S2-SPM,532.BE220,,2025-08,2025-08-26,11,-5,,,
2619,Vb-532.BE220-S3-SPM,532.BE220,,2025-08,2025-08-26,59,27,,,
2620,,532.BE220,Shaft 1 inboard  DE,2026-04,2026-04-23,,,,,
2621,,532.BE220,Shaft 2  inboard  DE,2026-04,2026-04-23,,,,,
2622,,532.BE220,Shaft 2  outboard NDE,2026-04,2026-04-23,,,,,
2623,,532.BE220,Bearing DE,2026-04,2026-04-23,,,,,
2624,,532.BE220,Bearing NDE,2026-04,2026-04-23,,,,,
2625,Vb-532.BE220-MDE-SPM,532.BE220,,2026-04,2026-04-23,,,,,
2626,Vb-532.BE220-MNDE-SPM,532.BE220,,2026-04,2026-04-23,,,,,
2627,,532.FN242,Motor NDE,2026-03,2026-03-17,,,,,
2628,,532.FN242,Motor DE,2026-03,2026-03-17,,,,,
2629,,532.FN242,Fan DE,2026-03,2026-03-17,,,,,
2630,,532.FN242,Fan NDE,2026-03,2026-03-17,,,,,
2631,,532.FN242,Motor NDE,2026-05,2026-05-13,,,,,
2632,,532.FN242,Motor DE,2026-05,2026-05-13,,,,,
2633,,532.FN242,Fan DE,2026-05,2026-05-13,,,,,
2634,,532.FN242,Fan NDE,2026-05,2026-05-13,,,,,
2635,Vb-532.FN380-FDE-SPM,532.FN380,,2025-01,2025-01-06,14,7,,,
2636,Vb-532.FN380-FNDE-SPM,532.FN380,,2025-01,2025-01-06,21,3,,,
2637,Vb-532.FN380-MDE-SPM,532.FN380,,2025-01,2025-01-06,5,-14,,,
2638,Vb-532.FN380-MNDE-SPM,532.FN380,,2025-01,2025-01-06,3,-25,,,
2639,Vb-532.FN380-FDE-SPM,532.FN380,,2025-05,2025-05-07,9,1,,,
2640,Vb-532.FN380-FNDE-SPM,532.FN380,,2025-05,2025-05-07,27,3,,,
2641,Vb-532.FN380-MDE-SPM,532.FN380,,2025-05,2025-05-07,22,-13,,,
2642,Vb-532.FN380-MNDE-SPM,532.FN380,,2025-05,2025-05-07,11,-21,,,
2643,Vb-532.FN380-FDE-SPM,532.FN380,,2025-07,2025-07-30,8,-1,,,
2644,Vb-532.FN380-FNDE-SPM,532.FN380,,2025-07,2025-07-30,6,-10,,,
2645,Vb-532.FN380-MDE-SPM,532.FN380,,2025-07,2025-07-30,10,-12,,,
2646,Vb-532.FN380-MNDE-SPM,532.FN380,,2025-07,2025-07-30,5,-20,,,
2647,Vb-532.FN380-FDE-SPM,532.FN380,,2025-08,2025-08-24,23,3,,,
2648,Vb-532.FN380-FNDE-SPM,532.FN380,,2025-08,2025-08-24,4,-3,,,
2649,Vb-532.FN380-MDE-SPM,532.FN380,,2025-08,2025-08-24,19,-11,,,
2650,Vb-532.FN380-MNDE-SPM,532.FN380,,2025-08,2025-08-24,12,-22,,,
2651,Vb-532.FN380-FDE-SPM,532.FN380,,2025-09,2025-09-28,13,-2,,,
2652,Vb-532.FN380-FNDE-SPM,532.FN380,,2025-09,2025-09-28,15,2,,,
2653,Vb-532.FN380-MDE-SPM,532.FN380,,2025-09,2025-09-28,1,-15,,,
2654,Vb-532.FN380-MNDE-SPM,532.FN380,,2025-09,2025-09-28,12,-27,,,
2655,,532.FN380,Fan NDE,2026-04,2026-04-27,,,,,
2656,Vb-532.FN380-FNDE-SPM,532.FN380,,2026-04,2026-04-27,,,,,
2657,Vb-532.FN380-MDE-SPM,532.FN380,,2026-04,2026-04-27,,,,,
2658,Vb-532.FN380-MNDE-SPM,532.FN380,,2026-04,2026-04-27,,,,,
2659,,532.FN380,Fan NDE,2026-05,2026-05-13,,,,,
2660,Vb-532.FN380-FNDE-SPM,532.FN380,,2026-05,2026-05-13,,,,,
2661,Vb-532.FN380-MDE-SPM,532.FN380,,2026-05,2026-05-13,,,,,
2662,Vb-532.FN380-MNDE-SPM,532.FN380,,2026-05,2026-05-13,,,,,
2663,Vb-532.FN530-FDE-SPM,532.FN530,,2025-01,2025-01-06,15,7,,,
2664,Vb-532.FN530-FNDE-SPM,532.FN530,,2025-01,2025-01-06,18,12,,,
2665,Vb-532.FN530-MDE-SPM,532.FN530,,2025-01,2025-01-06,19,-14,,,
2666,Vb-532.FN530-MNDE-SPM,532.FN530,,2025-01,2025-01-06,5,-13,,,
2667,Vb-532.FN530-FDE-SPM,532.FN530,,2025-05,2025-05-09,24,17,,,
2668,Vb-532.FN530-FNDE-SPM,532.FN530,,2025-05,2025-05-09,24,11,,,
2669,Vb-532.FN530-MDE-SPM,532.FN530,,2025-05,2025-05-09,-2,-10,,,
2670,Vb-532.FN530-MNDE-SPM,532.FN530,,2025-05,2025-05-09,19,-22,,,
2671,Vb-532.FN530-FDE-SPM,532.FN530,,2025-07,2025-07-30,19,11,,,
2672,Vb-532.FN530-FNDE-SPM,532.FN530,,2025-07,2025-07-30,23,11,,,
2673,Vb-532.FN530-MDE-SPM,532.FN530,,2025-07,2025-07-30,-3,-11,,,
2674,Vb-532.FN530-MNDE-SPM,532.FN530,,2025-07,2025-07-30,28,-7,,,
2675,Vb-532.FN530-FDE-SPM,532.FN530,,2025-08,2025-08-26,21,12,,,
2676,Vb-532.FN530-FNDE-SPM,532.FN530,,2025-08,2025-08-26,26,11,,,
2677,Vb-532.FN530-MDE-SPM,532.FN530,,2025-08,2025-08-26,19,-10,,,
2678,Vb-532.FN530-MNDE-SPM,532.FN530,,2025-08,2025-08-26,6,-21,,,
2679,Vb-532.FN530-FDE-SPM,532.FN530,,2025-09,2025-09-28,-3,-13,,,
2680,Vb-532.FN530-FNDE-SPM,532.FN530,,2025-09,2025-09-28,29,9,,,
2681,Vb-532.FN530-MDE-SPM,532.FN530,,2025-09,2025-09-28,-4,-11,,,
2682,Vb-532.FN530-MNDE-SPM,532.FN530,,2025-09,2025-09-28,6,-25,,,
2683,,532.FN530,Fan NDE,2026-04,2026-04-23,,,,,
2684,Vb-532.FN530-FNDE-SPM,532.FN530,,2026-04,2026-04-23,,,,,
2685,Vb-532.FN530-MDE-SPM,532.FN530,,2026-04,2026-04-23,,,,,
2686,Vb-532.FN530-MNDE-SPM,532.FN530,,2026-04,2026-04-23,,,,,
2687,,532.FN530,Fan NDE,2026-05,2026-05-13,,,,,
2688,Vb-532.FN530-FNDE-SPM,532.FN530,,2026-05,2026-05-13,,,,,
2689,Vb-532.FN530-MDE-SPM,532.FN530,,2026-05,2026-05-13,,,,,
2690,Vb-532.FN530-MNDE-SPM,532.FN530,,2026-05,2026-05-13,,,,,
2691,Vb-532.MD140-MDE-SPM,532.MD140,,2025-01,2025-01-06,19,6,,,
2692,Vb-532.MD140-MNDE-SPM,532.MD140,,2025-01,2025-01-06,20,6,,,
2693,Vb-532.MD140-S1DE-SPM,532.MD140,,2025-01,2025-01-06,13,-9,,,
2694,Vb-532.MD140-S1NDE-SPM,532.MD140,,2025-01,2025-01-06,18,-5,,,
2695,Vb-532.MD140-S2DE-SPM,532.MD140,,2025-01,2025-01-06,16,-4,,,
2696,Vb-532.MD140-S2NDE-SPM,532.MD140,,2025-01,2025-01-06,21,-1,,,
2697,Vb-532.MD140-S3DE-SPM,532.MD140,,2025-01,2025-01-06,33,-4,,,
2698,Vb-532.MD140-S3NDE-SPM,532.MD140,,2025-01,2025-01-06,35,-4,,,
2699,Vb-532.MD140-S4DE-SPM,532.MD140,,2025-01,2025-01-06,35,-1,,,
2700,Vb-532.MD140-S4NDE-SPM,532.MD140,,2025-01,2025-01-06,32,1,,,
2701,Vb-532.MD140-MDE-SPM,532.MD140,,2025-05,2025-05-20,17,9,,,
2702,Vb-532.MD140-MNDE-SPM,532.MD140,,2025-05,2025-05-20,13,7,,,
2703,Vb-532.MD140-S1DE-SPM,532.MD140,,2025-05,2025-05-20,10,-9,,,
2704,Vb-532.MD140-S1NDE-SPM,532.MD140,,2025-05,2025-05-20,16,-7,,,
2705,Vb-532.MD140-S2DE-SPM,532.MD140,,2025-05,2025-05-20,18,-6,,,
2706,Vb-532.MD140-S2NDE-SPM,532.MD140,,2025-05,2025-05-20,16,0,,,
2707,Vb-532.MD140-S3DE-SPM,532.MD140,,2025-05,2025-05-20,30,-3,,,
2708,Vb-532.MD140-S3NDE-SPM,532.MD140,,2025-05,2025-05-20,34,-5,,,
2709,Vb-532.MD140-S4DE-SPM,532.MD140,,2025-05,2025-05-20,28,-2,,,
2710,Vb-532.MD140-S4NDE-SPM,532.MD140,,2025-05,2025-05-20,29,2,,,
2711,Vb-532.MD140-MDE-SPM,532.MD140,,2025-07,2025-07-30,19,7,,,
2712,Vb-532.MD140-MNDE-SPM,532.MD140,,2025-07,2025-07-30,14,9,,,
2713,Vb-532.MD140-S1DE-SPM,532.MD140,,2025-07,2025-07-30,17,-7,,,
2714,Vb-532.MD140-S1NDE-SPM,532.MD140,,2025-07,2025-07-30,2,-10,,,
2715,Vb-532.MD140-S2DE-SPM,532.MD140,,2025-07,2025-07-30,22,-3,,,
2716,Vb-532.MD140-S2NDE-SPM,532.MD140,,2025-07,2025-07-30,16,-24,,,
2717,Vb-532.MD140-S3DE-SPM,532.MD140,,2025-07,2025-07-30,34,-2,,,
2718,Vb-532.MD140-S3NDE-SPM,532.MD140,,2025-07,2025-07-30,36,-3,,,
2719,Vb-532.MD140-S4DE-SPM,532.MD140,,2025-07,2025-07-30,41,-3,,,
2720,Vb-532.MD140-S4NDE-SPM,532.MD140,,2025-07,2025-07-30,25,-2,,,
2721,Vb-532.MD140-MDE-SPM,532.MD140,,2025-08,2025-08-24,11,2,,,
2722,Vb-532.MD140-MNDE-SPM,532.MD140,,2025-08,2025-08-24,17,11,,,
2723,Vb-532.MD140-S1DE-SPM,532.MD140,,2025-08,2025-08-24,7,-9,,,
2724,Vb-532.MD140-S1NDE-SPM,532.MD140,,2025-08,2025-08-24,22,-8,,,
2725,Vb-532.MD140-S2DE-SPM,532.MD140,,2025-08,2025-08-24,18,0,,,
2726,Vb-532.MD140-S2NDE-SPM,532.MD140,,2025-08,2025-08-24,13,2,,,
2727,Vb-532.MD140-S3DE-SPM,532.MD140,,2025-08,2025-08-24,33,-1,,,
2728,Vb-532.MD140-S3NDE-SPM,532.MD140,,2025-08,2025-08-24,38,0,,,
2729,Vb-532.MD140-S4NDE-SPM,532.MD140,,2025-08,2025-08-24,25,2,,,
2730,Vb-532.MD140-MDE-SPM,532.MD140,,2025-09,2025-09-28,1,-14,,,
2731,Vb-532.MD140-MNDE-SPM,532.MD140,,2025-09,2025-09-28,12,7,,,
2732,Vb-532.MD140-S1DE-SPM,532.MD140,,2025-09,2025-09-28,12,-11,,,
2733,Vb-532.MD140-S1NDE-SPM,532.MD140,,2025-09,2025-09-28,9,-11,,,
2734,Vb-532.MD140-S2DE-SPM,532.MD140,,2025-09,2025-09-28,11,-10,,,
2735,Vb-532.MD140-S2NDE-SPM,532.MD140,,2025-09,2025-09-28,25,-1,,,
2736,Vb-532.MD140-S3DE-SPM,532.MD140,,2025-09,2025-09-28,40,-7,,,
2737,Vb-532.MD140-S3NDE-SPM,532.MD140,,2025-09,2025-09-28,36,-4,,,
2738,Vb-532.MD140-S4DE-SPM,532.MD140,,2025-09,2025-09-28,28,-6,,,
2739,Vb-532.MD140-S4NDE-SPM,532.MD140,,2025-09,2025-09-28,31,1,,,
2740,Vb-532.MD140-MDE-SPM,532.MD140,,2026-04,2026-04-23,,,,,
2741,Vb-532.MD140-MNDE-SPM,532.MD140,,2026-04,2026-04-23,,,,,
2742,Vb-532.MD140-S1DE-SPM,532.MD140,,2026-04,2026-04-23,,,,,
2743,Vb-532.MD140-S1NDE-SPM,532.MD140,,2026-04,2026-04-23,,,,,
2744,Vb-532.MD140-S2DE-SPM,532.MD140,,2026-04,2026-04-23,,,,,
2745,Vb-532.MD140-S2NDE-SPM,532.MD140,,2026-04,2026-04-23,,,,,
2746,Vb-532.MD140-S3DE-SPM,532.MD140,,2026-04,2026-04-23,,,,,
2747,Vb-532.MD140-S3NDE-SPM,532.MD140,,2026-04,2026-04-23,,,,,
2748,Vb-532.MD140-S4DE-SPM,532.MD140,,2026-04,2026-04-23,,,,,
2749,Vb-532.MD140-S4NDE-SPM,532.MD140,,2026-04,2026-04-23,,,,,
2750,Vb-532.MD140-MDE-SPM,532.MD140,,2026-05,2026-05-13,,,,,
2751,Vb-532.MD140-S1DE-SPM,532.MD140,,2026-05,2026-05-13,,,,,
2752,Vb-532.MD140-S1NDE-SPM,532.MD140,,2026-05,2026-05-13,,,,,
2753,Vb-532.MD140-S2NDE-SPM,532.MD140,,2026-05,2026-05-13,,,,,
2754,Vb-532.MD140-S3NDE-SPM,532.MD140,,2026-05,2026-05-13,,,,,
2755,Vb-532.MD140-S4NDE-SPM,532.MD140,,2026-05,2026-05-13,,,,,
2756,Vb-532.MD140-MDE-SPM,532.MD140,,2026-06,2026-06-09,,,,,
2757,Vb-532.MD140-MNDE-SPM,532.MD140,,2026-06,2026-06-09,,,,,
2758,Vb-532.MD140-S1DE-SPM,532.MD140,,2026-06,2026-06-09,,,,,
2759,Vb-532.MD140-S1NDE-SPM,532.MD140,,2026-06,2026-06-09,,,,,
2760,Vb-532.MD140-S2NDE-SPM,532.MD140,,2026-06,2026-06-09,,,,,
2761,Vb-532.MD140-S3NDE-SPM,532.MD140,,2026-06,2026-06-09,,,,,
2762,Vb-532.MD140-S4NDE-SPM,532.MD140,,2026-06,2026-06-09,,,,,
2763,Vb-532.MD302-MDE-SPM,532.MD302,,2025-04,2025-04-23,20,13,,,
2764,Vb-532.MD302-MNDE-SPM,532.MD302,,2025-04,2025-04-23,22,11,,,
2765,Vb-532.MD302-S1DE-SPM,532.MD302,,2025-04,2025-04-23,10,-3,,,
2766,Vb-532.MD302-S1NDE-SPM,532.MD302,,2025-04,2025-04-23,8,-3,,,
2767,Vb-532.MD302-S2DE-SPM,532.MD302,,2025-04,2025-04-23,13,-1,,,
2768,Vb-532.MD302-S2NDE-SPM,532.MD302,,2025-04,2025-04-23,27,-3,,,
2769,Vb-532.MD302-MDE-SPM,532.MD302,,2025-06,2025-06-25,17,10,,,
2770,Vb-532.MD302-MNDE-SPM,532.MD302,,2025-06,2025-06-25,22,15,,,
2771,Vb-532.MD302-S1DE-SPM,532.MD302,,2025-06,2025-06-25,13,-5,,,
2772,Vb-532.MD302-S1NDE-SPM,532.MD302,,2025-06,2025-06-25,6,-1,,,
2773,Vb-532.MD302-S2DE-SPM,532.MD302,,2025-06,2025-06-25,3,-6,,,
2774,Vb-532.MD302-S2NDE-SPM,532.MD302,,2025-06,2025-06-25,8,-4,,,
2775,Vb-532.MD302-MDE-SPM,532.MD302,,2025-08,2025-08-26,19,7,,,
2776,Vb-532.MD302-MNDE-SPM,532.MD302,,2025-08,2025-08-26,25,16,,,
2777,Vb-532.MD302-S1DE-SPM,532.MD302,,2025-08,2025-08-26,12,-4,,,
2778,Vb-532.MD302-S1NDE-SPM,532.MD302,,2025-08,2025-08-26,9,-4,,,
2779,Vb-532.MD302-S2DE-SPM,532.MD302,,2025-08,2025-08-26,11,-9,,,
2780,Vb-532.MD302-S2NDE-SPM,532.MD302,,2025-08,2025-08-26,23,-4,,,
2781,Vb-532.MD302-MDE-SPM,532.MD302,,2026-04,2026-04-23,,,,,
2782,Vb-532.MD302-MNDE-SPM,532.MD302,,2026-04,2026-04-23,,,,,
2783,Vb-532.MD302-S1DE-SPM,532.MD302,,2026-04,2026-04-23,,,,,
2784,Vb-532.MD302-S1NDE-SPM,532.MD302,,2026-04,2026-04-23,,,,,
2785,Vb-532.MD302-S2DE-SPM,532.MD302,,2026-04,2026-04-23,,,,,
2786,Vb-532.MD302-S2NDE-SPM,532.MD302,,2026-04,2026-04-23,,,,,
2787,Vb-532.MD302-MDE-SPM,532.MD302,,2026-05,2026-05-13,,,,,
2788,Vb-532.MD302-MNDE-SPM,532.MD302,,2026-05,2026-05-13,,,,,
2789,Vb-532.MD302-S1DE-SPM,532.MD302,,2026-05,2026-05-13,,,,,
2790,Vb-532.MD302-S1NDE-SPM,532.MD302,,2026-05,2026-05-13,,,,,
2791,Vb-532.MD302-S2DE-SPM,532.MD302,,2026-05,2026-05-13,,,,,
2792,Vb-532.MD302-S2NDE-SPM,532.MD302,,2026-05,2026-05-13,,,,,
2793,Vb-533.BE220-MDE-SPM,533.BE220,,2025-04,2025-04-29,7,-2,,,
2794,Vb-533.BE220-MNDE-SPM,533.BE220,,2025-04,2025-04-29,-6,-15,,,
2795,Vb-533.BE220-S1-SPM,533.BE220,,2025-04,2025-04-29,9,-3,,,
2796,Vb-533.BE220-S2-SPM,533.BE220,,2025-04,2025-04-29,16,2,,,
2797,Vb-533.BE220-S3-SPM,533.BE220,,2025-04,2025-04-29,59,26,,,
2798,Vb-533.BE220-MDE-SPM,533.BE220,,2025-06,2025-06-30,5,-9,,,
2799,Vb-533.BE220-MNDE-SPM,533.BE220,,2025-06,2025-06-30,9,-24,,,
2800,Vb-533.BE220-S1-SPM,533.BE220,,2025-06,2025-06-30,8,-9,,,
2801,Vb-533.BE220-S2-SPM,533.BE220,,2025-06,2025-06-30,13,2,,,
2802,Vb-533.BE220-S3-SPM,533.BE220,,2025-06,2025-06-30,54,32,,,
2803,Vb-533.BE220-MDE-SPM,533.BE220,,2025-08,2025-08-28,-1,-16,,,
2804,Vb-533.BE220-MNDE-SPM,533.BE220,,2025-08,2025-08-28,3,-21,,,
2805,Vb-533.BE220-S1-SPM,533.BE220,,2025-08,2025-08-28,3,-11,,,
2806,Vb-533.BE220-S2-SPM,533.BE220,,2025-08,2025-08-28,11,1,,,
2807,Vb-533.BE220-S3-SPM,533.BE220,,2025-08,2025-08-28,46,23,,,
2808,,533.BE220,Shaft 1 inboard  DE,2026-04,2026-04-22,,,,,
2809,,533.BE220,Shaft 2  inboard  DE,2026-04,2026-04-22,,,,,
2810,Vb-533.BE220-MDE-SPM,533.BE220,,2026-04,2026-04-22,,,,,
2811,Vb-533.BE220-MNDE-SPM,533.BE220,,2026-04,2026-04-22,,,,,
2812,,533.BE220,Shaft 1 inboard  DE,2026-05,2026-05-11,,,,,
2813,,533.BE220,Shaft 2  inboard  DE,2026-05,2026-05-11,,,,,
2814,,533.BE220,Shaft 2  outboard NDE,2026-05,2026-05-11,,,,,
2815,,533.BE220,Bearing DE,2026-05,2026-05-11,,,,,
2816,,533.BE220,Bearing NDE,2026-05,2026-05-11,,,,,
2817,Vb-533.BE220-MDE-SPM,533.BE220,,2026-05,2026-05-11,,,,,
2818,Vb-533.BE220-MNDE-SPM,533.BE220,,2026-05,2026-05-11,,,,,
2819,Vb-533.FN350-FDE-SPM,533.FN350,,2025-01,2025-01-10,13,5,,,
2820,Vb-533.FN350-FNDE-SPM,533.FN350,,2025-01,2025-01-10,22,16,,,
2821,Vb-533.FN350-MDE-SPM,533.FN350,,2025-01,2025-01-10,7,-15,,,
2822,Vb-533.FN350-MNDE-SPM,533.FN350,,2025-01,2025-01-10,4,-23,,,
2823,Vb-533.FN350-FDE-SPM,533.FN350,,2025-05,2025-05-08,22,12,2025-05-13,18,9
2824,Vb-533.FN350-FNDE-SPM,533.FN350,,2025-05,2025-05-08,16,8,2025-05-13,22,14
2825,Vb-533.FN350-MDE-SPM,533.FN350,,2025-05,2025-05-08,-3,-16,2025-05-13,7,-15
2826,Vb-533.FN350-MNDE-SPM,533.FN350,,2025-05,2025-05-08,8,-18,2025-05-13,-8,-27
2827,Vb-533.FN350-FDE-SPM,533.FN350,,2025-10,2025-10-01,13,6,,,
2828,Vb-533.FN350-FNDE-SPM,533.FN350,,2025-10,2025-10-01,32,12,,,
2829,Vb-533.FN350-MDE-SPM,533.FN350,,2025-10,2025-10-01,9,-15,,,
2830,Vb-533.FN350-MNDE-SPM,533.FN350,,2025-10,2025-10-01,6,-21,,,
2831,,533.FN350,Fan NDE,2026-04,2026-04-22,,,,,
2832,Vb-533.FN350-FNDE-SPM,533.FN350,,2026-04,2026-04-22,,,,,
2833,Vb-533.FN350-MDE-SPM,533.FN350,,2026-04,2026-04-22,,,,,
2834,Vb-533.FN350-MNDE-SPM,533.FN350,,2026-04,2026-04-22,,,,,
2835,,533.FN350,Fan NDE,2026-05,2026-05-11,,,,,
2836,Vb-533.FN350-FNDE-SPM,533.FN350,,2026-05,2026-05-11,,,,,
2837,Vb-533.FN350-MDE-SPM,533.FN350,,2026-05,2026-05-11,,,,,
2838,Vb-533.FN350-MNDE-SPM,533.FN350,,2026-05,2026-05-11,,,,,
2839,,533.FN364,Motor NDE,2026-04,2026-04-22,,,,,
2840,,533.FN364,Motor DE,2026-04,2026-04-22,,,,,
2841,,533.FN364,Fan DE,2026-04,2026-04-22,,,,,
2842,,533.FN364,Fan NDE,2026-04,2026-04-22,,,,,
2843,,533.FN364,Motor NDE,2026-05,2026-05-11,,,,,
2844,,533.FN364,Motor DE,2026-05,2026-05-11,,,,,
2845,,533.FN364,Fan DE,2026-05,2026-05-11,,,,,
2846,,533.FN364,Fan NDE,2026-05,2026-05-11,,,,,
2847,Vb-533.FN530-FDE-SPM,533.FN530,,2025-01,2025-01-10,8,2,,,
2848,Vb-533.FN530-FNDE-SPM,533.FN530,,2025-01,2025-01-10,6,-8,,,
2849,Vb-533.FN530-MDE-SPM,533.FN530,,2025-01,2025-01-10,13,2,,,
2850,Vb-533.FN530-MNDE-SPM,533.FN530,,2025-01,2025-01-10,6,-6,,,
2851,Vb-533.FN530-FDE-SPM,533.FN530,,2025-05,2025-05-13,12,3,,,
2852,Vb-533.FN530-FNDE-SPM,533.FN530,,2025-05,2025-05-13,16,10,,,
2853,Vb-533.FN530-MDE-SPM,533.FN530,,2025-05,2025-05-13,6,-1,,,
2854,Vb-533.FN530-MNDE-SPM,533.FN530,,2025-05,2025-05-13,4,-21,,,
2855,Vb-533.FN530-FDE-SPM,533.FN530,,2025-07,2025-07-30,13,5,,,
2856,Vb-533.FN530-FNDE-SPM,533.FN530,,2025-07,2025-07-30,17,6,,,
2857,Vb-533.FN530-MDE-SPM,533.FN530,,2025-07,2025-07-30,5,-2,,,
2858,Vb-533.FN530-MNDE-SPM,533.FN530,,2025-07,2025-07-30,6,-21,,,
2859,Vb-533.FN530-FDE-SPM,533.FN530,,2025-09,2025-09-18,23,5,,,
2860,Vb-533.FN530-FNDE-SPM,533.FN530,,2025-09,2025-09-18,28,19,,,
2861,Vb-533.FN530-MDE-SPM,533.FN530,,2025-09,2025-09-18,1,-10,,,
2862,Vb-533.FN530-MNDE-SPM,533.FN530,,2025-09,2025-09-18,2,-16,,,
2863,,533.FN530,Fan NDE,2026-04,2026-04-22,,,,,
2864,Vb-533.FN530-FNDE-SPM,533.FN530,,2026-04,2026-04-22,,,,,
2865,Vb-533.FN530-MDE-SPM,533.FN530,,2026-04,2026-04-22,,,,,
2866,Vb-533.FN530-MNDE-SPM,533.FN530,,2026-04,2026-04-22,,,,,
2867,Vb-533.MD140-MDE-SPM,533.MD140,,2025-05,2025-05-08,15,6,2025-05-13,18,5
2868,Vb-533.MD140-MNDE-SPM,533.MD140,,2025-05,2025-05-08,15,6,2025-05-13,13,5
2869,Vb-533.MD140-S1DE-SPM,533.MD140,,2025-05,2025-05-08,21,2,2025-05-13,14,-3
2870,Vb-533.MD140-S1NDE-SPM,533.MD140,,2025-05,2025-05-08,35,18,2025-05-13,30,1
2871,Vb-533.MD140-S2DE-SPM,533.MD140,,2025-05,2025-05-08,27,8,2025-05-13,22,3
2872,Vb-533.MD140-S2NDE-SPM,533.MD140,,2025-05,2025-05-08,38,16,2025-05-13,32,12
2873,Vb-533.MD140-S3DE-SPM,533.MD140,,2025-05,2025-05-08,33,6,2025-05-13,37,-2
2874,Vb-533.MD140-S3NDE-SPM,533.MD140,,2025-05,2025-05-08,44,18,2025-05-13,34,7
2875,Vb-533.MD140-S4DE-SPM,533.MD140,,2025-05,2025-05-08,41,13,2025-05-13,28,1
2876,Vb-533.MD140-S4NDE-SPM,533.MD140,,2025-05,2025-05-08,46,22,2025-05-13,39,7
2877,Vb-533.MD140-MDE-SPM,533.MD140,,2025-09,2025-09-18,12,5,,,
2878,Vb-533.MD140-S1DE-SPM,533.MD140,,2025-09,2025-09-18,2,-4,,,
2879,Vb-533.MD140-S1NDE-SPM,533.MD140,,2025-09,2025-09-18,25,-4,,,
2880,Vb-533.MD140-S2DE-SPM,533.MD140,,2025-09,2025-09-18,26,-30,,,
2881,Vb-533.MD140-S2NDE-SPM,533.MD140,,2025-09,2025-09-18,22,3,,,
2882,Vb-533.MD140-S3DE-SPM,533.MD140,,2025-09,2025-09-18,38,-2,,,
2883,Vb-533.MD140-S3NDE-SPM,533.MD140,,2025-09,2025-09-18,38,1,,,
2884,Vb-533.MD140-S4DE-SPM,533.MD140,,2025-09,2025-09-18,29,3,,,
2885,Vb-533.MD140-S4NDE-SPM,533.MD140,,2025-09,2025-09-18,30,0,,,
2886,Vb-533.MD140-MNDE-SPM,533.MD140,,2025-10,2025-10-01,28,6,,,
2887,Vb-533.MD140-MDE-SPM,533.MD140,,2026-04,2026-04-22,,,,,
2888,Vb-533.MD140-MNDE-SPM,533.MD140,,2026-04,2026-04-22,,,,,
2889,Vb-533.MD140-S1DE-SPM,533.MD140,,2026-04,2026-04-22,,,,,
2890,Vb-533.MD140-S1NDE-SPM,533.MD140,,2026-04,2026-04-22,,,,,
2891,Vb-533.MD140-S2DE-SPM,533.MD140,,2026-04,2026-04-22,,,,,
2892,Vb-533.MD140-S2NDE-SPM,533.MD140,,2026-04,2026-04-22,,,,,
2893,Vb-533.MD140-S3DE-SPM,533.MD140,,2026-04,2026-04-22,,,,,
2894,Vb-533.MD140-S3NDE-SPM,533.MD140,,2026-04,2026-04-22,,,,,
2895,Vb-533.MD140-S4DE-SPM,533.MD140,,2026-04,2026-04-22,,,,,
2896,Vb-533.MD140-S4NDE-SPM,533.MD140,,2026-04,2026-04-22,,,,,
2897,Vb-533.MD140-MDE-SPM,533.MD140,,2026-05,2026-05-11,,,,,
2898,Vb-533.MD140-MNDE-SPM,533.MD140,,2026-05,2026-05-11,,,,,
2899,Vb-533.MD140-S1DE-SPM,533.MD140,,2026-05,2026-05-11,,,,,
2900,Vb-533.MD140-S1NDE-SPM,533.MD140,,2026-05,2026-05-11,,,,,
2901,Vb-533.MD140-S2DE-SPM,533.MD140,,2026-05,2026-05-11,,,,,
2902,Vb-533.MD140-S2NDE-SPM,533.MD140,,2026-05,2026-05-11,,,,,
2903,Vb-533.MD140-S3DE-SPM,533.MD140,,2026-05,2026-05-11,,,,,
2904,Vb-533.MD140-S3NDE-SPM,533.MD140,,2026-05,2026-05-11,,,,,
2905,Vb-533.MD140-S4DE-SPM,533.MD140,,2026-05,2026-05-11,,,,,
2906,Vb-533.MD140-S4NDE-SPM,533.MD140,,2026-05,2026-05-11,,,,,
2907,,533.MD302,Motor DE,2025-01,2025-01-10,4,-3,,,
2908,,533.MD302,Motor NDE,2025-01,2025-01-10,12,1,,,
2909,,533.MD302,Shaft 1 inboard DE,2025-01,2025-01-10,17,9,,,
2910,,533.MD302,Shaft 1 Outboard NDE,2025-01,2025-01-10,15,6,,,
2911,,533.MD302,Shaft 2 inboard DE,2025-01,2025-01-10,28,13,,,
2912,,533.MD302,Shaft 2 outboard NDE,2025-01,2025-01-10,27,12,,,
2913,,533.MD302,Motor DE,2025-04,2025-04-29,13,-5,,,
2914,,533.MD302,Motor NDE,2025-04,2025-04-29,15,-4,,,
2915,,533.MD302,Shaft 1 inboard DE,2025-04,2025-04-29,16,5,,,
2916,,533.MD302,Shaft 1 Outboard NDE,2025-04,2025-04-29,18,5,,,
2917,,533.MD302,Shaft 2 inboard DE,2025-04,2025-04-29,32,11,,,
2918,,533.MD302,Shaft 2 outboard NDE,2025-04,2025-04-29,30,11,,,
2919,,533.MD302,Motor DE,2025-06,2025-06-30,3,-7,,,
2920,,533.MD302,Motor NDE,2025-06,2025-06-30,15,8,,,
2921,,533.MD302,Shaft 1 inboard DE,2025-06,2025-06-30,11,2,,,
2922,,533.MD302,Shaft 1 Outboard NDE,2025-06,2025-06-30,8,-4,,,
2923,,533.MD302,Shaft 2 inboard DE,2025-06,2025-06-30,24,6,,,
2924,,533.MD302,Shaft 2 outboard NDE,2025-06,2025-06-30,27,9,,,
2925,,533.MD302,Motor DE,2025-08,2025-08-28,5,-4,,,
2926,,533.MD302,Motor NDE,2025-08,2025-08-28,10,0,,,
2927,,533.MD302,Shaft 1 inboard DE,2025-08,2025-08-28,11,3,,,
2928,,533.MD302,Shaft 1 Outboard NDE,2025-08,2025-08-28,13,2,,,
2929,,533.MD302,Shaft 2 inboard DE,2025-08,2025-08-28,34,11,,,
2930,,533.MD302,Shaft 2 outboard NDE,2025-08,2025-08-28,22,13,,,
2931,,533.MD302,Motor NDE,2026-04,2026-04-22,,,,,
2932,,533.MD302,Motor DE,2026-04,2026-04-22,,,,,
2933,,533.MD302,Shaft 1 inboard  DE,2026-04,2026-04-22,,,,,
2934,,533.MD302,Shaft 1 Outboard NDE,2026-04,2026-04-22,,,,,
2935,,533.MD302,Shaft 2  inboard  DE,2026-04,2026-04-22,,,,,
2936,,533.MD302,Shaft 2  outboard NDE,2026-04,2026-04-22,,,,,
2937,,533.MD302,Motor NDE,2026-05,2026-05-11,,,,,
2938,,533.MD302,Motor DE,2026-05,2026-05-11,,,,,
2939,,533.MD302,Shaft 1 inboard  DE,2026-05,2026-05-11,,,,,
2940,,533.MD302,Shaft 1 Outboard NDE,2026-05,2026-05-11,,,,,
2941,,533.MD302,Shaft 2  inboard  DE,2026-05,2026-05-11,,,,,
2942,,533.MD302,Shaft 2  outboard NDE,2026-05,2026-05-11,,,,,
2943,,533.MD302,Shaft 3  inboard  DE,2026-05,2026-05-11,,,,,
2944,,533.MD302,Shaft 3  outboard NDE,2026-05,2026-05-11,,,,,
2945,Vb-534.BE220-MDE-SPM,534.BE220,,2025-04,2025-04-28,7,-9,,,
2946,Vb-534.BE220-MNDE-SPM,534.BE220,,2025-04,2025-04-28,-7,-22,,,
2947,Vb-534.BE220-S1-SPM,534.BE220,,2025-04,2025-04-28,1,-6,,,
2948,Vb-534.BE220-S2-SPM,534.BE220,,2025-04,2025-04-28,8,-1,,,
2949,Vb-534.BE220-S3-SPM,534.BE220,,2025-04,2025-04-28,48,24,,,
2950,Vb-534.BE220-MDE-SPM,534.BE220,,2025-07,2025-07-01,-3,-13,,,
2951,Vb-534.BE220-MNDE-SPM,534.BE220,,2025-07,2025-07-01,10,-13,,,
2952,Vb-534.BE220-S1-SPM,534.BE220,,2025-07,2025-07-01,4,-4,,,
2953,Vb-534.BE220-S2-SPM,534.BE220,,2025-07,2025-07-01,11,1,,,
2954,Vb-534.BE220-S3-SPM,534.BE220,,2025-07,2025-07-01,51,29,,,
2955,Vb-534.BE220-MDE-SPM,534.BE220,,2025-08,2025-08-28,11,-2,,,
2956,Vb-534.BE220-MNDE-SPM,534.BE220,,2025-08,2025-08-28,3,-15,,,
2957,Vb-534.BE220-S1-SPM,534.BE220,,2025-08,2025-08-28,3,-3,,,
2958,Vb-534.BE220-S2-SPM,534.BE220,,2025-08,2025-08-28,12,3,,,
2959,Vb-534.BE220-S3-SPM,534.BE220,,2025-08,2025-08-28,48,24,,,
2960,,534.BE220,Shaft 1 inboard  DE,2026-04,2026-04-27,,,,,
2961,,534.BE220,Shaft 2  inboard  DE,2026-04,2026-04-27,,,,,
2962,Vb-534.BE220-MDE-SPM,534.BE220,,2026-04,2026-04-27,,,,,
2963,Vb-534.BE220-MNDE-SPM,534.BE220,,2026-04,2026-04-27,,,,,
2964,Vb-534.FN350-FDE-SPM,534.FN350,,2025-01,2025-01-07,31,18,2025-01-10,34,18
2965,Vb-534.FN350-FNDE-SPM,534.FN350,,2025-01,2025-01-10,22,-3,,,
2966,Vb-534.FN350-MDE-SPM,534.FN350,,2025-01,2025-01-07,21,2,2025-01-10,21,6
2967,Vb-534.FN350-MNDE-SPM,534.FN350,,2025-01,2025-01-07,23,4,2025-01-10,20,-5
2968,Vb-534.FN350-FDE-SPM,534.FN350,,2025-05,2025-05-13,33,13,,,
2969,Vb-534.FN350-FNDE-SPM,534.FN350,,2025-05,2025-05-13,25,0,,,
2970,Vb-534.FN350-MDE-SPM,534.FN350,,2025-05,2025-05-13,20,1,,,
2971,Vb-534.FN350-MNDE-SPM,534.FN350,,2025-05,2025-05-13,27,-3,,,
2972,Vb-534.FN350-FDE-SPM,534.FN350,,2025-07,2025-07-31,43,18,,,
2973,Vb-534.FN350-FNDE-SPM,534.FN350,,2025-07,2025-07-31,15,-4,,,
2974,Vb-534.FN350-MDE-SPM,534.FN350,,2025-07,2025-07-31,26,3,,,
2975,Vb-534.FN350-MNDE-SPM,534.FN350,,2025-07,2025-07-31,17,-3,,,
2976,Vb-534.FN350-FDE-SPM,534.FN350,,2025-10,2025-10-01,40,11,,,
2977,Vb-534.FN350-FNDE-SPM,534.FN350,,2025-10,2025-10-01,20,-3,,,
2978,Vb-534.FN350-MDE-SPM,534.FN350,,2025-10,2025-10-01,23,6,,,
2979,Vb-534.FN350-MNDE-SPM,534.FN350,,2025-10,2025-10-01,16,0,,,
2980,,534.FN350,Fan NDE,2026-04,2026-04-27,,,,,
2981,Vb-534.FN350-FNDE-SPM,534.FN350,,2026-04,2026-04-27,,,,,
2982,Vb-534.FN350-MDE-SPM,534.FN350,,2026-04,2026-04-27,,,,,
2983,Vb-534.FN350-MNDE-SPM,534.FN350,,2026-04,2026-04-27,,,,,
2984,,534.FN350,Fan NDE,2026-05,2026-05-13,,,,,
2985,Vb-534.FN350-FNDE-SPM,534.FN350,,2026-05,2026-05-13,,,,,
2986,Vb-534.FN350-MDE-SPM,534.FN350,,2026-05,2026-05-13,,,,,
2987,Vb-534.FN350-MNDE-SPM,534.FN350,,2026-05,2026-05-13,,,,,
2988,,534.FN364,Motor NDE,2026-04,2026-04-27,,,,,
2989,,534.FN364,Motor DE,2026-04,2026-04-27,,,,,
2990,,534.FN364,Fan DE,2026-04,2026-04-27,,,,,
2991,,534.FN364,Fan NDE,2026-04,2026-04-27,,,,,
2992,Vb-534.FN530-FDE-SPM,534.FN530,,2025-01,2025-01-10,15,6,,,
2993,Vb-534.FN530-FNDE-SPM,534.FN530,,2025-01,2025-01-10,21,6,,,
2994,Vb-534.FN530-MDE-SPM,534.FN530,,2025-01,2025-01-10,17,0,,,
2995,Vb-534.FN530-MNDE-SPM,534.FN530,,2025-01,2025-01-10,12,-11,,,
2996,Vb-534.FN530-FDE-SPM,534.FN530,,2025-05,2025-05-13,9,2,,,
2997,Vb-534.FN530-FNDE-SPM,534.FN530,,2025-05,2025-05-13,10,2,,,
2998,Vb-534.FN530-MDE-SPM,534.FN530,,2025-05,2025-05-13,8,-2,,,
2999,Vb-534.FN530-MNDE-SPM,534.FN530,,2025-05,2025-05-13,-10,-17,,,
3000,Vb-534.FN530-FDE-SPM,534.FN530,,2025-07,2025-07-30,8,3,,,
3001,Vb-534.FN530-FNDE-SPM,534.FN530,,2025-07,2025-07-30,18,10,,,
3002,Vb-534.FN530-MDE-SPM,534.FN530,,2025-07,2025-07-30,5,-3,,,
3003,Vb-534.FN530-MNDE-SPM,534.FN530,,2025-07,2025-07-30,31,-9,,,
3004,Vb-534.FN530-FDE-SPM,534.FN530,,2025-09,2025-09-29,6,-1,,,
3005,Vb-534.FN530-FNDE-SPM,534.FN530,,2025-09,2025-09-29,7,-8,,,
3006,Vb-534.FN530-MDE-SPM,534.FN530,,2025-09,2025-09-29,19,-9,,,
3007,Vb-534.FN530-MNDE-SPM,534.FN530,,2025-09,2025-09-29,6,-15,,,
3008,,534.FN530,Fan NDE,2026-04,2026-04-27,,,,,
3009,Vb-534.FN530-FNDE-SPM,534.FN530,,2026-04,2026-04-27,,,,,
3010,Vb-534.FN530-MDE-SPM,534.FN530,,2026-04,2026-04-27,,,,,
3011,Vb-534.FN530-MNDE-SPM,534.FN530,,2026-04,2026-04-27,,,,,
3012,,534.FN530,Fan NDE,2026-05,2026-05-13,,,,,
3013,Vb-534.FN530-FNDE-SPM,534.FN530,,2026-05,2026-05-13,,,,,
3014,Vb-534.FN530-MDE-SPM,534.FN530,,2026-05,2026-05-13,,,,,
3015,Vb-534.FN530-MNDE-SPM,534.FN530,,2026-05,2026-05-13,,,,,
3016,Vb-534.MD140-MDE-SPM,534.MD140,,2025-05,2025-05-13,15,3,,,
3017,Vb-534.MD140-MNDE-SPM,534.MD140,,2025-05,2025-05-13,19,8,,,
3018,Vb-534.MD140-S1DE-SPM,534.MD140,,2025-05,2025-05-13,11,-12,,,
3019,Vb-534.MD140-S1NDE-SPM,534.MD140,,2025-05,2025-05-13,4,-13,,,
3020,Vb-534.MD140-S2DE-SPM,534.MD140,,2025-05,2025-05-13,6,-5,,,
3021,Vb-534.MD140-S2NDE-SPM,534.MD140,,2025-05,2025-05-13,12,-7,,,
3022,Vb-534.MD140-S3DE-SPM,534.MD140,,2025-05,2025-05-13,25,-5,,,
3023,Vb-534.MD140-S3NDE-SPM,534.MD140,,2025-05,2025-05-13,31,-7,,,
3024,Vb-534.MD140-S4DE-SPM,534.MD140,,2025-05,2025-05-13,35,-1,,,
3025,Vb-534.MD140-S4NDE-SPM,534.MD140,,2025-05,2025-05-13,34,0,,,
3026,Vb-534.MD140-MDE-SPM,534.MD140,,2025-07,2025-07-31,8,1,,,
3027,Vb-534.MD140-MNDE-SPM,534.MD140,,2025-07,2025-07-31,13,6,,,
3028,Vb-534.MD140-S1DE-SPM,534.MD140,,2025-07,2025-07-31,4,-16,,,
3029,Vb-534.MD140-S1NDE-SPM,534.MD140,,2025-07,2025-07-31,2,-11,,,
3030,Vb-534.MD140-S2DE-SPM,534.MD140,,2025-07,2025-07-31,24,-3,,,
3031,Vb-534.MD140-S2NDE-SPM,534.MD140,,2025-07,2025-07-31,20,-8,,,
3032,Vb-534.MD140-S3DE-SPM,534.MD140,,2025-07,2025-07-31,25,-4,,,
3033,Vb-534.MD140-S3NDE-SPM,534.MD140,,2025-07,2025-07-31,42,-5,,,
3034,Vb-534.MD140-S4DE-SPM,534.MD140,,2025-07,2025-07-31,25,0,,,
3035,Vb-534.MD140-S4NDE-SPM,534.MD140,,2025-07,2025-07-31,24,-2,,,
3036,Vb-534.MD140-MDE-SPM,534.MD140,,2025-10,2025-10-01,10,-2,,,
3037,Vb-534.MD140-MNDE-SPM,534.MD140,,2025-10,2025-10-01,11,4,,,
3038,Vb-534.MD140-S1DE-SPM,534.MD140,,2025-10,2025-10-01,15,-16,,,
3039,Vb-534.MD140-S1NDE-SPM,534.MD140,,2025-10,2025-10-01,7,-15,,,
3040,Vb-534.MD140-S2DE-SPM,534.MD140,,2025-10,2025-10-01,32,-10,,,
3041,Vb-534.MD140-S2NDE-SPM,534.MD140,,2025-10,2025-10-01,15,-8,,,
3042,Vb-534.MD140-S3DE-SPM,534.MD140,,2025-10,2025-10-01,29,-4,,,
3043,Vb-534.MD140-S3NDE-SPM,534.MD140,,2025-10,2025-10-01,30,-9,,,
3044,Vb-534.MD140-S4DE-SPM,534.MD140,,2025-10,2025-10-01,21,-4,,,
3045,Vb-534.MD140-S4NDE-SPM,534.MD140,,2025-10,2025-10-01,20,-6,,,
3046,Vb-534.MD140-MDE-SPM,534.MD140,,2026-04,2026-04-27,,,,,
3047,Vb-534.MD140-MNDE-SPM,534.MD140,,2026-04,2026-04-27,,,,,
3048,Vb-534.MD140-S1DE-SPM,534.MD140,,2026-04,2026-04-27,,,,,
3049,Vb-534.MD140-S1NDE-SPM,534.MD140,,2026-04,2026-04-27,,,,,
3050,Vb-534.MD140-S2DE-SPM,534.MD140,,2026-04,2026-04-27,,,,,
3051,Vb-534.MD140-S2NDE-SPM,534.MD140,,2026-04,2026-04-27,,,,,
3052,Vb-534.MD140-S3DE-SPM,534.MD140,,2026-04,2026-04-27,,,,,
3053,Vb-534.MD140-S3NDE-SPM,534.MD140,,2026-04,2026-04-27,,,,,
3054,Vb-534.MD140-S4DE-SPM,534.MD140,,2026-04,2026-04-27,,,,,
3055,Vb-534.MD140-S4NDE-SPM,534.MD140,,2026-04,2026-04-27,,,,,
3056,Vb-534.MD140-MDE-SPM,534.MD140,,2026-05,2026-05-13,,,,,
3057,Vb-534.MD140-MNDE-SPM,534.MD140,,2026-05,2026-05-13,,,,,
3058,Vb-534.MD140-S1DE-SPM,534.MD140,,2026-05,2026-05-13,,,,,
3059,Vb-534.MD140-S1NDE-SPM,534.MD140,,2026-05,2026-05-13,,,,,
3060,Vb-534.MD140-S2DE-SPM,534.MD140,,2026-05,2026-05-13,,,,,
3061,Vb-534.MD140-S2NDE-SPM,534.MD140,,2026-05,2026-05-13,,,,,
3062,Vb-534.MD140-S3DE-SPM,534.MD140,,2026-05,2026-05-13,,,,,
3063,Vb-534.MD140-S3NDE-SPM,534.MD140,,2026-05,2026-05-13,,,,,
3064,Vb-534.MD140-S4DE-SPM,534.MD140,,2026-05,2026-05-13,,,,,
3065,Vb-534.MD140-S4NDE-SPM,534.MD140,,2026-05,2026-05-13,,,,,
3066,Vb-534.MD140-MDE-SPM,534.MD140,,2026-06,2026-06-04,,,,,
3067,Vb-534.MD140-MNDE-SPM,534.MD140,,2026-06,2026-06-04,,,,,
3068,Vb-534.MD140-S1DE-SPM,534.MD140,,2026-06,2026-06-04,,,,,
3069,Vb-534.MD140-S1NDE-SPM,534.MD140,,2026-06,2026-06-04,,,,,
3070,Vb-534.MD140-S2NDE-SPM,534.MD140,,2026-06,2026-06-04,,,,,
3071,Vb-534.MD140-S3NDE-SPM,534.MD140,,2026-06,2026-06-04,,,,,
3072,Vb-534.MD140-S4NDE-SPM,534.MD140,,2026-06,2026-06-04,,,,,
3073,,534.MD302,Motor DE,2025-04,2025-04-28,8,1,,,
3074,,534.MD302,Motor NDE,2025-04,2025-04-28,7,-1,,,
3075,,534.MD302,Shaft 1 inboard DE,2025-04,2025-04-28,18,3,,,
3076,,534.MD302,Shaft 1 Outboard NDE,2025-04,2025-04-28,17,2,,,
3077,,534.MD302,Shaft 2 inboard DE,2025-04,2025-04-28,27,3,,,
3078,,534.MD302,Shaft 2 outboard NDE,2025-04,2025-04-28,26,5,,,
3079,,534.MD302,Motor DE,2025-07,2025-07-01,1,-6,,,
3080,,534.MD302,Motor NDE,2025-07,2025-07-01,18,10,,,
3081,,534.MD302,Shaft 1 inboard DE,2025-07,2025-07-01,8,-3,,,
3082,,534.MD302,Shaft 1 Outboard NDE,2025-07,2025-07-01,9,-4,,,
3083,,534.MD302,Shaft 2 inboard DE,2025-07,2025-07-01,30,6,,,
3084,,534.MD302,Shaft 2 outboard NDE,2025-07,2025-07-01,26,4,,,
3085,,534.MD302,Motor DE,2025-08,2025-08-28,6,-3,,,
3086,,534.MD302,Motor NDE,2025-08,2025-08-28,12,-35,,,
3087,,534.MD302,Shaft 1 inboard DE,2025-08,2025-08-28,2,-5,,,
3088,,534.MD302,Shaft 1 Outboard NDE,2025-08,2025-08-28,2,-8,,,
3089,,534.MD302,Shaft 2 inboard DE,2025-08,2025-08-28,28,2,,,
3090,,534.MD302,Shaft 2 outboard NDE,2025-08,2025-08-28,24,3,,,
3091,,534.MD302,Motor NDE,2026-04,2026-04-27,,,,,
3092,,534.MD302,Motor DE,2026-04,2026-04-27,,,,,
3093,,534.MD302,Shaft 1 inboard  DE,2026-04,2026-04-27,,,,,
3094,,534.MD302,Shaft 1 Outboard NDE,2026-04,2026-04-27,,,,,
3095,,534.MD302,Shaft 2  inboard  DE,2026-04,2026-04-27,,,,,
3096,,534.MD302,Shaft 2  outboard NDE,2026-04,2026-04-27,,,,,
3097,Vb-611.BL300-BLDE-SPM,611.BL300,,2025-09,2025-09-10,14,-1,,,
3098,Vb-611.BL300-BLNDE-SPM,611.BL300,,2025-09,2025-09-10,33,12,,,
3099,Vb-611.BL300-MDE-SPM,611.BL300,,2025-09,2025-09-10,3,-3,,,
3100,Vb-611.BL300-MNDE-SPM,611.BL300,,2025-09,2025-09-10,-5,-14,,,
3101,Vb-612.BL300-BLDE-SPM,612.BL300,,2025-07,2025-07-31,16,-4,,,
3102,Vb-612.BL300-BLNDE-SPM,612.BL300,,2025-07,2025-07-31,20,0,,,
3103,Vb-612.BL300-MDE-SPM,612.BL300,,2025-07,2025-07-31,8,1,,,
3104,Vb-612.BL300-MNDE-SPM,612.BL300,,2025-07,2025-07-31,8,-9,,,
3105,Vb-612.BL300-BLDE-SPM,612.BL300,,2025-09,2025-09-10,16,3,,,
3106,Vb-612.BL300-BLNDE-SPM,612.BL300,,2025-09,2025-09-10,31,17,,,
3107,Vb-612.BL300-MDE-SPM,612.BL300,,2025-09,2025-09-10,-2,-11,,,
3108,Vb-612.BL300-MNDE-SPM,612.BL300,,2025-09,2025-09-10,-3,-15,,,
3109,Vb-612.BL300-BLDE-SPM,612.BL300,,2026-04,2026-04-27,,,,,
3110,Vb-612.BL300-BLNDE-SPM,612.BL300,,2026-04,2026-04-27,,,,,
3111,Vb-612.BL300-MDE-SPM,612.BL300,,2026-04,2026-04-27,,,,,
3112,Vb-612.BL300-MNDE-SPM,612.BL300,,2026-04,2026-04-27,,,,,
3113,Vb-612.BL300-BLDE-SPM,612.BL300,,2026-05,2026-05-13,,,,,
3114,Vb-612.BL300-BLNDE-SPM,612.BL300,,2026-05,2026-05-13,,,,,
3115,Vb-612.BL300-MDE-SPM,612.BL300,,2026-05,2026-05-13,,,,,
3116,Vb-612.BL300-MNDE-SPM,612.BL300,,2026-05,2026-05-13,,,,,
3117,Vb-613.BL300-BLDE-SPM,613.BL300,,2025-07,2025-07-30,28,5,,,
3118,Vb-613.BL300-BLNDE-SPM,613.BL300,,2025-07,2025-07-30,33,9,,,
3119,Vb-613.BL300-MDE-SPM,613.BL300,,2025-07,2025-07-30,30,16,,,
3120,Vb-613.BL300-MNDE-SPM,613.BL300,,2025-07,2025-07-30,4,-8,,,
3121,Vb-613.BL300-BLDE-SPM,613.BL300,,2025-09,2025-09-10,6,1,,,
3122,Vb-613.BL300-BLNDE-SPM,613.BL300,,2025-09,2025-09-10,3,-2,,,
3123,Vb-613.BL300-MDE-SPM,613.BL300,,2025-09,2025-09-10,26,13,,,
3124,Vb-613.BL300-MNDE-SPM,613.BL300,,2025-09,2025-09-10,9,-4,,,
3125,Vb-613.BL300-BLDE-SPM,613.BL300,,2026-04,2026-04-27,,,,,
3126,Vb-613.BL300-BLNDE-SPM,613.BL300,,2026-04,2026-04-27,,,,,
3127,Vb-613.BL300-MDE-SPM,613.BL300,,2026-04,2026-04-27,,,,,
3128,Vb-613.BL300-BLDE-SPM,613.BL300,,2026-05,2026-05-13,,,,,
3129,Vb-613.BL300-BLNDE-SPM,613.BL300,,2026-05,2026-05-13,,,,,
3130,Vb-613.BL300-MDE-SPM,613.BL300,,2026-05,2026-05-13,,,,,
3131,Vb-614.BL300-BLDE-SPM,614.BL300,,2025-01,2025-01-07,26,14,,,
3132,Vb-614.BL300-BLNDE-SPM,614.BL300,,2025-01,2025-01-07,36,27,,,
3133,Vb-614.BL300-MDE-SPM,614.BL300,,2025-01,2025-01-07,28,16,,,
3134,Vb-614.BL300-MNDE-SPM,614.BL300,,2025-01,2025-01-07,10,-4,,,
3135,Vb-614.BL300-BLDE-SPM,614.BL300,,2025-09,2025-09-10,,,2025-09-10,15,2
3136,Vb-614.BL300-BLNDE-SPM,614.BL300,,2025-09,2025-09-10,,,2025-09-10,20,7
3137,Vb-614.BL300-MDE-SPM,614.BL300,,2025-09,2025-09-10,,,2025-09-10,21,5
3138,Vb-614.BL300-MNDE-SPM,614.BL300,,2025-09,2025-09-10,,,2025-09-10,7,-10
3139,Vb-614.BL300-BLDE-SPM,614.BL300,,2026-04,2026-04-27,,,,,
3140,Vb-614.BL300-BLNDE-SPM,614.BL300,,2026-04,2026-04-27,,,,,
3141,Vb-614.BL300-MDE-SPM,614.BL300,,2026-04,2026-04-27,,,,,
3142,Vb-614.BL300-MNDE-SPM,614.BL300,,2026-04,2026-04-27,,,,,
3143,Vb-614.BL300-BLDE-SPM,614.BL300,,2026-05,2026-05-13,,,,,
3144,Vb-614.BL300-BLNDE-SPM,614.BL300,,2026-05,2026-05-13,,,,,
3145,Vb-614.BL300-MDE-SPM,614.BL300,,2026-05,2026-05-13,,,,,
3146,Vb-614.BL300-MNDE-SPM,614.BL300,,2026-05,2026-05-13,,,,,
3147,,641.BE050,BE Bearing SPM Inboard,2025-04,2025-04-27,51,15,,,
3148,,641.BE050,BE Bearing SPM Outboard,2025-04,2025-04-27,56,14,,,
3149,Vb-641.BE050-MDE-SPM,641.BE050,,2025-04,2025-04-27,14,-8,,,
3150,Vb-641.BE050-MNDE-SPM,641.BE050,,2025-04,2025-04-27,6,-18,,,
3151,Vb-641.BE050-S1-SPM,641.BE050,,2025-04,2025-04-27,15,-12,,,
3152,Vb-641.BE050-S3-SPM,641.BE050,,2025-04,2025-04-27,62,26,,,
3153,Vb-641.BE050-MDE-SPM,641.BE050,,2025-06,2025-06-26,14,-8,,,
3154,Vb-641.BE050-MNDE-SPM,641.BE050,,2025-06,2025-06-26,2,-22,,,
3155,Vb-641.BE050-S1-SPM,641.BE050,,2025-06,2025-06-26,12,-11,,,
3156,Vb-641.BE050-S3-SPM,641.BE050,,2025-06,2025-06-26,61,23,,,
3157,Vb-641.BE050-MDE-SPM,641.BE050,,2025-08,2025-08-24,12,-5,,,
3158,Vb-641.BE050-MNDE-SPM,641.BE050,,2025-08,2025-08-24,1,-18,,,
3159,Vb-641.BE050-S1-SPM,641.BE050,,2025-08,2025-08-24,18,-6,,,
3160,Vb-641.BE050-S2-SPM,641.BE050,,2025-08,2025-08-24,19,-7,,,
3161,Vb-641.BE050-S3-SPM,641.BE050,,2025-08,2025-08-24,61,27,,,
3162,Vb-641.FN.952-FDE-SPM,641.FN952,,2025-05,2025-05-06,16,-4,,,
3163,Vb-641.FN.952-FNDE-SPM,641.FN952,,2025-05,2025-05-06,23,11,,,
3164,Vb-641.FN.952-MDE-SPM,641.FN952,,2025-05,2025-05-06,23,2,,,
3165,Vb-641.FN.952-MNDE-SPM,641.FN952,,2025-05,2025-05-06,18,-3,,,
3166,Vb-641.FN.952-FDE-SPM,641.FN952,,2025-07,2025-07-31,20,12,,,
3167,Vb-641.FN.952-FNDE-SPM,641.FN952,,2025-07,2025-07-31,22,6,,,
3168,Vb-641.FN.952-MDE-SPM,641.FN952,,2025-07,2025-07-31,16,5,,,
3169,Vb-641.FN.952-MNDE-SPM,641.FN952,,2025-07,2025-07-31,11,-3,,,
3170,Vb-641.FN.952-FDE-SPM,641.FN952,,2025-09,2025-09-10,20,10,,,
3171,Vb-641.FN.952-FNDE-SPM,641.FN952,,2025-09,2025-09-10,42,4,,,
3172,Vb-641.FN.952-MDE-SPM,641.FN952,,2025-09,2025-09-10,21,4,,,
3173,Vb-641.FN.952-MNDE-SPM,641.FN952,,2025-09,2025-09-10,11,-5,,,
3174,,641.FN952,Fan NDE,2026-04,2026-04-27,,,,,
3175,Vb-641.FN.952-FNDE-SPM,641.FN952,,2026-04,2026-04-27,,,,,
3176,Vb-641.FN.952-MDE-SPM,641.FN952,,2026-04,2026-04-27,,,,,
3177,Vb-641.FN.952-MNDE-SPM,641.FN952,,2026-04,2026-04-27,,,,,
3178,,641.FN952,Fan NDE,2026-05,2026-05-13,,,,,
3179,Vb-641.FN.952-FNDE-SPM,641.FN952,,2026-05,2026-05-13,,,,,
3180,Vb-641.FN.952-MDE-SPM,641.FN952,,2026-05,2026-05-13,,,,,
3181,Vb-641.FN.952-MNDE-SPM,641.FN952,,2026-05,2026-05-13,,,,,
3182,,642.BE050,BE Bearing SPM Inboard,2025-04,2025-04-27,52,-4,,,
3183,,642.BE050,BE Bearing SPM Outboard,2025-04,2025-04-27,54,-1,,,
3184,Vb-642.BE050-MDE-SPM,642.BE050,,2025-04,2025-04-27,13,-9,,,
3185,Vb-642.BE050-MNDE-SPM,642.BE050,,2025-04,2025-04-27,-6,-24,,,
3186,Vb-642.BE050-S1-SPM,642.BE050,,2025-04,2025-04-27,9,-5,,,
3187,Vb-642.BE050-S3-SPM,642.BE050,,2025-04,2025-04-27,59,22,,,
3188,Vb-642.BE050-MDE-SPM,642.BE050,,2025-06,2025-06-26,15,-10,,,
3189,Vb-642.BE050-MNDE-SPM,642.BE050,,2025-06,2025-06-26,11,-28,,,
3190,Vb-642.BE050-S1-SPM,642.BE050,,2025-06,2025-06-26,13,-6,,,
3191,Vb-642.BE050-S3-SPM,642.BE050,,2025-06,2025-06-26,66,24,,,
3192,Vb-642.BE050-MDE-SPM,642.BE050,,2025-08,2025-08-24,13,-8,,,
3193,Vb-642.BE050-MNDE-SPM,642.BE050,,2025-08,2025-08-24,8,-19,,,
3194,Vb-642.BE050-S1-SPM,642.BE050,,2025-08,2025-08-24,13,-6,,,
3195,Vb-642.BE050-S2-SPM,642.BE050,,2025-08,2025-08-24,23,-3,,,
3196,Vb-642.BE050-S3-SPM,642.BE050,,2025-08,2025-08-24,72,40,,,
3197,Vb-642.FN.952-FDE-SPM,642.FN952,,2025-05,2025-05-07,23,11,,,
3198,Vb-642.FN.952-FNDE-SPM,642.FN952,,2025-05,2025-05-07,27,20,,,
3199,Vb-642.FN.952-MDE-SPM,642.FN952,,2025-05,2025-05-07,20,7,,,
3200,Vb-642.FN.952-MNDE-SPM,642.FN952,,2025-05,2025-05-07,7,0,,,
3201,Vb-642.FN.952-FDE-SPM,642.FN952,,2025-07,2025-07-31,26,14,,,
3202,Vb-642.FN.952-FNDE-SPM,642.FN952,,2025-07,2025-07-31,23,16,,,
3203,Vb-642.FN.952-MDE-SPM,642.FN952,,2025-07,2025-07-31,22,10,,,
3204,Vb-642.FN.952-MNDE-SPM,642.FN952,,2025-07,2025-07-31,14,5,,,
3205,Vb-642.FN.952-FDE-SPM,642.FN952,,2025-09,2025-09-10,22,13,,,
3206,Vb-642.FN.952-FNDE-SPM,642.FN952,,2025-09,2025-09-10,27,21,,,
3207,Vb-642.FN.952-MDE-SPM,642.FN952,,2025-09,2025-09-10,22,11,,,
3208,Vb-642.FN.952-MNDE-SPM,642.FN952,,2025-09,2025-09-10,16,2,,,
3209,,642.FN952,Fan NDE,2026-04,2026-04-27,,,,,
3210,Vb-642.FN.952-FNDE-SPM,642.FN952,,2026-04,2026-04-27,,,,,
3211,Vb-642.FN.952-MDE-SPM,642.FN952,,2026-04,2026-04-27,,,,,
3212,Vb-642.FN.952-MNDE-SPM,642.FN952,,2026-04,2026-04-27,,,,,
3213,,642.FN952,Fan NDE,2026-05,2026-05-13,,,,,
3214,Vb-642.FN.952-FNDE-SPM,642.FN952,,2026-05,2026-05-13,,,,,
3215,Vb-642.FN.952-MDE-SPM,642.FN952,,2026-05,2026-05-13,,,,,
3216,Vb-642.FN.952-MNDE-SPM,642.FN952,,2026-05,2026-05-13,,,,,
3217,,643.BE050,BE Bearing SPM Inboard,2025-04,2025-04-27,51,-4,,,
3218,,643.BE050,BE Bearing SPM Outboard,2025-04,2025-04-27,55,-1,,,
3219,Vb-643.BE050-MDE-SPM,643.BE050,,2025-04,2025-04-27,8,1,,,
3220,Vb-643.BE050-MNDE-SPM,643.BE050,,2025-04,2025-04-27,-4,-19,,,
3221,Vb-643.BE050-S1-SPM,643.BE050,,2025-04,2025-04-27,12,-6,,,
3222,Vb-643.BE050-S3-SPM,643.BE050,,2025-04,2025-04-27,56,18,,,
3223,Vb-643.BE050-MDE-SPM,643.BE050,,2025-06,2025-06-26,10,2,,,
3224,Vb-643.BE050-MNDE-SPM,643.BE050,,2025-06,2025-06-26,4,-14,,,
3225,Vb-643.BE050-S1-SPM,643.BE050,,2025-06,2025-06-26,11,-6,,,
3226,Vb-643.BE050-S2-SPM,643.BE050,,2025-06,2025-06-26,18,-13,,,
3227,Vb-643.BE050-S3-SPM,643.BE050,,2025-06,2025-06-26,67,18,,,
3228,Vb-643.BE050-MDE-SPM,643.BE050,,2025-08,2025-08-24,9,-5,,,
3229,Vb-643.BE050-MNDE-SPM,643.BE050,,2025-08,2025-08-24,-3,-20,,,
3230,Vb-643.BE050-S1-SPM,643.BE050,,2025-08,2025-08-24,13,-8,,,
3231,Vb-643.BE050-S2-SPM,643.BE050,,2025-08,2025-08-24,19,-8,,,
3232,Vb-643.BE050-S3-SPM,643.BE050,,2025-08,2025-08-24,61,31,,,
3233,Vb-643.FN.952-FDE-SPM,643.FN952,,2025-05,2025-05-06,19,7,,,
3234,Vb-643.FN.952-FNDE-SPM,643.FN952,,2025-05,2025-05-06,26,-4,,,
3235,Vb-643.FN.952-MDE-SPM,643.FN952,,2025-05,2025-05-06,26,7,,,
3236,Vb-643.FN.952-MNDE-SPM,643.FN952,,2025-05,2025-05-07,17,1,,,
3237,Vb-643.FN.952-FDE-SPM,643.FN952,,2025-07,2025-07-31,10,-11,,,
3238,Vb-643.FN.952-FNDE-SPM,643.FN952,,2025-07,2025-07-31,40,7,,,
3239,Vb-643.FN.952-MDE-SPM,643.FN952,,2025-07,2025-07-31,22,6,,,
3240,Vb-643.FN.952-MNDE-SPM,643.FN952,,2025-07,2025-07-31,18,-1,,,
3241,Vb-643.FN.952-FDE-SPM,643.FN952,,2025-09,2025-09-10,15,5,,,
3242,Vb-643.FN.952-FNDE-SPM,643.FN952,,2025-09,2025-09-10,34,-1,,,
3243,Vb-643.FN.952-MDE-SPM,643.FN952,,2025-09,2025-09-10,24,9,,,
3244,Vb-643.FN.952-MNDE-SPM,643.FN952,,2025-09,2025-09-10,17,2,,,
3245,,643.FN952,Fan NDE,2026-04,2026-04-27,,,,,
3246,Vb-643.FN.952-FNDE-SPM,643.FN952,,2026-04,2026-04-27,,,,,
3247,Vb-643.FN.952-MDE-SPM,643.FN952,,2026-04,2026-04-27,,,,,
3248,Vb-643.FN.952-MNDE-SPM,643.FN952,,2026-04,2026-04-27,,,,,
3249,,643.FN952,Fan NDE,2026-05,2026-05-13,,,,,
3250,Vb-643.FN.952-FNDE-SPM,643.FN952,,2026-05,2026-05-13,,,,,
3251,Vb-643.FN.952-MDE-SPM,643.FN952,,2026-05,2026-05-13,,,,,
3252,Vb-643.FN.952-MNDE-SPM,643.FN952,,2026-05,2026-05-13,,,,,
3253,Vb-644.BE050-MDE-SPM,644.BE050,,2025-04,2025-04-24,11,-7,,,
3254,Vb-644.BE050-MNDE-SPM,644.BE050,,2025-04,2025-04-24,4,-26,,,
3255,Vb-644.BE050-S1-SPM,644.BE050,,2025-04,2025-04-24,20,-8,,,
3256,Vb-644.BE050-S2-SPM,644.BE050,,2025-04,2025-04-24,28,1,,,
3257,Vb-644.BE050-S3-SPM,644.BE050,,2025-04,2025-04-24,60,28,,,
3258,Vb-644.BE050-MDE-SPM,644.BE050,,2025-06,2025-06-26,17,2,,,
3259,Vb-644.BE050-MNDE-SPM,644.BE050,,2025-06,2025-06-26,5,-13,,,
3260,Vb-644.BE050-S1-SPM,644.BE050,,2025-06,2025-06-26,8,-10,,,
3261,Vb-644.BE050-S3-SPM,644.BE050,,2025-06,2025-06-26,65,23,,,
3262,Vb-644.BE050-MDE-SPM,644.BE050,,2025-08,2025-08-20,6,-7,,,
3263,Vb-644.BE050-MNDE-SPM,644.BE050,,2025-08,2025-08-20,5,-22,,,
3264,Vb-644.BE050-S1-SPM,644.BE050,,2025-08,2025-08-20,14,-10,,,
3265,Vb-644.BE050-S2-SPM,644.BE050,,2025-08,2025-08-20,18,2,,,
3266,Vb-644.BE050-S3-SPM,644.BE050,,2025-08,2025-08-20,59,20,,,
3267,Vb-644.FN.952-FDE-SPM,644.FN952,,2025-01,2025-01-07,22,13,,,
3268,Vb-644.FN.952-FNDE-SPM,644.FN952,,2025-01,2025-01-07,33,17,,,
3269,Vb-644.FN.952-MDE-SPM,644.FN952,,2025-01,2025-01-07,31,15,,,
3270,Vb-644.FN.952-MNDE-SPM,644.FN952,,2025-01,2025-01-07,18,0,,,
3271,Vb-644.FN.952-FDE-SPM,644.FN952,,2025-05,2025-05-06,45,38,,,
3272,Vb-644.FN.952-FNDE-SPM,644.FN952,,2025-05,2025-05-06,21,8,,,
3273,Vb-644.FN.952-MDE-SPM,644.FN952,,2025-05,2025-05-06,24,9,,,
3274,Vb-644.FN.952-MNDE-SPM,644.FN952,,2025-05,2025-05-06,20,-2,,,
3275,Vb-644.FN.952-FDE-SPM,644.FN952,,2025-07,2025-07-30,30,24,,,
3276,Vb-644.FN.952-FNDE-SPM,644.FN952,,2025-07,2025-07-30,31,24,,,
3277,Vb-644.FN.952-MDE-SPM,644.FN952,,2025-07,2025-07-30,25,9,,,
3278,Vb-644.FN.952-MNDE-SPM,644.FN952,,2025-07,2025-07-30,15,-1,,,
3279,Vb-644.FN.952-FDE-SPM,644.FN952,,2025-09,2025-09-15,29,21,,,
3280,Vb-644.FN.952-FNDE-SPM,644.FN952,,2025-09,2025-09-15,27,18,,,
3281,Vb-644.FN.952-MDE-SPM,644.FN952,,2025-09,2025-09-15,27,6,,,
3282,Vb-644.FN.952-MNDE-SPM,644.FN952,,2025-09,2025-09-15,14,-1,,,
3283,,644.FN952,Fan NDE,2026-04,2026-04-27,,,,,
3284,Vb-644.FN.952-FNDE-SPM,644.FN952,,2026-04,2026-04-27,,,,,
3285,Vb-644.FN.952-MDE-SPM,644.FN952,,2026-04,2026-04-27,,,,,
3286,Vb-644.FN.952-MNDE-SPM,644.FN952,,2026-04,2026-04-27,,,,,
3287,,644.FN952,Fan NDE,2026-05,2026-05-13,,,,,
3288,Vb-644.FN.952-FNDE-SPM,644.FN952,,2026-05,2026-05-13,,,,,
3289,Vb-644.FN.952-MDE-SPM,644.FN952,,2026-05,2026-05-13,,,,,
3290,Vb-644.FN.952-MNDE-SPM,644.FN952,,2026-05,2026-05-13,,,,,
3291,Vb-645.BE050-MDE-SPM,645.BE050,,2025-04,2025-04-24,12,-14,,,
3292,Vb-645.BE050-MNDE-SPM,645.BE050,,2025-04,2025-04-24,-9,-23,,,
3293,Vb-645.BE050-S1-SPM,645.BE050,,2025-04,2025-04-24,19,-16,,,
3294,Vb-645.BE050-S2-SPM,645.BE050,,2025-04,2025-04-24,29,-2,,,
3295,Vb-645.BE050-S3-SPM,645.BE050,,2025-04,2025-04-24,58,22,,,
3296,Vb-645.BE050-MDE-SPM,645.BE050,,2025-06,2025-06-26,14,-12,,,
3297,Vb-645.BE050-MNDE-SPM,645.BE050,,2025-06,2025-06-26,-1,-28,,,
3298,Vb-645.BE050-S1-SPM,645.BE050,,2025-06,2025-06-26,16,-19,,,
3299,Vb-645.BE050-S3-SPM,645.BE050,,2025-06,2025-06-26,60,16,,,
3300,Vb-645.BE050-MDE-SPM,645.BE050,,2025-08,2025-08-20,10,-14,,,
3301,Vb-645.BE050-MNDE-SPM,645.BE050,,2025-08,2025-08-20,-4,-27,,,
3302,Vb-645.BE050-S1-SPM,645.BE050,,2025-08,2025-08-20,12,-15,,,
3303,Vb-645.BE050-S2-SPM,645.BE050,,2025-08,2025-08-20,14,-2,,,
3304,Vb-645.BE050-S3-SPM,645.BE050,,2025-08,2025-08-20,64,21,,,
3305,,645.BL585,BL DE,2025-05,2025-05-12,5,-7,,,
3306,,645.BL585,BL NDE,2025-05,2025-05-12,15,-3,,,
3307,,645.BL585,Motor DE,2025-05,2025-05-12,3,-21,,,
3308,,645.BL585,Motor NDE,2025-05,2025-05-12,1,-14,,,
3309,,645.BL585,BL DE,2025-07,2025-07-08,9,-1,,,
3310,,645.BL585,BL NDE,2025-07,2025-07-08,22,8,,,
3311,,645.BL585,Motor DE,2025-07,2025-07-08,2,-12,,,
3312,,645.BL585,Motor NDE,2025-07,2025-07-08,5,-23,,,
3313,,645.BL585,BL DE,2025-08,2025-08-07,9,-1,,,
3314,,645.BL585,BL NDE,2025-08,2025-08-07,22,8,,,
3315,,645.BL585,Motor DE,2025-08,2025-08-07,2,-12,,,
3316,,645.BL585,Motor NDE,2025-08,2025-08-07,5,-23,,,
3317,Vb-645.FN.952-FDE-SPM,645.FN952,,2025-01,2025-01-07,16,8,,,
3318,Vb-645.FN.952-FNDE-SPM,645.FN952,,2025-01,2025-01-07,17,7,,,
3319,Vb-645.FN.952-MDE-SPM,645.FN952,,2025-01,2025-01-07,21,0,,,
3320,Vb-645.FN.952-MNDE-SPM,645.FN952,,2025-01,2025-01-07,17,-4,,,
3321,Vb-645.FN.952-FDE-SPM,645.FN952,,2025-05,2025-05-06,16,1,,,
3322,Vb-645.FN.952-FNDE-SPM,645.FN952,,2025-05,2025-05-06,24,5,,,
3323,Vb-645.FN.952-MDE-SPM,645.FN952,,2025-05,2025-05-06,24,5,,,
3324,Vb-645.FN.952-MNDE-SPM,645.FN952,,2025-05,2025-05-06,32,-2,,,
3325,Vb-645.FN.952-FDE-SPM,645.FN952,,2025-07,2025-07-30,32,23,,,
3326,Vb-645.FN.952-FNDE-SPM,645.FN952,,2025-07,2025-07-30,29,20,,,
3327,Vb-645.FN.952-MDE-SPM,645.FN952,,2025-07,2025-07-30,2,-16,,,
3328,Vb-645.FN.952-MNDE-SPM,645.FN952,,2025-07,2025-07-30,14,-13,,,
3329,Vb-645.FN.952-FDE-SPM,645.FN952,,2025-09,2025-09-15,27,19,,,
3330,Vb-645.FN.952-FNDE-SPM,645.FN952,,2025-09,2025-09-15,22,8,,,
3331,Vb-645.FN.952-MDE-SPM,645.FN952,,2025-09,2025-09-15,4,-20,,,
3332,Vb-645.FN.952-MNDE-SPM,645.FN952,,2025-09,2025-09-15,10,-17,,,
3333,,645.FN952,Fan NDE,2026-04,2026-04-27,,,,,
3334,Vb-645.FN.952-FNDE-SPM,645.FN952,,2026-04,2026-04-27,,,,,
3335,Vb-645.FN.952-MDE-SPM,645.FN952,,2026-04,2026-04-27,,,,,
3336,Vb-645.FN.952-MNDE-SPM,645.FN952,,2026-04,2026-04-27,,,,,
3337,,645.FN952,Fan NDE,2026-05,2026-05-13,,,,,
3338,Vb-645.FN.952-FNDE-SPM,645.FN952,,2026-05,2026-05-13,,,,,
3339,Vb-645.FN.952-MDE-SPM,645.FN952,,2026-05,2026-05-13,,,,,
3340,Vb-645.FN.952-MNDE-SPM,645.FN952,,2026-05,2026-05-13,,,,,
3341,Vb-646.BE050-MDE-SPM,646.BE050,,2025-04,2025-04-24,10,-11,,,
3342,Vb-646.BE050-MNDE-SPM,646.BE050,,2025-04,2025-04-24,2,-24,,,
3343,Vb-646.BE050-S1-SPM,646.BE050,,2025-04,2025-04-24,5,-12,,,
3344,Vb-646.BE050-S2-SPM,646.BE050,,2025-04,2025-04-24,21,1,,,
3345,Vb-646.BE050-S3-SPM,646.BE050,,2025-04,2025-04-24,54,21,,,
3346,Vb-646.BE050-MDE-SPM,646.BE050,,2025-06,2025-06-26,1,-9,,,
3347,Vb-646.BE050-MNDE-SPM,646.BE050,,2025-06,2025-06-26,-3,-18,,,
3348,Vb-646.BE050-S1-SPM,646.BE050,,2025-06,2025-06-26,10,-8,,,
3349,Vb-646.BE050-S3-SPM,646.BE050,,2025-06,2025-06-26,56,21,,,
3350,Vb-646.BE050-MDE-SPM,646.BE050,,2025-08,2025-08-20,8,-6,,,
3351,Vb-646.BE050-MNDE-SPM,646.BE050,,2025-08,2025-08-20,7,-30,,,
3352,Vb-646.BE050-S1-SPM,646.BE050,,2025-08,2025-08-20,13,-6,,,
3353,Vb-646.BE050-S2-SPM,646.BE050,,2025-08,2025-08-20,21,5,,,
3354,Vb-646.BE050-S3-SPM,646.BE050,,2025-08,2025-08-20,57,34,,,
3355,Vb-646.FN.952-FDE-SPM,646.FN952,,2025-01,2025-01-07,25,17,,,
3356,Vb-646.FN.952-FNDE-SPM,646.FN952,,2025-01,2025-01-07,39,5,,,
3357,Vb-646.FN.952-MDE-SPM,646.FN952,,2025-01,2025-01-07,19,3,,,
3358,Vb-646.FN.952-MNDE-SPM,646.FN952,,2025-01,2025-01-07,14,-5,,,
3359,Vb-646.FN.952-FDE-SPM,646.FN952,,2025-05,2025-05-06,22,13,,,
3360,Vb-646.FN.952-FNDE-SPM,646.FN952,,2025-05,2025-05-06,15,-1,,,
3361,Vb-646.FN.952-MDE-SPM,646.FN952,,2025-05,2025-05-06,13,4,,,
3362,Vb-646.FN.952-MNDE-SPM,646.FN952,,2025-05,2025-05-06,26,-6,,,
3363,Vb-646.FN.952-FDE-SPM,646.FN952,,2025-07,2025-07-30,22,14,,,
3364,Vb-646.FN.952-FNDE-SPM,646.FN952,,2025-07,2025-07-30,18,1,,,
3365,Vb-646.FN.952-MDE-SPM,646.FN952,,2025-07,2025-07-30,21,8,,,
3366,Vb-646.FN.952-MNDE-SPM,646.FN952,,2025-07,2025-07-30,20,-8,,,
3367,Vb-646.FN.952-FDE-SPM,646.FN952,,2025-09,2025-09-15,12,3,,,
3368,Vb-646.FN.952-FNDE-SPM,646.FN952,,2025-09,2025-09-15,11,2,,,
3369,Vb-646.FN.952-MDE-SPM,646.FN952,,2025-09,2025-09-15,18,5,,,
3370,Vb-646.FN.952-MNDE-SPM,646.FN952,,2025-09,2025-09-15,8,-12,,,
3371,,646.FN952,Fan NDE,2026-04,2026-04-27,,,,,
3372,Vb-646.FN.952-FNDE-SPM,646.FN952,,2026-04,2026-04-27,,,,,
3373,Vb-646.FN.952-MDE-SPM,646.FN952,,2026-04,2026-04-27,,,,,
3374,Vb-646.FN.952-MNDE-SPM,646.FN952,,2026-04,2026-04-27,,,,,
3375,,646.FN952,Fan NDE,2026-05,2026-05-13,,,,,
3376,Vb-646.FN.952-FNDE-SPM,646.FN952,,2026-05,2026-05-13,,,,,
3377,Vb-646.FN.952-MDE-SPM,646.FN952,,2026-05,2026-05-13,,,,,
3378,Vb-646.FN.952-MNDE-SPM,646.FN952,,2026-05,2026-05-13,,,,,
3379,Vb-741.CP110-CDE-SPM-5,741.CP110,,2025-07,2025-07-08,21,13,,,
3380,Vb-741.CP110-CDE-SPM-7,741.CP110,,2025-07,2025-07-08,14,6,,,
3381,Vb-741.CP110-CNDE-SPM-1,741.CP110,,2025-07,2025-07-08,17,10,,,
3382,Vb-741.CP110-MDE-SPM-A,741.CP110,,2025-07,2025-07-08,20,11,,,
3383,Vb-741.CP110-MNDE-SPM-B,741.CP110,,2025-07,2025-07-08,24,1,,,
3384,Vb-741.CP110-CDE-SPM-5,741.CP110,,2025-08,2025-08-07,21,13,,,
3385,Vb-741.CP110-CDE-SPM-7,741.CP110,,2025-08,2025-08-07,14,6,,,
3386,Vb-741.CP110-CNDE-SPM-1,741.CP110,,2025-08,2025-08-07,17,10,,,
3387,Vb-741.CP110-MDE-SPM-A,741.CP110,,2025-08,2025-08-07,20,11,,,
3388,Vb-741.CP110-MNDE-SPM-B,741.CP110,,2025-08,2025-08-07,24,1,,,
3389,Vb-741.CP110-CDE-SPM-5,741.CP110,,2026-02,2026-02-15,14,4,,,
3390,Vb-741.CP110-CDE-SPM-7,741.CP110,,2026-02,2026-02-15,13,6,,,
3391,Vb-741.CP110-CNDE-SPM-1,741.CP110,,2026-02,2026-02-15,19,11,,,
3392,Vb-741.CP110-MDE-SPM-A,741.CP110,,2026-02,2026-02-15,27,9,,,
3393,Vb-741.CP110-MNDE-SPM-B,741.CP110,,2026-02,2026-02-15,34,6,,,
3394,Vb-741.CP110-CDE-SPM-5,741.CP110,,2026-03,2026-03-24,9,0.1,,,
3395,Vb-741.CP110-CDE-SPM-7,741.CP110,,2026-03,2026-03-24,13.4,5.5,,,
3396,Vb-741.CP110-CNDE-SPM-1,741.CP110,,2026-03,2026-03-24,19.9,9.3,,,
3397,Vb-741.CP110-MDE-SPM-A,741.CP110,,2026-03,2026-03-24,16.4,8.3,,,
3398,Vb-741.CP110-MNDE-SPM-B,741.CP110,,2026-03,2026-03-24,35.3,12.8,,,
3399,Vb-741.CP110-CDE-SPM-5,741.CP110,,2026-04,2026-04-26,21.7,8.7,,,
3400,Vb-741.CP110-CDE-SPM-7,741.CP110,,2026-04,2026-04-26,15.6,6.9,,,
3401,Vb-741.CP110-CNDE-SPM-1,741.CP110,,2026-04,2026-04-26,20.9,10.2,,,
3402,Vb-741.CP110-MDE-SPM-A,741.CP110,,2026-04,2026-04-26,20.8,11.2,,,
3403,Vb-741.CP110-MNDE-SPM-B,741.CP110,,2026-04,2026-04-26,15.5,-8.7,,,
3404,Vb-741.CP111-CDE-SPM-5,741.CP111,,2025-05,2025-05-12,16,9,,,
3405,Vb-741.CP111-CNDE-SPM-1,741.CP111,,2025-05,2025-05-12,23,13,,,
3406,Vb-741.CP111-MDE-SPM-A,741.CP111,,2025-05,2025-05-12,20,11,,,
3407,Vb-741.CP111-MNDE-SPM-B,741.CP111,,2025-05,2025-05-12,23,8,,,
3408,Vb-741.CP111-CDE-SPM-5,741.CP111,,2025-08,2025-08-07,20,3,,,
3409,Vb-741.CP111-CDE-SPM-7,741.CP111,,2025-08,2025-08-07,11,4,,,
3410,Vb-741.CP111-CNDE-SPM-1,741.CP111,,2025-08,2025-08-07,24,14,,,
3411,Vb-741.CP111-MDE-SPM-A,741.CP111,,2025-08,2025-08-07,19,10,,,
3412,Vb-741.CP111-MNDE-SPM-B,741.CP111,,2025-08,2025-08-07,18,4,,,
3413,Vb-741.CP111-CDE-SPM-5,741.CP111,,2025-09,2025-09-03,16,5,2025-09-24,10,2
3414,Vb-741.CP111-CDE-SPM-7,741.CP111,,2025-09,2025-09-03,14,4,2025-09-24,11,4
3415,Vb-741.CP111-CNDE-SPM-1,741.CP111,,2025-09,2025-09-03,21,11,2025-09-24,32,13
3416,Vb-741.CP111-MDE-SPM-A,741.CP111,,2025-09,2025-09-03,24,11,2025-09-24,19,4
3417,Vb-741.CP111-MNDE-SPM-B,741.CP111,,2025-09,2025-09-03,20,10,2025-09-24,26,5
3418,Vb-741.CP111-CDE-SPM-5,741.CP111,,2026-02,2026-02-15,20,2,,,
3419,Vb-741.CP111-CDE-SPM-7,741.CP111,,2026-02,2026-02-15,25,4,,,
3420,Vb-741.CP111-CNDE-SPM-1,741.CP111,,2026-02,2026-02-15,16,6,,,
3421,Vb-741.CP111-MDE-SPM-A,741.CP111,,2026-02,2026-02-15,30,4,,,
3422,Vb-741.CP111-MNDE-SPM-B,741.CP111,,2026-02,2026-02-15,25,4,,,
3423,Vb-741.CP111-CDE-SPM-5,741.CP111,,2026-03,2026-03-24,9.2,0.9,,,
3424,Vb-741.CP111-CDE-SPM-7,741.CP111,,2026-03,2026-03-24,10.1,2.9,,,
3425,Vb-741.CP111-CNDE-SPM-1,741.CP111,,2026-03,2026-03-24,15.9,8.9,,,
3426,Vb-741.CP111-MDE-SPM-A,741.CP111,,2026-03,2026-03-24,19.2,6.9,,,
3427,Vb-741.CP111-MNDE-SPM-B,741.CP111,,2026-03,2026-03-24,29.4,2.7,,,
3428,Vb-741.CP112-CDE-SPM-5,741.CP112,,2025-05,2025-05-12,17,8,,,
3429,Vb-741.CP112-CNDE-SPM-1,741.CP112,,2025-05,2025-05-12,24,13,,,
3430,Vb-741.CP112-MDE-SPM-A,741.CP112,,2025-05,2025-05-12,31,18,,,
3431,Vb-741.CP112-MNDE-SPM-B,741.CP112,,2025-05,2025-05-12,33,7,,,
3432,Vb-741.CP112-CDE-SPM-5,741.CP112,,2025-07,2025-07-08,24,16,,,
3433,Vb-741.CP112-CDE-SPM-7,741.CP112,,2025-07,2025-07-08,19,12,,,
3434,Vb-741.CP112-CNDE-SPM-1,741.CP112,,2025-07,2025-07-08,26,14,,,
3435,Vb-741.CP112-MDE-SPM-A,741.CP112,,2025-07,2025-07-08,31,19,,,
3436,Vb-741.CP112-MNDE-SPM-B,741.CP112,,2025-07,2025-07-08,34,14,,,
3437,Vb-741.CP112-CDE-SPM-5,741.CP112,,2025-09,2025-09-03,19,11,,,
3438,Vb-741.CP112-CDE-SPM-7,741.CP112,,2025-09,2025-09-03,20,10,,,
3439,Vb-741.CP112-CNDE-SPM-1,741.CP112,,2025-09,2025-09-03,22,13,,,
3440,Vb-741.CP112-MDE-SPM-A,741.CP112,,2025-09,2025-09-03,24,15,,,
3441,Vb-741.CP112-MNDE-SPM-B,741.CP112,,2025-09,2025-09-03,23,12,,,
3442,Vb-741.CP112-CDE-SPM-5,741.CP112,,2026-02,2026-02-15,21,9,,,
3443,Vb-741.CP112-CDE-SPM-7,741.CP112,,2026-02,2026-02-15,19,9,,,
3444,Vb-741.CP112-CNDE-SPM-1,741.CP112,,2026-02,2026-02-15,20,11,,,
3445,Vb-741.CP112-MDE-SPM-A,741.CP112,,2026-02,2026-02-15,19,7,,,
3446,Vb-741.CP112-MNDE-SPM-B,741.CP112,,2026-02,2026-02-15,25,0,,,
3447,Vb-741.CP112-CDE-SPM-5,741.CP112,,2026-03,2026-03-24,16.8,4.1,,,
3448,Vb-741.CP112-CDE-SPM-7,741.CP112,,2026-03,2026-03-24,16.7,8.7,,,
3449,Vb-741.CP112-CNDE-SPM-1,741.CP112,,2026-03,2026-03-24,25.4,14.6,,,
3450,Vb-741.CP112-MDE-SPM-A,741.CP112,,2026-03,2026-03-24,24.5,4.7,,,
3451,Vb-741.CP112-MNDE-SPM-B,741.CP112,,2026-03,2026-03-24,25,6.3,,,
3452,Vb-741.CP112-CDE-SPM-5,741.CP112,,2026-04,2026-04-26,28.2,9.2,,,
3453,Vb-741.CP112-CDE-SPM-7,741.CP112,,2026-04,2026-04-26,15.5,5.3,,,
3454,Vb-741.CP112-CNDE-SPM-1,741.CP112,,2026-04,2026-04-26,27.6,17.4,,,
3455,Vb-741.CP112-MDE-SPM-A,741.CP112,,2026-04,2026-04-26,25.4,8.5,,,
3456,Vb-741.CP112-MNDE-SPM-B,741.CP112,,2026-04,2026-04-26,13.2,-12.8,,,
3457,Vb-741.CP113-CDE-SPM-5,741.CP113,,2025-05,2025-05-12,22,9,,,
3458,Vb-741.CP113-CNDE-SPM-1,741.CP113,,2025-05,2025-05-12,30,13,,,
3459,Vb-741.CP113-MDE-SPM-A,741.CP113,,2025-05,2025-05-12,31,10,,,
3460,Vb-741.CP113-MNDE-SPM-B,741.CP113,,2025-05,2025-05-12,36,10,,,
3461,Vb-741.CP113-CDE-SPM-5,741.CP113,,2025-07,2025-07-08,23,14,,,
3462,Vb-741.CP113-CDE-SPM-7,741.CP113,,2025-07,2025-07-08,18,11,,,
3463,Vb-741.CP113-CNDE-SPM-1,741.CP113,,2025-07,2025-07-08,25,18,,,
3464,Vb-741.CP113-MDE-SPM-A,741.CP113,,2025-07,2025-07-08,22,12,,,
3465,Vb-741.CP113-MNDE-SPM-B,741.CP113,,2025-07,2025-07-08,7,-3,,,
3466,Vb-741.CP113-CDE-SPM-5,741.CP113,,2025-09,2025-09-03,28,14,2025-09-24,28,14
3467,Vb-741.CP113-CDE-SPM-7,741.CP113,,2025-09,2025-09-03,17,12,2025-09-24,25,12
3468,Vb-741.CP113-CNDE-SPM-1,741.CP113,,2025-09,2025-09-03,25,13,2025-09-24,31,16
3469,Vb-741.CP113-MDE-SPM-A,741.CP113,,2025-09,2025-09-03,26,13,2025-09-24,26,15
3470,Vb-741.CP113-MNDE-SPM-B,741.CP113,,2025-09,2025-09-03,27,11,2025-09-24,30,3
3471,Vb-741.CP113-CDE-SPM-5,741.CP113,,2026-02,2026-02-15,14,9,,,
3472,Vb-741.CP113-CDE-SPM-7,741.CP113,,2026-02,2026-02-15,13,3,,,
3473,Vb-741.CP113-CNDE-SPM-1,741.CP113,,2026-02,2026-02-15,14,7,,,
3474,Vb-741.CP113-MDE-SPM-A,741.CP113,,2026-02,2026-02-15,23,1,,,
3475,Vb-741.CP113-MNDE-SPM-B,741.CP113,,2026-02,2026-02-15,27,11,,,
3476,Vb-741.CP113-CDE-SPM-5,741.CP113,,2026-03,2026-03-24,20.6,7.6,,,
3477,Vb-741.CP113-CDE-SPM-7,741.CP113,,2026-03,2026-03-24,12.7,1.9,,,
3478,Vb-741.CP113-CNDE-SPM-1,741.CP113,,2026-03,2026-03-24,26.4,8.6,,,
3479,Vb-741.CP113-MDE-SPM-A,741.CP113,,2026-03,2026-03-24,31.3,9.2,,,
3480,Vb-741.CP113-MNDE-SPM-B,741.CP113,,2026-03,2026-03-24,36.5,11.7,,,
3481,Vb-741.CP113-CDE-SPM-5,741.CP113,,2026-04,2026-04-26,20,8,,,
3482,Vb-741.CP113-CDE-SPM-7,741.CP113,,2026-04,2026-04-26,13,7.4,,,
3483,Vb-741.CP113-CNDE-SPM-1,741.CP113,,2026-04,2026-04-26,25.7,12.8,,,
3484,Vb-741.CP113-MDE-SPM-A,741.CP113,,2026-04,2026-04-26,30,8.1,,,
3485,Vb-741.CP113-MNDE-SPM-B,741.CP113,,2026-04,2026-04-26,20.6,4.9,,,
3486,Vb-742.CP110-CNDE-SPM-1,742.CP110,,2025-05,2025-05-06,7,-20,,,
3487,Vb-742.CP110-CDE-SPM-5,742.CP110,,2025-07,2025-07-31,34,22,,,
3488,Vb-742.CP110-CDE-SPM-7,742.CP110,,2025-07,2025-07-31,22,15,,,
3489,Vb-742.CP110-CNDE-SPM-1,742.CP110,,2025-07,2025-07-31,37,30,,,
3490,Vb-742.CP110-MDE-SPM-A,742.CP110,,2025-07,2025-07-31,8,1,,,
3491,Vb-742.CP110-MNDE-SPM-B,742.CP110,,2025-07,2025-07-31,15,-12,,,
3492,Vb-742.CP110-CDE-SPM-5,742.CP110,,2025-08,2025-08-24,26,20,,,
3493,Vb-742.CP110-CDE-SPM-7,742.CP110,,2025-08,2025-08-24,30,23,,,
3494,Vb-742.CP110-CNDE-SPM-1,742.CP110,,2025-08,2025-08-24,30,21,,,
3495,Vb-742.CP110-MDE-SPM-A,742.CP110,,2025-08,2025-08-24,18,4,,,
3496,Vb-742.CP110-MNDE-SPM-B,742.CP110,,2025-08,2025-08-24,19,3,,,
3497,,742.CP110,Compressor DE,2026-04,2026-04-22,,,,,
3498,Vb-742.CP110-CNDE-SPM-1,742.CP110,,2026-04,2026-04-22,,,,,
3499,Vb-742.CP110-MDE-SPM-A,742.CP110,,2026-04,2026-04-22,,,,,
3500,Vb-742.CP110-MNDE-SPM-B,742.CP110,,2026-04,2026-04-22,,,,,
3501,,742.CP110,Compressor DE,2026-05,2026-05-11,,,,,
3502,Vb-742.CP110-CNDE-SPM-1,742.CP110,,2026-05,2026-05-11,,,,,
3503,Vb-742.CP110-MDE-SPM-A,742.CP110,,2026-05,2026-05-11,,,,,
3504,Vb-742.CP110-MNDE-SPM-B,742.CP110,,2026-05,2026-05-11,,,,,
3505,Vb-742.CP111-CNDE-SPM-1,742.CP111,,2025-04,2025-04-22,37,22,,,
3506,Vb-742.CP111-CDE-SPM-5,742.CP111,,2025-05,2025-05-06,36,24,,,
3507,Vb-742.CP111-MDE-SPM-A,742.CP111,,2025-05,2025-05-06,33,24,,,
3508,Vb-742.CP111-MNDE-SPM-B,742.CP111,,2025-05,2025-05-06,27,6,,,
3509,Vb-742.CP111-CDE-SPM-5,742.CP111,,2025-07,2025-07-31,29,22,,,
3510,Vb-742.CP111-CDE-SPM-7,742.CP111,,2025-07,2025-07-31,20,13,,,
3511,Vb-742.CP111-CNDE-SPM-1,742.CP111,,2025-07,2025-07-31,24,17,,,
3512,Vb-742.CP111-MDE-SPM-A,742.CP111,,2025-07,2025-07-31,7,-8,,,
3513,Vb-742.CP111-MNDE-SPM-B,742.CP111,,2025-07,2025-07-31,13,-16,,,
3514,Vb-742.CP111-CDE-SPM-5,742.CP111,,2026-01,2026-01-04,30.6,23.6,,,
3515,Vb-742.CP111-CDE-SPM-7,742.CP111,,2026-01,2026-01-04,26.9,21.2,,,
3516,Vb-742.CP111-CNDE-SPM-1,742.CP111,,2026-01,2026-01-04,26.7,20.1,,,
3517,Vb-742.CP111-MDE-SPM-A,742.CP111,,2026-01,2026-01-04,5.6,-0.9,,,
3518,Vb-742.CP111-MNDE-SPM-B,742.CP111,,2026-01,2026-01-04,14,-12.4,,,
3519,,742.CP111,Compressor DE,2026-04,2026-04-22,,,,,
3520,Vb-742.CP111-CDE-SPM-5,742.CP111,,2026-04,2026-04-01,31,24,,,
3521,Vb-742.CP111-CDE-SPM-7,742.CP111,,2026-04,2026-04-01,27,21,,,
3522,Vb-742.CP111-CNDE-SPM-1,742.CP111,,2026-04,2026-04-01,27,20,2026-04-22,,
3523,Vb-742.CP111-MDE-SPM-A,742.CP111,,2026-04,2026-04-01,6,-1,2026-04-22,,
3524,Vb-742.CP111-MNDE-SPM-B,742.CP111,,2026-04,2026-04-01,14,-12,2026-04-22,,
3525,Vb-742.CP112-CDE-SPM-5,742.CP112,,2025-05,2025-05-06,30,16,,,
3526,Vb-742.CP112-CNDE-SPM-1,742.CP112,,2025-05,2025-05-06,40,32,,,
3527,Vb-742.CP112-MDE-SPM-A,742.CP112,,2025-05,2025-05-06,15,3,,,
3528,Vb-742.CP112-MNDE-SPM-B,742.CP112,,2025-05,2025-05-06,12,3,,,
3529,Vb-742.CP112-CDE-SPM-5,742.CP112,,2025-06,2025-06-25,32,20,,,
3530,Vb-742.CP112-CDE-SPM-7,742.CP112,,2025-06,2025-06-25,26,14,,,
3531,Vb-742.CP112-CNDE-SPM-1,742.CP112,,2025-06,2025-06-25,38,29,,,
3532,Vb-742.CP112-MDE-SPM-A,742.CP112,,2025-06,2025-06-25,10,3,,,
3533,Vb-742.CP112-MNDE-SPM-B,742.CP112,,2025-06,2025-06-25,17,1,,,
3534,Vb-742.CP112-CDE-SPM-5,742.CP112,,2025-09,2025-09-28,20,12,,,
3535,Vb-742.CP112-CDE-SPM-7,742.CP112,,2025-09,2025-09-28,27,20,,,
3536,Vb-742.CP112-CNDE-SPM-1,742.CP112,,2025-09,2025-09-28,43,33,,,
3537,Vb-742.CP112-MDE-SPM-A,742.CP112,,2025-09,2025-09-28,8,-2,,,
3538,Vb-742.CP112-MNDE-SPM-B,742.CP112,,2025-09,2025-09-28,7,-7,,,
3539,Vb-742.CP112-CDE-SPM-5,742.CP112,,2026-01,2026-01-04,17.3,9.9,,,
3540,Vb-742.CP112-CDE-SPM-7,742.CP112,,2026-01,2026-01-04,24.4,14.8,,,
3541,Vb-742.CP112-CNDE-SPM-1,742.CP112,,2026-01,2026-01-04,40.4,31.8,,,
3542,Vb-742.CP112-MDE-SPM-A,742.CP112,,2026-01,2026-01-04,12.3,3.3,,,
3543,Vb-742.CP112-MNDE-SPM-B,742.CP112,,2026-01,2026-01-04,28.2,9.3,,,
3544,Vb-742.CP112-CDE-SPM-5,742.CP112,,2026-04,2026-04-01,17,10,,,
3545,Vb-742.CP112-CDE-SPM-7,742.CP112,,2026-04,2026-04-01,24,15,,,
3546,Vb-742.CP112-CNDE-SPM-1,742.CP112,,2026-04,2026-04-01,40,32,,,
3547,Vb-742.CP112-MDE-SPM-A,742.CP112,,2026-04,2026-04-01,12,3,,,
3548,Vb-742.CP112-MNDE-SPM-B,742.CP112,,2026-04,2026-04-01,28,9,,,
3549,,742.CP112,Compressor DE,2026-05,2026-05-11,,,,,
3550,Vb-742.CP112-CNDE-SPM-1,742.CP112,,2026-05,2026-05-11,,,,,
3551,Vb-742.CP112-MDE-SPM-A,742.CP112,,2026-05,2026-05-11,,,,,
3552,Vb-742.CP112-MNDE-SPM-B,742.CP112,,2026-05,2026-05-11,,,,,
3553,Vb-742.CP113-CDE-SPM-5,742.CP113,,2025-05,2025-05-06,15,8,,,
3554,Vb-742.CP113-CNDE-SPM-1,742.CP113,,2025-05,2025-05-06,8,2,,,
3555,Vb-742.CP113-MDE-SPM-A,742.CP113,,2025-05,2025-05-06,8,-12,,,
3556,Vb-742.CP113-MNDE-SPM-B,742.CP113,,2025-05,2025-05-06,-4,-12,,,
3557,Vb-742.CP113-CDE-SPM-5,742.CP113,,2025-07,2025-07-31,13,6,,,
3558,Vb-742.CP113-CDE-SPM-7,742.CP113,,2025-07,2025-07-31,10,4,,,
3559,Vb-742.CP113-CNDE-SPM-1,742.CP113,,2025-07,2025-07-31,9,4,,,
3560,Vb-742.CP113-MDE-SPM-A,742.CP113,,2025-07,2025-07-31,-8,-16,,,
3561,Vb-742.CP113-MNDE-SPM-B,742.CP113,,2025-07,2025-07-31,8,-10,,,
3562,Vb-742.CP113-CDE-SPM-5,742.CP113,,2025-08,2025-08-24,11,6,,,
3563,Vb-742.CP113-CDE-SPM-7,742.CP113,,2025-08,2025-08-24,8,0,,,
3564,Vb-742.CP113-CNDE-SPM-1,742.CP113,,2025-08,2025-08-24,13,6,,,
3565,Vb-742.CP113-MDE-SPM-A,742.CP113,,2025-08,2025-08-24,-6,-13,,,
3566,Vb-742.CP113-MNDE-SPM-B,742.CP113,,2025-08,2025-08-24,-2,-12,,,
3567,Vb-742.CP113-CDE-SPM-5,742.CP113,,2025-09,2025-09-28,11,4,,,
3568,Vb-742.CP113-CDE-SPM-7,742.CP113,,2025-09,2025-09-28,11,4,,,
3569,Vb-742.CP113-CNDE-SPM-1,742.CP113,,2025-09,2025-09-28,12,4,,,
3570,Vb-742.CP113-MDE-SPM-A,742.CP113,,2025-09,2025-09-28,2,-16,,,
3571,Vb-742.CP113-MNDE-SPM-B,742.CP113,,2025-09,2025-09-28,22,-10,,,
3572,Vb-742.CP113-CDE-SPM-5,742.CP113,,2026-01,2026-01-04,10.7,2.8,,,
3573,Vb-742.CP113-CDE-SPM-7,742.CP113,,2026-01,2026-01-04,8.2,1.9,,,
3574,Vb-742.CP113-CNDE-SPM-1,742.CP113,,2026-01,2026-01-04,10.2,3.2,,,
3575,Vb-742.CP113-MDE-SPM-A,742.CP113,,2026-01,2026-01-04,8,-16.4,,,
3576,Vb-742.CP113-MNDE-SPM-B,742.CP113,,2026-01,2026-01-04,1.6,-16.2,,,
3577,Vb-742.CP113-CDE-SPM-5,742.CP113,,2026-04,2026-04-01,11,3,,,
3578,Vb-742.CP113-CDE-SPM-7,742.CP113,,2026-04,2026-04-01,8,2,,,
3579,Vb-742.CP113-CNDE-SPM-1,742.CP113,,2026-04,2026-04-01,10,3,,,
3580,Vb-742.CP113-MDE-SPM-A,742.CP113,,2026-04,2026-04-01,8,-16,,,
3581,Vb-742.CP113-MNDE-SPM-B,742.CP113,,2026-04,2026-04-01,2,-16,,,
3582,,742.CP113,Compressor DE,2026-05,2026-05-11,,,,,
3583,Vb-742.CP113-CNDE-SPM-1,742.CP113,,2026-05,2026-05-11,,,,,
3584,Vb-742.CP113-MDE-SPM-A,742.CP113,,2026-05,2026-05-11,,,,,
3585,Vb-742.CP113-MNDE-SPM-B,742.CP113,,2026-05,2026-05-11,,,,,
3586,Vb-743.CP110-CDE-SPM-5,743.CP110,,2025-05,2025-05-18,42,20,,,
3587,Vb-743.CP110-CDE-SPM-7,743.CP110,,2025-05,2025-05-18,34,15,,,
3588,Vb-743.CP110-CNDE-SPM-1,743.CP110,,2025-05,2025-05-18,22,11,,,
3589,Vb-743.CP110-MDE-SPM-A,743.CP110,,2025-05,2025-05-18,23,8,,,
3590,Vb-743.CP110-MNDE-SPM-B,743.CP110,,2025-05,2025-05-18,17,1,,,
3591,Vb-743.CP110-CDE-SPM-5,743.CP110,,2025-07,2025-07-28,21,13,,,
3592,Vb-743.CP110-CDE-SPM-7,743.CP110,,2025-07,2025-07-28,22,14,,,
3593,Vb-743.CP110-CNDE-SPM-1,743.CP110,,2025-07,2025-07-28,10,4,,,
3594,Vb-743.CP110-MDE-SPM-A,743.CP110,,2025-07,2025-07-28,-2,-10,,,
3595,Vb-743.CP110-MNDE-SPM-B,743.CP110,,2025-07,2025-07-28,-9,-17,,,
3596,Vb-743.CP110-CDE-SPM-5,743.CP110,,2025-09,2025-09-07,24,15,,,
3597,Vb-743.CP110-CDE-SPM-7,743.CP110,,2025-09,2025-09-07,19,13,,,
3598,Vb-743.CP110-CNDE-SPM-1,743.CP110,,2025-09,2025-09-07,18,11,,,
3599,Vb-743.CP110-MDE-SPM-A,743.CP110,,2025-09,2025-09-07,7,-9,,,
3600,Vb-743.CP110-MNDE-SPM-B,743.CP110,,2025-09,2025-09-07,8,-10,,,
3601,Vb-743.CP110-CDE-SPM-5,743.CP110,,2026-02,2026-02-04,24.6,14.1,,,
3602,Vb-743.CP110-CDE-SPM-7,743.CP110,,2026-02,2026-02-04,27.2,17.6,,,
3603,Vb-743.CP110-CNDE-SPM-1,743.CP110,,2026-02,2026-02-04,19.9,10.2,,,
3604,Vb-743.CP110-MDE-SPM-A,743.CP110,,2026-02,2026-02-04,14.6,-6.8,,,
3605,Vb-743.CP110-MNDE-SPM-B,743.CP110,,2026-02,2026-02-04,4.8,-5,,,
3606,Vb-743.CP110-CDE-SPM-5,743.CP110,,2026-03,2026-03-30,20.1,13,,,
3607,Vb-743.CP110-CDE-SPM-7,743.CP110,,2026-03,2026-03-30,24.6,17.9,,,
3608,Vb-743.CP110-CNDE-SPM-1,743.CP110,,2026-03,2026-03-30,17.2,9.7,,,
3609,Vb-743.CP110-MDE-SPM-A,743.CP110,,2026-03,2026-03-30,17.6,-4.7,,,
3610,Vb-743.CP110-MNDE-SPM-B,743.CP110,,2026-03,2026-03-30,9.8,-7.9,,,
3611,Vb-743.CP111-CDE-SPM-5,743.CP111,,2025-07,2025-07-08,23,16,,,
3612,Vb-743.CP111-CDE-SPM-7,743.CP111,,2025-07,2025-07-08,26,13,,,
3613,Vb-743.CP111-CNDE-SPM-1,743.CP111,,2025-07,2025-07-08,19,12,,,
3614,Vb-743.CP111-MDE-SPM-A,743.CP111,,2025-07,2025-07-08,28,2,,,
3615,Vb-743.CP111-MNDE-SPM-B,743.CP111,,2025-07,2025-07-08,22,-3,,,
3616,Vb-743.CP111-CDE-SPM-5,743.CP111,,2025-09,2025-09-07,27,19,,,
3617,Vb-743.CP111-CDE-SPM-7,743.CP111,,2025-09,2025-09-07,30,23,,,
3618,Vb-743.CP111-CNDE-SPM-1,743.CP111,,2025-09,2025-09-07,37,29,,,
3619,Vb-743.CP111-MDE-SPM-A,743.CP111,,2025-09,2025-09-07,15,6,,,
3620,Vb-743.CP111-MNDE-SPM-B,743.CP111,,2025-09,2025-09-07,5,-4,,,
3621,Vb-743.CP111-CDE-SPM-5,743.CP111,,2026-02,2026-02-04,27.3,13.4,,,
3622,Vb-743.CP111-CDE-SPM-7,743.CP111,,2026-02,2026-02-04,35.2,15.8,,,
3623,Vb-743.CP111-CNDE-SPM-1,743.CP111,,2026-02,2026-02-04,42.7,29.4,,,
3624,Vb-743.CP111-MDE-SPM-A,743.CP111,,2026-02,2026-02-04,22.7,-0.6,,,
3625,Vb-743.CP111-MNDE-SPM-B,743.CP111,,2026-02,2026-02-04,16.1,-5.5,,,
3626,Vb-743.CP111-CDE-SPM-5,743.CP111,,2026-04,2026-04-19,42.3,33.9,,,
3627,Vb-743.CP111-CDE-SPM-7,743.CP111,,2026-04,2026-04-19,37.5,27.4,,,
3628,Vb-743.CP111-CNDE-SPM-1,743.CP111,,2026-04,2026-04-19,49.3,32.8,,,
3629,Vb-743.CP111-MDE-SPM-A,743.CP111,,2026-04,2026-04-19,15.7,4.7,,,
3630,Vb-743.CP111-MNDE-SPM-B,743.CP111,,2026-04,2026-04-19,27.6,8.7,,,
3631,Vb-743.CP112-CDE-SPM-5,743.CP112,,2025-07,2025-07-28,24,14,,,
3632,Vb-743.CP112-CDE-SPM-7,743.CP112,,2025-07,2025-07-28,14,7,,,
3633,Vb-743.CP112-CNDE-SPM-1,743.CP112,,2025-07,2025-07-28,18,8,,,
3634,Vb-743.CP112-MDE-SPM-A,743.CP112,,2025-07,2025-07-28,12,-11,,,
3635,Vb-743.CP112-MNDE-SPM-B,743.CP112,,2025-07,2025-07-28,3,-19,,,
3636,Vb-743.CP112-CDE-SPM-5,743.CP112,,2025-09,2025-09-07,22,8,,,
3637,Vb-743.CP112-CDE-SPM-7,743.CP112,,2025-09,2025-09-07,15,8,,,
3638,Vb-743.CP112-CNDE-SPM-1,743.CP112,,2025-09,2025-09-07,23,6,,,
3639,Vb-743.CP112-MDE-SPM-A,743.CP112,,2025-09,2025-09-07,7,-10,,,
3640,Vb-743.CP112-MNDE-SPM-B,743.CP112,,2025-09,2025-09-07,7,-9,,,
3641,Vb-743.CP112-CDE-SPM-5,743.CP112,,2026-01,2026-01-22,19.3,10.8,,,
3642,Vb-743.CP112-CDE-SPM-7,743.CP112,,2026-01,2026-01-22,23.1,13.9,,,
3643,Vb-743.CP112-CNDE-SPM-1,743.CP112,,2026-01,2026-01-22,22.8,14.3,,,
3644,Vb-743.CP112-MDE-SPM-A,743.CP112,,2026-01,2026-01-22,4.3,-5.1,,,
3645,Vb-743.CP112-MNDE-SPM-B,743.CP112,,2026-02,2026-02-04,6.6,-4.8,,,
3646,Vb-743.CP112-CDE-SPM-5,743.CP112,,2026-03,2026-03-30,22.3,12.1,,,
3647,Vb-743.CP112-CDE-SPM-7,743.CP112,,2026-03,2026-03-30,16.5,10.2,,,
3648,Vb-743.CP112-CNDE-SPM-1,743.CP112,,2026-03,2026-03-30,18.5,12.1,,,
3649,Vb-743.CP112-MDE-SPM-A,743.CP112,,2026-03,2026-03-30,3.9,-6.1,,,
3650,Vb-743.CP112-MNDE-SPM-B,743.CP112,,2026-03,2026-03-30,1.4,-8.9,,,
3651,Vb-743.CP112-CDE-SPM-5,743.CP112,,2026-04,2026-04-21,21.5,10.1,,,
3652,Vb-743.CP112-CDE-SPM-7,743.CP112,,2026-04,2026-04-21,25.7,13.2,,,
3653,Vb-743.CP112-CNDE-SPM-1,743.CP112,,2026-04,2026-04-21,22.5,12,,,
3654,Vb-743.CP112-MDE-SPM-A,743.CP112,,2026-04,2026-04-21,14.5,-5.7,,,
3655,Vb-743.CP112-MNDE-SPM-B,743.CP112,,2026-04,2026-04-21,2.1,-5.2,,,
3656,Vb-743.CP113-CDE-SPM-5,743.CP113,,2025-05,2025-05-08,26,17,,,
3657,Vb-743.CP113-CDE-SPM-7,743.CP113,,2025-05,2025-05-08,21,11,,,
3658,Vb-743.CP113-CNDE-SPM-1,743.CP113,,2025-05,2025-05-08,22,11,,,
3659,Vb-743.CP113-MDE-SPM-A,743.CP113,,2025-05,2025-05-08,5,-3,,,
3660,Vb-743.CP113-MNDE-SPM-B,743.CP113,,2025-07,2025-07-28,5,-16,,,
3661,Vb-743.CP113-CDE-SPM-5,743.CP113,,2025-09,2025-09-07,25,13,,,
3662,Vb-743.CP113-CDE-SPM-7,743.CP113,,2025-09,2025-09-07,21,12,,,
3663,Vb-743.CP113-CNDE-SPM-1,743.CP113,,2025-09,2025-09-07,16,6,,,
3664,Vb-743.CP113-MDE-SPM-A,743.CP113,,2025-09,2025-09-07,6,-4,,,
3665,Vb-743.CP113-MNDE-SPM-B,743.CP113,,2025-09,2025-09-07,8,-10,,,
3666,Vb-743.CP113-CDE-SPM-5,743.CP113,,2026-02,2026-02-04,23.4,13.3,,,
3667,Vb-743.CP113-CDE-SPM-7,743.CP113,,2026-02,2026-02-04,32.2,15.1,,,
3668,Vb-743.CP113-CNDE-SPM-1,743.CP113,,2026-02,2026-02-04,19.3,11.8,,,
3669,Vb-743.CP113-MDE-SPM-A,743.CP113,,2026-02,2026-02-04,16.9,-3.3,,,
3670,Vb-743.CP113-MNDE-SPM-B,743.CP113,,2026-02,2026-02-04,1.5,-6.6,,,
3671,Vb-743.CP113-CDE-SPM-5,743.CP113,,2026-03,2026-03-30,28.9,9.6,,,
3672,Vb-743.CP113-CDE-SPM-7,743.CP113,,2026-03,2026-03-30,26.6,11.6,,,
3673,Vb-743.CP113-CNDE-SPM-1,743.CP113,,2026-03,2026-03-30,21,11,,,
3674,Vb-743.CP113-MDE-SPM-A,743.CP113,,2026-03,2026-03-30,16,-6.3,,,
3675,Vb-743.CP113-MNDE-SPM-B,743.CP113,,2026-03,2026-03-30,1.6,-17,,,
3676,Vb-743.CP113-CDE-SPM-5,743.CP113,,2026-04,2026-04-21,26.7,18.9,,,
3677,Vb-743.CP113-CDE-SPM-7,743.CP113,,2026-04,2026-04-21,21.4,14.2,,,
3678,Vb-743.CP113-CNDE-SPM-1,743.CP113,,2026-04,2026-04-21,27.2,19.9,,,
3679,Vb-743.CP113-MDE-SPM-A,743.CP113,,2026-04,2026-04-21,15.1,-7.5,,,
3680,Vb-743.CP113-MNDE-SPM-B,743.CP113,,2026-04,2026-04-21,6.4,-7.6,,,
3681,,743.CP115,Compressor DE,2026-04,2026-04-21,32.6,16.1,2026-04-21,21.7,8.7
3682,,743.CP115,Compressor NDE,2026-04,2026-04-21,36.4,18.5,,,
3683,,743.CP115,Motor DE,2026-04,2026-04-21,24,-1.6,,,
3684,,743.CP115,Motor NDE,2026-04,2026-04-21,5,-14.5,,,
3685,Vb-744.CP110-CDE-SPM-5,744.CP110,,2025-01,2025-01-07,22,12,,,
3686,Vb-744.CP110-CNDE-SPM-1,744.CP110,,2025-01,2025-01-07,37,17,,,
3687,Vb-744.CP110-MDE-SPM-A,744.CP110,,2025-01,2025-01-07,4,-4,,,
3688,Vb-744.CP110-MNDE-SPM-B,744.CP110,,2025-01,2025-01-07,7,-13,,,
3689,Vb-744.CP110-CDE-SPM-5,744.CP110,,2025-05,2025-05-06,40,18,2025-05-08,25,10
3690,Vb-744.CP110-CDE-SPM-7,744.CP110,,2025-05,2025-05-08,24,13,,,
3691,Vb-744.CP110-CNDE-SPM-1,744.CP110,,2025-05,2025-05-06,35,18,2025-05-08,37,22
3692,Vb-744.CP110-MDE-SPM-A,744.CP110,,2025-05,2025-05-06,11,-2,2025-05-08,18,0
3693,Vb-744.CP110-MNDE-SPM-B,744.CP110,,2025-05,2025-05-06,25,6,2025-05-08,14,-9
3694,Vb-744.CP110-CDE-SPM-5,744.CP110,,2025-09,2025-09-15,31,13,,,
3695,Vb-744.CP110-CDE-SPM-7,744.CP110,,2025-09,2025-09-15,33,13,,,
3696,Vb-744.CP110-CNDE-SPM-1,744.CP110,,2025-09,2025-09-15,33,16,,,
3697,Vb-744.CP110-MDE-SPM-A,744.CP110,,2025-09,2025-09-15,15,-1,,,
3698,Vb-744.CP110-MNDE-SPM-B,744.CP110,,2025-09,2025-09-15,17,-8,,,
3699,,744.CP110,Compressor DE,2026-03,2026-03-18,,,,,
3700,Vb-744.CP110-CNDE-SPM-1,744.CP110,,2026-03,2026-03-18,,,,,
3701,Vb-744.CP110-MDE-SPM-A,744.CP110,,2026-03,2026-03-18,,,,,
3702,Vb-744.CP110-MNDE-SPM-B,744.CP110,,2026-03,2026-03-18,,,,,
3703,,744.CP110,Compressor DE,2026-05,2026-05-11,,,,,
3704,Vb-744.CP110-CNDE-SPM-1,744.CP110,,2026-05,2026-05-11,,,,,
3705,Vb-744.CP110-MDE-SPM-A,744.CP110,,2026-05,2026-05-11,,,,,
3706,Vb-744.CP110-MNDE-SPM-B,744.CP110,,2026-05,2026-05-11,,,,,
3707,Vb-744.CP111-CDE-SPM-5,744.CP111,,2025-05,2025-05-08,23,17,,,
3708,Vb-744.CP111-CDE-SPM-7,744.CP111,,2025-05,2025-05-08,18,10,,,
3709,Vb-744.CP111-CNDE-SPM-1,744.CP111,,2025-05,2025-05-08,25,17,,,
3710,Vb-744.CP111-MDE-SPM-A,744.CP111,,2025-05,2025-05-08,18,11,,,
3711,Vb-744.CP111-MNDE-SPM-B,744.CP111,,2025-05,2025-05-08,11,5,,,
3712,Vb-744.CP111-CDE-SPM-5,744.CP111,,2025-08,2025-08-05,23,17,,,
3713,Vb-744.CP111-CDE-SPM-7,744.CP111,,2025-08,2025-08-05,18,10,,,
3714,Vb-744.CP111-CNDE-SPM-1,744.CP111,,2025-08,2025-08-05,25,17,,,
3715,Vb-744.CP111-MDE-SPM-A,744.CP111,,2025-08,2025-08-05,18,11,,,
3716,Vb-744.CP111-MNDE-SPM-B,744.CP111,,2025-08,2025-08-05,11,5,,,
3717,,744.CP111,Compressor DE,2026-02,2026-02-08,,,,,
3718,Vb-744.CP111-CNDE-SPM-1,744.CP111,,2026-02,2026-02-08,,,,,
3719,Vb-744.CP111-MDE-SPM-A,744.CP111,,2026-02,2026-02-08,,,,,
3720,Vb-744.CP111-MNDE-SPM-B,744.CP111,,2026-02,2026-02-08,,,,,
3721,,744.CP111,Compressor DE,2026-05,2026-05-11,,,,,
3722,Vb-744.CP111-CNDE-SPM-1,744.CP111,,2026-05,2026-05-11,,,,,
3723,Vb-744.CP111-MDE-SPM-A,744.CP111,,2026-05,2026-05-11,,,,,
3724,Vb-744.CP111-MNDE-SPM-B,744.CP111,,2026-05,2026-05-11,,,,,
3725,Vb-744.CP112-CDE-SPM-5,744.CP112,,2025-01,2025-01-07,29,17,,,
3726,Vb-744.CP112-CNDE-SPM-1,744.CP112,,2025-01,2025-01-07,34,15,,,
3727,Vb-744.CP112-MDE-SPM-A,744.CP112,,2025-01,2025-01-07,20,-3,,,
3728,Vb-744.CP112-MNDE-SPM-B,744.CP112,,2025-01,2025-01-07,15,4,,,
3729,Vb-744.CP112-CDE-SPM-5,744.CP112,,2025-05,2025-05-06,45,19,2025-05-08,31,21
3730,Vb-744.CP112-CDE-SPM-7,744.CP112,,2025-05,2025-05-08,35,25,,,
3731,Vb-744.CP112-CNDE-SPM-1,744.CP112,,2025-05,2025-05-06,42,15,2025-05-08,43,32
3732,Vb-744.CP112-MDE-SPM-A,744.CP112,,2025-05,2025-05-06,10,-1,2025-05-08,21,7
3733,Vb-744.CP112-MNDE-SPM-B,744.CP112,,2025-05,2025-05-06,10,-4,2025-05-08,20,-6
3734,Vb-744.CP112-CDE-SPM-5,744.CP112,,2025-09,2025-09-15,24,10,,,
3735,Vb-744.CP112-CDE-SPM-7,744.CP112,,2025-09,2025-09-15,29,20,,,
3736,Vb-744.CP112-CNDE-SPM-1,744.CP112,,2025-09,2025-09-15,37,25,,,
3737,Vb-744.CP112-MDE-SPM-A,744.CP112,,2025-09,2025-09-15,17,5,,,
3738,Vb-744.CP112-MNDE-SPM-B,744.CP112,,2025-09,2025-09-15,18,-2,,,
3739,Vb-744.CP112-CDE-SPM-5,744.CP112,,2026-01,2026-01-26,32.5,20.9,,,
3740,Vb-744.CP112-CDE-SPM-7,744.CP112,,2026-01,2026-01-26,26.7,20.2,,,
3741,Vb-744.CP112-CNDE-SPM-1,744.CP112,,2026-01,2026-01-26,35.6,17.2,,,
3742,Vb-744.CP112-MDE-SPM-A,744.CP112,,2026-01,2026-01-26,21.4,2.2,,,
3743,Vb-744.CP112-MNDE-SPM-B,744.CP112,,2026-01,2026-01-26,8.3,-5.1,,,
3744,,744.CP113,Compressor DE,2025-01,2025-01-07,29,13,,,
3745,,744.CP113,Compressor NDE,2025-01,2025-01-07,44,24,,,
3746,,744.CP113,Motor DE,2025-01,2025-01-07,19,1,,,
3747,,744.CP113,Motor NDE,2025-01,2025-01-07,19,1,,,
3748,,744.CP113,Compressor DE,2025-05,2025-05-06,30,17,2025-05-08,27,20
3749,,744.CP113,Compressor NDE,2025-05,2025-05-06,40,25,2025-05-08,40,24
3750,,744.CP113,Motor DE,2025-05,2025-05-06,10,1,2025-05-08,16,0
3751,,744.CP113,Motor NDE,2025-05,2025-05-06,13,-6,2025-05-08,15,-12
3752,,744.CP113,Compressor DE,2025-09,2025-09-15,26,16,2025-09-15,27,19
3753,,744.CP113,Compressor NDE,2025-09,2025-09-15,42,27,,,
3754,,744.CP113,Motor DE,2025-09,2025-09-15,12,-1,,,
3755,,744.CP113,Motor NDE,2025-09,2025-09-15,9,-1,,,
3756,,744.CP113,Compressor DE,2026-01,2026-01-26,29.8,21,2026-01-26,27.9,21.4
3757,,744.CP113,Compressor NDE,2026-01,2026-01-26,44.4,19.6,,,
3758,,744.CP113,Motor DE,2026-01,2026-01-26,13.5,5.1,,,
3759,,744.CP113,Motor NDE,2026-01,2026-01-26,8.7,-2.3,,,
3760,,744.CP113,Motor NDE,2026-05,2026-05-11,,,,,
3761,,744.CP113,Motor DE,2026-05,2026-05-11,,,,,
3762,,744.CP113,Compressor DE,2026-05,2026-05-11,,,,,
3763,,744.CP113,Compressor NDE,2026-05,2026-05-11,,,,,
3764,,761.WI210,Motor DE,2026-02,2026-02-22,22,15,,,
3765,,761.WI210,Motor NDE,2026-02,2026-02-22,15,-2,,,
3766,,761.WI210,Motor DE,2026-04,2026-04-08,11.8,-2.6,,,
3767,,761.WI210,Motor NDE,2026-04,2026-04-08,19.8,-1.6,,,
3768,,761.WI211,Motor DE,2026-02,2026-02-22,22,16,,,
3769,,761.WI211,Motor NDE,2026-02,2026-02-22,11,-4,,,
3770,,761.WI211,Motor DE,2026-04,2026-04-08,24.6,17.5,,,
3771,,761.WI211,Motor NDE,2026-04,2026-04-08,12.1,1.4,,,
3772,,761.WI212,Motor DE,2026-02,2026-02-22,20,14,,,
3773,,761.WI212,Motor NDE,2026-02,2026-02-22,11,1,,,
3774,,761.WI212,Motor DE,2026-04,2026-04-08,12.8,1.4,,,
3775,,761.WI212,Motor NDE,2026-04,2026-04-08,16.3,2.9,,,
3776,,761.WI213,Motor DE,2026-02,2026-02-22,21,10,,,
3777,,761.WI213,Motor NDE,2026-02,2026-02-22,14,-7,,,
3778,,761.WI213,Motor DE,2026-04,2026-04-08,27.5,17.3,,,
3779,,761.WI213,Motor NDE,2026-04,2026-04-08,10.6,4.4,,,
3780,,761.WI214,Motor DE,2026-04,2026-04-08,26.7,12.9,,,
3781,,761.WI214,Motor NDE,2026-04,2026-04-08,12.8,-2.5,,,
3782,,761.WI215,Motor DE,2026-02,2026-02-13,8,-6,2026-02-13,7.8,-5.7
3783,,761.WI215,Motor NDE,2026-02,2026-02-14,30,-11,2026-02-14,30,-10.6
3784,,761.WI216,Motor DE,2026-02,2026-02-22,12,-1,,,
3785,,761.WI216,Motor NDE,2026-02,2026-02-22,11,-4,,,
3786,,761.WI216,Motor DE,2026-04,2026-04-08,4.1,-1.8,,,
3787,,761.WI216,Motor NDE,2026-04,2026-04-08,6.5,-4.1,,,
3788,,762.WI210,Motor DE,2026-04,2026-04-08,15.1,7.4,,,
3789,,762.WI210,Motor NDE,2026-04,2026-04-08,9.3,-4.8,,,
3790,,762.WI211,Motor DE,2026-02,2026-02-09,17.9,11,,,
3791,,762.WI211,Motor NDE,2026-02,2026-02-09,2.7,-3.5,,,
3792,,762.WI211,Motor DE,2026-04,2026-04-08,30.2,18.8,,,
3793,,762.WI211,Motor NDE,2026-04,2026-04-08,3.9,-1.3,,,
3794,,762.WI212,Motor DE,2026-02,2026-02-10,1,-5.1,,,
3795,,762.WI212,Motor NDE,2026-02,2026-02-10,0.3,-7,,,
3796,,762.WI212,Motor DE,2026-04,2026-04-08,16.4,8.7,,,
3797,,762.WI212,Motor NDE,2026-04,2026-04-08,-1.8,-7.2,,,
3798,,762.WI213,Motor DE,2026-01,2026-01-27,7.6,0.2,,,
3799,,762.WI213,Motor NDE,2026-01,2026-01-27,-7.8,-21.2,,,
3800,,762.WI214,Motor DE,2026-04,2026-04-08,29,15.4,,,
3801,,762.WI214,Motor NDE,2026-04,2026-04-08,3.6,-6.4,,,
3802,,762.WI216,Motor DE,2026-01,2026-01-27,16.2,6.3,,,
3803,,762.WI216,Motor NDE,2026-01,2026-01-27,-2.7,-11.5,,,
3804,,762.WI216,Motor DE,2026-04,2026-04-08,17.2,11.3,,,
3805,,762.WI216,Motor NDE,2026-04,2026-04-08,15.8,8.3,,,
