VIB ID,Equipment ID,Position Code,Family,Point Description,Status
Vb-111.CP400-CDE-RMS,111.CP.400,CDE,RMS,Compressor DE,Active
Vb-111.CP400-CDE-SPM-5,111.CP.400,CDE,SPM,Compressor DE (5),Active
Vb-111.CP400-CDE-SPM-7,111.CP.400,CDE,SPM,Compressor DE (7),Active
Vb-111.CP400-CNDE-RMS,111.CP.400,CNDE,RMS,Compressor NDE,Active
Vb-111.CP400-CNDE-SPM-1,111.CP.400,CNDE,SPM,Compressor NDE (1),Active
Vb-111.CP400-MDE-RMS,111.CP.400,MDE,RMS,Motor DE,Active
Vb-111.CP400-MDE-SPM-A,111.CP.400,MDE,SPM,Motor DE (A),Active
Vb-111.CP400-MNDE-RMS,111.CP.400,MNDE,RMS,Motor NDE,Active
Vb-111.CP400-MNDE-SPM-B,111.CP.400,MNDE,SPM,Motor NDE (B),Active
Vb-111.HC100-MDE-RMS,111.HC.100,MDE,RMS,Motor DE,Active
Vb-111.HC100-MDE-SPM,111.HC.100,MDE,SPM,Motor DE (SPM),Active
Vb-111.HC100-MNDE-RMS,111.HC.100,MNDE,RMS,Motor NDE,Active
Vb-111.HC100-MNDE-SPM,111.HC.100,MNDE,SPM,Motor NDE (SPM),Active
Vb-111.HC100-RDE-RMS,111.HC.100,RDE,RMS,Rotor inboard,Active
Vb-111.HC100-RDE-SPM,111.HC.100,RDE,SPM,Rotor inboard (SPM),Active
Vb-111.HC100-RNDE-RMS,111.HC.100,RNDE,RMS,Rotor Outboard,Active
Vb-111.HC100-RNDE-SPM,111.HC.100,RNDE,SPM,Rotor Outboard (SPM),Active
Vb-111.HC100-S1DE-RMS,111.HC.100,S1DE,RMS,Shaft 1 inboard,Active
Vb-111.HC100-S1DE-SPM,111.HC.100,S1DE,SPM,Shaft 1 inboard (SPM),Active
Vb-111.HC100-S1NDE-RMS,111.HC.100,S1NDE,RMS,Shaft 1 outboard,Active
Vb-111.HC100-S1NDE-SPM,111.HC.100,S1NDE,SPM,Shaft 1 outboard (SPM),Active
Vb-111.HC100-S2DE-RMS,111.HC.100,S2DE,RMS,Shaft 2 inboard,Active
Vb-111.HC100-S2DE-SPM,111.HC.100,S2DE,SPM,Shaft 2 inboard (SPM),Active
Vb-111.HC100-S2NDE-RMS,111.HC.100,S2NDE,RMS,Shaft 2 outboard,Active
Vb-111.HC100-S2NDE-SPM,111.HC.100,S2NDE,SPM,Shaft 2 outboard (SPM),Active
Vb-321.FN125-FDE-RMS,321.FN.125,FDE,RMS,Fan DE,Active
Vb-321.FN125-FDE-SPM,321.FN.125,FDE,SPM,Fan DE (SPM),Active
Vb-321.FN125-FNDE-RMS,321.FN.125,FNDE,RMS,Fan NDE,Active
Vb-321.FN125-FNDE-SPM,321.FN.125,FNDE,SPM,Fan NDE (SPM),Active
Vb-321.FN125-MDE-RMS,321.FN.125,MDE,RMS,Motor DE,Active
Vb-321.FN125-MDE-SPM,321.FN.125,MDE,SPM,Motor DE (SPM),Active
Vb-321.FN125-MNDE-RMS,321.FN.125,MNDE,RMS,Motor NDE,Active
Vb-321.FN125-MNDE-SPM,321.FN.125,MNDE,SPM,Motor NDE (SPM),Active
Vb-321.FN400-FDE-RMS,321.FN.400,FDE,RMS,Fan DE,Active
Vb-321.FN400-FDE-SPM,321.FN.400,FDE,SPM,Fan DE (SPM),Active
Vb-321.FN400-FNDE-RMS,321.FN.400,FNDE,RMS,Fan NDE,Active
Vb-321.FN400-FNDE-SPM,321.FN.400,FNDE,SPM,Fan NDE (SPM),Active
Vb-321.FN400-MDE-RMS,321.FN.400,MDE,RMS,Motor DE,Active
Vb-321.FN400-MDE-SPM,321.FN.400,MDE,SPM,Motor DE (SPM),Active
Vb-321.FN400-MNDE-RMS,321.FN.400,MNDE,RMS,Motor NDE,Active
Vb-321.FN400-MNDE-SPM,321.FN.400,MNDE,SPM,Motor NDE (SPM),Active
Vb-321.MD140-GBHSS-SPM,321.MD.140,GBHSS,SPM,GB HSS (SPM),Active
Vb-321.MD140-GBHSS0,321.MD.140,GBHSS0,RMS,GB HSS 0,Active
Vb-321.MD140-GBHSS1,321.MD.140,GBHSS1,RMS,GB HSS 1,Active
Vb-321.MD140-GBHSS6,321.MD.140,GBHSS6,RMS,GB HSS 6,Active
Vb-321.MD140-MDE-RMS,321.MD.140,MDE,RMS,Motor DE,Active
Vb-321.MD140-MDE-SPM,321.MD.140,MDE,SPM,Motor DE (SPM),Active
Vb-321.MD140-MNDE-RMS,321.MD.140,MNDE,RMS,Motor NDE,Active
Vb-321.MD140-MNDE-SPM-ORD,321.MD.140,MNDE,SPM,"Motor NDE (100 Orders, 6400 Lines)",Active
Vb-321.MD140-RG2,321.MD.140,RG2,RMS,Rim Gear 2,Active
Vb-321.MD140-RG3,321.MD.140,RG3,RMS,Rim Gear 3,Active
Vb-321.MD140-RG4,321.MD.140,RG4,RMS,Rim Gear 4,Active
Vb-321.MD140-RG5,321.MD.140,RG5,RMS,Rim Gear 5,Active
Vb-321.MD152-MDE-RMS,321.MD.152,MDE,RMS,Motor DE,Active
Vb-321.MD152-MDE-SPM,321.MD.152,MDE,SPM,Motor DE (SPM),Active
Vb-321.MD152-MNDE-RMS,321.MD.152,MNDE,RMS,Motor NDE,Active
Vb-321.MD152-MNDE-SPM,321.MD.152,MNDE,SPM,Motor NDE (SPM),Active
Vb-321.MD152-S1DE-RMS,321.MD.152,S1DE,RMS,Shaft 1 inboard DE,Active
Vb-321.MD152-S1DE-SPM,321.MD.152,S1DE,SPM,Shaft 1 inboard DE (SPM),Active
Vb-321.MD152-S1NDE-RMS,321.MD.152,S1NDE,RMS,Shaft 1 Outboard NDE,Active
Vb-321.MD152-S1NDE-SPM,321.MD.152,S1NDE,SPM,Shaft 1 Outboard NDE (SPM),Active
Vb-321.MD152-S2DE-RMS,321.MD.152,S2DE,RMS,Shaft 2 inboard DE,Active
Vb-321.MD152-S2DE-SPM,321.MD.152,S2DE,SPM,Shaft 2 inboard DE (SPM),Active
Vb-321.MD152-S2NDE-RMS,321.MD.152,S2NDE,RMS,Shaft 2 inboard NDE,Active
Vb-321.MD152-S2NDE-SPM,321.MD.152,S2NDE,SPM,Shaft 2 inboard NDE (SPM),Active
Vb-322.FN125-FDE-RMS,322.FN.125,FDE,RMS,Fan DE,Active
Vb-322.FN125-FDE-SPM,322.FN.125,FDE,SPM,Fan DE (SPM),Active
Vb-322.FN125-FNDE-RMS,322.FN.125,FNDE,RMS,Fan NDE,Active
Vb-322.FN125-FNDE-SPM,322.FN.125,FNDE,SPM,Fan NDE (SPM),Active
Vb-322.FN125-MDE-RMS,322.FN.125,MDE,RMS,Motor DE,Active
Vb-322.FN125-MDE-SPM,322.FN.125,MDE,SPM,Motor DE (SPM),Active
Vb-322.FN125-MNDE-RMS,322.FN.125,MNDE,RMS,Motor NDE,Active
Vb-322.FN125-MNDE-SPM,322.FN.125,MNDE,SPM,Motor NDE (SPM),Active
Vb-322.FN400-FDE-RMS,322.FN.400,FDE,RMS,Fan DE,Active
Vb-322.FN400-FDE-SPM,322.FN.400,FDE,SPM,Fan DE (SPM),Active
Vb-322.FN400-FNDE-RMS,322.FN.400,FNDE,RMS,Fan NDE,Active
Vb-322.FN400-FNDE-SPM,322.FN.400,FNDE,SPM,Fan NDE (SPM),Active
Vb-322.FN400-MDE-RMS,322.FN.400,MDE,RMS,Motor DE,Active
Vb-322.FN400-MDE-SPM,322.FN.400,MDE,SPM,Motor DE (SPM),Active
Vb-322.FN400-MNDE-RMS,322.FN.400,MNDE,RMS,Motor NDE,Active
Vb-322.FN400-MNDE-SPM,322.FN.400,MNDE,SPM,Motor NDE (SPM),Active
Vb-322.MD140-GBHSS0,322.MD.140,GBHSS0,RMS,GB HSS 0,Active
Vb-322.MD140-GBHSS1,322.MD.140,GBHSS1,RMS,GB HSS 1,Active
Vb-322.MD140-GBHSS6,322.MD.140,GBHSS6,RMS,GB HSS 6,Active
Vb-322.MD140-MDE-RMS,322.MD.140,MDE,RMS,Motor DE,Active
Vb-322.MD140-MDE-SPM,322.MD.140,MDE,SPM,Motor DE (SPM),Active
Vb-322.MD140-MNDE-RMS,322.MD.140,MNDE,RMS,Motor NDE,Active
Vb-322.MD140-MNDE-SPM,322.MD.140,MNDE,SPM,Motor NDE (SPM),Active
Vb-322.MD140-RG2,322.MD.140,RG2,RMS,Rim Gear 2,Active
Vb-322.MD140-RG3,322.MD.140,RG3,RMS,Rim Gear 3,Active
Vb-322.MD140-RG4,322.MD.140,RG4,RMS,Rim Gear 4,Active
Vb-322.MD140-RG5,322.MD.140,RG5,RMS,Rim Gear 5,Active
Vb-331.CP280-CDE-RMS,331.CP.280,CDE,RMS,Compressor DE,Active
Vb-331.CP280-CDE-SPM-5,331.CP.280,CDE,SPM,Compressor DE (5),Active
Vb-331.CP280-CDE-SPM-7,331.CP.280,CDE,SPM,Compressor DE (7),Active
Vb-331.CP280-CNDE-RMS,331.CP.280,CNDE,RMS,Compressor NDE,Active
Vb-331.CP280-CNDE-SPM-1,331.CP.280,CNDE,SPM,Compressor NDE (1),Active
Vb-331.CP280-MDE-RMS,331.CP.280,MDE,RMS,Motor DE,Active
Vb-331.CP280-MDE-SPM-A,331.CP.280,MDE,SPM,Motor DE (A),Active
Vb-331.CP280-MNDE-RMS,331.CP.280,MNDE,RMS,Motor NDE,Active
Vb-331.CP280-MNDE-SPM-B,331.CP.280,MNDE,SPM,Motor NDE (B),Active
Vb-331.CP281-CDE-RMS,331.CP.281,CDE,RMS,Compressor DE,Active
Vb-331.CP281-CDE-SPM-5,331.CP.281,CDE,SPM,Compressor DE (5),Active
Vb-331.CP281-CDE-SPM-7,331.CP.281,CDE,SPM,Compressor DE (7),Active
Vb-331.CP281-CNDE-RMS,331.CP.281,CNDE,RMS,Compressor NDE,Active
Vb-331.CP281-CNDE-SPM-1,331.CP.281,CNDE,SPM,Compressor NDE (1),Active
Vb-331.CP281-MDE-RMS,331.CP.281,MDE,RMS,Motor DE,Active
Vb-331.CP281-MDE-SPM-A,331.CP.281,MDE,SPM,Motor DE (A),Active
Vb-331.CP281-MNDE-RMS,331.CP.281,MNDE,RMS,Motor NDE,Active
Vb-331.CP281-MNDE-SPM-B,331.CP.281,MNDE,SPM,Motor NDE (B),Active
Vb-331.CP282-CDE-RMS,331.CP.282,CDE,RMS,Compressor DE,Active
Vb-331.CP282-CDE-SPM-5,331.CP.282,CDE,SPM,Compressor DE (5),Active
Vb-331.CP282-CDE-SPM-7,331.CP.282,CDE,SPM,Compressor DE (7),Active
Vb-331.CP282-CNDE-RMS,331.CP.282,CNDE,RMS,Compressor NDE,Active
Vb-331.CP282-CNDE-SPM-1,331.CP.282,CNDE,SPM,Compressor NDE (1),Active
Vb-331.CP282-MDE-RMS,331.CP.282,MDE,RMS,Motor DE,Active
Vb-331.CP282-MDE-SPM-A,331.CP.282,MDE,SPM,Motor DE (A),Active
Vb-331.CP282-MNDE-RMS,331.CP.282,MNDE,RMS,Motor NDE,Active
Vb-331.CP282-MNDE-SPM-B,331.CP.282,MNDE,SPM,Motor NDE (B),Active
Vb-331.FN110-FDE-RMS,331.FN.110,FDE,RMS,Fan DE,Active
Vb-331.FN110-FDE-SPM,331.FN.110,FDE,SPM,Fan DE (SPM),Active
Vb-331.FN110-FNDE-RMS,331.FN.110,FNDE,RMS,Fan NDE,Active
Vb-331.FN110-FNDE-SPM,331.FN.110,FNDE,SPM,Fan NDE (SPM),Active
Vb-331.FN110-MDE-RMS,331.FN.110,MDE,RMS,Motor DE,Active
Vb-331.FN110-MDE-SPM,331.FN.110,MDE,SPM,Motor DE (SPM),Active
Vb-331.FN110-MNDE-RMS,331.FN.110,MNDE,RMS,Motor NDE,Active
Vb-331.FN110-MNDE-SPM,331.FN.110,MNDE,SPM,Motor NDE (SPM),Active
Vb-331.FN400-FDE-RMS,331.FN.400,FDE,RMS,Fan inboard,Active
Vb-331.FN400-FDE-SPM,331.FN.400,FDE,SPM,Fan inboard (SPM),Active
Vb-331.FN400-FNDE-RMS,331.FN.400,FNDE,RMS,Fan Outboard,Active
Vb-331.FN400-FNDE-SPM,331.FN.400,FNDE,SPM,Fan Outboard (SPM),Active
Vb-331.FN400-MDE-RMS,331.FN.400,MDE,RMS,Motor DE,Active
Vb-331.FN400-MDE-SPM,331.FN.400,MDE,SPM,Motor DE (SPM),Active
Vb-331.FN400-MNDE-RMS,331.FN.400,MNDE,RMS,Motor NDE,Active
Vb-331.FN400-MNDE-SPM,331.FN.400,MNDE,SPM,Motor NDE (SPM),Active
Vb-331.WI210-MDE-RMS,331.WI.210,MDE,RMS,Motor Inboard,Active
Vb-331.WI210-MDE-SPM,331.WI.210,MDE,SPM,Motor Inboard (SPM),Active
Vb-331.WI210-MNDE-RMS,331.WI.210,MNDE,RMS,Motor Outboard,Active
Vb-331.WI210-MNDE-SPM,331.WI.210,MNDE,SPM,Motor Outboard (SPM),Active
Vb-331.WI210-PDE-RMS,331.WI.210,PDE,RMS,Pump Inboard,Active
Vb-331.WI210-PDE-SPM,331.WI.210,PDE,SPM,Pump Inboard (SPM),Active
Vb-331.WI210-PNDE-RMS,331.WI.210,PNDE,RMS,Pump outboard,Active
Vb-331.WI210-PNDE-SPM,331.WI.210,PNDE,SPM,Pump outboard (SPM),Active
Vb-331.WI211-MDE-RMS,331.WI.211,MDE,RMS,Motor Inboard,Active
Vb-331.WI211-MDE-SPM,331.WI.211,MDE,SPM,Motor Inboard (SPM),Active
Vb-331.WI211-MNDE-RMS,331.WI.211,MNDE,RMS,Motor Outboard,Active
Vb-331.WI211-MNDE-SPM,331.WI.211,MNDE,SPM,Motor Outboard (SPM),Active
Vb-331.WI211-PDE-RMS,331.WI.211,PDE,RMS,Pump Inboard,Active
Vb-331.WI211-PDE-SPM,331.WI.211,PDE,SPM,Pump Inboard (SPM),Active
Vb-331.WI211-PNDE-RMS,331.WI.211,PNDE,RMS,Pump outboard,Active
Vb-331.WI211-PNDE-SPM,331.WI.211,PNDE,SPM,Pump outboard (SPM),Active
Vb-332.CP281-CDE-RMS,332.CP.281,CDE,RMS,Compressor DE,Active
Vb-332.CP281-CDE-SPM-5,332.CP.281,CDE,SPM,Compressor DE (5),Active
Vb-332.CP281-CDE-SPM-7,332.CP.281,CDE,SPM,Compressor DE (7),Active
Vb-332.CP281-CNDE-RMS,332.CP.281,CNDE,RMS,Compressor NDE,Active
Vb-332.CP281-CNDE-SPM-1,332.CP.281,CNDE,SPM,Compressor NDE (1),Active
Vb-332.CP281-MDE-RMS,332.CP.281,MDE,RMS,Motor DE,Active
Vb-332.CP281-MDE-SPM-A,332.CP.281,MDE,SPM,Motor DE (A),Active
Vb-332.CP281-MNDE-RMS,332.CP.281,MNDE,RMS,Motor NDE,Active
Vb-332.CP281-MNDE-SPM-B,332.CP.281,MNDE,SPM,Motor NDE (B),Active
Vb-332.CP282-CDE-RMS,332.CP.282,CDE,RMS,Compressor DE,Active
Vb-332.CP282-CDE-SPM-5,332.CP.282,CDE,SPM,Compressor DE (5),Active
Vb-332.CP282-CDE-SPM-7,332.CP.282,CDE,SPM,Compressor DE (7),Active
Vb-332.CP282-CNDE-RMS,332.CP.282,CNDE,RMS,Compressor NDE,Active
Vb-332.CP282-CNDE-SPM-1,332.CP.282,CNDE,SPM,Compressor NDE (1),Active
Vb-332.CP282-MDE-RMS,332.CP.282,MDE,RMS,Motor DE,Active
Vb-332.CP282-MDE-SPM-A,332.CP.282,MDE,SPM,Motor DE (A),Active
Vb-332.CP282-MNDE-RMS,332.CP.282,MNDE,RMS,Motor NDE,Active
Vb-332.CP282-MNDE-SPM-B,332.CP.282,MNDE,SPM,Motor NDE (B),Active
Vb-332.FN110-FDE-RMS,332.FN.110,FDE,RMS,Fan DE,Active
Vb-332.FN110-FDE-SPM,332.FN.110,FDE,SPM,Fan DE (SPM),Active
Vb-332.FN110-FNDE-RMS,332.FN.110,FNDE,RMS,Fan NDE,Active
Vb-332.FN110-FNDE-SPM,332.FN.110,FNDE,SPM,Fan NDE (SPM),Active
Vb-332.FN110-MDE-RMS,332.FN.110,MDE,RMS,Motor DE,Active
Vb-332.FN110-MDE-SPM,332.FN.110,MDE,SPM,Motor DE (Spm),Active
Vb-332.FN110-MNDE-RMS,332.FN.110,MNDE,RMS,Motor NDE,Active
Vb-332.FN110-MNDE-SPM,332.FN.110,MNDE,SPM,Motor NDE (SPM),Active
Vb-332.FN400-FDE-RMS,332.FN.400,FDE,RMS,Fan inboard,Active
Vb-332.FN400-FDE-SPM,332.FN.400,FDE,SPM,Fan inboard (SPM),Active
Vb-332.FN400-FNDE-RMS,332.FN.400,FNDE,RMS,Fan Outboard,Active
Vb-332.FN400-FNDE-SPM,332.FN.400,FNDE,SPM,Fan Outboard (SPM),Active
Vb-332.FN400-MDE-RMS,332.FN.400,MDE,RMS,Motor DE,Active
Vb-332.FN400-MDE-SPM,332.FN.400,MDE,SPM,Motor DE (SPM),Active
Vb-332.FN400-MNDE-RMS,332.FN.400,MNDE,RMS,Motor NDE,Active
Vb-332.FN400-MNDE-SPM,332.FN.400,MNDE,SPM,Motor NDE (SPM),Active
Vb-332.WI210-MDE-RMS,332.WI.210,MDE,RMS,Motor Inboard,Active
Vb-332.WI210-MDE-SPM,332.WI.210,MDE,SPM,Motor Inboard (SPM),Active
Vb-332.WI210-MNDE-RMS,332.WI.210,MNDE,RMS,Motor Outboard,Active
Vb-332.WI210-MNDE-SPM,332.WI.210,MNDE,SPM,Motor Outboard (SPM),Active
Vb-332.WI210-PDE-RMS,332.WI.210,PDE,RMS,Pump Inboard,Active
Vb-332.WI210-PDE-SPM,332.WI.210,PDE,SPM,Pump Inboard (SPM),Active
Vb-332.WI210-PNDE-RMS,332.WI.210,PNDE,RMS,Pump outboard,Active
Vb-332.WI210-PNDE-SPM,332.WI.210,PNDE,SPM,Pump outboard (SPM),Active
Vb-332.WI211-MDE-RMS,332.WI.211,MDE,RMS,Motor Inboard,Active
Vb-332.WI211-MDE-SPM,332.WI.211,MDE,SPM,Motor Inboard (SPM),Active
Vb-332.WI211-MNDE-RMS,332.WI.211,MNDE,RMS,Motor Outboard,Active
Vb-332.WI211-MNDE-SPM,332.WI.211,MNDE,SPM,Motor Outboard (SPM),Active
Vb-332.WI211-PDE-RMS,332.WI.211,PDE,RMS,Pump Inboard,Active
Vb-332.WI211-PDE-SPM,332.WI.211,PDE,SPM,Pump Inboard (SPM),Active
Vb-332.WI211-PNDE-RMS,332.WI.211,PNDE,RMS,Pump outboard,Active
Vb-332.WI211-PNDE-SPM,332.WI.211,PNDE,SPM,Pump outboard (SPM),Active
Vb-341.BL300-BLDE-RMS,341.BL.300,BLDE,RMS,BL DE,Active
Vb-341.BL300-BLDE-SPM,341.BL.300,BLDE,SPM,BL DE (SPM),Active
Vb-341.BL300-BLNDE-RMS,341.BL.300,BLNDE,RMS,BL NDE,Active
Vb-341.BL300-BLNDE-SPM,341.BL.300,BLNDE,SPM,BL NDE (SPM),Active
Vb-341.BL300-MDE-RMS,341.BL.300,MDE,RMS,Motor DE,Active
Vb-341.BL300-MDE-SPM,341.BL.300,MDE,SPM,Motor DE (SPM),Active
Vb-341.BL300-MNDE-RMS,341.BL.300,MNDE,RMS,Motor NDE,Active
Vb-341.BL300-MNDE-SPM,341.BL.300,MNDE,SPM,Motor NDE (SPM),Active
Vb-341.BL305-BLDE-RMS,341.BL.305,BLDE,RMS,BL DE,Active
Vb-341.BL305-BLDE-SPM,341.BL.305,BLDE,SPM,BL DE (SPM),Active
Vb-341.BL305-BLNDE-RMS,341.BL.305,BLNDE,RMS,BL NDE,Active
Vb-341.BL305-BLNDE-SPM,341.BL.305,BLNDE,SPM,BL NDE (SPM),Active
Vb-341.BL305-MDE-RMS,341.BL.305,MDE,RMS,Motor DE,Active
Vb-341.BL305-MDE-SPM,341.BL.305,MDE,SPM,Motor DE (SPM),Active
Vb-341.BL305-MNDE-RMS,341.BL.305,MNDE,RMS,Motor NDE,Active
Vb-341.BL305-MNDE-SPM,341.BL.305,MNDE,SPM,Motor NDE (SPM),Active
Vb-341.BL310-BLDE-RMS,341.BL.310,BLDE,RMS,BL DE,Active
Vb-341.BL310-BLDE-SPM,341.BL.310,BLDE,SPM,BL DE (SPM),Active
Vb-341.BL310-BLNDE-RMS,341.BL.310,BLNDE,RMS,BL NDE,Active
Vb-341.BL310-BLNDE-SPM,341.BL.310,BLNDE,SPM,BL NDE (SPM),Active
Vb-341.BL310-MDE-RMS,341.BL.310,MDE,RMS,Motor DE,Active
Vb-341.BL310-MDE-SPM,341.BL.310,MDE,SPM,Motor DE (SPM),Active
Vb-341.BL310-MNDE-RMS,341.BL.310,MNDE,RMS,Motor NDE,Active
Vb-341.BL310-MNDE-SPM,341.BL.310,MNDE,SPM,Motor NDE (SPM),Active
Vb-341.FN315-FDE-RMS,341.FN.315,FDE,RMS,Fan DE,Active
Vb-341.FN315-FDE-SPM,341.FN.315,FDE,SPM,Fan DE (SPM),Active
Vb-341.FN315-FNDE-RMS,341.FN.315,FNDE,RMS,Fan NDE,Active
Vb-341.FN315-FNDE-SPM,341.FN.315,FNDE,SPM,Fan NDE (SPM),Active
Vb-341.FN315-MDE-RMS,341.FN.315,MDE,RMS,Motor DE,Active
Vb-341.FN315-MDE-SPM,341.FN.315,MDE,SPM,Motor DE (SPM),Active
Vb-341.FN315-MNDE-RMS,341.FN.315,MNDE,RMS,Motor NDE,Active
Vb-341.FN315-MNDE-SPM,341.FN.315,MNDE,SPM,Motor NDE (SPM),Active
Vb-341.FN316-FDE-RMS,341.FN.316,FDE,RMS,Fan DE,Active
Vb-341.FN316-FDE-SPM,341.FN.316,FDE,SPM,Fan DE (SPM),Active
Vb-341.FN316-FNDE-RMS,341.FN.316,FNDE,RMS,Fan NDE,Active
Vb-341.FN316-FNDE-SPM,341.FN.316,FNDE,SPM,Fan NDE (SPM),Active
Vb-341.FN316-MDE-RMS,341.FN.316,MDE,RMS,Motor DE,Active
Vb-341.FN316-MDE-SPM,341.FN.316,MDE,SPM,Motor DE (SPM),Active
Vb-341.FN316-MNDE-RMS,341.FN.316,MNDE,RMS,Motor NDE,Active
Vb-341.FN316-MNDE-SPM,341.FN.316,MNDE,SPM,Motor NDE (SPM),Active
Vb-342.BE051-MDE-RMS,342.BE.051,MDE,RMS,Motor DE,Active
Vb-342.BE051-MDE-SPM,342.BE.051,MDE,SPM,Motor DE (SPM),Active
Vb-342.BE051-MNDE-RMS,342.BE.051,MNDE,RMS,Motor NDE,Active
Vb-342.BE051-MNDE-SPM,342.BE.051,MNDE,SPM,Motor NDE (SPM),Active
Vb-342.BE051-S1NDE-RMS,342.BE.051,S1NDE,RMS,Shaft 1 outboard,Active
Vb-342.BE051-S1NDE-SPM,342.BE.051,S1NDE,SPM,Shaft 1 outboard (SPM),Active
Vb-342.BE051-S2NDE-RMS,342.BE.051,S2NDE,RMS,Shaft 2 outboard,Active
Vb-342.BE051-S2NDE-SPM,342.BE.051,S2NDE,SPM,Shaft 2 outboard (SPM),Active
Vb-342.BE051-S3DE-RMS,342.BE.051,S3DE,RMS,Shaft#3 inboard,Active
Vb-342.BE051-S3DE-SPM,342.BE.051,S3DE,SPM,Shaft#3 inboard (SPM),Active
Vb-342.BE051-S3NDE-RMS,342.BE.051,S3NDE,RMS,Shaft#3 outboard,Active
Vb-342.BE051-S3NDE-SPM,342.BE.051,S3NDE,SPM,Shaft#3 outboard (SPM),Active
Vb-342.BL300-BLDE-RMS,342.BL.300,BLDE,RMS,BL DE,Active
Vb-342.BL300-BLDE-SPM,342.BL.300,BLDE,SPM,BL DE (SPM),Active
Vb-342.BL300-BLNDE-RMS,342.BL.300,BLNDE,RMS,BL NDE,Active
Vb-342.BL300-BLNDE-SPM,342.BL.300,BLNDE,SPM,BL NDE (SPM),Active
Vb-342.BL300-MDE-RMS,342.BL.300,MDE,RMS,Motor DE,Active
Vb-342.BL300-MDE-SPM,342.BL.300,MDE,SPM,Motor DE (SPM),Active
Vb-342.BL300-MNDE-RMS,342.BL.300,MNDE,RMS,Motor NDE,Active
Vb-342.BL300-MNDE-SPM,342.BL.300,MNDE,SPM,Motor NDE (SPM),Active
Vb-342.BL305-BLDE-RMS,342.BL.305,BLDE,RMS,BL DE,Active
Vb-342.BL305-BLDE-SPM,342.BL.305,BLDE,SPM,BL DE (SPM),Active
Vb-342.BL305-BLNDE-RMS,342.BL.305,BLNDE,RMS,BL NDE,Active
Vb-342.BL305-BLNDE-SPM,342.BL.305,BLNDE,SPM,BL NDE (SPM),Active
Vb-342.BL305-MDE-RMS,342.BL.305,MDE,RMS,Motor DE,Active
Vb-342.BL305-MDE-SPM,342.BL.305,MDE,SPM,Motor DE (SPM),Active
Vb-342.BL305-MNDE-RMS,342.BL.305,MNDE,RMS,Motor NDE,Active
Vb-342.BL305-MNDE-SPM,342.BL.305,MNDE,SPM,Motor NDE (SPM),Active
Vb-342.BL310-BLDE-RMS,342.BL.310,BLDE,RMS,BL DE,Active
Vb-342.BL310-BLDE-SPM,342.BL.310,BLDE,SPM,BL DE (SPM),Active
Vb-342.BL310-BLNDE-RMS,342.BL.310,BLNDE,RMS,BL NDE,Active
Vb-342.BL310-BLNDE-SPM,342.BL.310,BLNDE,SPM,BL NDE (SPM),Active
Vb-342.BL310-MDE-RMS,342.BL.310,MDE,RMS,Motor DE,Active
Vb-342.BL310-MDE-SPM,342.BL.310,MDE,SPM,Motor DE (SPM),Active
Vb-342.BL310-MNDE-RMS,342.BL.310,MNDE,RMS,Motor NDE,Active
Vb-342.BL310-MNDE-SPM,342.BL.310,MNDE,SPM,Motor NDE (SPM),Active
Vb-342.FN315-FDE-RMS,342.FN.315,FDE,RMS,Fan DE,Active
Vb-342.FN315-FDE-SPM,342.FN.315,FDE,SPM,Fan DE (SPM),Active
Vb-342.FN315-FNDE-RMS,342.FN.315,FNDE,RMS,Fan NDE,Active
Vb-342.FN315-FNDE-SPM,342.FN.315,FNDE,SPM,Fan NDE (SPM),Active
Vb-342.FN315-MDE-RMS,342.FN.315,MDE,RMS,Motor DE,Active
Vb-342.FN315-MDE-SPM,342.FN.315,MDE,SPM,Motor DE (SPM),Active
Vb-342.FN315-MNDE-RMS,342.FN.315,MNDE,RMS,Motor NDE,Active
Vb-342.FN315-MNDE-SPM,342.FN.315,MNDE,SPM,Motor NDE (SPM),Active
Vb-351.BE341-MDE-RMS,351.BE.341,MDE,RMS,Motor DE,Active
Vb-351.BE341-MDE-SPM,351.BE.341,MDE,SPM,Motor DE (SPM),Active
Vb-351.BE341-MNDE-RMS,351.BE.341,MNDE,RMS,Motor NDE,Active
Vb-351.BE341-MNDE-SPM,351.BE.341,MNDE,SPM,Motor NDE (SPM),Active
Vb-351.BE341-S1NDE-RMS,351.BE.341,S1NDE,RMS,Shaft 1 outboard,Active
Vb-351.BE341-S1NDE-SPM,351.BE.341,S1NDE,SPM,Shaft 1 outboard (SPM),Active
Vb-351.BE341-S2NDE-RMS,351.BE.341,S2NDE,RMS,Shaft 2 outboard,Active
Vb-351.BE341-S2NDE-SPM,351.BE.341,S2NDE,SPM,Shaft 2 outboard (SPM),Active
Vb-351.BE341-S3DE-RMS,351.BE.341,S3DE,RMS,Shaft#3 inboard,Active
Vb-351.BE341-S3DE-SPM,351.BE.341,S3DE,SPM,Shaft#3 inboard (SPM),Active
Vb-351.BE341-S3NDE-RMS,351.BE.341,S3NDE,RMS,Shaft#3 outboard,Active
Vb-351.BE341-S3NDE-SPM,351.BE.341,S3NDE,SPM,Shaft#3 outboard (SPM),Active
Vb-351.BL110-BLDE-RMS,351.BL.110,BLDE,RMS,BL DE,Active
Vb-351.BL110-BLDE-SPM,351.BL.110,BLDE,SPM,BL DE (SPM),Active
Vb-351.BL110-BLNDE-RMS,351.BL.110,BLNDE,RMS,BL NDE,Active
Vb-351.BL110-BLNDE-SPM,351.BL.110,BLNDE,SPM,BL NDE (SPM),Active
Vb-351.BL110-MDE-RMS,351.BL.110,MDE,RMS,Motor DE,Active
Vb-351.BL110-MDE-SPM,351.BL.110,MDE,SPM,Motor DE (SPM),Active
Vb-351.BL110-MNDE-RMS,351.BL.110,MNDE,RMS,Motor NDE,Active
Vb-351.BL110-MNDE-SPM,351.BL.110,MNDE,SPM,Motor NDE (SPM),Active
Vb-352.BE341-MDE-RMS,352.BE.341,MDE,RMS,Motor DE,Active
Vb-352.BE341-MDE-SPM,352.BE.341,MDE,SPM,Motor DE (SPM),Active
Vb-352.BE341-MNDE-RMS,352.BE.341,MNDE,RMS,Motor NDE,Active
Vb-352.BE341-MNDE-SPM,352.BE.341,MNDE,SPM,Motor NDE (SPM),Active
Vb-352.BE341-S1NDE-RMS,352.BE.341,S1NDE,RMS,Shaft 1 outboard,Active
Vb-352.BE341-S1NDE-SPM,352.BE.341,S1NDE,SPM,Shaft 1 outboard (SPM),Active
Vb-352.BE341-S2NDE-RMS,352.BE.341,S2NDE,RMS,Shaft 2 outboard,Active
Vb-352.BE341-S2NDE-SPM,352.BE.341,S2NDE,SPM,Shaft 2 outboard (SPM),Active
Vb-352.BE341-S3DE-RMS,352.BE.341,S3DE,RMS,Shaft#3 inboard,Active
Vb-352.BE341-S3DE-SPM,352.BE.341,S3DE,SPM,Shaft#3 inboard (SPM),Active
Vb-352.BE341-S3NDE-RMS,352.BE.341,S3NDE,RMS,Shaft#3 outboard,Active
Vb-352.BE341-S3NDE-SPM,352.BE.341,S3NDE,SPM,Shaft#3 outboard (SPM),Active
Vb-352.BL110-BLDE-RMS,352.BL.110,BLDE,RMS,BL DE,Active
Vb-352.BL110-BLDE-SPM,352.BL.110,BLDE,SPM,BL DE (SPM),Active
Vb-352.BL110-BLNDE-RMS,352.BL.110,BLNDE,RMS,BL NDE,Active
Vb-352.BL110-BLNDE-SPM,352.BL.110,BLNDE,SPM,BL NDE (SPM),Active
Vb-352.BL110-MDE-RMS,352.BL.110,MDE,RMS,Motor DE,Active
Vb-352.BL110-MDE-SPM,352.BL.110,MDE,SPM,Motor DE (SPM),Active
Vb-352.BL110-MNDE-RMS,352.BL.110,MNDE,RMS,Motor NDE,Active
Vb-352.BL110-MNDE-SPM,352.BL.110,MNDE,SPM,Motor NDE (SPM),Active
Vb-431.FN171-FDE-RMS,431.FN.171,FDE,RMS,Fan DE,Active
Vb-431.FN171-FDE-SPM,431.FN.171,FDE,SPM,Fan DE (SPM),Active
Vb-431.FN171-FNDE-RMS,431.FN.171,FNDE,RMS,Fan NDE,Active
Vb-431.FN171-FNDE-SPM,431.FN.171,FNDE,SPM,Fan NDE (SPM),Active
Vb-431.FN171-MDE-RMS,431.FN.171,MDE,RMS,Motor DE,Active
Vb-431.FN171-MDE-SPM,431.FN.171,MDE,SPM,Motor DE (SPM),Active
Vb-431.FN171-MNDE-RMS,431.FN.171,MNDE,RMS,Motor NDE,Active
Vb-431.FN171-MNDE-SPM,431.FN.171,MNDE,SPM,Motor NDE (SPM),Active
Vb-431.FN176-FDE-RMS,431.FN.176,FDE,RMS,Fan DE,Active
Vb-431.FN176-FDE-SPM,431.FN.176,FDE,SPM,Fan DE (SPM),Active
Vb-431.FN176-FNDE-RMS,431.FN.176,FNDE,RMS,Fan NDE,Active
Vb-431.FN176-FNDE-SPM,431.FN.176,FNDE,SPM,Fan NDE (SPM),Active
Vb-431.FN176-MDE-RMS,431.FN.176,MDE,RMS,Motor DE,Active
Vb-431.FN176-MDE-SPM,431.FN.176,MDE,SPM,Motor DE (SPM),Active
Vb-431.FN176-MNDE-RMS,431.FN.176,MNDE,RMS,Motor NDE,Active
Vb-431.FN176-MNDE-SPM,431.FN.176,MNDE,SPM,Motor NDE (SPM),Active
Vb-431.FN560-MDE-RMS,431.FN.560,MDE,RMS,Motor DE,Active
Vb-431.FN560-MDE-SPM,431.FN.560,MDE,SPM,Motor DE (SPM),Active
Vb-431.FN560-MNDE-RMS,431.FN.560,MNDE,RMS,Motor NDE,Active
Vb-431.FN560-MNDE-SPM,431.FN.560,MNDE,SPM,Motor NDE (SPM),Active
Vb-431.MD140-MDE-RMS,431.MD.140,MDE,RMS,Motor DE,Active
Vb-431.MD140-MDE-SPM,431.MD.140,MDE,SPM,Motor DE (SPM),Active
Vb-431.MD140-MNDE-RMS,431.MD.140,MNDE,RMS,Motor NDE,Active
Vb-431.MD140-MNDE-SPM,431.MD.140,MNDE,SPM,Motor NDE (SPM),Active
Vb-431.MD140-S1DE-RMS,431.MD.140,S1DE,RMS,Shaft 1 inboard DE,Active
Vb-431.MD140-S1DE-SPM,431.MD.140,S1DE,SPM,Shaft 1 inboard DE (SPM),Active
Vb-431.MD140-S1NDE-RMS,431.MD.140,S1NDE,RMS,Shaft 1 Outboard NDE,Active
Vb-431.MD140-S1NDE-SPM,431.MD.140,S1NDE,SPM,Shaft 1 Outboard NDE (SPM),Active
Vb-431.MD140-S2DE-RMS,431.MD.140,S2DE,RMS,Shaft 2 inboard DE,Active
Vb-431.MD140-S2DE-SPM,431.MD.140,S2DE,SPM,Shaft 2 inboard DE (SPM),Active
Vb-431.MD140-S2NDE-RMS,431.MD.140,S2NDE,RMS,Shaft 2 outboard NDE,Active
Vb-431.MD140-S2NDE-SPM,431.MD.140,S2NDE,SPM,Shaft 2 outboard NDE (SPM),Active
Vb-431.MD140-S3DE-RMS,431.MD.140,S3DE,RMS,Shaft 3 inboard DE,Active
Vb-431.MD140-S3DE-SPM,431.MD.140,S3DE,SPM,Shaft 3 inboard DE (SPM),Active
Vb-431.MD140-S3NDE-RMS,431.MD.140,S3NDE,RMS,Shaft 3 outboard NDE,Active
Vb-431.MD140-S3NDE-SPM,431.MD.140,S3NDE,SPM,Shaft 3 outboard NDE (SPM),Active
Vb-431.MD140-S4DE-RMS,431.MD.140,S4DE,RMS,Shaft 4 inboard DE,Active
Vb-431.MD140-S4DE-SPM,431.MD.140,S4DE,SPM,Shaft 4 inboard DE (SPM),Active
Vb-431.MD140-S4NDE-RMS,431.MD.140,S4NDE,RMS,Shaft 4 outboard NDE,Active
Vb-431.MD140-S4NDE-SPM,431.MD.140,S4NDE,SPM,Shaft 4 outboard NDE (SPM),Active
Vb-431.MD160-MDE-RMS,431.MD.160,MDE,RMS,Motor DE,Active
Vb-431.MD160-MDE-SPM,431.MD.160,MDE,SPM,Motor DE (SPM),Active
Vb-431.MD160-MNDE-RMS,431.MD.160,MNDE,RMS,Motor NDE,Active
Vb-431.MD160-MNDE-SPM,431.MD.160,MNDE,SPM,Motor NDE (SPM),Active
Vb-431.MD160-S1DE-RMS,431.MD.160,S1DE,RMS,Shaft 1 inboard DE,Active
Vb-431.MD160-S1DE-SPM,431.MD.160,S1DE,SPM,Shaft 1 inboard DE (SPM),Active
Vb-431.MD160-S1NDE-RMS,431.MD.160,S1NDE,RMS,Shaft 1 Outboard NDE,Active
Vb-431.MD160-S1NDE-SPM,431.MD.160,S1NDE,SPM,Shaft 1 Outboard NDE (SPM),Active
Vb-431.MD160-S2DE-RMS,431.MD.160,S2DE,RMS,Shaft 2 inboard DE,Active
Vb-431.MD160-S2DE-SPM,431.MD.160,S2DE,SPM,Shaft 2 inboard DE (SPM),Active
Vb-431.MD160-S2NDE-RMS,431.MD.160,S2NDE,RMS,Shaft 2 outboard NDE,Active
Vb-431.MD160-S2NDE-SPM,431.MD.160,S2NDE,SPM,Shaft 2 outboard NDE (SPM),Active
Vb-431.MD160-S3DE-RMS,431.MD.160,S3DE,RMS,Shaft 3 inboard DE,Active
Vb-431.MD160-S3DE-SPM,431.MD.160,S3DE,SPM,Shaft 3 inboard DE (SPM),Active
Vb-431.MD160-S3NDE-RMS,431.MD.160,S3NDE,RMS,Shaft 3 outboard NDE,Active
Vb-431.MD160-S3NDE-SPM,431.MD.160,S3NDE,SPM,Shaft 3 outboard NDE (SPM),Active
Vb-431.MD160-S4DE-RMS,431.MD.160,S4DE,RMS,Shaft 4 inboard DE,Active
Vb-431.MD160-S4DE-SPM,431.MD.160,S4DE,SPM,Shaft 4 inboard DE (SPM),Active
Vb-431.MD160-S4NDE-RMS,431.MD.160,S4NDE,RMS,Shaft 4 outboard NDE,Active
Vb-431.MD160-S4NDE-SPM,431.MD.160,S4NDE,SPM,Shaft 4 outboard NDE (SPM),Active
Vb-432.FN171-FDE-RMS,432.FN.171,FDE,RMS,Fan DE,Active
Vb-432.FN171-FDE-SPM,432.FN.171,FDE,SPM,Fan DE (SPM),Active
Vb-432.FN171-FNDE-RMS,432.FN.171,FNDE,RMS,Fan NDE,Active
Vb-432.FN171-FNDE-SPM,432.FN.171,FNDE,SPM,Fan NDE (SPM),Active
Vb-432.FN171-MDE-RMS,432.FN.171,MDE,RMS,Motor DE,Active
Vb-432.FN171-MDE-SPM,432.FN.171,MDE,SPM,Motor DE (SPM),Active
Vb-432.FN171-MNDE-RMS,432.FN.171,MNDE,RMS,Motor NDE,Active
Vb-432.FN171-MNDE-SPM,432.FN.171,MNDE,SPM,Motor NDE (SPM),Active
Vb-432.FN176-FDE-RMS,432.FN.176,FDE,RMS,Fan DE,Active
Vb-432.FN176-FDE-SPM,432.FN.176,FDE,SPM,Fan DE (SPM),Active
Vb-432.FN176-FNDE-RMS,432.FN.176,FNDE,RMS,Fan NDE,Active
Vb-432.FN176-FNDE-SPM,432.FN.176,FNDE,SPM,Fan NDE (SPM),Active
Vb-432.FN176-MDE-RMS,432.FN.176,MDE,RMS,Motor DE,Active
Vb-432.FN176-MDE-SPM,432.FN.176,MDE,SPM,Motor DE (SPM),Active
Vb-432.FN176-MNDE-RMS,432.FN.176,MNDE,RMS,Motor NDE,Active
Vb-432.FN176-MNDE-SPM,432.FN.176,MNDE,SPM,Motor NDE (SPM),Active
Vb-432.FN560-MDE-RMS,432.FN.560,MDE,RMS,Motor DE,Active
Vb-432.FN560-MDE-SPM,432.FN.560,MDE,SPM,Motor DE (SPM),Active
Vb-432.FN560-MNDE-RMS,432.FN.560,MNDE,RMS,Motor NDE,Active
Vb-432.FN560-MNDE-SPM,432.FN.560,MNDE,SPM,Motor NDE (SPM),Active
Vb-432.MD140-MDE-RMS,432.MD.140,MDE,RMS,Motor DE,Active
Vb-432.MD140-MDE-SPM,432.MD.140,MDE,SPM,Motor DE (SPM),Active
Vb-432.MD140-MNDE-RMS,432.MD.140,MNDE,RMS,Motor NDE,Active
Vb-432.MD140-MNDE-SPM,432.MD.140,MNDE,SPM,Motor NDE (SPM),Active
Vb-432.MD140-S1DE-RMS,432.MD.140,S1DE,RMS,Shaft 1 inboard DE,Active
Vb-432.MD140-S1DE-SPM,432.MD.140,S1DE,SPM,Shaft 1 inboard DE (SPM),Active
Vb-432.MD140-S1NDE-RMS,432.MD.140,S1NDE,RMS,Shaft 1 Outboard NDE,Active
Vb-432.MD140-S1NDE-SPM,432.MD.140,S1NDE,SPM,Shaft 1 Outboard NDE (SPM),Active
Vb-432.MD140-S2DE-RMS,432.MD.140,S2DE,RMS,Shaft 2 inboard DE,Active
Vb-432.MD140-S2DE-SPM,432.MD.140,S2DE,SPM,Shaft 2 inboard DE (SPM),Active
Vb-432.MD140-S2NDE-RMS,432.MD.140,S2NDE,RMS,Shaft 2 outboard NDE,Active
Vb-432.MD140-S2NDE-SPM,432.MD.140,S2NDE,SPM,Shaft 2 outboard NDE (SPM),Active
Vb-432.MD140-S3DE-RMS,432.MD.140,S3DE,RMS,Shaft 3 inboard DE,Active
Vb-432.MD140-S3DE-SPM,432.MD.140,S3DE,SPM,Shaft 3 inboard DE (SPM),Active
Vb-432.MD140-S3NDE-RMS,432.MD.140,S3NDE,RMS,Shaft 3 outboard NDE,Active
Vb-432.MD140-S3NDE-SPM,432.MD.140,S3NDE,SPM,Shaft 3 outboard NDE (SPM),Active
Vb-432.MD140-S4DE-RMS,432.MD.140,S4DE,RMS,Shaft 4 inboard DE,Active
Vb-432.MD140-S4DE-SPM,432.MD.140,S4DE,SPM,Shaft 4 inboard DE (SPM),Active
Vb-432.MD140-S4NDE-RMS,432.MD.140,S4NDE,RMS,Shaft 4 outboard NDE,Active
Vb-432.MD140-S4NDE-SPM,432.MD.140,S4NDE,SPM,Shaft 4 outboard NDE (SPM),Active
Vb-432.MD160-MDE-RMS,432.MD.160,MDE,RMS,Motor DE,Active
Vb-432.MD160-MDE-SPM,432.MD.160,MDE,SPM,Motor DE (SPM),Active
Vb-432.MD160-MNDE-RMS,432.MD.160,MNDE,RMS,Motor NDE,Active
Vb-432.MD160-MNDE-SPM,432.MD.160,MNDE,SPM,Motor NDE (SPM),Active
Vb-432.MD160-S1DE-RMS,432.MD.160,S1DE,RMS,Shaft 1 inboard DE,Active
Vb-432.MD160-S1DE-SPM,432.MD.160,S1DE,SPM,Shaft 1 inboard DE (SPM),Active
Vb-432.MD160-S1NDE-RMS,432.MD.160,S1NDE,RMS,Shaft 1 Outboard NDE,Active
Vb-432.MD160-S1NDE-SPM,432.MD.160,S1NDE,SPM,Shaft 1 Outboard NDE (SPM),Active
Vb-432.MD160-S2DE-RMS,432.MD.160,S2DE,RMS,Shaft 2 inboard DE,Active
Vb-432.MD160-S2DE-SPM,432.MD.160,S2DE,SPM,Shaft 2 inboard DE (SPM),Active
Vb-432.MD160-S2NDE-RMS,432.MD.160,S2NDE,RMS,Shaft 2 outboard NDE,Active
Vb-432.MD160-S2NDE-SPM,432.MD.160,S2NDE,SPM,Shaft 2 outboard NDE (SPM),Active
Vb-432.MD160-S3DE-RMS,432.MD.160,S3DE,RMS,Shaft 3 inboard DE,Active
Vb-432.MD160-S3DE-SPM,432.MD.160,S3DE,SPM,Shaft 3 inboard DE (SPM),Active
Vb-432.MD160-S3NDE-RMS,432.MD.160,S3NDE,RMS,Shaft 3 outboard NDE,Active
Vb-432.MD160-S3NDE-SPM,432.MD.160,S3NDE,SPM,Shaft 3 outboard NDE (SPM),Active
Vb-432.MD160-S4DE-RMS,432.MD.160,S4DE,RMS,Shaft 4 inboard DE,Active
Vb-432.MD160-S4DE-SPM,432.MD.160,S4DE,SPM,Shaft 4 inboard DE (SPM),Active
Vb-432.MD160-S4NDE-RMS,432.MD.160,S4NDE,RMS,Shaft 4 outboard NDE,Active
Vb-432.MD160-S4NDE-SPM,432.MD.160,S4NDE,SPM,Shaft 4 outboard NDE (SPM),Active
Vb-441.CR400-CRDE-RMS,441.CR.400,CRDE,RMS,Crusher DE,Active
Vb-441.CR400-CRDE-SPM,441.CR.400,CRDE,SPM,Crusher DE (SPM),Active
Vb-441.CR400-CRNDE-RMS,441.CR.400,CRNDE,RMS,Crusher NDE,Active
Vb-441.CR400-CRNDE-SPM,441.CR.400,CRNDE,SPM,Crusher NDE (SPM),Active
Vb-441.CR400-MDE-RMS,441.CR.400,MDE,RMS,Motor DE,Active
Vb-441.CR400-MDE-SPM,441.CR.400,MDE,SPM,Motor DE (SPM),Active
Vb-441.CR400-MNDE-RMS,441.CR.400,MNDE,RMS,Motor NDE,Active
Vb-441.CR400-MNDE-SPM,441.CR.400,MNDE,SPM,Motor NDE (SPM),Active
Vb-441.FN300-FDE-RMS,441.FN.300,FDE,RMS,Fan DE,Active
Vb-441.FN300-FDE-SPM,441.FN.300,FDE,SPM,Fan DE (SPM),Active
Vb-441.FN300-FNDE-RMS,441.FN.300,FNDE,RMS,Fan NDE,Active
Vb-441.FN300-FNDE-SPM,441.FN.300,FNDE,SPM,Fan NDE (SPM),Active
Vb-441.FN300-MDE-RMS,441.FN.300,MDE,RMS,Motor DE,Active
Vb-441.FN300-MDE-SPM,441.FN.300,MDE,SPM,Motor DE (SPM),Active
Vb-441.FN300-MNDE-RMS,441.FN.300,MNDE,RMS,Motor NDE,Active
Vb-441.FN300-MNDE-SPM,441.FN.300,MNDE,SPM,Motor NDE (SPM),Active
Vb-441.FN305-FDE-RMS,441.FN.305,FDE,RMS,Fan DE,Active
Vb-441.FN305-FDE-SPM,441.FN.305,FDE,SPM,Fan DE (SPM),Active
Vb-441.FN305-FNDE-RMS,441.FN.305,FNDE,RMS,Fan NDE,Active
Vb-441.FN305-FNDE-SPM,441.FN.305,FNDE,SPM,Fan NDE (SPM),Active
Vb-441.FN305-MDE-RMS,441.FN.305,MDE,RMS,Motor DE,Active
Vb-441.FN305-MDE-SPM,441.FN.305,MDE,SPM,Motor DE (SPM),Active
Vb-441.FN305-MNDE-RMS,441.FN.305,MNDE,RMS,Motor NDE,Active
Vb-441.FN305-MNDE-SPM,441.FN.305,MNDE,SPM,Motor NDE (SPM),Active
Vb-441.FN310-FDE-RMS,441.FN.310,FDE,RMS,Fan DE,Active
Vb-441.FN310-FDE-SPM,441.FN.310,FDE,SPM,Fan DE (SPM),Active
Vb-441.FN310-FNDE-RMS,441.FN.310,FNDE,RMS,Fan NDE,Active
Vb-441.FN310-FNDE-SPM,441.FN.310,FNDE,SPM,Fan NDE (SPM),Active
Vb-441.FN310-MDE-RMS,441.FN.310,MDE,RMS,Motor DE,Active
Vb-441.FN310-MDE-SPM,441.FN.310,MDE,SPM,Motor DE (SPM),Active
Vb-441.FN310-MNDE-RMS,441.FN.310,MNDE,RMS,Motor NDE,Active
Vb-441.FN310-MNDE-SPM,441.FN.310,MNDE,SPM,Motor NDE (SPM),Active
Vb-441.FN315-FDE-RMS,441.FN.315,FDE,RMS,Fan DE,Active
Vb-441.FN315-FDE-SPM,441.FN.315,FDE,SPM,Fan DE (SPM),Active
Vb-441.FN315-FNDE-RMS,441.FN.315,FNDE,RMS,Fan NDE,Active
Vb-441.FN315-FNDE-SPM,441.FN.315,FNDE,SPM,Fan NDE (SPM),Active
Vb-441.FN315-MDE-RMS,441.FN.315,MDE,RMS,Motor DE,Active
Vb-441.FN315-MDE-SPM,441.FN.315,MDE,SPM,Motor DE (SPM),Active
Vb-441.FN315-MNDE-RMS,441.FN.315,MNDE,RMS,Motor NDE,Active
Vb-441.FN315-MNDE-SPM,441.FN.315,MNDE,SPM,Motor NDE (SPM),Active
Vb-441.FN325-FDE-RMS,441.FN.325,FDE,RMS,Fan DE,Active
Vb-441.FN325-FDE-SPM,441.FN.325,FDE,SPM,Fan DE (SPM),Active
Vb-441.FN325-FNDE-RMS,441.FN.325,FNDE,RMS,Fan NDE,Active
Vb-441.FN325-FNDE-SPM,441.FN.325,FNDE,SPM,Fan NDE (SPM),Active
Vb-441.FN325-MDE-RMS,441.FN.325,MDE,RMS,Motor DE,Active
Vb-441.FN325-MDE-SPM,441.FN.325,MDE,SPM,Motor DE (SPM),Active
Vb-441.FN325-MNDE-RMS,441.FN.325,MNDE,RMS,Motor NDE,Active
Vb-441.FN325-MNDE-SPM,441.FN.325,MNDE,SPM,Motor NDE (SPM),Active
Vb-441.FN335-FDE-RMS,441.FN.335,FDE,RMS,Fan DE,Active
Vb-441.FN335-FDE-SPM,441.FN.335,FDE,SPM,Fan DE (SPM),Active
Vb-441.FN335-FNDE-RMS,441.FN.335,FNDE,RMS,Fan NDE,Active
Vb-441.FN335-FNDE-SPM,441.FN.335,FNDE,SPM,Fan NDE (SPM),Active
Vb-441.FN335-MDE-RMS,441.FN.335,MDE,RMS,Motor DE,Active
Vb-441.FN335-MDE-SPM,441.FN.335,MDE,SPM,Motor DE (SPM),Active
Vb-441.FN335-MNDE-RMS,441.FN.335,MNDE,RMS,Motor NDE,Active
Vb-441.FN335-MNDE-SPM,441.FN.335,MNDE,SPM,Motor NDE (SPM),Active
Vb-441.FN340-FDE-RMS,441.FN.340,FDE,RMS,Fan DE,Active
Vb-441.FN340-FDE-SPM,441.FN.340,FDE,SPM,Fan DE (SPM),Active
Vb-441.FN340-FNDE-RMS,441.FN.340,FNDE,RMS,Fan NDE,Active
Vb-441.FN340-FNDE-SPM,441.FN.340,FNDE,SPM,Fan NDE (SPM),Active
Vb-441.FN340-MDE-RMS,441.FN.340,MDE,RMS,Motor DE,Active
Vb-441.FN340-MDE-SPM,441.FN.340,MDE,SPM,Motor DE (SPM),Active
Vb-441.FN340-MNDE-RMS,441.FN.340,MNDE,RMS,Motor NDE,Active
Vb-441.FN340-MNDE-SPM,441.FN.340,MNDE,SPM,Motor NDE (SPM),Active
Vb-441.FN345-FDE-RMS,441.FN.345,FDE,RMS,Fan DE,Active
Vb-441.FN345-FDE-SPM,441.FN.345,FDE,SPM,Fan DE (SPM),Active
Vb-441.FN345-FNDE-RMS,441.FN.345,FNDE,RMS,Fan NDE,Active
Vb-441.FN345-FNDE-SPM,441.FN.345,FNDE,SPM,Fan NDE (SPM),Active
Vb-441.FN345-MDE-RMS,441.FN.345,MDE,RMS,Motor DE,Active
Vb-441.FN345-MDE-SPM,441.FN.345,MDE,SPM,Motor DE (SPM),Active
Vb-441.FN345-MNDE-RMS,441.FN.345,MNDE,RMS,Motor NDE,Active
Vb-441.FN345-MNDE-SPM,441.FN.345,MNDE,SPM,Motor NDE (SPM),Active
Vb-441.FN350-FDE-RMS,441.FN.350,FDE,RMS,Fan DE,Active
Vb-441.FN350-FDE-SPM,441.FN.350,FDE,SPM,Fan DE (SPM),Active
Vb-441.FN350-FNDE-RMS,441.FN.350,FNDE,RMS,Fan NDE,Active
Vb-441.FN350-FNDE-SPM,441.FN.350,FNDE,SPM,Fan NDE (SPM),Active
Vb-441.FN350-MDE-RMS,441.FN.350,MDE,RMS,Motor DE,Active
Vb-441.FN350-MDE-SPM,441.FN.350,MDE,SPM,Motor DE (SPM),Active
Vb-441.FN350-MNDE-RMS,441.FN.350,MNDE,RMS,Motor NDE,Active
Vb-441.FN350-MNDE-SPM,441.FN.350,MNDE,SPM,Motor NDE (SPM),Active
Vb-442.CR400-CRDE-RMS,442.CR.400,CRDE,RMS,Crusher DE,Active
Vb-442.CR400-CRDE-SPM,442.CR.400,CRDE,SPM,Crusher DE (SPM),Active
Vb-442.CR400-CRNDE-RMS,442.CR.400,CRNDE,RMS,Crusher NDE,Active
Vb-442.CR400-CRNDE-SPM,442.CR.400,CRNDE,SPM,Crusher NDE (SPM),Active
Vb-442.CR400-MDE-RMS,442.CR.400,MDE,RMS,Motor DE,Active
Vb-442.CR400-MDE-SPM,442.CR.400,MDE,SPM,Motor DE (SPM),Active
Vb-442.CR400-MNDE-RMS,442.CR.400,MNDE,RMS,Motor NDE,Active
Vb-442.CR400-MNDE-SPM,442.CR.400,MNDE,SPM,Motor NDE (SPM),Active
Vb-442.FN300-FDE-RMS,442.FN.300,FDE,RMS,Fan DE,Active
Vb-442.FN300-FDE-SPM,442.FN.300,FDE,SPM,Fan DE (SPM),Active
Vb-442.FN300-FNDE-RMS,442.FN.300,FNDE,RMS,Fan NDE,Active
Vb-442.FN300-FNDE-SPM,442.FN.300,FNDE,SPM,Fan NDE (SPM),Active
Vb-442.FN300-MDE-RMS,442.FN.300,MDE,RMS,Motor DE,Active
Vb-442.FN300-MDE-SPM,442.FN.300,MDE,SPM,Motor DE (SPM),Active
Vb-442.FN300-MNDE-RMS,442.FN.300,MNDE,RMS,Motor NDE,Active
Vb-442.FN300-MNDE-SPM,442.FN.300,MNDE,SPM,Motor NDE (SPM),Active
Vb-442.FN305-FDE-RMS,442.FN.305,FDE,RMS,Fan DE,Active
Vb-442.FN305-FDE-SPM,442.FN.305,FDE,SPM,Fan DE (SPM),Active
Vb-442.FN305-FNDE-RMS,442.FN.305,FNDE,RMS,Fan NDE,Active
Vb-442.FN305-FNDE-SPM,442.FN.305,FNDE,SPM,Fan NDE (SPM),Active
Vb-442.FN305-MDE-RMS,442.FN.305,MDE,RMS,Motor DE,Active
Vb-442.FN305-MDE-SPM,442.FN.305,MDE,SPM,Motor DE (SPM),Active
Vb-442.FN305-MNDE-RMS,442.FN.305,MNDE,RMS,Motor NDE,Active
Vb-442.FN305-MNDE-SPM,442.FN.305,MNDE,SPM,Motor NDE (SPM),Active
Vb-442.FN310-FDE-RMS,442.FN.310,FDE,RMS,Fan DE,Active
Vb-442.FN310-FDE-SPM,442.FN.310,FDE,SPM,Fan DE (SPM),Active
Vb-442.FN310-FNDE-RMS,442.FN.310,FNDE,RMS,Fan NDE,Active
Vb-442.FN310-FNDE-SPM,442.FN.310,FNDE,SPM,Fan NDE (SPM),Active
Vb-442.FN310-MDE-RMS,442.FN.310,MDE,RMS,Motor DE,Active
Vb-442.FN310-MDE-SPM,442.FN.310,MDE,SPM,Motor DE (SPM),Active
Vb-442.FN310-MNDE-RMS,442.FN.310,MNDE,RMS,Motor NDE,Active
Vb-442.FN310-MNDE-SPM,442.FN.310,MNDE,SPM,Motor NDE (SPM),Active
Vb-442.FN315-FDE-RMS,442.FN.315,FDE,RMS,Fan DE,Active
Vb-442.FN315-FDE-SPM,442.FN.315,FDE,SPM,Fan DE (SPM),Active
Vb-442.FN315-FNDE-RMS,442.FN.315,FNDE,RMS,Fan NDE,Active
Vb-442.FN315-FNDE-SPM,442.FN.315,FNDE,SPM,Fan NDE (SPM),Active
Vb-442.FN315-MDE-RMS,442.FN.315,MDE,RMS,Motor DE,Active
Vb-442.FN315-MDE-SPM,442.FN.315,MDE,SPM,Motor DE (SPM),Active
Vb-442.FN315-MNDE-RMS,442.FN.315,MNDE,RMS,Motor NDE,Active
Vb-442.FN315-MNDE-SPM,442.FN.315,MNDE,SPM,Motor NDE (SPM),Active
Vb-442.FN325-FDE-RMS,442.FN.325,FDE,RMS,Fan DE,Active
Vb-442.FN325-FDE-SPM,442.FN.325,FDE,SPM,Fan DE (SPM),Active
Vb-442.FN325-FNDE-RMS,442.FN.325,FNDE,RMS,Fan NDE,Active
Vb-442.FN325-FNDE-SPM,442.FN.325,FNDE,SPM,Fan NDE (SPM),Active
Vb-442.FN325-MDE-RMS,442.FN.325,MDE,RMS,Motor DE,Active
Vb-442.FN325-MDE-SPM,442.FN.325,MDE,SPM,Motor DE (SPM),Active
Vb-442.FN325-MNDE-RMS,442.FN.325,MNDE,RMS,Motor NDE,Active
Vb-442.FN325-MNDE-SPM,442.FN.325,MNDE,SPM,Motor NDE (SPM),Active
Vb-442.FN335-FDE-RMS,442.FN.335,FDE,RMS,Fan DE,Active
Vb-442.FN335-FDE-SPM,442.FN.335,FDE,SPM,Fan DE (SPM),Active
Vb-442.FN335-FNDE-RMS,442.FN.335,FNDE,RMS,Fan NDE,Active
Vb-442.FN335-FNDE-SPM,442.FN.335,FNDE,SPM,Fan NDE (SPM),Active
Vb-442.FN335-MDE-RMS,442.FN.335,MDE,RMS,Motor DE,Active
Vb-442.FN335-MDE-SPM,442.FN.335,MDE,SPM,Motor DE (SPM),Active
Vb-442.FN335-MNDE-RMS,442.FN.335,MNDE,RMS,Motor NDE,Active
Vb-442.FN335-MNDE-SPM,442.FN.335,MNDE,SPM,Motor NDE (SPM),Active
Vb-442.FN340-FDE-RMS,442.FN.340,FDE,RMS,Fan DE,Active
Vb-442.FN340-FDE-SPM,442.FN.340,FDE,SPM,Fan DE (SPM),Active
Vb-442.FN340-FNDE-RMS,442.FN.340,FNDE,RMS,Fan NDE,Active
Vb-442.FN340-FNDE-SPM,442.FN.340,FNDE,SPM,Fan NDE (SPM),Active
Vb-442.FN340-MDE-RMS,442.FN.340,MDE,RMS,Motor DE,Active
Vb-442.FN340-MDE-SPM,442.FN.340,MDE,SPM,Motor DE (SPM),Active
Vb-442.FN340-MNDE-RMS,442.FN.340,MNDE,RMS,Motor NDE,Active
Vb-442.FN340-MNDE-SPM,442.FN.340,MNDE,SPM,Motor NDE (SPM),Active
Vb-442.FN345-FDE-RMS,442.FN.345,FDE,RMS,Fan DE,Active
Vb-442.FN345-FDE-SPM,442.FN.345,FDE,SPM,Fan DE (SPM),Active
Vb-442.FN345-FNDE-RMS,442.FN.345,FNDE,RMS,Fan NDE,Active
Vb-442.FN345-FNDE-SPM,442.FN.345,FNDE,SPM,Fan NDE (SPM),Active
Vb-442.FN345-MDE-RMS,442.FN.345,MDE,RMS,Motor DE,Active
Vb-442.FN345-MDE-SPM,442.FN.345,MDE,SPM,Motor DE (SPM),Active
Vb-442.FN345-MNDE-RMS,442.FN.345,MNDE,RMS,Motor NDE,Active
Vb-442.FN345-MNDE-SPM,442.FN.345,MNDE,SPM,Motor NDE (SPM),Active
Vb-442.FN350-FDE-RMS,442.FN.350,FDE,RMS,Fan DE,Active
Vb-442.FN350-FDE-SPM,442.FN.350,FDE,SPM,Fan DE (SPM),Active
Vb-442.FN350-FNDE-RMS,442.FN.350,FNDE,RMS,Fan NDE,Active
Vb-442.FN350-FNDE-SPM,442.FN.350,FNDE,SPM,Fan NDE (SPM),Active
Vb-442.FN350-MDE-RMS,442.FN.350,MDE,RMS,Motor DE,Active
Vb-442.FN350-MDE-SPM,442.FN.350,MDE,SPM,Motor DE (SPM),Active
Vb-442.FN350-MNDE-RMS,442.FN.350,MNDE,RMS,Motor NDE,Active
Vb-442.FN350-MNDE-SPM,442.FN.350,MNDE,SPM,Motor NDE (SPM),Active
Vb-442.FN590-FDE-RMS,442.FN.590,FDE,RMS,Fan inboard,Active
Vb-442.FN590-FDE-SPM,442.FN.590,FDE,SPM,Fan inboard (SPM),Active
Vb-442.FN590-FNDE-RMS,442.FN.590,FNDE,RMS,Fan Outboard,Active
Vb-442.FN590-FNDE-SPM,442.FN.590,FNDE,SPM,Fan Outboard (SPM),Active
Vb-442.FN590-MDE-RMS,442.FN.590,MDE,RMS,Motor DE,Active
Vb-442.FN590-MDE-SPM,442.FN.590,MDE,SPM,Motor DE (SPM),Active
Vb-442.FN590-MNDE-RMS,442.FN.590,MNDE,RMS,Motor NDE,Active
Vb-442.FN590-MNDE-SPM,442.FN.590,MNDE,SPM,Motor NDE (SPM),Active
Vb-442.FN590-S1DE-RMS,442.FN.590,S1DE,RMS,Shaft 1 inboard,Active
Vb-442.FN590-S1DE-SPM,442.FN.590,S1DE,SPM,Shaft 1 inboard (SPM),Active
Vb-442.FN590-S1NDE-RMS,442.FN.590,S1NDE,RMS,Shaft 1 outboard,Active
Vb-442.FN590-S1NDE-SPM,442.FN.590,S1NDE,SPM,Shaft 1 outboard (SPM),Active
Vb-442.FN590-S2DE-RMS,442.FN.590,S2DE,RMS,Shaft 2 inboard,Active
Vb-442.FN590-S2DE-SPM,442.FN.590,S2DE,SPM,Shaft 2 inboard (SPM),Active
Vb-442.FN590-S2NDE-RMS,442.FN.590,S2NDE,RMS,Shaft 2 outboard,Active
Vb-442.FN590-S2NDE-SPM,442.FN.590,S2NDE,SPM,Shaft 2 outboard (SPM),Active
Vb-451.FN010-FDE-RMS,451.FN.010,FDE,RMS,Fan DE,Active
Vb-451.FN010-FDE-SPM,451.FN.010,FDE,SPM,Fan DE (SPM),Active
Vb-451.FN010-FNDE-RMS,451.FN.010,FNDE,RMS,Fan NDE,Active
Vb-451.FN010-FNDE-SPM,451.FN.010,FNDE,SPM,Fan NDE (SPM),Active
Vb-451.FN010-MDE-RMS,451.FN.010,MDE,RMS,Motor DE,Active
Vb-451.FN010-MDE-SPM,451.FN.010,MDE,SPM,Motor DE (SPM),Active
Vb-451.FN010-MNDE-RMS,451.FN.010,MNDE,RMS,Motor NDE,Active
Vb-451.FN010-MNDE-SPM,451.FN.010,MNDE,SPM,Motor NDE (SPM),Active
Vb-451.FN240-FDE-RMS,451.FN.240,FDE,RMS,Fan DE,Active
Vb-451.FN240-FDE-SPM,451.FN.240,FDE,SPM,Fan DE (SPM),Active
Vb-451.FN240-FNDE-RMS,451.FN.240,FNDE,RMS,Fan NDE,Active
Vb-451.FN240-FNDE-SPM,451.FN.240,FNDE,SPM,Fan NDE (SPM),Active
Vb-451.FN240-MDE-RMS,451.FN.240,MDE,RMS,Motor DE,Active
Vb-451.FN240-MDE-SPM,451.FN.240,MDE,SPM,Motor DE (SPM),Active
Vb-451.FN240-MNDE-RMS,451.FN.240,MNDE,RMS,Motor NDE,Active
Vb-451.FN240-MNDE-SPM,451.FN.240,MNDE,SPM,Motor NDE (SPM),Active
Vb-451.WI111-MDE-RMS,451.WI.111,MDE,RMS,Motor Inboard,Active
Vb-451.WI111-MDE-SPM,451.WI.111,MDE,SPM,Motor Inboard (SPM),Active
Vb-451.WI111-MNDE-RMS,451.WI.111,MNDE,RMS,Motor Outboard,Active
Vb-451.WI111-MNDE-SPM,451.WI.111,MNDE,SPM,Motor Outboard (SPM),Active
Vb-451.WI111-PDE-RMS,451.WI.111,PDE,RMS,Pump Inboard,Active
Vb-451.WI111-PDE-SPM,451.WI.111,PDE,SPM,Pump Inboard (SPM),Active
Vb-451.WI111-PNDE-RMS,451.WI.111,PNDE,RMS,Pump outboard,Active
Vb-451.WI111-PNDE-SPM,451.WI.111,PNDE,SPM,Pump outboard (SPM),Active
Vb-451.WI210-MDE-RMS,451.WI.210,MDE,RMS,Motor Inboard,Active
Vb-451.WI210-MDE-SPM,451.WI.210,MDE,SPM,Motor Inboard (SPM),Active
Vb-451.WI210-PDE-RMS,451.WI.210,PDE,RMS,Pump Inboard,Active
Vb-451.WI210-PDE-SPM,451.WI.210,PDE,SPM,Pump Inboard (SPM),Active
Vb-451.WI210-PNDE-RMS,451.WI.210,PNDE,RMS,Pump outboard,Active
Vb-451.WI210-PNDE-SPM,451.WI.210,PNDE,SPM,Pump outboard (SPM),Active
Vb-452.FN010-FDE-RMS,452.FN.010,FDE,RMS,Fan DE,Active
Vb-452.FN010-FDE-SPM,452.FN.010,FDE,SPM,Fan DE (SPM),Active
Vb-452.FN010-FNDE-RMS,452.FN.010,FNDE,RMS,Fan NDE,Active
Vb-452.FN010-FNDE-SPM,452.FN.010,FNDE,SPM,Fan NDE (SPM),Active
Vb-452.FN010-MDE-RMS,452.FN.010,MDE,RMS,Motor DE,Active
Vb-452.FN010-MDE-SPM,452.FN.010,MDE,SPM,Motor DE (SPM),Active
Vb-452.FN010-MNDE-RMS,452.FN.010,MNDE,RMS,Motor NDE,Active
Vb-452.FN010-MNDE-SPM,452.FN.010,MNDE,SPM,Motor NDE (SPM),Active
Vb-452.FN240-FDE-RMS,452.FN.240,FDE,RMS,Fan DE,Active
Vb-452.FN240-FDE-SPM,452.FN.240,FDE,SPM,Fan DE (SPM),Active
Vb-452.FN240-FNDE-RMS,452.FN.240,FNDE,RMS,Fan NDE,Active
Vb-452.FN240-FNDE-SPM,452.FN.240,FNDE,SPM,Fan NDE (SPM),Active
Vb-452.FN240-MDE-RMS,452.FN.240,MDE,RMS,Motor DE,Active
Vb-452.FN240-MDE-SPM,452.FN.240,MDE,SPM,Motor DE (SPM),Active
Vb-452.FN240-MNDE-RMS,452.FN.240,MNDE,RMS,Motor NDE,Active
Vb-452.FN240-MNDE-SPM,452.FN.240,MNDE,SPM,Motor NDE (SPM),Active
Vb-452.WI111-MDE-RMS,452.WI.111,MDE,RMS,Motor Inboard,Active
Vb-452.WI111-MDE-SPM,452.WI.111,MDE,SPM,Motor Inboard (SPM),Active
Vb-452.WI111-MNDE-RMS,452.WI.111,MNDE,RMS,Motor Outboard,Active
Vb-452.WI111-MNDE-SPM,452.WI.111,MNDE,SPM,Motor Outboard (SPM),Active
Vb-452.WI111-PDE-RMS,452.WI.111,PDE,RMS,Pump Inboard,Active
Vb-452.WI111-PDE-SPM,452.WI.111,PDE,SPM,Pump Inboard (SPM),Active
Vb-452.WI111-PNDE-RMS,452.WI.111,PNDE,RMS,Pump outboard,Active
Vb-452.WI111-PNDE-SPM,452.WI.111,PNDE,SPM,Pump outboard (SPM),Active
Vb-452.WI112-MDE-RMS,452.WI.112,MDE,RMS,Motor Inboard,Active
Vb-452.WI112-MDE-SPM,452.WI.112,MDE,SPM,Motor Inboard (SPM),Active
Vb-452.WI112-MNDE-RMS,452.WI.112,MNDE,RMS,Motor Outboard,Active
Vb-452.WI112-MNDE-SPM,452.WI.112,MNDE,SPM,Motor Outboard (SPM),Active
Vb-452.WI112-PDE-RMS,452.WI.112,PDE,RMS,Pump Inboard,Active
Vb-452.WI112-PDE-SPM,452.WI.112,PDE,SPM,Pump Inboard (SPM),Active
Vb-452.WI112-PNDE-RMS,452.WI.112,PNDE,RMS,Pump outboard,Active
Vb-452.WI112-PNDE-SPM,452.WI.112,PNDE,SPM,Pump outboard (SPM),Active
Vb-461.CP524-CDE-RMS,461.CP.524,CDE,RMS,Compressor DE,Active
Vb-461.CP524-CDE-SPM-5,461.CP.524,CDE,SPM,Compressor DE (5),Active
Vb-461.CP524-CDE-SPM-7,461.CP.524,CDE,SPM,Compressor DE (7),Active
Vb-461.CP524-CNDE-RMS,461.CP.524,CNDE,RMS,Compressor NDE,Active
Vb-461.CP524-CNDE-SPM-1,461.CP.524,CNDE,SPM,Compressor NDE (1),Active
Vb-461.CP524-MDE-RMS,461.CP.524,MDE,RMS,Motor DE,Active
Vb-461.CP524-MDE-SPM-A,461.CP.524,MDE,SPM,Motor DE (A),Active
Vb-461.CP524-MNDE-RMS,461.CP.524,MNDE,RMS,Motor NDE,Active
Vb-461.CP524-MNDE-SPM-B,461.CP.524,MNDE,SPM,Motor NDE (B),Active
Vb-461.CP526-CDE-RMS,461.CP.526,CDE,RMS,Compressor DE,Active
Vb-461.CP526-CDE-SPM-5,461.CP.526,CDE,SPM,Compressor DE (5),Active
Vb-461.CP526-CDE-SPM-7,461.CP.526,CDE,SPM,Compressor DE (7),Active
Vb-461.CP526-CNDE-RMS,461.CP.526,CNDE,RMS,Compressor NDE,Active
Vb-461.CP526-CNDE-SPM-1,461.CP.526,CNDE,SPM,Compressor NDE (1),Active
Vb-461.CP526-MDE-RMS,461.CP.526,MDE,RMS,Motor DE,Active
Vb-461.CP526-MDE-SPM-A,461.CP.526,MDE,SPM,Motor DE (A),Active
Vb-461.CP526-MNDE-RMS,461.CP.526,MNDE,RMS,Motor NDE,Active
Vb-461.CP526-MNDE-SPM-B,461.CP.526,MNDE,SPM,Motor NDE (B),Active
Vb-461.FN125-FDE-RMS,461.FN.125,FDE,RMS,Fan DE,Active
Vb-461.FN125-FDE-SPM,461.FN.125,FDE,SPM,Fan DE (SPM),Active
Vb-461.FN125-FNDE-RMS,461.FN.125,FNDE,RMS,Fan NDE,Active
Vb-461.FN125-FNDE-SPM,461.FN.125,FNDE,SPM,Fan NDE (SPM),Active
Vb-461.FN125-MDE-RMS,461.FN.125,MDE,RMS,Motor DE,Active
Vb-461.FN125-MDE-SPM,461.FN.125,MDE,SPM,Motor DE (SPM),Active
Vb-461.FN125-MNDE-RMS,461.FN.125,MNDE,RMS,Motor NDE,Active
Vb-461.FN125-MNDE-SPM,461.FN.125,MNDE,SPM,Motor NDE (SPM),Active
Vb-461.FN400-FDE-RMS,461.FN.400,FDE,RMS,Fan DE,Active
Vb-461.FN400-FDE-SPM,461.FN.400,FDE,SPM,Fan DE (SPM),Active
Vb-461.FN400-FNDE-RMS,461.FN.400,FNDE,RMS,Fan NDE,Active
Vb-461.FN400-FNDE-SPM,461.FN.400,FNDE,SPM,Fan NDE (SPM),Active
Vb-461.FN400-MDE-RMS,461.FN.400,MDE,RMS,Motor DE,Active
Vb-461.FN400-MDE-SPM,461.FN.400,MDE,SPM,Motor DE (SPM),Active
Vb-461.FN400-MNDE-RMS,461.FN.400,MNDE,RMS,Motor NDE,Active
Vb-461.FN400-MNDE-SPM,461.FN.400,MNDE,SPM,Motor NDE (SPM),Active
Vb-461.FN450-FDE-RMS,461.FN.450,FDE,RMS,Fan DE,Active
Vb-461.FN450-FDE-SPM,461.FN.450,FDE,SPM,Fan DE (SPM),Active
Vb-461.FN450-FNDE-RMS,461.FN.450,FNDE,RMS,Fan NDE,Active
Vb-461.FN450-FNDE-SPM,461.FN.450,FNDE,SPM,Fan NDE (SPM),Active
Vb-461.FN450-MDE-RMS,461.FN.450,MDE,RMS,Motor DE,Active
Vb-461.FN450-MDE-SPM,461.FN.450,MDE,SPM,Motor DE (SPM),Active
Vb-461.FN450-MNDE-RMS,461.FN.450,MNDE,RMS,Motor NDE,Active
Vb-461.FN450-MNDE-SPM,461.FN.450,MNDE,SPM,Motor NDE (SPM),Active
Vb-461.MD140-MDE-RMS,461.MD.140,MDE,RMS,Motor DE,Active
Vb-461.MD140-MDE-SPM,461.MD.140,MDE,SPM,Motor DE (SPM),Active
Vb-461.MD140-MNDE-RMS,461.MD.140,MNDE,RMS,Motor NDE,Active
Vb-461.MD140-MNDE-SPM,461.MD.140,MNDE,SPM,Motor NDE (SPM),Active
Vb-461.MD140-PHSS-RMS,461.MD.140,PHSS,RMS,Pinion HSS,Active
Vb-461.MD140-PHSS-SPM,461.MD.140,PHSS,SPM,Pinion HSS (SPM),Active
Vb-461.MD140-RGT-RMS,461.MD.140,RGT,RMS,Ring Gear,Active
Vb-461.MD140-RGT-SPM,461.MD.140,RGT,SPM,Ring Gear (SPM),Active
Vb-461.MD152-MDE-RMS,461.MD.152,MDE,RMS,Motor DE,Active
Vb-461.MD152-MDE-SPM,461.MD.152,MDE,SPM,Motor DE (SPM),Active
Vb-461.MD152-MNDE-RMS,461.MD.152,MNDE,RMS,Motor NDE,Active
Vb-461.MD152-MNDE-SPM,461.MD.152,MNDE,SPM,Motor NDE (SPM),Active
Vb-461.MD152-S1DE-RMS,461.MD.152,S1DE,RMS,Shaft#1 inboard,Active
Vb-461.MD152-S1DE-SPM,461.MD.152,S1DE,SPM,Shaft#1 inboard (SPM),Active
Vb-461.MD152-S1NDE-RMS,461.MD.152,S1NDE,RMS,Shaft#1 outbord,Active
Vb-461.MD152-S1NDE-SPM,461.MD.152,S1NDE,SPM,Shaft#1 outbord (SPM),Active
Vb-461.MD152-S2DE-RMS,461.MD.152,S2DE,RMS,Shaft#2 inboard,Active
Vb-461.MD152-S2DE-SPM,461.MD.152,S2DE,SPM,Shaft#2 inboard (SPM),Active
Vb-461.MD152-S2NDE-RMS,461.MD.152,S2NDE,RMS,Shaft#2 outboard,Active
Vb-461.MD152-S2NDE-SPM,461.MD.152,S2NDE,SPM,Shaft#2 outboard (SPM),Active
Vb-461.PP513-MDE-RMS,461.PP.513,MDE,RMS,Motor DE,Active
Vb-461.PP513-MDE-SPM-ORD,461.PP.513,MDE,SPM,"Motor DE (100 Orders, 12800 Lines)",Active
Vb-461.PP513-MNDE-RMS,461.PP.513,MNDE,RMS,Motor NDE,Active
Vb-461.PP513-MNDE-SPM-ORD,461.PP.513,MNDE,SPM,"Motor NDE (100 Orders, 6400 Lines)",Active
Vb-461.PP513-PDE-RMS,461.PP.513,PDE,RMS,Pump inboard DE,Active
Vb-461.PP513-PDE-SPM,461.PP.513,PDE,SPM,Pump inboard DE (SPM),Active
Vb-461.PP513-PNDE-RMS,461.PP.513,PNDE,RMS,Pump Outboard NDE,Active
Vb-461.PP513-PNDE-SPM,461.PP.513,PNDE,SPM,Pump Outboard NDE (SPM),Active
Vb-461.PP515-MDE-RMS,461.PP.515,MDE,RMS,Motor DE,Active
Vb-461.PP515-MDE-SPM,461.PP.515,MDE,SPM,Motor DE (SPM),Active
Vb-461.PP515-MNDE-RMS,461.PP.515,MNDE,RMS,Motor NDE,Active
Vb-461.PP515-MNDE-SPM,461.PP.515,MNDE,SPM,Motor NDE (SPM),Active
Vb-461.PP515-PDE-RMS,461.PP.515,PDE,RMS,Pump inboard DE,Active
Vb-461.PP515-PDE-SPM,461.PP.515,PDE,SPM,Pump inboard DE (SPM),Active
Vb-461.PP515-PNDE-RMS,461.PP.515,PNDE,RMS,Pump Outboard NDE,Active
Vb-461.PP515-PNDE-SPM,461.PP.515,PNDE,SPM,Pump Outboard NDE (SPM),Active
Vb-462.CP525-CDE-RMS,462.CP.525,CDE,RMS,Compressor DE,Active
Vb-462.CP525-CDE-SPM-5,462.CP.525,CDE,SPM,Compressor DE (5),Active
Vb-462.CP525-CDE-SPM-7,462.CP.525,CDE,SPM,Compressor DE (7),Active
Vb-462.CP525-CNDE-RMS,462.CP.525,CNDE,RMS,Compressor NDE,Active
Vb-462.CP525-CNDE-SPM-1,462.CP.525,CNDE,SPM,Compressor NDE (1),Active
Vb-462.CP525-MDE-RMS,462.CP.525,MDE,RMS,Motor DE,Active
Vb-462.CP525-MDE-SPM-A,462.CP.525,MDE,SPM,Motor DE (A),Active
Vb-462.CP525-MNDE-RMS,462.CP.525,MNDE,RMS,Motor NDE,Active
Vb-462.CP525-MNDE-SPM-B,462.CP.525,MNDE,SPM,Motor NDE (B),Active
Vb-462.CP530-CDE-RMS,462.CP.530,CDE,RMS,Compressor DE,Active
Vb-462.CP530-CDE-SPM-5,462.CP.530,CDE,SPM,Compressor DE (5),Active
Vb-462.CP530-CDE-SPM-7,462.CP.530,CDE,SPM,Compressor DE (7),Active
Vb-462.CP530-CNDE-RMS,462.CP.530,CNDE,RMS,Compressor NDE,Active
Vb-462.CP530-CNDE-SPM-1,462.CP.530,CNDE,SPM,Compressor NDE (1),Active
Vb-462.CP530-MDE-RMS,462.CP.530,MDE,RMS,Motor DE,Active
Vb-462.CP530-MDE-SPM-A,462.CP.530,MDE,SPM,Motor DE (A),Active
Vb-462.CP530-MNDE-RMS,462.CP.530,MNDE,RMS,Motor NDE,Active
Vb-462.CP530-MNDE-SPM-B,462.CP.530,MNDE,SPM,Motor NDE (B),Active
Vb-462.FN125-FDE-RMS,462.FN.125,FDE,RMS,Fan DE,Active
Vb-462.FN125-FDE-SPM,462.FN.125,FDE,SPM,Fan DE (SPM),Active
Vb-462.FN125-FNDE-RMS,462.FN.125,FNDE,RMS,Fan NDE,Active
Vb-462.FN125-FNDE-SPM,462.FN.125,FNDE,SPM,Fan NDE (SPM),Active
Vb-462.FN125-MDE-RMS,462.FN.125,MDE,RMS,Motor DE,Active
Vb-462.FN125-MDE-SPM,462.FN.125,MDE,SPM,Motor DE (SPM),Active
Vb-462.FN125-MNDE-RMS,462.FN.125,MNDE,RMS,Motor NDE,Active
Vb-462.FN125-MNDE-SPM,462.FN.125,MNDE,SPM,Motor NDE (SPM),Active
Vb-462.FN400-FDE-RMS,462.FN.400,FDE,RMS,Fan DE,Active
Vb-462.FN400-FDE-SPM,462.FN.400,FDE,SPM,Fan DE (SPM),Active
Vb-462.FN400-FNDE-RMS,462.FN.400,FNDE,RMS,Fan NDE,Active
Vb-462.FN400-FNDE-SPM,462.FN.400,FNDE,SPM,Fan NDE (SPM),Active
Vb-462.FN400-MDE-RMS,462.FN.400,MDE,RMS,Motor DE,Active
Vb-462.FN400-MDE-SPM,462.FN.400,MDE,SPM,Motor DE (SPM),Active
Vb-462.FN400-MNDE-RMS,462.FN.400,MNDE,RMS,Motor NDE,Active
Vb-462.FN400-MNDE-SPM,462.FN.400,MNDE,SPM,Motor NDE (SPM),Active
Vb-462.FN450-FDE-RMS,462.FN.450,FDE,RMS,Fan DE,Active
Vb-462.FN450-FDE-SPM,462.FN.450,FDE,SPM,Fan DE (SPM),Active
Vb-462.FN450-FNDE-RMS,462.FN.450,FNDE,RMS,Fan NDE,Active
Vb-462.FN450-FNDE-SPM,462.FN.450,FNDE,SPM,Fan NDE (SPM),Active
Vb-462.FN450-MDE-RMS,462.FN.450,MDE,RMS,Motor DE,Active
Vb-462.FN450-MDE-SPM,462.FN.450,MDE,SPM,Motor DE (SPM),Active
Vb-462.FN450-MNDE-RMS,462.FN.450,MNDE,RMS,Motor NDE,Active
Vb-462.FN450-MNDE-SPM,462.FN.450,MNDE,SPM,Motor NDE (SPM),Active
Vb-462.MD140-MDE-RMS,462.MD.140,MDE,RMS,Motor DE,Active
Vb-462.MD140-MDE-SPM,462.MD.140,MDE,SPM,Motor DE (SPM),Active
Vb-462.MD140-MNDE-RMS,462.MD.140,MNDE,RMS,Motor NDE,Active
Vb-462.MD140-MNDE-SPM,462.MD.140,MNDE,SPM,Motor NDE (SPM),Active
Vb-462.MD140-PHSS-RMS,462.MD.140,PHSS,RMS,Pinion HSS,Active
Vb-462.MD140-PHSS-SPM,462.MD.140,PHSS,SPM,Pinion HSS (SPM),Active
Vb-462.MD140-RGT-RMS,462.MD.140,RGT,RMS,Ring Gear,Active
Vb-462.MD140-RGT-SPM,462.MD.140,RGT,SPM,Ring Gear (SPM),Active
Vb-462.PP515-MDE-RMS,462.PP.515,MDE,RMS,Motor DE,Active
Vb-462.PP515-MDE-SPM,462.PP.515,MDE,SPM,Motor DE (SPM),Active
Vb-462.PP515-MNDE-RMS,462.PP.515,MNDE,RMS,Motor NDE,Active
Vb-462.PP515-MNDE-SPM,462.PP.515,MNDE,SPM,Motor NDE (SPM),Active
Vb-462.PP515-PDE-RMS,462.PP.515,PDE,RMS,Pump inboard DE,Active
Vb-462.PP515-PDE-SPM,462.PP.515,PDE,SPM,Pump inboard DE (SPM),Active
Vb-462.PP515-PNDE-RMS,462.PP.515,PNDE,RMS,Pump Outboard NDE,Active
Vb-462.PP515-PNDE-SPM,462.PP.515,PNDE,SPM,Pump Outboard NDE (SPM),Active
Vb-462.PP545-MDE-RMS,462.PP.545,MDE,RMS,Motor DE,Active
Vb-462.PP545-MDE-SPM,462.PP.545,MDE,SPM,Motor DE (SPM),Active
Vb-462.PP545-MNDE-RMS,462.PP.545,MNDE,RMS,Motor NDE,Active
Vb-462.PP545-MNDE-SPM,462.PP.545,MNDE,SPM,Motor NDE (SPM),Active
Vb-462.PP545-PDE-RMS,462.PP.545,PDE,RMS,Pump inboard DE,Active
Vb-462.PP545-PDE-SPM,462.PP.545,PDE,SPM,Pump inboard DE (SPM),Active
Vb-462.PP545-PNDE-RMS,462.PP.545,PNDE,RMS,Pump Outboard NDE,Active
Vb-462.PP545-PNDE-SPM,462.PP.545,PNDE,SPM,Pump Outboard NDE (SPM),Active
Vb-466.BL585-BLDE-RMS,466.BL.585,BLDE,RMS,BL DE,Active
Vb-466.BL585-BLDE-SPM,466.BL.585,BLDE,SPM,BL DE (SPM),Active
Vb-466.BL585-BLNDE-RMS,466.BL.585,BLNDE,RMS,BL NDE,Active
Vb-466.BL585-BLNDE-SPM,466.BL.585,BLNDE,SPM,BL NDE (SPM),Active
Vb-466.BL585-MDE-RMS,466.BL.585,MDE,RMS,Motor DE,Active
Vb-466.BL585-MDE-SPM,466.BL.585,MDE,SPM,Motor DE (SPM),Active
Vb-466.BL585-MNDE-RMS,466.BL.585,MNDE,RMS,Motor NDE,Active
Vb-466.BL585-MNDE-SPM,466.BL.585,MNDE,SPM,Motor NDE (SPM),Active
Vb-466.BL630-BLDE-RMS,466.BL.630,BLDE,RMS,BL DE,Active
Vb-466.BL630-BLDE-SPM,466.BL.630,BLDE,SPM,BL DE (SPM),Active
Vb-466.BL630-BLNDE-RMS,466.BL.630,BLNDE,RMS,BL NDE,Active
Vb-466.BL630-BLNDE-SPM,466.BL.630,BLNDE,SPM,BL NDE (SPM),Active
Vb-466.BL630-MDE-RMS,466.BL.630,MDE,RMS,Motor DE,Active
Vb-466.BL630-MDE-SPM,466.BL.630,MDE,SPM,Motor DE (SPM),Active
Vb-466.BL630-MNDE-RMS,466.BL.630,MNDE,RMS,Motor NDE,Active
Vb-466.BL630-MNDE-SPM,466.BL.630,MNDE,SPM,Motor NDE (SPM),Active
Vb-466.BL635-BLDE-RMS,466.BL.635,BLDE,RMS,BL DE,Active
Vb-466.BL635-BLDE-SPM,466.BL.635,BLDE,SPM,BL DE (SPM),Active
Vb-466.BL635-BLNDE-RMS,466.BL.635,BLNDE,RMS,BL NDE,Active
Vb-466.BL635-BLNDE-SPM,466.BL.635,BLNDE,SPM,BL NDE (SPM),Active
Vb-466.BL635-MDE-RMS,466.BL.635,MDE,RMS,Motor DE,Active
Vb-466.BL635-MDE-SPM,466.BL.635,MDE,SPM,Motor DE (SPM),Active
Vb-466.BL635-MNDE-RMS,466.BL.635,MNDE,RMS,Motor NDE,Active
Vb-466.BL635-MNDE-SPM,466.BL.635,MNDE,SPM,Motor NDE (SPM),Active
Vb-531.BE220-BRDE-Gs,531.BE.220,BRDE,Gs,Bearing Inboard Horz Peakvue,Active
Vb-531.BE220-BRDE-RMS,531.BE.220,BRDE,RMS,Bearing Inboard Axial; Bearing Inboard Horizontal; Bearing Inboard Vertical,Active
Vb-531.BE220-BRNDE-Gs,531.BE.220,BRNDE,Gs,Bearing Outboard Horz Peakvue,Active
Vb-531.BE220-BRNDE-RMS,531.BE.220,BRNDE,RMS,Bearing Outboard Axial; Bearing Outboard Horizontal; Bearing Outboard Vertical,Active
Vb-531.BE220-MDE-Gs,531.BE.220,MDE,Gs,Motor Inboard Horz Peakvue,Active
Vb-531.BE220-MDE-RMS,531.BE.220,MDE,RMS,Motor DE; Motor Inboard Axial; Motor Inboard Horizontal; Motor Inboard Vertical,Active
Vb-531.BE220-MDE-SPM,531.BE.220,MDE,SPM,Motor DE (SPM),Active
Vb-531.BE220-MNDE-Gs,531.BE.220,MNDE,Gs,Motor Outboard Horz Peakvue,Active
Vb-531.BE220-MNDE-RMS,531.BE.220,MNDE,RMS,Motor NDE; Motor Outboard Axial; Motor Outboard Horizontal; Motor Outboard Vertical,Active
Vb-531.BE220-MNDE-SPM,531.BE.220,MNDE,SPM,Motor NDE (SPM),Active
Vb-531.BE220-S1-RMS,531.BE.220,S1,RMS,Shaft #1,Active
Vb-531.BE220-S1-SPM,531.BE.220,S1,SPM,Shaft #1 (SPM),Active
Vb-531.BE220-S1DE-Gs,531.BE.220,S1DE,Gs,Shaft 01 Inboard Horz Peakvue,Active
Vb-531.BE220-S1DE-RMS,531.BE.220,S1DE,RMS,Shaft 01 Inboard Axial; Shaft 01 Inboard Horizontal; Shaft 01 Inboard Vertical,Active
Vb-531.BE220-S2-RMS,531.BE.220,S2,RMS,Shaft #2,Active
Vb-531.BE220-S2-SPM,531.BE.220,S2,SPM,Shaft #2 (SPM),Active
Vb-531.BE220-S2DE-Gs,531.BE.220,S2DE,Gs,Shaft 02 Inboard Horz Peakvue,Active
Vb-531.BE220-S2DE-RMS,531.BE.220,S2DE,RMS,Shaft 02 Inboard Axial; Shaft 02 Inboard Horizontal; Shaft 02 Inboard Vertical,Active
Vb-531.BE220-S2NDE-Gs,531.BE.220,S2NDE,Gs,Shaft 02 Outboard Horz Peakvue,Active
Vb-531.BE220-S2NDE-RMS,531.BE.220,S2NDE,RMS,Shaft 02 Outboard Axial; Shaft 02 Outboard Horizontal; Shaft 02 Outboard Vertical,Active
Vb-531.BE220-S3-RMS,531.BE.220,S3,RMS,Shaft #3,Active
Vb-531.BE220-S3-SPM,531.BE.220,S3,SPM,Shaft #3 (SPM),Active
Vb-531.FN242-FDE-Gs,531.FN.242,FDE,Gs,Fan Inboard Horz Peakvue,Active
Vb-531.FN242-FDE-RMS,531.FN.242,FDE,RMS,Fan Inboard Axial; Fan Inboard Horizontal; Fan Inboard Vertical,Active
Vb-531.FN242-FNDE-Gs,531.FN.242,FNDE,Gs,Fan Outboard Horz Peakvue,Active
Vb-531.FN242-FNDE-RMS,531.FN.242,FNDE,RMS,Fan Outboard Axial; Fan Outboard Horizontal; Fan Outboard Vertical,Active
Vb-531.FN242-MDE-Gs,531.FN.242,MDE,Gs,Motor Inboard Horz Peakvue,Active
Vb-531.FN242-MDE-RMS,531.FN.242,MDE,RMS,Motor Inboard Axial; Motor Inboard Horizontal; Motor Inboard Vertical,Active
Vb-531.FN242-MNDE-Gs,531.FN.242,MNDE,Gs,Motor Outboard Horz Peakvue,Active
Vb-531.FN242-MNDE-RMS,531.FN.242,MNDE,RMS,Motor Outboard Axial; Motor Outboard Horizontal; Motor Outboard Vertical,Active
Vb-531.FN380-FDE-Gs,531.FN.380,FDE,Gs,Fan Inboard Horz Peakvue,Active
Vb-531.FN380-FDE-RMS,531.FN.380,FDE,RMS,Fan DE; Fan Inboard Axial; Fan Inboard Horizontal; Fan Inboard Vertical,Active
Vb-531.FN380-FDE-SPM,531.FN.380,FDE,SPM,Fan DE (SPM),Active
Vb-531.FN380-FNDE-Gs,531.FN.380,FNDE,Gs,Fan Outboard Horz Peakvue,Active
Vb-531.FN380-FNDE-RMS,531.FN.380,FNDE,RMS,Fan NDE; Fan Outboard Axial; Fan Outboard Horizontal; Fan Outboard Vertical,Active
Vb-531.FN380-FNDE-SPM,531.FN.380,FNDE,SPM,Fan NDE (SPM),Active
Vb-531.FN380-MDE-Gs,531.FN.380,MDE,Gs,Motor Inboard Horz Peakvue,Active
Vb-531.FN380-MDE-RMS,531.FN.380,MDE,RMS,Motor DE; Motor Inboard Axial; Motor Inboard Horizontal; Motor Inboard Vertical,Active
Vb-531.FN380-MDE-SPM,531.FN.380,MDE,SPM,Motor DE (SPM),Active
Vb-531.FN380-MNDE-Gs,531.FN.380,MNDE,Gs,Motor Outboard Horz Peakvue,Active
Vb-531.FN380-MNDE-RMS,531.FN.380,MNDE,RMS,Motor NDE; Motor Outboard Axial; Motor Outboard Horizontal; Motor Outboard Vertical,Active
Vb-531.FN380-MNDE-SPM,531.FN.380,MNDE,SPM,Motor NDE (SPM),Active
Vb-531.FN530-FDE-Gs,531.FN.530,FDE,Gs,Fan Inboard Horz Peakvue,Active
Vb-531.FN530-FDE-RMS,531.FN.530,FDE,RMS,Fan DE; Fan Inboard Axial; Fan Inboard Horizontal; Fan Inboard Vertical,Active
Vb-531.FN530-FDE-SPM,531.FN.530,FDE,SPM,Fan DE (SPM),Active
Vb-531.FN530-FNDE-Gs,531.FN.530,FNDE,Gs,Fan Outboard Horz Peakvue,Active
Vb-531.FN530-FNDE-RMS,531.FN.530,FNDE,RMS,Fan NDE; Fan Outboard Axial; Fan Outboard Horizontal; Fan Outboard Vertical,Active
Vb-531.FN530-FNDE-SPM,531.FN.530,FNDE,SPM,Fan NDE (SPM),Active
Vb-531.FN530-MDE-Gs,531.FN.530,MDE,Gs,Motor Inboard Horz Peakvue,Active
Vb-531.FN530-MDE-RMS,531.FN.530,MDE,RMS,Motor DE; Motor Inboard Axial; Motor Inboard Horizontal; Motor Inboard Vertical,Active
Vb-531.FN530-MDE-SPM,531.FN.530,MDE,SPM,Motor DE (SPM),Active
Vb-531.FN530-MNDE-Gs,531.FN.530,MNDE,Gs,Motor Outboard Horz Peakvue,Active
Vb-531.FN530-MNDE-RMS,531.FN.530,MNDE,RMS,Motor NDE; Motor Outboard Axial; Motor Outboard Horizontal; Motor Outboard Vertical,Active
Vb-531.FN530-MNDE-SPM,531.FN.530,MNDE,SPM,Motor NDE (SPM),Active
Vb-531.MD140-MDE-Gs,531.MD.140,MDE,Gs,Motor Inboard Horz Peakvue,Active
Vb-531.MD140-MDE-RMS,531.MD.140,MDE,RMS,Motor DE; Motor Inboard Axial; Motor Inboard Horizontal; Motor Inboard Vertical,Active
Vb-531.MD140-MDE-SPM,531.MD.140,MDE,SPM,Motor DE (SPM),Active
Vb-531.MD140-MNDE-Gs,531.MD.140,MNDE,Gs,Motor Outboard Horz Peakvue,Active
Vb-531.MD140-MNDE-RMS,531.MD.140,MNDE,RMS,Motor NDE; Motor Outboard Axial; Motor Outboard Horizontal; Motor Outboard Vertical,Active
Vb-531.MD140-MNDE-SPM,531.MD.140,MNDE,SPM,Motor NDE (SPM),Active
Vb-531.MD140-S1DE-Gs,531.MD.140,S1DE,Gs,Shaft 01 Inboard Horz Peakvue,Active
Vb-531.MD140-S1DE-RMS,531.MD.140,S1DE,RMS,Shaft 01 Inboard Axial; Shaft 01 Inboard Horizontal; Shaft 01 Inboard Vertical; Shaft 1 inboard DE,Active
Vb-531.MD140-S1DE-SPM,531.MD.140,S1DE,SPM,Shaft 1 inboard DE (SPM),Active
Vb-531.MD140-S1NDE-Gs,531.MD.140,S1NDE,Gs,Shaft 01 Outboard Horz Peakvue,Active
Vb-531.MD140-S1NDE-RMS,531.MD.140,S1NDE,RMS,Shaft 01 Outboard Axial; Shaft 01 Outboard Horizontal; Shaft 01 Outboard Vertical; Shaft 1 Outboard NDE,Active
Vb-531.MD140-S1NDE-SPM,531.MD.140,S1NDE,SPM,Shaft 1 Outboard NDE (SPM),Active
Vb-531.MD140-S2DE-Gs,531.MD.140,S2DE,Gs,Shaft 02 Inboard Horz Peakvue,Active
Vb-531.MD140-S2DE-RMS,531.MD.140,S2DE,RMS,Shaft 02 Inboard Axial; Shaft 02 Inboard Horizontal; Shaft 02 Inboard Vertical; Shaft 2 inboard DE,Active
Vb-531.MD140-S2DE-SPM,531.MD.140,S2DE,SPM,Shaft 2 inboard DE (SPM),Active
Vb-531.MD140-S2NDE-Gs,531.MD.140,S2NDE,Gs,Shaft 02 Outboard Horz Peakvue,Active
Vb-531.MD140-S2NDE-RMS,531.MD.140,S2NDE,RMS,Shaft 02 Outboard Axial; Shaft 02 Outboard Horizontal; Shaft 02 Outboard Vertical; Shaft 2 inboard NDE,Active
Vb-531.MD140-S2NDE-SPM,531.MD.140,S2NDE,SPM,Shaft 2 inboard NDE (SPM),Active
Vb-531.MD140-S3DE-Gs,531.MD.140,S3DE,Gs,Shaft 03 Inboard Horz Peakvue,Active
Vb-531.MD140-S3DE-RMS,531.MD.140,S3DE,RMS,Shaft 03 Inboard Axial; Shaft 03 Inboard Horizontal; Shaft 03 Inboard Vertical; Shaft 3 inboard DE,Active
Vb-531.MD140-S3DE-SPM,531.MD.140,S3DE,SPM,Shaft 3 inboard DE (SPM),Active
Vb-531.MD140-S3NDE-Gs,531.MD.140,S3NDE,Gs,Shaft 03 Outboard Horz Peakvue,Active
Vb-531.MD140-S3NDE-RMS,531.MD.140,S3NDE,RMS,Shaft 03 Outboard Axial; Shaft 03 Outboard Horizontal; Shaft 03 Outboard Vertical; Shaft 3 NDE,Active
Vb-531.MD140-S3NDE-SPM,531.MD.140,S3NDE,SPM,Shaft 3 NDE (SPM),Active
Vb-531.MD140-S4DE-Gs,531.MD.140,S4DE,Gs,Shaft 04 Inboard Horz Peakvue,Active
Vb-531.MD140-S4DE-RMS,531.MD.140,S4DE,RMS,Shaft 04 Inboard Axial; Shaft 04 Inboard Horizontal; Shaft 04 Inboard Vertical; Shaft 4 inboard DE,Active
Vb-531.MD140-S4DE-SPM,531.MD.140,S4DE,SPM,Shaft 4 inboard DE (SPM),Active
Vb-531.MD140-S4NDE-RMS,531.MD.140,S4NDE,RMS,Shaft 4 NDE,Active
Vb-531.MD140-S4NDE-SPM,531.MD.140,S4NDE,SPM,Shaft 4 NDE (SPM),Active
Vb-531.MD140-TGB-RMS,531.MD.140,TGB,RMS,Top GearBox,Active
Vb-531.MD302-MDE-Gs,531.MD.302,MDE,Gs,Motor Inboard Horz Peakvue,Active
Vb-531.MD302-MDE-RMS,531.MD.302,MDE,RMS,Motor DE; Motor Inboard Axial; Motor Inboard Horizontal; Motor Inboard Vertical,Active
Vb-531.MD302-MDE-SPM,531.MD.302,MDE,SPM,Motor DE (SPM),Active
Vb-531.MD302-MNDE-Gs,531.MD.302,MNDE,Gs,Motor Outboard Horz Peakvue,Active
Vb-531.MD302-MNDE-RMS,531.MD.302,MNDE,RMS,Motor NDE; Motor Outboard Axial; Motor Outboard Horizontal; Motor Outboard Vertical,Active
Vb-531.MD302-MNDE-SPM,531.MD.302,MNDE,SPM,Motor NDE (SPM),Active
Vb-531.MD302-S1DE-Gs,531.MD.302,S1DE,Gs,Shaft 01 Inboard Horz Peakvue,Active
Vb-531.MD302-S1DE-RMS,531.MD.302,S1DE,RMS,Shaft 01 Inboard Axial; Shaft 01 Inboard Horizontal; Shaft 01 Inboard Vertical; Shaft 1 inboard DE,Active
Vb-531.MD302-S1DE-SPM,531.MD.302,S1DE,SPM,Shaft 1 inboard DE (SPM),Active
Vb-531.MD302-S1NDE-Gs,531.MD.302,S1NDE,Gs,Shaft 01 Outboard Horz Peakvue,Active
Vb-531.MD302-S1NDE-RMS,531.MD.302,S1NDE,RMS,Shaft 01 Outboard Axial; Shaft 01 Outboard Horizontal; Shaft 01 Outboard Vertical; Shaft 1 Outboard NDE,Active
Vb-531.MD302-S1NDE-SPM,531.MD.302,S1NDE,SPM,Shaft 1 Outboard NDE (SPM),Active
Vb-531.MD302-S2DE-Gs,531.MD.302,S2DE,Gs,Shaft 02 Inboard Horz Peakvue,Active
Vb-531.MD302-S2DE-RMS,531.MD.302,S2DE,RMS,Shaft 02 Inboard Axial; Shaft 02 Inboard Horizontal; Shaft 02 Inboard Vertical; Shaft 2 inboard DE,Active
Vb-531.MD302-S2DE-SPM,531.MD.302,S2DE,SPM,Shaft 2 inboard DE (SPM),Active
Vb-531.MD302-S2NDE-Gs,531.MD.302,S2NDE,Gs,Shaft 02 Outboard Horz Peakvue,Active
Vb-531.MD302-S2NDE-RMS,531.MD.302,S2NDE,RMS,Shaft 02 Outboard Axial; Shaft 02 Outboard Horizontal; Shaft 02 Outboard Vertical; Shaft 2 inboard NDE,Active
Vb-531.MD302-S2NDE-SPM,531.MD.302,S2NDE,SPM,Shaft 2 inboard NDE (SPM),Active
Vb-532.BE220-MDE-RMS,532.BE.220,MDE,RMS,Motor DE,Active
Vb-532.BE220-MDE-SPM,532.BE.220,MDE,SPM,Motor DE (SPM),Active
Vb-532.BE220-MNDE-RMS,532.BE.220,MNDE,RMS,Motor NDE,Active
Vb-532.BE220-MNDE-SPM,532.BE.220,MNDE,SPM,Motor NDE (SPM),Active
Vb-532.BE220-S1-RMS,532.BE.220,S1,RMS,Shaft #1,Active
Vb-532.BE220-S1-SPM,532.BE.220,S1,SPM,Shaft #1 (SPM),Active
Vb-532.BE220-S2-RMS,532.BE.220,S2,RMS,Shaft #2,Active
Vb-532.BE220-S2-SPM,532.BE.220,S2,SPM,Shaft #2 (SPM),Active
Vb-532.BE220-S3-RMS,532.BE.220,S3,RMS,Shaft #3,Active
Vb-532.BE220-S3-SPM,532.BE.220,S3,SPM,Shaft #3 (SPM),Active
Vb-532.FN242-FDE-Gs,532.FN.242,FDE,Gs,Fan Inboard Horz Peakvue,Active
Vb-532.FN242-FDE-RMS,532.FN.242,FDE,RMS,Fan Inboard Axial; Fan Inboard Horizontal; Fan Inboard Vertical,Active
Vb-532.FN242-FNDE-Gs,532.FN.242,FNDE,Gs,Fan Outboard Horz Peakvue,Active
Vb-532.FN242-FNDE-RMS,532.FN.242,FNDE,RMS,Fan Outboard Axial; Fan Outboard Horizontal; Fan Outboard Vertical,Active
Vb-532.FN242-MDE-Gs,532.FN.242,MDE,Gs,Motor Inboard Horz Peakvue,Active
Vb-532.FN242-MDE-RMS,532.FN.242,MDE,RMS,Motor Inboard Axial; Motor Inboard Horizontal; Motor Inboard Vertical,Active
Vb-532.FN242-MNDE-Gs,532.FN.242,MNDE,Gs,Motor Outboard Horz Peakvue,Active
Vb-532.FN242-MNDE-RMS,532.FN.242,MNDE,RMS,Motor Outboard Axial; Motor Outboard Horizontal; Motor Outboard Vertical,Active
Vb-532.FN380-FDE-Gs,532.FN.380,FDE,Gs,Fan Inboard Horz Peakvue,Active
Vb-532.FN380-FDE-RMS,532.FN.380,FDE,RMS,Fan DE; Fan Inboard Axial; Fan Inboard Horizontal; Fan Inboard Vertical,Active
Vb-532.FN380-FDE-SPM,532.FN.380,FDE,SPM,Fan DE (SPM),Active
Vb-532.FN380-FNDE-Gs,532.FN.380,FNDE,Gs,Fan Outboard Horz Peakvue,Active
Vb-532.FN380-FNDE-RMS,532.FN.380,FNDE,RMS,Fan NDE; Fan Outboard Axial; Fan Outboard Horizontal; Fan Outboard Vertical,Active
Vb-532.FN380-FNDE-SPM,532.FN.380,FNDE,SPM,Fan NDE (SPM),Active
Vb-532.FN380-MDE-Gs,532.FN.380,MDE,Gs,Motor Inboard Horz Peakvue,Active
Vb-532.FN380-MDE-RMS,532.FN.380,MDE,RMS,Motor DE; Motor Inboard Axial; Motor Inboard Horizontal; Motor Inboard Vertical,Active
Vb-532.FN380-MDE-SPM,532.FN.380,MDE,SPM,Motor DE (SPM),Active
Vb-532.FN380-MNDE-Gs,532.FN.380,MNDE,Gs,Motor Outboard Horz Peakvue,Active
Vb-532.FN380-MNDE-RMS,532.FN.380,MNDE,RMS,Motor NDE; Motor Outboard Axial; Motor Outboard Horizontal; Motor Outboard Vertical,Active
Vb-532.FN380-MNDE-SPM,532.FN.380,MNDE,SPM,Motor NDE (SPM),Active
Vb-532.FN530-FDE-Gs,532.FN.530,FDE,Gs,Fan Inboard Horz Peakvue,Active
Vb-532.FN530-FDE-RMS,532.FN.530,FDE,RMS,Fan DE; Fan Inboard Axial; Fan Inboard Horizontal; Fan Inboard Vertical,Active
Vb-532.FN530-FDE-SPM,532.FN.530,FDE,SPM,Fan DE (SPM),Active
Vb-532.FN530-FNDE-Gs,532.FN.530,FNDE,Gs,Fan Outboard Horz Peakvue,Active
Vb-532.FN530-FNDE-RMS,532.FN.530,FNDE,RMS,Fan NDE; Fan Outboard Axial; Fan Outboard Horizontal; Fan Outboard Vertical,Active
Vb-532.FN530-FNDE-SPM,532.FN.530,FNDE,SPM,Fan NDE (SPM),Active
Vb-532.FN530-MDE-Gs,532.FN.530,MDE,Gs,Motor Inboard Horz Peakvue,Active
Vb-532.FN530-MDE-RMS,532.FN.530,MDE,RMS,Motor DE; Motor Inboard Axial; Motor Inboard Horizontal; Motor Inboard Vertical,Active
Vb-532.FN530-MDE-SPM,532.FN.530,MDE,SPM,Motor DE (SPM),Active
Vb-532.FN530-MNDE-Gs,532.FN.530,MNDE,Gs,Motor Outboard Horz Peakvue,Active
Vb-532.FN530-MNDE-RMS,532.FN.530,MNDE,RMS,Motor NDE; Motor Outboard Axial; Motor Outboard Horizontal; Motor Outboard Vertical,Active
Vb-532.FN530-MNDE-SPM,532.FN.530,MNDE,SPM,Motor NDE (SPM),Active
Vb-532.MD140-MDE-Gs,532.MD.140,MDE,Gs,Motor Inboard Horz Peakvue,Active
Vb-532.MD140-MDE-RMS,532.MD.140,MDE,RMS,Motor DE; Motor Inboard Axial; Motor Inboard Horizontal; Motor Inboard Vertical,Active
Vb-532.MD140-MDE-SPM,532.MD.140,MDE,SPM,Motor DE (SPM),Active
Vb-532.MD140-MNDE-Gs,532.MD.140,MNDE,Gs,Motor Outboard Horz Peakvue,Active
Vb-532.MD140-MNDE-RMS,532.MD.140,MNDE,RMS,Motor NDE; Motor Outboard Axial; Motor Outboard Horizontal; Motor Outboard Vertical,Active
Vb-532.MD140-MNDE-SPM,532.MD.140,MNDE,SPM,Motor NDE (SPM),Active
Vb-532.MD140-S1DE-Gs,532.MD.140,S1DE,Gs,Shaft 01 Inboard Horz Peakvue,Active
Vb-532.MD140-S1DE-RMS,532.MD.140,S1DE,RMS,Shaft 01 Inboard Axial; Shaft 01 Inboard Horizontal; Shaft 01 Inboard Vertical; Shaft 1 inboard DE,Active
Vb-532.MD140-S1DE-SPM,532.MD.140,S1DE,SPM,Shaft 1 inboard DE (SPM),Active
Vb-532.MD140-S1NDE-Gs,532.MD.140,S1NDE,Gs,Shaft 01 Outboard Horz Peakvue,Active
Vb-532.MD140-S1NDE-RMS,532.MD.140,S1NDE,RMS,Shaft 01 Outboard Axial; Shaft 01 Outboard Horizontal; Shaft 01 Outboard Vertical; Shaft 1 Outboard NDE,Active
Vb-532.MD140-S1NDE-SPM,532.MD.140,S1NDE,SPM,Shaft 1 Outboard NDE (SPM),Active
Vb-532.MD140-S2DE-RMS,532.MD.140,S2DE,RMS,Shaft 2 inboard DE,Active
Vb-532.MD140-S2DE-SPM,532.MD.140,S2DE,SPM,Shaft 2 inboard DE (SPM),Active
Vb-532.MD140-S2NDE-Gs,532.MD.140,S2NDE,Gs,Shaft 02 Outboard Horz Peakvue,Active
Vb-532.MD140-S2NDE-RMS,532.MD.140,S2NDE,RMS,Shaft 02 Outboard Axial; Shaft 02 Outboard Horizontal; Shaft 02 Outboard Vertical; Shaft 2 outboard NDE,Active
Vb-532.MD140-S2NDE-SPM,532.MD.140,S2NDE,SPM,Shaft 2 outboard NDE (SPM),Active
Vb-532.MD140-S3DE-RMS,532.MD.140,S3DE,RMS,Shaft 3 inboard DE,Active
Vb-532.MD140-S3DE-SPM,532.MD.140,S3DE,SPM,Shaft 3 inboard DE (SPM),Active
Vb-532.MD140-S3NDE-Gs,532.MD.140,S3NDE,Gs,Shaft 03 Outboard Horz Peakvue,Active
Vb-532.MD140-S3NDE-RMS,532.MD.140,S3NDE,RMS,Shaft 03 Outboard Axial; Shaft 03 Outboard Horizontal; Shaft 03 Outboard Vertical; Shaft 3 outboard NDE,Active
Vb-532.MD140-S3NDE-SPM,532.MD.140,S3NDE,SPM,Shaft 3 outboard NDE (SPM),Active
Vb-532.MD140-S4DE-RMS,532.MD.140,S4DE,RMS,Shaft 4 inboard DE,Active
Vb-532.MD140-S4DE-SPM,532.MD.140,S4DE,SPM,Shaft 4 inboard DE (SPM),Active
Vb-532.MD140-S4NDE-Gs,532.MD.140,S4NDE,Gs,Shaft 04 Outboard Horz Peakvue,Active
Vb-532.MD140-S4NDE-RMS,532.MD.140,S4NDE,RMS,Shaft 04 Outboard Axial; Shaft 04 Outboard Horizontal; Shaft 04 Outboard Vertical; Shaft 4 outboard NDE,Active
Vb-532.MD140-S4NDE-SPM,532.MD.140,S4NDE,SPM,Shaft 4 outboard NDE (SPM),Active
Vb-532.MD302-MDE-Gs,532.MD.302,MDE,Gs,Motor Inboard Horz Peakvue,Active
Vb-532.MD302-MDE-RMS,532.MD.302,MDE,RMS,Motor DE; Motor Inboard Axial; Motor Inboard Horizontal; Motor Inboard Vertical,Active
Vb-532.MD302-MDE-SPM,532.MD.302,MDE,SPM,Motor DE (SPM),Active
Vb-532.MD302-MNDE-Gs,532.MD.302,MNDE,Gs,Motor Outboard Horz Peakvue,Active
Vb-532.MD302-MNDE-RMS,532.MD.302,MNDE,RMS,Motor NDE; Motor Outboard Axial; Motor Outboard Horizontal; Motor Outboard Vertical,Active
Vb-532.MD302-MNDE-SPM,532.MD.302,MNDE,SPM,Motor NDE (SPM),Active
Vb-532.MD302-S1DE-Gs,532.MD.302,S1DE,Gs,Shaft 01 Inboard Horz Peakvue,Active
Vb-532.MD302-S1DE-RMS,532.MD.302,S1DE,RMS,Shaft 01 Inboard Axial; Shaft 01 Inboard Horizontal; Shaft 01 Inboard Vertical; Shaft 1 inboard DE,Active
Vb-532.MD302-S1DE-SPM,532.MD.302,S1DE,SPM,Shaft 1 inboard DE (SPM),Active
Vb-532.MD302-S1NDE-Gs,532.MD.302,S1NDE,Gs,Shaft 01 Outboard Horz Peakvue,Active
Vb-532.MD302-S1NDE-RMS,532.MD.302,S1NDE,RMS,Shaft 01 Outboard Axial; Shaft 01 Outboard Horizontal; Shaft 01 Outboard Vertical; Shaft 1 Outboard NDE,Active
Vb-532.MD302-S1NDE-SPM,532.MD.302,S1NDE,SPM,Shaft 1 Outboard NDE (SPM),Active
Vb-532.MD302-S2DE-Gs,532.MD.302,S2DE,Gs,Shaft 02 Inboard Horz Peakvue,Active
Vb-532.MD302-S2DE-RMS,532.MD.302,S2DE,RMS,Shaft 02 Inboard Axial; Shaft 02 Inboard Horizontal; Shaft 02 Inboard Vertical; Shaft 2 inboard DE,Active
Vb-532.MD302-S2DE-SPM,532.MD.302,S2DE,SPM,Shaft 2 inboard DE (SPM),Active
Vb-532.MD302-S2NDE-Gs,532.MD.302,S2NDE,Gs,Shaft 02 Outboard Horz Peakvue,Active
Vb-532.MD302-S2NDE-RMS,532.MD.302,S2NDE,RMS,Shaft 02 Outboard Axial; Shaft 02 Outboard Horizontal; Shaft 02 Outboard Vertical; Shaft 2 inboard NDE,Active
Vb-532.MD302-S2NDE-SPM,532.MD.302,S2NDE,SPM,Shaft 2 inboard NDE (SPM),Active
Vb-533.BE220-BRDE-Gs,533.BE.220,BRDE,Gs,Bearing Inboard Horz Peakvue,Active
Vb-533.BE220-BRDE-RMS,533.BE.220,BRDE,RMS,Bearing Inboard Axial; Bearing Inboard Horizontal; Bearing Inboard Vertical,Active
Vb-533.BE220-BRNDE-Gs,533.BE.220,BRNDE,Gs,Bearing Outboard Horz Peakvue,Active
Vb-533.BE220-BRNDE-RMS,533.BE.220,BRNDE,RMS,Bearing Outboard Axial; Bearing Outboard Horizontal; Bearing Outboard Vertical,Active
Vb-533.BE220-MDE-Gs,533.BE.220,MDE,Gs,Motor Inboard Horz Peakvue,Active
Vb-533.BE220-MDE-RMS,533.BE.220,MDE,RMS,Motor DE; Motor Inboard Axial; Motor Inboard Horizontal; Motor Inboard Vertical,Active
Vb-533.BE220-MDE-SPM,533.BE.220,MDE,SPM,Motor DE (SPM),Active
Vb-533.BE220-MNDE-Gs,533.BE.220,MNDE,Gs,Motor Outboard Horz Peakvue,Active
Vb-533.BE220-MNDE-RMS,533.BE.220,MNDE,RMS,Motor NDE; Motor Outboard Axial; Motor Outboard Horizontal; Motor Outboard Vertical,Active
Vb-533.BE220-MNDE-SPM,533.BE.220,MNDE,SPM,Motor NDE (SPM),Active
Vb-533.BE220-S1-RMS,533.BE.220,S1,RMS,Shaft #1,Active
Vb-533.BE220-S1-SPM,533.BE.220,S1,SPM,Shaft #1 (SPM),Active
Vb-533.BE220-S1DE-Gs,533.BE.220,S1DE,Gs,Shaft 01 Inboard Horz Peakvue,Active
Vb-533.BE220-S1DE-RMS,533.BE.220,S1DE,RMS,Shaft 01 Inboard Axial; Shaft 01 Inboard Horizontal; Shaft 01 Inboard Vertical,Active
Vb-533.BE220-S1NDE-Gs,533.BE.220,S1NDE,Gs,Shaft 01 Outboard Horz Peakvue,Active
Vb-533.BE220-S1NDE-RMS,533.BE.220,S1NDE,RMS,Shaft 01 Outboard Axial; Shaft 01 Outboard Horizontal; Shaft 01 Outboard Vertical,Active
Vb-533.BE220-S2-RMS,533.BE.220,S2,RMS,Shaft #2,Active
Vb-533.BE220-S2-SPM,533.BE.220,S2,SPM,Shaft #2 (SPM),Active
Vb-533.BE220-S2DE-Gs,533.BE.220,S2DE,Gs,Shaft 02 Inboard Horz Peakvue,Active
Vb-533.BE220-S2DE-RMS,533.BE.220,S2DE,RMS,Shaft 02 Inboard Axial; Shaft 02 Inboard Horizontal; Shaft 02 Inboard Vertical,Active
Vb-533.BE220-S2NDE-Gs,533.BE.220,S2NDE,Gs,Shaft 02 Outboard Horz Peakvue,Active
Vb-533.BE220-S2NDE-RMS,533.BE.220,S2NDE,RMS,Shaft 02 Outboard Axial; Shaft 02 Outboard Horizontal; Shaft 02 Outboard Vertical,Active
Vb-533.BE220-S3-RMS,533.BE.220,S3,RMS,Shaft #3,Active
Vb-533.BE220-S3-SPM,533.BE.220,S3,SPM,Shaft #3 (SPM),Active
Vb-533.FN350-FDE-Gs,533.FN.350,FDE,Gs,Fan Inboard Horz Peakvue,Active
Vb-533.FN350-FDE-RMS,533.FN.350,FDE,RMS,Fan DE; Fan Inboard Axial; Fan Inboard Horizontal; Fan Inboard Vertical,Active
Vb-533.FN350-FDE-SPM,533.FN.350,FDE,SPM,Fan DE (SPM),Active
Vb-533.FN350-FNDE-Gs,533.FN.350,FNDE,Gs,Fan Outboard Horz Peakvue,Active
Vb-533.FN350-FNDE-RMS,533.FN.350,FNDE,RMS,Fan NDE; Fan Outboard Axial; Fan Outboard Horizontal; Fan Outboard Vertical,Active
Vb-533.FN350-FNDE-SPM,533.FN.350,FNDE,SPM,Fan NDE (SPM),Active
Vb-533.FN350-MDE-Gs,533.FN.350,MDE,Gs,Motor Inboard Horz Peakvue,Active
Vb-533.FN350-MDE-RMS,533.FN.350,MDE,RMS,Motor DE; Motor Inboard Axial; Motor Inboard Horizontal; Motor Inboard Vertical,Active
Vb-533.FN350-MDE-SPM,533.FN.350,MDE,SPM,Motor DE (SPM),Active
Vb-533.FN350-MNDE-Gs,533.FN.350,MNDE,Gs,Motor Outboard Horz Peakvue,Active
Vb-533.FN350-MNDE-RMS,533.FN.350,MNDE,RMS,Motor NDE; Motor Outboard Axial; Motor Outboard Horizontal; Motor Outboard Vertical,Active
Vb-533.FN350-MNDE-SPM,533.FN.350,MNDE,SPM,Motor NDE (SPM),Active
Vb-533.FN364-FDE-Gs,533.FN.364,FDE,Gs,Fan Inboard Horz Peakvue,Active
Vb-533.FN364-FDE-RMS,533.FN.364,FDE,RMS,Fan Inboard Axial; Fan Inboard Horizontal; Fan Inboard Vertical,Active
Vb-533.FN364-FNDE-Gs,533.FN.364,FNDE,Gs,Fan Outboard Horz Peakvue,Active
Vb-533.FN364-FNDE-RMS,533.FN.364,FNDE,RMS,Fan Outboard Axial; Fan Outboard Horizontal; Fan Outboard Vertical,Active
Vb-533.FN364-MDE-Gs,533.FN.364,MDE,Gs,Motor Inboard Horz Peakvue,Active
Vb-533.FN364-MDE-RMS,533.FN.364,MDE,RMS,Motor Inboard Axial; Motor Inboard Horizontal; Motor Inboard Vertical,Active
Vb-533.FN364-MNDE-Gs,533.FN.364,MNDE,Gs,Motor Outboard Horz Peakvue,Active
Vb-533.FN364-MNDE-RMS,533.FN.364,MNDE,RMS,Motor Outboard Axial; Motor Outboard Horizontal; Motor Outboard Vertical,Active
Vb-533.FN530-FDE-Gs,533.FN.530,FDE,Gs,Fan Inboard Horz Peakvue,Active
Vb-533.FN530-FDE-RMS,533.FN.530,FDE,RMS,Fan DE; Fan Inboard Axial; Fan Inboard Horizontal; Fan Inboard Vertical,Active
Vb-533.FN530-FDE-SPM,533.FN.530,FDE,SPM,Fan DE (SPM),Active
Vb-533.FN530-FNDE-Gs,533.FN.530,FNDE,Gs,Fan Outboard Horz Peakvue,Active
Vb-533.FN530-FNDE-RMS,533.FN.530,FNDE,RMS,Fan NDE; Fan Outboard Axial; Fan Outboard Horizontal; Fan Outboard Vertical,Active
Vb-533.FN530-FNDE-SPM,533.FN.530,FNDE,SPM,Fan NDE (SPM),Active
Vb-533.FN530-MDE-Gs,533.FN.530,MDE,Gs,Motor Inboard Horz Peakvue,Active
Vb-533.FN530-MDE-RMS,533.FN.530,MDE,RMS,Motor DE; Motor Inboard Axial; Motor Inboard Horizontal; Motor Inboard Vertical,Active
Vb-533.FN530-MDE-SPM,533.FN.530,MDE,SPM,Motor DE (SPM),Active
Vb-533.FN530-MNDE-Gs,533.FN.530,MNDE,Gs,Motor Outboard Horz Peakvue,Active
Vb-533.FN530-MNDE-RMS,533.FN.530,MNDE,RMS,Motor NDE; Motor Outboard Axial; Motor Outboard Horizontal; Motor Outboard Vertical,Active
Vb-533.FN530-MNDE-SPM,533.FN.530,MNDE,SPM,Motor NDE (SPM),Active
Vb-533.MD140-MDE-Gs,533.MD.140,MDE,Gs,Motor Inboard Horz Peakvue,Active
Vb-533.MD140-MDE-RMS,533.MD.140,MDE,RMS,Motor DE; Motor Inboard Axial; Motor Inboard Horizontal; Motor Inboard Vertical,Active
Vb-533.MD140-MDE-SPM,533.MD.140,MDE,SPM,Motor DE (SPM),Active
Vb-533.MD140-MNDE-Gs,533.MD.140,MNDE,Gs,Motor Outboard Horz Peakvue,Active
Vb-533.MD140-MNDE-RMS,533.MD.140,MNDE,RMS,Motor NDE; Motor Outboard Axial; Motor Outboard Horizontal; Motor Outboard Vertical,Active
Vb-533.MD140-MNDE-SPM,533.MD.140,MNDE,SPM,Motor NDE (SPM),Active
Vb-533.MD140-S1DE-Gs,533.MD.140,S1DE,Gs,Shaft 01 Inboard Horz Peakvue,Active
Vb-533.MD140-S1DE-RMS,533.MD.140,S1DE,RMS,Shaft 01 Inboard Axial; Shaft 01 Inboard Horizontal; Shaft 01 Inboard Vertical; Shaft 1 inboard DE,Active
Vb-533.MD140-S1DE-SPM,533.MD.140,S1DE,SPM,Shaft 1 inboard DE (SPM),Active
Vb-533.MD140-S1NDE-Gs,533.MD.140,S1NDE,Gs,Shaft 01 Outboard Horz Peakvue,Active
Vb-533.MD140-S1NDE-RMS,533.MD.140,S1NDE,RMS,Shaft 01 Outboard Axial; Shaft 01 Outboard Horizontal; Shaft 01 Outboard Vertical; Shaft 1 Outboard NDE,Active
Vb-533.MD140-S1NDE-SPM,533.MD.140,S1NDE,SPM,Shaft 1 Outboard NDE (SPM),Active
Vb-533.MD140-S2DE-Gs,533.MD.140,S2DE,Gs,Shaft 02 Inboard Horz Peakvue,Active
Vb-533.MD140-S2DE-RMS,533.MD.140,S2DE,RMS,Shaft 02 Inboard Axial; Shaft 02 Inboard Horizontal; Shaft 02 Inboard Vertical; Shaft 2 inboard DE,Active
Vb-533.MD140-S2DE-SPM,533.MD.140,S2DE,SPM,Shaft 2 inboard DE (SPM),Active
Vb-533.MD140-S2NDE-Gs,533.MD.140,S2NDE,Gs,Shaft 02 Outboard Horz Peakvue,Active
Vb-533.MD140-S2NDE-RMS,533.MD.140,S2NDE,RMS,Shaft 02 Outboard Axial; Shaft 02 Outboard Horizontal; Shaft 02 Outboard Vertical; Shaft 2 outboard NDE,Active
Vb-533.MD140-S2NDE-SPM,533.MD.140,S2NDE,SPM,Shaft 2 outboard NDE (SPM),Active
Vb-533.MD140-S3DE-Gs,533.MD.140,S3DE,Gs,Shaft 03 Inboard Horz Peakvue,Active
Vb-533.MD140-S3DE-RMS,533.MD.140,S3DE,RMS,Shaft 03 Inboard Axial; Shaft 03 Inboard Horizontal; Shaft 03 Inboard Vertical; Shaft 3 inboard DE,Active
Vb-533.MD140-S3DE-SPM,533.MD.140,S3DE,SPM,Shaft 3 inboard DE (SPM),Active
Vb-533.MD140-S3NDE-Gs,533.MD.140,S3NDE,Gs,Shaft 03 Outboard Horz Peakvue,Active
Vb-533.MD140-S3NDE-RMS,533.MD.140,S3NDE,RMS,Shaft 03 Outboard Axial; Shaft 03 Outboard Horizontal; Shaft 03 Outboard Vertical; Shaft 3 outboard NDE,Active
Vb-533.MD140-S3NDE-SPM,533.MD.140,S3NDE,SPM,Shaft 3 outboard NDE (SPM),Active
Vb-533.MD140-S4DE-Gs,533.MD.140,S4DE,Gs,Shaft 04 Inboard Horz Peakvue,Active
Vb-533.MD140-S4DE-RMS,533.MD.140,S4DE,RMS,Shaft 04 Inboard Axial; Shaft 04 Inboard Horizontal; Shaft 04 Inboard Vertical; Shaft 4 inboard DE,Active
Vb-533.MD140-S4DE-SPM,533.MD.140,S4DE,SPM,Shaft 4 inboard DE (SPM),Active
Vb-533.MD140-S4NDE-Gs,533.MD.140,S4NDE,Gs,Shaft 04 Outboard Horz Peakvue,Active
Vb-533.MD140-S4NDE-RMS,533.MD.140,S4NDE,RMS,Shaft 04 Outboard Axial; Shaft 04 Outboard Horizontal; Shaft 04 Outboard Vertical; Shaft 4 outboard NDE,Active
Vb-533.MD140-S4NDE-SPM,533.MD.140,S4NDE,SPM,Shaft 4 outboard NDE (SPM),Active
Vb-534.BE220-MDE-RMS,534.BE.220,MDE,RMS,Motor DE,Active
Vb-534.BE220-MDE-SPM,534.BE.220,MDE,SPM,Motor DE (SPM),Active
Vb-534.BE220-MNDE-RMS,534.BE.220,MNDE,RMS,Motor NDE,Active
Vb-534.BE220-MNDE-SPM,534.BE.220,MNDE,SPM,Motor NDE (SPM),Active
Vb-534.BE220-S1-RMS,534.BE.220,S1,RMS,Shaft #1,Active
Vb-534.BE220-S1-SPM,534.BE.220,S1,SPM,Shaft #1 (SPM),Active
Vb-534.BE220-S2-RMS,534.BE.220,S2,RMS,Shaft #2,Active
Vb-534.BE220-S2-SPM,534.BE.220,S2,SPM,Shaft #2 (SPM),Active
Vb-534.BE220-S3-RMS,534.BE.220,S3,RMS,Shaft #3,Active
Vb-534.BE220-S3-SPM,534.BE.220,S3,SPM,Shaft #3 (SPM),Active
Vb-534.FN350-FDE-Gs,534.FN.350,FDE,Gs,Fan Inboard Horz Peakvue,Active
Vb-534.FN350-FDE-RMS,534.FN.350,FDE,RMS,Fan DE; Fan Inboard Axial; Fan Inboard Horizontal; Fan Inboard Vertical,Active
Vb-534.FN350-FDE-SPM,534.FN.350,FDE,SPM,Fan DE (SPM),Active
Vb-534.FN350-FNDE-Gs,534.FN.350,FNDE,Gs,Fan Outboard Horz Peakvue,Active
Vb-534.FN350-FNDE-RMS,534.FN.350,FNDE,RMS,Fan NDE; Fan Outboard Axial; Fan Outboard Horizontal; Fan Outboard Vertical,Active
Vb-534.FN350-FNDE-SPM,534.FN.350,FNDE,SPM,Fan NDE (SPM),Active
Vb-534.FN350-MDE-Gs,534.FN.350,MDE,Gs,Motor Inboard Horz Peakvue,Active
Vb-534.FN350-MDE-RMS,534.FN.350,MDE,RMS,Motor DE; Motor Inboard Axial; Motor Inboard Horizontal; Motor Inboard Vertical,Active
Vb-534.FN350-MDE-SPM,534.FN.350,MDE,SPM,Motor DE (SPM),Active
Vb-534.FN350-MNDE-Gs,534.FN.350,MNDE,Gs,Motor Outboard Horz Peakvue,Active
Vb-534.FN350-MNDE-RMS,534.FN.350,MNDE,RMS,Motor NDE; Motor Outboard Axial; Motor Outboard Horizontal; Motor Outboard Vertical,Active
Vb-534.FN350-MNDE-SPM,534.FN.350,MNDE,SPM,Motor NDE (SPM),Active
Vb-534.FN364-FDE-Gs,534.FN.364,FDE,Gs,Fan Inboard Horz Peakvue,Active
Vb-534.FN364-FDE-RMS,534.FN.364,FDE,RMS,Fan Inboard Axial; Fan Inboard Horizontal; Fan Inboard Vertical,Active
Vb-534.FN364-FNDE-Gs,534.FN.364,FNDE,Gs,Fan Outboard Horz Peakvue,Active
Vb-534.FN364-FNDE-RMS,534.FN.364,FNDE,RMS,Fan Outboard Axial; Fan Outboard Horizontal; Fan Outboard Vertical,Active
Vb-534.FN364-MDE-Gs,534.FN.364,MDE,Gs,Motor Inboard Horz Peakvue,Active
Vb-534.FN364-MDE-RMS,534.FN.364,MDE,RMS,Motor Inboard Axial; Motor Inboard Horizontal; Motor Inboard Vertical,Active
Vb-534.FN364-MNDE-Gs,534.FN.364,MNDE,Gs,Motor Outboard Horz Peakvue,Active
Vb-534.FN364-MNDE-RMS,534.FN.364,MNDE,RMS,Motor Outboard Axial; Motor Outboard Horizontal; Motor Outboard Vertical,Active
Vb-534.FN530-FDE-Gs,534.FN.530,FDE,Gs,Fan Inboard Horz Peakvue,Active
Vb-534.FN530-FDE-RMS,534.FN.530,FDE,RMS,Fan DE; Fan Inboard Axial; Fan Inboard Horizontal; Fan Inboard Vertical,Active
Vb-534.FN530-FDE-SPM,534.FN.530,FDE,SPM,Fan DE (SPM),Active
Vb-534.FN530-FNDE-Gs,534.FN.530,FNDE,Gs,Fan Outboard Horz Peakvue,Active
Vb-534.FN530-FNDE-RMS,534.FN.530,FNDE,RMS,Fan NDE; Fan Outboard Axial; Fan Outboard Horizontal; Fan Outboard Vertical,Active
Vb-534.FN530-FNDE-SPM,534.FN.530,FNDE,SPM,Fan NDE (SPM),Active
Vb-534.FN530-MDE-Gs,534.FN.530,MDE,Gs,Motor Inboard Horz Peakvue,Active
Vb-534.FN530-MDE-RMS,534.FN.530,MDE,RMS,Motor DE; Motor Inboard Axial; Motor Inboard Horizontal; Motor Inboard Vertical,Active
Vb-534.FN530-MDE-SPM,534.FN.530,MDE,SPM,Motor DE (SPM),Active
Vb-534.FN530-MNDE-Gs,534.FN.530,MNDE,Gs,Motor Outboard Horz Peakvue,Active
Vb-534.FN530-MNDE-RMS,534.FN.530,MNDE,RMS,Motor NDE; Motor Outboard Axial; Motor Outboard Horizontal; Motor Outboard Vertical,Active
Vb-534.FN530-MNDE-SPM,534.FN.530,MNDE,SPM,Motor NDE (SPM),Active
Vb-534.MD140-MDE-Gs,534.MD.140,MDE,Gs,Motor Inboard Horz Peakvue,Active
Vb-534.MD140-MDE-RMS,534.MD.140,MDE,RMS,Motor DE; Motor Inboard Axial; Motor Inboard Horizontal; Motor Inboard Vertical,Active
Vb-534.MD140-MDE-SPM,534.MD.140,MDE,SPM,Motor DE (SPM),Active
Vb-534.MD140-MNDE-Gs,534.MD.140,MNDE,Gs,Motor Outboard Horz Peakvue,Active
Vb-534.MD140-MNDE-RMS,534.MD.140,MNDE,RMS,Motor NDE; Motor Outboard Axial; Motor Outboard Horizontal; Motor Outboard Vertical,Active
Vb-534.MD140-MNDE-SPM,534.MD.140,MNDE,SPM,Motor NDE (SPM),Active
Vb-534.MD140-S1DE-Gs,534.MD.140,S1DE,Gs,Shaft 01 Inboard Horz Peakvue,Active
Vb-534.MD140-S1DE-RMS,534.MD.140,S1DE,RMS,Shaft 01 Inboard Axial; Shaft 01 Inboard Horizontal; Shaft 01 Inboard Vertical; Shaft 1 inboard DE,Active
Vb-534.MD140-S1DE-SPM,534.MD.140,S1DE,SPM,Shaft 1 inboard DE (SPM),Active
Vb-534.MD140-S1NDE-Gs,534.MD.140,S1NDE,Gs,Shaft 01 Outboard Horz Peakvue,Active
Vb-534.MD140-S1NDE-RMS,534.MD.140,S1NDE,RMS,Shaft 01 Outboard Axial; Shaft 01 Outboard Horizontal; Shaft 01 Outboard Vertical; Shaft 1 Outboard NDE,Active
Vb-534.MD140-S1NDE-SPM,534.MD.140,S1NDE,SPM,Shaft 1 Outboard NDE (SPM),Active
Vb-534.MD140-S2DE-Gs,534.MD.140,S2DE,Gs,Shaft 02 Inboard Horz Peakvue,Active
Vb-534.MD140-S2DE-RMS,534.MD.140,S2DE,RMS,Shaft 02 Inboard Axial; Shaft 02 Inboard Horizontal; Shaft 02 Inboard Vertical; Shaft 2 inboard DE,Active
Vb-534.MD140-S2DE-SPM,534.MD.140,S2DE,SPM,Shaft 2 inboard DE (SPM),Active
Vb-534.MD140-S2NDE-Gs,534.MD.140,S2NDE,Gs,Shaft 02 Outboard Horz Peakvue,Active
Vb-534.MD140-S2NDE-RMS,534.MD.140,S2NDE,RMS,Shaft 02 Outboard Axial; Shaft 02 Outboard Horizontal; Shaft 02 Outboard Vertical; Shaft 2 inboard NDE,Active
Vb-534.MD140-S2NDE-SPM,534.MD.140,S2NDE,SPM,Shaft 2 inboard NDE (SPM),Active
Vb-534.MD140-S3DE-Gs,534.MD.140,S3DE,Gs,Shaft 03 Inboard Horz Peakvue,Active
Vb-534.MD140-S3DE-RMS,534.MD.140,S3DE,RMS,Shaft 03 Inboard Axial; Shaft 03 Inboard Horizontal; Shaft 03 Inboard Vertical; Shaft 3 inboard DE,Active
Vb-534.MD140-S3DE-SPM,534.MD.140,S3DE,SPM,Shaft 3 inboard DE (SPM),Active
Vb-534.MD140-S3NDE-Gs,534.MD.140,S3NDE,Gs,Shaft 03 Outboard Horz Peakvue,Active
Vb-534.MD140-S3NDE-RMS,534.MD.140,S3NDE,RMS,Shaft 03 Outboard Axial; Shaft 03 Outboard Horizontal; Shaft 03 Outboard Vertical; Shaft 3 inboard NDE,Active
Vb-534.MD140-S3NDE-SPM,534.MD.140,S3NDE,SPM,Shaft 3 inboard NDE (SPM),Active
Vb-534.MD140-S4DE-Gs,534.MD.140,S4DE,Gs,Shaft 04 Inboard Horz Peakvue,Active
Vb-534.MD140-S4DE-RMS,534.MD.140,S4DE,RMS,Shaft 04 Inboard Axial; Shaft 04 Inboard Horizontal; Shaft 04 Inboard Vertical; Shaft 4 inboard DE,Active
Vb-534.MD140-S4DE-SPM,534.MD.140,S4DE,SPM,Shaft 4 inboard DE (SPM),Active
Vb-534.MD140-S4NDE-Gs,534.MD.140,S4NDE,Gs,Shaft 04 Outboard Horz Peakvue,Active
Vb-534.MD140-S4NDE-RMS,534.MD.140,S4NDE,RMS,Shaft 04 Outboard Axial; Shaft 04 Outboard Horizontal; Shaft 04 Outboard Vertical; Shaft 4 inboard NDE,Active
Vb-534.MD140-S4NDE-SPM,534.MD.140,S4NDE,SPM,Shaft 4 inboard NDE (SPM),Active
Vb-611.BL300-BLDE-RMS,611.BL.300,BLDE,RMS,BL DE,Active
Vb-611.BL300-BLDE-SPM,611.BL.300,BLDE,SPM,BL DE (SPM),Active
Vb-611.BL300-BLNDE-RMS,611.BL.300,BLNDE,RMS,BL NDE,Active
Vb-611.BL300-BLNDE-SPM,611.BL.300,BLNDE,SPM,BL NDE (SPM),Active
Vb-611.BL300-MDE-RMS,611.BL.300,MDE,RMS,Motor DE,Active
Vb-611.BL300-MDE-SPM,611.BL.300,MDE,SPM,Motor DE (SPM),Active
Vb-611.BL300-MNDE-RMS,611.BL.300,MNDE,RMS,Motor NDE,Active
Vb-611.BL300-MNDE-SPM,611.BL.300,MNDE,SPM,Motor NDE (SPM),Active
Vb-612.BL300-BLDE-Gs,612.BL.300,BLDE,Gs,blower Inboard Horz Peakvue,Active
Vb-612.BL300-BLDE-RMS,612.BL.300,BLDE,RMS,BL DE; blower Inboard Axial; blower Inboard Horizontal; blower Inboard Vertical,Active
Vb-612.BL300-BLDE-SPM,612.BL.300,BLDE,SPM,BL DE (SPM),Active
Vb-612.BL300-BLNDE-Gs,612.BL.300,BLNDE,Gs,blower Outboard Horz Peakvue,Active
Vb-612.BL300-BLNDE-RMS,612.BL.300,BLNDE,RMS,BL NDE; blower Outboard Axial; blower Outboard Horizontal; blower Outboard Vertical,Active
Vb-612.BL300-BLNDE-SPM,612.BL.300,BLNDE,SPM,BL NDE (SPM),Active
Vb-612.BL300-MDE-Gs,612.BL.300,MDE,Gs,Motor Inboard Horz Peakvue,Active
Vb-612.BL300-MDE-RMS,612.BL.300,MDE,RMS,Motor DE; Motor Inboard Axial; Motor Inboard Horizontal; Motor Inboard Vertical,Active
Vb-612.BL300-MDE-SPM,612.BL.300,MDE,SPM,Motor DE (SPM),Active
Vb-612.BL300-MNDE-Gs,612.BL.300,MNDE,Gs,Motor Outboard Horz Peakvue,Active
Vb-612.BL300-MNDE-RMS,612.BL.300,MNDE,RMS,Motor NDE; Motor Outboard Axial; Motor Outboard Horizontal; Motor Outboard Vertical,Active
Vb-612.BL300-MNDE-SPM,612.BL.300,MNDE,SPM,Motor NDE (SPM),Active
Vb-613.BL300-BLDE-Gs,613.BL.300,BLDE,Gs,Blower Inboard Horz Peakvue,Active
Vb-613.BL300-BLDE-RMS,613.BL.300,BLDE,RMS,BL DE; Blower Inboard Axial; Blower Inboard Horizontal; Blower Inboard Vertical,Active
Vb-613.BL300-BLDE-SPM,613.BL.300,BLDE,SPM,BL DE (SPM),Active
Vb-613.BL300-BLNDE-Gs,613.BL.300,BLNDE,Gs,Blower Outboard Horz Peakvue,Active
Vb-613.BL300-BLNDE-RMS,613.BL.300,BLNDE,RMS,BL NDE; Blower Outboard Axial; Blower Outboard Horizontal; Blower Outboard Vertical,Active
Vb-613.BL300-BLNDE-SPM,613.BL.300,BLNDE,SPM,BL NDE (SPM),Active
Vb-613.BL300-MDE-Gs,613.BL.300,MDE,Gs,Motor Inboard Horz Peakvue,Active
Vb-613.BL300-MDE-RMS,613.BL.300,MDE,RMS,Motor DE; Motor Inboard Axial; Motor Inboard Horizontal; Motor Inboard Vertical,Active
Vb-613.BL300-MDE-SPM,613.BL.300,MDE,SPM,Motor DE (SPM),Active
Vb-613.BL300-MNDE-Gs,613.BL.300,MNDE,Gs,Motor Outboard Horz Peakvue,Active
Vb-613.BL300-MNDE-RMS,613.BL.300,MNDE,RMS,Motor NDE; Motor Outboard Axial; Motor Outboard Horizontal; Motor Outboard Vertical,Active
Vb-613.BL300-MNDE-SPM,613.BL.300,MNDE,SPM,Motor NDE (SPM),Active
Vb-614.BL300-BLDE-Gs,614.BL.300,BLDE,Gs,Blower Inboard Horz Peakvue,Active
Vb-614.BL300-BLDE-RMS,614.BL.300,BLDE,RMS,BL DE; Blower Inboard Axial; Blower Inboard Horizontal; Blower Inboard Vertical,Active
Vb-614.BL300-BLDE-SPM,614.BL.300,BLDE,SPM,BL DE (SPM),Active
Vb-614.BL300-BLNDE-Gs,614.BL.300,BLNDE,Gs,Blower Outboard Horz Peakvue,Active
Vb-614.BL300-BLNDE-RMS,614.BL.300,BLNDE,RMS,BL NDE; Blower Outboard Axial; Blower Outboard Horizontal; Blower Outboard Vertical,Active
Vb-614.BL300-BLNDE-SPM,614.BL.300,BLNDE,SPM,BL NDE (SPM),Active
Vb-614.BL300-MDE-Gs,614.BL.300,MDE,Gs,Motor Inboard Horz Peakvue,Active
Vb-614.BL300-MDE-RMS,614.BL.300,MDE,RMS,Motor DE; Motor Inboard Axial; Motor Inboard Horizontal; Motor Inboard Vertical,Active
Vb-614.BL300-MDE-SPM,614.BL.300,MDE,SPM,Motor DE (SPM),Active
Vb-614.BL300-MNDE-Gs,614.BL.300,MNDE,Gs,Motor Outboard Horz Peakvue,Active
Vb-614.BL300-MNDE-RMS,614.BL.300,MNDE,RMS,Motor NDE; Motor Outboard Axial; Motor Outboard Horizontal; Motor Outboard Vertical,Active
Vb-614.BL300-MNDE-SPM,614.BL.300,MNDE,SPM,Motor NDE (SPM),Active
Vb-641.BE050-MDE-RMS,641.BE.050,MDE,RMS,Motor DE,Active
Vb-641.BE050-MDE-SPM,641.BE.050,MDE,SPM,Motor DE (SPM),Active
Vb-641.BE050-MNDE-RMS,641.BE.050,MNDE,RMS,Motor NDE,Active
Vb-641.BE050-MNDE-SPM,641.BE.050,MNDE,SPM,Motor NDE (SPM),Active
Vb-641.BE050-S1-RMS,641.BE.050,S1,RMS,Shaft #1,Active
Vb-641.BE050-S1-SPM,641.BE.050,S1,SPM,Shaft #1 (SPM),Active
Vb-641.BE050-S2-RMS,641.BE.050,S2,RMS,Shaft #2,Active
Vb-641.BE050-S2-SPM,641.BE.050,S2,SPM,Shaft #2 (SPM),Active
Vb-641.BE050-S3-RMS,641.BE.050,S3,RMS,Shaft #3,Active
Vb-641.BE050-S3-SPM,641.BE.050,S3,SPM,Shaft #3 (SPM),Active
Vb-641.FN952-FDE-Gs,641.FN.952,FDE,Gs,Fan Inboard Horz Peakvue,Active
Vb-641.FN952-FDE-RMS,641.FN.952,FDE,RMS,Fan Inboard Axial; Fan Inboard Horizontal; Fan Inboard Vertical,Active
Vb-641.FN952-FNDE-Gs,641.FN.952,FNDE,Gs,Fan Outboard Horz Peakvue,Active
Vb-641.FN952-FNDE-RMS,641.FN.952,FNDE,RMS,Fan Outboard Axial; Fan Outboard Horizontal; Fan Outboard Vertical,Active
Vb-641.FN952-MDE-Gs,641.FN.952,MDE,Gs,Motor Inboard Horz Peakvue,Active
Vb-641.FN952-MDE-RMS,641.FN.952,MDE,RMS,Motor Inboard Axial; Motor Inboard Horizontal; Motor Inboard Vertical,Active
Vb-641.FN952-MNDE-Gs,641.FN.952,MNDE,Gs,Motor Outboard Horz Peakvue,Active
Vb-641.FN952-MNDE-RMS,641.FN.952,MNDE,RMS,Motor Outboard Axial; Motor Outboard Horizontal; Motor Outboard Vertical,Active
Vb-642.BE050-MDE-RMS,642.BE.050,MDE,RMS,Motor DE,Active
Vb-642.BE050-MDE-SPM,642.BE.050,MDE,SPM,Motor DE (SPM),Active
Vb-642.BE050-MNDE-RMS,642.BE.050,MNDE,RMS,Motor NDE,Active
Vb-642.BE050-MNDE-SPM,642.BE.050,MNDE,SPM,Motor NDE (SPM),Active
Vb-642.BE050-S1-RMS,642.BE.050,S1,RMS,Shaft #1,Active
Vb-642.BE050-S1-SPM,642.BE.050,S1,SPM,Shaft #1 (SPM),Active
Vb-642.BE050-S2-RMS,642.BE.050,S2,RMS,Shaft #2,Active
Vb-642.BE050-S2-SPM,642.BE.050,S2,SPM,Shaft #2 (SPM),Active
Vb-642.BE050-S3-RMS,642.BE.050,S3,RMS,Shaft #3,Active
Vb-642.BE050-S3-SPM,642.BE.050,S3,SPM,Shaft #3 (SPM),Active
Vb-642.FN952-FDE-Gs,642.FN.952,FDE,Gs,Fan Inboard Horz Peakvue,Active
Vb-642.FN952-FDE-RMS,642.FN.952,FDE,RMS,Fan Inboard Axial; Fan Inboard Horizontal; Fan Inboard Vertical,Active
Vb-642.FN952-FNDE-Gs,642.FN.952,FNDE,Gs,Fan Outboard Horz Peakvue,Active
Vb-642.FN952-FNDE-RMS,642.FN.952,FNDE,RMS,Fan Outboard Axial; Fan Outboard Horizontal; Fan Outboard Vertical,Active
Vb-642.FN952-MDE-Gs,642.FN.952,MDE,Gs,Motor Inboard Horz Peakvue,Active
Vb-642.FN952-MDE-RMS,642.FN.952,MDE,RMS,Motor Inboard Axial; Motor Inboard Horizontal; Motor Inboard Vertical,Active
Vb-642.FN952-MNDE-Gs,642.FN.952,MNDE,Gs,Motor Outboard Horz Peakvue,Active
Vb-642.FN952-MNDE-RMS,642.FN.952,MNDE,RMS,Motor Outboard Axial; Motor Outboard Horizontal; Motor Outboard Vertical,Active
Vb-643.BE050-MDE-RMS,643.BE.050,MDE,RMS,Motor DE,Active
Vb-643.BE050-MDE-SPM,643.BE.050,MDE,SPM,Motor DE (SPM),Active
Vb-643.BE050-MNDE-RMS,643.BE.050,MNDE,RMS,Motor NDE,Active
Vb-643.BE050-MNDE-SPM,643.BE.050,MNDE,SPM,Motor NDE (SPM),Active
Vb-643.BE050-S1-RMS,643.BE.050,S1,RMS,Shaft #1,Active
Vb-643.BE050-S1-SPM,643.BE.050,S1,SPM,Shaft #1 (SPM),Active
Vb-643.BE050-S2-RMS,643.BE.050,S2,RMS,Shaft #2,Active
Vb-643.BE050-S2-SPM,643.BE.050,S2,SPM,Shaft #2 (SPM),Active
Vb-643.BE050-S3-RMS,643.BE.050,S3,RMS,Shaft #3,Active
Vb-643.BE050-S3-SPM,643.BE.050,S3,SPM,Shaft #3 (SPM),Active
Vb-643.FN952-FDE-Gs,643.FN.952,FDE,Gs,Fan Inboard Horz Peakvue,Active
Vb-643.FN952-FDE-RMS,643.FN.952,FDE,RMS,Fan Inboard Axial; Fan Inboard Horizontal; Fan Inboard Vertical,Active
Vb-643.FN952-FNDE-Gs,643.FN.952,FNDE,Gs,Fan Outboard Horz Peakvue,Active
Vb-643.FN952-FNDE-RMS,643.FN.952,FNDE,RMS,Fan Outboard Axial; Fan Outboard Horizontal; Fan Outboard Vertical,Active
Vb-643.FN952-MDE-Gs,643.FN.952,MDE,Gs,Motor Inboard Horz Peakvue,Active
Vb-643.FN952-MDE-RMS,643.FN.952,MDE,RMS,Motor Inboard Axial; Motor Inboard Horizontal; Motor Inboard Vertical,Active
Vb-643.FN952-MNDE-Gs,643.FN.952,MNDE,Gs,Motor Outboard Horz Peakvue,Active
Vb-643.FN952-MNDE-RMS,643.FN.952,MNDE,RMS,Motor Outboard Axial; Motor Outboard Horizontal; Motor Outboard Vertical,Active
Vb-644.BE050-MDE-RMS,644.BE.050,MDE,RMS,Motor DE,Active
Vb-644.BE050-MDE-SPM,644.BE.050,MDE,SPM,Motor DE (SPM),Active
Vb-644.BE050-MNDE-RMS,644.BE.050,MNDE,RMS,Motor NDE,Active
Vb-644.BE050-MNDE-SPM,644.BE.050,MNDE,SPM,Motor NDE (SPM),Active
Vb-644.BE050-S1-RMS,644.BE.050,S1,RMS,Shaft #1,Active
Vb-644.BE050-S1-SPM,644.BE.050,S1,SPM,Shaft #1 (SPM),Active
Vb-644.BE050-S2-RMS,644.BE.050,S2,RMS,Shaft #2,Active
Vb-644.BE050-S2-SPM,644.BE.050,S2,SPM,Shaft #2 (SPM),Active
Vb-644.BE050-S3-RMS,644.BE.050,S3,RMS,Shaft #3,Active
Vb-644.BE050-S3-SPM,644.BE.050,S3,SPM,Shaft #3 (SPM),Active
Vb-645.BE050-MDE-RMS,645.BE.050,MDE,RMS,Motor DE,Active
Vb-645.BE050-MDE-SPM,645.BE.050,MDE,SPM,Motor DE (SPM),Active
Vb-645.BE050-MNDE-RMS,645.BE.050,MNDE,RMS,Motor NDE,Active
Vb-645.BE050-MNDE-SPM,645.BE.050,MNDE,SPM,Motor NDE (SPM),Active
Vb-645.BE050-S1-RMS,645.BE.050,S1,RMS,Shaft #1,Active
Vb-645.BE050-S1-SPM,645.BE.050,S1,SPM,Shaft #1 (SPM),Active
Vb-645.BE050-S2-RMS,645.BE.050,S2,RMS,Shaft #2,Active
Vb-645.BE050-S2-SPM,645.BE.050,S2,SPM,Shaft #2 (SPM),Active
Vb-645.BE050-S3-RMS,645.BE.050,S3,RMS,Shaft #3,Active
Vb-645.BE050-S3-SPM,645.BE.050,S3,SPM,Shaft #3 (SPM),Active
Vb-466.BL580-BLDE-RMS,466.BL.580,BLDE,RMS,BL DE,Active
Vb-466.BL580-BLDE-SPM,466.BL.580,BLDE,SPM,BL DE (SPM),Active
Vb-466.BL580-BLNDE-RMS,466.BL.580,BLNDE,RMS,BL NDE,Active
Vb-466.BL580-BLNDE-SPM,466.BL.580,BLNDE,SPM,BL NDE (SPM),Active
Vb-466.BL580-MDE-RMS,466.BL.580,MDE,RMS,Motor DE,Active
Vb-466.BL580-MDE-SPM,466.BL.580,MDE,SPM,Motor DE (SPM),Active
Vb-466.BL580-MNDE-RMS,466.BL.580,MNDE,RMS,Motor NDE,Active
Vb-466.BL580-MNDE-SPM,466.BL.580,MNDE,SPM,Motor NDE (SPM),Active
Vb-466.BL585-BLDE-RMS,466.BL.585,BLDE,RMS,BL DE,Active
Vb-466.BL585-BLDE-SPM,466.BL.585,BLDE,SPM,BL DE (SPM),Active
Vb-466.BL585-BLNDE-RMS,466.BL.585,BLNDE,RMS,BL NDE,Active
Vb-466.BL585-BLNDE-SPM,466.BL.585,BLNDE,SPM,BL NDE (SPM),Active
Vb-466.BL585-MDE-RMS,466.BL.585,MDE,RMS,Motor DE,Active
Vb-466.BL585-MDE-SPM,466.BL.585,MDE,SPM,Motor DE (SPM),Active
Vb-466.BL585-MNDE-RMS,466.BL.585,MNDE,RMS,Motor NDE,Active
Vb-466.BL585-MNDE-SPM,466.BL.585,MNDE,SPM,Motor NDE (SPM),Active
Vb-466.BL630-BLDE-RMS,466.BL.630,BLDE,RMS,BL DE,Active
Vb-466.BL630-BLDE-SPM,466.BL.630,BLDE,SPM,BL DE (SPM),Active
Vb-466.BL630-BLNDE-RMS,466.BL.630,BLNDE,RMS,BL NDE,Active
Vb-466.BL630-BLNDE-SPM,466.BL.630,BLNDE,SPM,BL NDE (SPM),Active
Vb-466.BL630-MDE-RMS,466.BL.630,MDE,RMS,Motor DE,Active
Vb-466.BL630-MDE-SPM,466.BL.630,MDE,SPM,Motor DE (SPM),Active
Vb-466.BL630-MNDE-RMS,466.BL.630,MNDE,RMS,Motor NDE,Active
Vb-466.BL630-MNDE-SPM,466.BL.630,MNDE,SPM,Motor NDE (SPM),Active
Vb-466.BL635-BLDE-RMS,466.BL.635,BLDE,RMS,BL DE,Active
Vb-466.BL635-BLDE-SPM,466.BL.635,BLDE,SPM,BL DE (SPM),Active
Vb-466.BL635-BLNDE-RMS,466.BL.635,BLNDE,RMS,BL NDE,Active
Vb-466.BL635-BLNDE-SPM,466.BL.635,BLNDE,SPM,BL NDE (SPM),Active
Vb-466.BL635-MDE-RMS,466.BL.635,MDE,RMS,Motor DE,Active
Vb-466.BL635-MDE-SPM,466.BL.635,MDE,SPM,Motor DE (SPM),Active
Vb-466.BL635-MNDE-RMS,466.BL.635,MNDE,RMS,Motor NDE,Active
Vb-466.BL635-MNDE-SPM,466.BL.635,MNDE,SPM,Motor NDE (SPM),Active
Vb-646.BE050-MDE-RMS,646.BE.050,MDE,RMS,Motor DE,Active
Vb-646.BE050-MDE-SPM,646.BE.050,MDE,SPM,Motor DE (SPM),Active
Vb-646.BE050-MNDE-RMS,646.BE.050,MNDE,RMS,Motor NDE,Active
Vb-646.BE050-MNDE-SPM,646.BE.050,MNDE,SPM,Motor NDE (SPM),Active
Vb-646.BE050-S1-RMS,646.BE.050,S1,RMS,Shaft #1,Active
Vb-646.BE050-S1-SPM,646.BE.050,S1,SPM,Shaft #1 (SPM),Active
Vb-646.BE050-S2-RMS,646.BE.050,S2,RMS,Shaft #2,Active
Vb-646.BE050-S2-SPM,646.BE.050,S2,SPM,Shaft #2 (SPM),Active
Vb-646.BE050-S3-RMS,646.BE.050,S3,RMS,Shaft #3,Active
Vb-646.BE050-S3-SPM,646.BE.050,S3,SPM,Shaft #3 (SPM),Active
Vb-741.CP110-CDE-RMS,741.CP.110,CDE,RMS,Compressor DE,Active
Vb-741.CP110-CDE-SPM-5,741.CP.110,CDE,SPM,Compressor DE (5),Active
Vb-741.CP110-CDE-SPM-7,741.CP.110,CDE,SPM,Compressor DE (7),Active
Vb-741.CP110-CNDE-RMS,741.CP.110,CNDE,RMS,Compressor NDE,Active
Vb-741.CP110-CNDE-SPM-1,741.CP.110,CNDE,SPM,Compressor NDE (1),Active
Vb-741.CP110-MDE-RMS,741.CP.110,MDE,RMS,Motor DE,Active
Vb-741.CP110-MDE-SPM-A,741.CP.110,MDE,SPM,Motor DE (A),Active
Vb-741.CP110-MNDE-RMS,741.CP.110,MNDE,RMS,Motor NDE,Active
Vb-741.CP110-MNDE-SPM-B,741.CP.110,MNDE,SPM,Motor NDE (B),Active
Vb-741.CP111-CDE-RMS,741.CP.111,CDE,RMS,Compressor DE,Active
Vb-741.CP111-CDE-SPM-5,741.CP.111,CDE,SPM,Compressor DE (5),Active
Vb-741.CP111-CDE-SPM-7,741.CP.111,CDE,SPM,Compressor DE (7),Active
Vb-741.CP111-CNDE-RMS,741.CP.111,CNDE,RMS,Compressor NDE,Active
Vb-741.CP111-CNDE-SPM-1,741.CP.111,CNDE,SPM,Compressor NDE (1),Active
Vb-741.CP111-MDE-RMS,741.CP.111,MDE,RMS,Motor DE,Active
Vb-741.CP111-MDE-SPM-A,741.CP.111,MDE,SPM,Motor DE (A),Active
Vb-741.CP111-MNDE-RMS,741.CP.111,MNDE,RMS,Motor NDE,Active
Vb-741.CP111-MNDE-SPM-B,741.CP.111,MNDE,SPM,Motor NDE (B),Active
Vb-741.CP112-CDE-RMS,741.CP.112,CDE,RMS,Compressor DE,Active
Vb-741.CP112-CDE-SPM-5,741.CP.112,CDE,SPM,Compressor DE (5),Active
Vb-741.CP112-CDE-SPM-7,741.CP.112,CDE,SPM,Compressor DE (7),Active
Vb-741.CP112-CNDE-RMS,741.CP.112,CNDE,RMS,Compressor NDE,Active
Vb-741.CP112-CNDE-SPM-1,741.CP.112,CNDE,SPM,Compressor NDE (1),Active
Vb-741.CP112-MDE-RMS,741.CP.112,MDE,RMS,Motor DE,Active
Vb-741.CP112-MDE-SPM-A,741.CP.112,MDE,SPM,Motor DE (A),Active
Vb-741.CP112-MNDE-RMS,741.CP.112,MNDE,RMS,Motor NDE,Active
Vb-741.CP112-MNDE-SPM-B,741.CP.112,MNDE,SPM,Motor NDE (B),Active
Vb-741.CP113-CDE-RMS,741.CP.113,CDE,RMS,Compressor DE,Active
Vb-741.CP113-CDE-SPM-5,741.CP.113,CDE,SPM,Compressor DE (5),Active
Vb-741.CP113-CDE-SPM-7,741.CP.113,CDE,SPM,Compressor DE (7),Active
Vb-741.CP113-CNDE-RMS,741.CP.113,CNDE,RMS,Compressor NDE,Active
Vb-741.CP113-CNDE-SPM-1,741.CP.113,CNDE,SPM,Compressor NDE (1),Active
Vb-741.CP113-MDE-RMS,741.CP.113,MDE,RMS,Motor DE,Active
Vb-741.CP113-MDE-SPM-A,741.CP.113,MDE,SPM,Motor DE (A),Active
Vb-741.CP113-MNDE-RMS,741.CP.113,MNDE,RMS,Motor NDE,Active
Vb-741.CP113-MNDE-SPM-B,741.CP.113,MNDE,SPM,Motor NDE (B),Active
Vb-742.CP110-CDE-Gs,742.CP.110,CDE,Gs,Male Rotor In Horz PeakVue,Active
Vb-742.CP110-CDE-RMS,742.CP.110,CDE,RMS,Compressor DE; Male Rotor In Axial; Male Rotor In Horiz; Male Rotor In Vert,Active
Vb-742.CP110-CDE-SPM-5,742.CP.110,CDE,SPM,Compressor DE (5),Active
Vb-742.CP110-CDE-SPM-7,742.CP.110,CDE,SPM,Compressor DE (7),Active
Vb-742.CP110-CNDE-Gs,742.CP.110,CNDE,Gs,Male Rotor Out Horz PeakVue,Active
Vb-742.CP110-CNDE-RMS,742.CP.110,CNDE,RMS,Compressor NDE; Male Rotor Out Axial; Male Rotor Out Horiz; Male Rotor Out Vert,Active
Vb-742.CP110-CNDE-SPM-1,742.CP.110,CNDE,SPM,Compressor NDE (1),Active
Vb-742.CP110-MDE-Gs,742.CP.110,MDE,Gs,Motor Inboard Horz Peakvue,Active
Vb-742.CP110-MDE-RMS,742.CP.110,MDE,RMS,Motor DE; Motor Inboard Axial; Motor Inboard Horizontal; Motor Inboard Vertical,Active
Vb-742.CP110-MDE-SPM-A,742.CP.110,MDE,SPM,Motor DE (A),Active
Vb-742.CP110-MNDE-Gs,742.CP.110,MNDE,Gs,Motor Outboard Horz Peakvue,Active
Vb-742.CP110-MNDE-RMS,742.CP.110,MNDE,RMS,Motor NDE; Motor Outboard Axial; Motor Outboard Horizontal; Motor Outboard Vertical,Active
Vb-742.CP110-MNDE-SPM-B,742.CP.110,MNDE,SPM,Motor NDE (B),Active
Vb-742.CP111-CDE-RMS,742.CP.111,CDE,RMS,Compressor DE,Active
Vb-742.CP111-CDE-SPM-5,742.CP.111,CDE,SPM,Compressor DE (5),Active
Vb-742.CP111-CDE-SPM-7,742.CP.111,CDE,SPM,Compressor DE (7),Active
Vb-742.CP111-CNDE-RMS,742.CP.111,CNDE,RMS,Compressor NDE,Active
Vb-742.CP111-CNDE-SPM-1,742.CP.111,CNDE,SPM,Compressor NDE (1),Active
Vb-742.CP111-MDE-RMS,742.CP.111,MDE,RMS,Motor DE,Active
Vb-742.CP111-MDE-SPM-A,742.CP.111,MDE,SPM,Motor DE (A),Active
Vb-742.CP111-MNDE-RMS,742.CP.111,MNDE,RMS,Motor NDE,Active
Vb-742.CP111-MNDE-SPM-B,742.CP.111,MNDE,SPM,Motor NDE (B),Active
Vb-742.CP112-CDE-Gs,742.CP.112,CDE,Gs,Male Rotor In Horz PeakVue,Active
Vb-742.CP112-CDE-RMS,742.CP.112,CDE,RMS,Compressor DE; Male Rotor In Axial; Male Rotor In Horiz; Male Rotor In Vert,Active
Vb-742.CP112-CDE-SPM-5,742.CP.112,CDE,SPM,Compressor DE (5),Active
Vb-742.CP112-CDE-SPM-7,742.CP.112,CDE,SPM,Compressor DE (7),Active
Vb-742.CP112-CNDE-Gs,742.CP.112,CNDE,Gs,Male Rotor Out Horz PeakVue,Active
Vb-742.CP112-CNDE-RMS,742.CP.112,CNDE,RMS,Compressor NDE; Male Rotor Out Axial; Male Rotor Out Horiz; Male Rotor Out Vert,Active
Vb-742.CP112-CNDE-SPM-1,742.CP.112,CNDE,SPM,Compressor NDE (1),Active
Vb-742.CP112-MDE-Gs,742.CP.112,MDE,Gs,Motor Inboard Horz Peakvue,Active
Vb-742.CP112-MDE-RMS,742.CP.112,MDE,RMS,Motor DE; Motor Inboard Axial; Motor Inboard Horizontal; Motor Inboard Vertical,Active
Vb-742.CP112-MDE-SPM-A,742.CP.112,MDE,SPM,Motor DE (A),Active
Vb-742.CP112-MNDE-Gs,742.CP.112,MNDE,Gs,Motor Outboard Horz Peakvue,Active
Vb-742.CP112-MNDE-RMS,742.CP.112,MNDE,RMS,Motor NDE; Motor Outboard Axial; Motor Outboard Horizontal; Motor Outboard Vertical,Active
Vb-742.CP112-MNDE-SPM-B,742.CP.112,MNDE,SPM,Motor NDE (B),Active
Vb-742.CP113-CDE-Gs,742.CP.113,CDE,Gs,Male Rotor In Horz PeakVue,Active
Vb-742.CP113-CDE-RMS,742.CP.113,CDE,RMS,Compressor DE; Male Rotor In Axial; Male Rotor In Horiz; Male Rotor In Vert,Active
Vb-742.CP113-CDE-SPM-5,742.CP.113,CDE,SPM,Compressor DE (5),Active
Vb-742.CP113-CDE-SPM-7,742.CP.113,CDE,SPM,Compressor DE (7),Active
Vb-742.CP113-CNDE-Gs,742.CP.113,CNDE,Gs,Male Rotor Out Horz PeakVue,Active
Vb-742.CP113-CNDE-RMS,742.CP.113,CNDE,RMS,Compressor NDE; Male Rotor Out Axial; Male Rotor Out Horiz; Male Rotor Out Vert,Active
Vb-742.CP113-CNDE-SPM-1,742.CP.113,CNDE,SPM,Compressor NDE (1),Active
Vb-742.CP113-MDE-Gs,742.CP.113,MDE,Gs,Motor Inboard Horz Peakvue,Active
Vb-742.CP113-MDE-RMS,742.CP.113,MDE,RMS,Motor DE; Motor Inboard Axial; Motor Inboard Horizontal; Motor Inboard Vertical,Active
Vb-742.CP113-MDE-SPM-A,742.CP.113,MDE,SPM,Motor DE (A),Active
Vb-742.CP113-MNDE-Gs,742.CP.113,MNDE,Gs,Motor Outboard Horz Peakvue,Active
Vb-742.CP113-MNDE-RMS,742.CP.113,MNDE,RMS,Motor NDE; Motor Outboard Axial; Motor Outboard Horizontal; Motor Outboard Vertical,Active
Vb-742.CP113-MNDE-SPM-B,742.CP.113,MNDE,SPM,Motor NDE (B),Active
Vb-743.CP110-CDE-RMS,743.CP.110,CDE,RMS,Compressor DE,Active
Vb-743.CP110-CDE-SPM-5,743.CP.110,CDE,SPM,Compressor DE (5),Active
Vb-743.CP110-CDE-SPM-7,743.CP.110,CDE,SPM,Compressor DE (7),Active
Vb-743.CP110-CNDE-RMS,743.CP.110,CNDE,RMS,Compressor NDE,Active
Vb-743.CP110-CNDE-SPM-1,743.CP.110,CNDE,SPM,Compressor NDE (1),Active
Vb-743.CP110-MDE-RMS,743.CP.110,MDE,RMS,Motor DE,Active
Vb-743.CP110-MDE-SPM-A,743.CP.110,MDE,SPM,Motor DE (A),Active
Vb-743.CP110-MNDE-RMS,743.CP.110,MNDE,RMS,Motor NDE,Active
Vb-743.CP110-MNDE-SPM-B,743.CP.110,MNDE,SPM,Motor NDE (B),Active
Vb-743.CP111-CDE-RMS,743.CP.111,CDE,RMS,Compressor DE,Active
Vb-743.CP111-CDE-SPM-5,743.CP.111,CDE,SPM,Compressor DE (5),Active
Vb-743.CP111-CDE-SPM-7,743.CP.111,CDE,SPM,Compressor DE (7),Active
Vb-743.CP111-CNDE-RMS,743.CP.111,CNDE,RMS,Compressor NDE,Active
Vb-743.CP111-CNDE-SPM-1,743.CP.111,CNDE,SPM,Compressor NDE (1),Active
Vb-743.CP111-MDE-RMS,743.CP.111,MDE,RMS,Motor DE,Active
Vb-743.CP111-MDE-SPM-A,743.CP.111,MDE,SPM,Motor DE (A),Active
Vb-743.CP111-MNDE-RMS,743.CP.111,MNDE,RMS,Motor NDE,Active
Vb-743.CP111-MNDE-SPM-B,743.CP.111,MNDE,SPM,Motor NDE (B),Active
Vb-743.CP112-CDE-RMS,743.CP.112,CDE,RMS,Compressor DE,Active
Vb-743.CP112-CDE-SPM-5,743.CP.112,CDE,SPM,Compressor DE (5),Active
Vb-743.CP112-CDE-SPM-7,743.CP.112,CDE,SPM,Compressor DE (7),Active
Vb-743.CP112-CNDE-RMS,743.CP.112,CNDE,RMS,Compressor NDE,Active
Vb-743.CP112-CNDE-SPM-1,743.CP.112,CNDE,SPM,Compressor NDE (1),Active
Vb-743.CP112-MDE-RMS,743.CP.112,MDE,RMS,Motor DE,Active
Vb-743.CP112-MDE-SPM-A,743.CP.112,MDE,SPM,Motor DE (A),Active
Vb-743.CP112-MNDE-RMS,743.CP.112,MNDE,RMS,Motor NDE,Active
Vb-743.CP112-MNDE-SPM-B,743.CP.112,MNDE,SPM,Motor NDE (B),Active
Vb-743.CP113-CDE-RMS,743.CP.113,CDE,RMS,Compressor DE,Active
Vb-743.CP113-CDE-SPM-5,743.CP.113,CDE,SPM,Compressor DE (5),Active
Vb-743.CP113-CDE-SPM-7,743.CP.113,CDE,SPM,Compressor DE (7),Active
Vb-743.CP113-CNDE-RMS,743.CP.113,CNDE,RMS,Compressor NDE,Active
Vb-743.CP113-CNDE-SPM-1,743.CP.113,CNDE,SPM,Compressor NDE (1),Active
Vb-743.CP113-MDE-RMS,743.CP.113,MDE,RMS,Motor DE,Active
Vb-743.CP113-MDE-SPM-A,743.CP.113,MDE,SPM,Motor DE (A),Active
Vb-743.CP113-MNDE-RMS,743.CP.113,MNDE,RMS,Motor NDE,Active
Vb-743.CP113-MNDE-SPM-B,743.CP.113,MNDE,SPM,Motor NDE (B),Active
Vb-744.CP110-CDE-Gs,744.CP.110,CDE,Gs,Male Rotor In Horz PeakVue,Active
Vb-744.CP110-CDE-RMS,744.CP.110,CDE,RMS,Compressor DE; Male Rotor In Axial; Male Rotor In Horiz; Male Rotor In Vert,Active
Vb-744.CP110-CDE-SPM-5,744.CP.110,CDE,SPM,Compressor DE (5),Active
Vb-744.CP110-CDE-SPM-7,744.CP.110,CDE,SPM,Compressor DE (7),Active
Vb-744.CP110-CNDE-Gs,744.CP.110,CNDE,Gs,Male Rotor Out Horz PeakVue,Active
Vb-744.CP110-CNDE-RMS,744.CP.110,CNDE,RMS,Compressor NDE; Male Rotor Out Axial; Male Rotor Out Horiz; Male Rotor Out Vert,Active
Vb-744.CP110-CNDE-SPM-1,744.CP.110,CNDE,SPM,Compressor NDE (1),Active
Vb-744.CP110-MDE-Gs,744.CP.110,MDE,Gs,Motor Inboard Horz Peakvue,Active
Vb-744.CP110-MDE-RMS,744.CP.110,MDE,RMS,Motor DE; Motor Inboard Axial; Motor Inboard Horizontal; Motor Inboard Vertical,Active
Vb-744.CP110-MDE-SPM-A,744.CP.110,MDE,SPM,Motor DE (A),Active
Vb-744.CP110-MNDE-Gs,744.CP.110,MNDE,Gs,Motor Outboard Horz Peakvue,Active
Vb-744.CP110-MNDE-RMS,744.CP.110,MNDE,RMS,Motor NDE; Motor Outboard Axial; Motor Outboard Horizontal; Motor Outboard Vertical,Active
Vb-744.CP110-MNDE-SPM-B,744.CP.110,MNDE,SPM,Motor NDE (B),Active
Vb-744.CP111-CDE-Gs,744.CP.111,CDE,Gs,Male Rotor In Horz PeakVue,Active
Vb-744.CP111-CDE-RMS,744.CP.111,CDE,RMS,Compressor DE; Male Rotor In Axial; Male Rotor In Horiz; Male Rotor In Vert,Active
Vb-744.CP111-CDE-SPM-5,744.CP.111,CDE,SPM,Compressor DE (5),Active
Vb-744.CP111-CDE-SPM-7,744.CP.111,CDE,SPM,Compressor DE (7),Active
Vb-744.CP111-CNDE-Gs,744.CP.111,CNDE,Gs,Male Rotor Out Horz PeakVue,Active
Vb-744.CP111-CNDE-RMS,744.CP.111,CNDE,RMS,Compressor NDE; Male Rotor Out Axial; Male Rotor Out Horiz; Male Rotor Out Vert,Active
Vb-744.CP111-CNDE-SPM-1,744.CP.111,CNDE,SPM,Compressor NDE (1),Active
Vb-744.CP111-MDE-Gs,744.CP.111,MDE,Gs,Motor Inboard Horz Peakvue,Active
Vb-744.CP111-MDE-RMS,744.CP.111,MDE,RMS,Motor DE; Motor Inboard Axial; Motor Inboard Horizontal; Motor Inboard Vertical,Active
Vb-744.CP111-MDE-SPM-A,744.CP.111,MDE,SPM,Motor DE (A),Active
Vb-744.CP111-MNDE-Gs,744.CP.111,MNDE,Gs,Motor Outboard Horz Peakvue,Active
Vb-744.CP111-MNDE-RMS,744.CP.111,MNDE,RMS,Motor NDE; Motor Outboard Axial; Motor Outboard Horizontal; Motor Outboard Vertical,Active
Vb-744.CP111-MNDE-SPM-B,744.CP.111,MNDE,SPM,Motor NDE (B),Active
Vb-744.CP112-CDE-RMS,744.CP.112,CDE,RMS,Compressor DE,Active
Vb-744.CP112-CDE-SPM-5,744.CP.112,CDE,SPM,Compressor DE (5),Active
Vb-744.CP112-CDE-SPM-7,744.CP.112,CDE,SPM,Compressor DE (7),Active
Vb-744.CP112-CNDE-RMS,744.CP.112,CNDE,RMS,Compressor NDE,Active
Vb-744.CP112-CNDE-SPM-1,744.CP.112,CNDE,SPM,Compressor NDE (1),Active
Vb-744.CP112-MDE-RMS,744.CP.112,MDE,RMS,Motor DE,Active
Vb-744.CP112-MDE-SPM-A,744.CP.112,MDE,SPM,Motor DE (A),Active
Vb-744.CP112-MNDE-RMS,744.CP.112,MNDE,RMS,Motor NDE,Active
Vb-744.CP112-MNDE-SPM-B,744.CP.112,MNDE,SPM,Motor NDE (B),Active
Vb-744.CP113-CDE-Gs,744.CP.113,CDE,Gs,Male Rotor In Horz PeakVue,Active
Vb-744.CP113-CDE-RMS,744.CP.113,CDE,RMS,Male Rotor In Axial; Male Rotor In Horiz; Male Rotor In Vert,Active
Vb-744.CP113-CNDE-Gs,744.CP.113,CNDE,Gs,Male Rotor Out Horz PeakVue,Active
Vb-744.CP113-CNDE-RMS,744.CP.113,CNDE,RMS,Male Rotor Out Axial; Male Rotor Out Horiz; Male Rotor Out Vert,Active
Vb-744.CP113-MDE-Gs,744.CP.113,MDE,Gs,Motor Inboard Horz Peakvue,Active
Vb-744.CP113-MDE-RMS,744.CP.113,MDE,RMS,Motor Inboard Axial; Motor Inboard Horizontal; Motor Inboard Vertical,Active
Vb-744.CP113-MNDE-Gs,744.CP.113,MNDE,Gs,Motor Outboard Horz Peakvue,Active
Vb-744.CP113-MNDE-RMS,744.CP.113,MNDE,RMS,Motor Outboard Axial; Motor Outboard Horizontal; Motor Outboard Vertical,Active
